This environment is new! To use the (previous) DR1 environment, run:
  source /global/common/software/desi/users/adematti/cosmodesi_environment.sh dr1
Node nid003161 running ZRR=False
[000000.01]  01-26 15:00  compute_2pt                  INFO     Received arguments: Namespace(version='AbacusHF-v2', domains=['cubic'], tracers=['QSO'], mockid='0-24', zerrs=['False'], task=['pk'])
[000000.01]  01-26 15:00  compute_2pt                  INFO     Procceed {'version': 'AbacusHF-v2', 'domain': 'cubic', 'tracer': 'QSO', 'zsnap': 0.95, 'zrange': (0.8, 1.1), 'mock_id': 0, 'use_dv': 'False'}
[000000.01]  01-26 15:00  cat_tools                    INFO     Load /pscratch/sd/s/shengyu/galaxies/catalogs/Y3/AbacusHF-v2/Boxes/QSO/sn0p950/AbacusSummit_base_c000_ph000/abacus_HF_QSO_0p950_DR2_v2.0_AbacusSummit_base_c000_ph000_base_clustering.dat.h5
[000000.01]  01-26 15:00  FileStack                    INFO     Reading /pscratch/sd/s/shengyu/galaxies/catalogs/Y3/AbacusHF-v2/Boxes/QSO/sn0p950/AbacusSummit_base_c000_ph000/abacus_HF_QSO_0p950_DR2_v2.0_AbacusSummit_base_c000_ph000_base_clustering.dat.h5.
[000001.78]  01-26 15:00  TwoPointCorrelationFunction  INFO     Using estimator <class 'pycorr.twopoint_estimator.NaturalTwoPointEstimator'>.
[000001.78]  01-26 15:00  TwoPointCorrelationFunction  INFO     Running auto-correlation.
[000001.78]  01-26 15:00  TwoPointCorrelationFunction  INFO     Computing two-point counts D1D2.
[000002.93]  01-26 15:00  numexpr.utils                INFO     Note: detected 128 virtual cores but NumExpr set to maximum of 64, check "NUMEXPR_MAX_THREADS" environment variable.
[000002.93]  01-26 15:00  numexpr.utils                INFO     Note: NumExpr detected 128 cores but "NUMEXPR_MAX_THREADS" not set, so enforcing safe limit of 16.
[000002.93]  01-26 15:00  numexpr.utils                INFO     NumExpr defaulting to 16 threads.
[000273.86]  01-26 15:04  TwoPointCorrelationFunction  INFO     Analytically computing two-point counts R1R2.
[000273.86]  01-26 15:04  TwoPointCorrelationFunction  INFO     Correlation function computed in elapsed time 272.09 s.
[000273.86]  01-26 15:04  NaturalTwoPointEstimator     INFO     Saving /pscratch/sd/s/shengyu/galaxies/catalogs/Y3/AbacusHF-v2/Boxes/QSO/sn0p950/AbacusSummit_base_c000_ph000/mpspk/xipoles_QSO_zp0.950_DR2_v1.0.npy.
[000273.87]  01-26 15:04  compute_2pt                  INFO     Save to /pscratch/sd/s/shengyu/galaxies/catalogs/Y3/AbacusHF-v2/Boxes/QSO/sn0p950/AbacusSummit_base_c000_ph000/mpspk/xipoles_QSO_zp0.950_DR2_v1.0.npy
[000279.97]  01-26 15:04  CatalogFFTPower              INFO     Painting catalog 1 to mesh CatalogMesh(nmesh=[512 512 512], boxsize=[2000. 2000. 2000.], boxcenter=[ 999.99997601 1000.00001244  999.9999593 ], dtype=float64).
[000280.53]  01-26 15:04  CatalogMesh                  INFO     Slab 0 ~ 4194304 / 45464660.
[000281.63]  01-26 15:04  CatalogMesh                  INFO     Painted 4194304 out of 45464660 objects to mesh.
[000281.63]  01-26 15:04  CatalogMesh                  INFO     Slab 4194304 ~ 8388608 / 45464660.
[000282.70]  01-26 15:04  CatalogMesh                  INFO     Painted 8388608 out of 45464660 objects to mesh.
[000282.70]  01-26 15:04  CatalogMesh                  INFO     Slab 8388608 ~ 12582912 / 45464660.
[000283.77]  01-26 15:04  CatalogMesh                  INFO     Painted 12582912 out of 45464660 objects to mesh.
[000283.77]  01-26 15:04  CatalogMesh                  INFO     Slab 12582912 ~ 16777216 / 45464660.
[000284.83]  01-26 15:04  CatalogMesh                  INFO     Painted 16777216 out of 45464660 objects to mesh.
[000284.83]  01-26 15:04  CatalogMesh                  INFO     Slab 16777216 ~ 20971520 / 45464660.
[000285.91]  01-26 15:04  CatalogMesh                  INFO     Painted 20971520 out of 45464660 objects to mesh.
[000285.91]  01-26 15:04  CatalogMesh                  INFO     Slab 20971520 ~ 25165824 / 45464660.
[000286.98]  01-26 15:04  CatalogMesh                  INFO     Painted 25165824 out of 45464660 objects to mesh.
[000286.98]  01-26 15:04  CatalogMesh                  INFO     Slab 25165824 ~ 29360128 / 45464660.
[000288.05]  01-26 15:05  CatalogMesh                  INFO     Painted 29360128 out of 45464660 objects to mesh.
[000288.05]  01-26 15:05  CatalogMesh                  INFO     Slab 29360128 ~ 33554432 / 45464660.
[000289.16]  01-26 15:05  CatalogMesh                  INFO     Painted 33554432 out of 45464660 objects to mesh.
[000289.16]  01-26 15:05  CatalogMesh                  INFO     Slab 33554432 ~ 37748736 / 45464660.
[000290.36]  01-26 15:05  CatalogMesh                  INFO     Painted 37748736 out of 45464660 objects to mesh.
[000290.36]  01-26 15:05  CatalogMesh                  INFO     Slab 37748736 ~ 41943040 / 45464660.
[000291.55]  01-26 15:05  CatalogMesh                  INFO     Painted 41943040 out of 45464660 objects to mesh.
[000291.55]  01-26 15:05  CatalogMesh                  INFO     Slab 41943040 ~ 46137344 / 45464660.
[000292.57]  01-26 15:05  CatalogMesh                  INFO     Painted 45464660 out of 45464660 objects to mesh.
[000292.57]  01-26 15:05  CatalogMesh                  INFO     Running interlacing at order 3.
[000294.97]  01-26 15:05  CatalogMesh                  INFO     Slab 0 ~ 4194304 / 45464660.
[000296.05]  01-26 15:05  CatalogMesh                  INFO     Painted 4194304 out of 45464660 objects to mesh.
[000296.05]  01-26 15:05  CatalogMesh                  INFO     Slab 4194304 ~ 8388608 / 45464660.
[000297.12]  01-26 15:05  CatalogMesh                  INFO     Painted 8388608 out of 45464660 objects to mesh.
[000297.12]  01-26 15:05  CatalogMesh                  INFO     Slab 8388608 ~ 12582912 / 45464660.
[000298.19]  01-26 15:05  CatalogMesh                  INFO     Painted 12582912 out of 45464660 objects to mesh.
[000298.19]  01-26 15:05  CatalogMesh                  INFO     Slab 12582912 ~ 16777216 / 45464660.
[000299.26]  01-26 15:05  CatalogMesh                  INFO     Painted 16777216 out of 45464660 objects to mesh.
[000299.26]  01-26 15:05  CatalogMesh                  INFO     Slab 16777216 ~ 20971520 / 45464660.
[000300.32]  01-26 15:05  CatalogMesh                  INFO     Painted 20971520 out of 45464660 objects to mesh.
[000300.32]  01-26 15:05  CatalogMesh                  INFO     Slab 20971520 ~ 25165824 / 45464660.
[000301.38]  01-26 15:05  CatalogMesh                  INFO     Painted 25165824 out of 45464660 objects to mesh.
[000301.38]  01-26 15:05  CatalogMesh                  INFO     Slab 25165824 ~ 29360128 / 45464660.
[000302.45]  01-26 15:05  CatalogMesh                  INFO     Painted 29360128 out of 45464660 objects to mesh.
[000302.45]  01-26 15:05  CatalogMesh                  INFO     Slab 29360128 ~ 33554432 / 45464660.
[000303.53]  01-26 15:05  CatalogMesh                  INFO     Painted 33554432 out of 45464660 objects to mesh.
[000303.53]  01-26 15:05  CatalogMesh                  INFO     Slab 33554432 ~ 37748736 / 45464660.
[000304.73]  01-26 15:05  CatalogMesh                  INFO     Painted 37748736 out of 45464660 objects to mesh.
[000304.73]  01-26 15:05  CatalogMesh                  INFO     Slab 37748736 ~ 41943040 / 45464660.
[000305.92]  01-26 15:05  CatalogMesh                  INFO     Painted 41943040 out of 45464660 objects to mesh.
[000305.92]  01-26 15:05  CatalogMesh                  INFO     Slab 41943040 ~ 46137344 / 45464660.
[000306.93]  01-26 15:05  CatalogMesh                  INFO     Painted 45464660 out of 45464660 objects to mesh.
[000311.01]  01-26 15:05  CatalogMesh                  INFO     Slab 0 ~ 4194304 / 45464660.
[000312.08]  01-26 15:05  CatalogMesh                  INFO     Painted 4194304 out of 45464660 objects to mesh.
[000312.08]  01-26 15:05  CatalogMesh                  INFO     Slab 4194304 ~ 8388608 / 45464660.
[000313.14]  01-26 15:05  CatalogMesh                  INFO     Painted 8388608 out of 45464660 objects to mesh.
[000313.14]  01-26 15:05  CatalogMesh                  INFO     Slab 8388608 ~ 12582912 / 45464660.
[000314.21]  01-26 15:05  CatalogMesh                  INFO     Painted 12582912 out of 45464660 objects to mesh.
[000314.21]  01-26 15:05  CatalogMesh                  INFO     Slab 12582912 ~ 16777216 / 45464660.
[000315.28]  01-26 15:05  CatalogMesh                  INFO     Painted 16777216 out of 45464660 objects to mesh.
[000315.28]  01-26 15:05  CatalogMesh                  INFO     Slab 16777216 ~ 20971520 / 45464660.
[000316.35]  01-26 15:05  CatalogMesh                  INFO     Painted 20971520 out of 45464660 objects to mesh.
[000316.35]  01-26 15:05  CatalogMesh                  INFO     Slab 20971520 ~ 25165824 / 45464660.
[000317.41]  01-26 15:05  CatalogMesh                  INFO     Painted 25165824 out of 45464660 objects to mesh.
[000317.41]  01-26 15:05  CatalogMesh                  INFO     Slab 25165824 ~ 29360128 / 45464660.
[000318.47]  01-26 15:05  CatalogMesh                  INFO     Painted 29360128 out of 45464660 objects to mesh.
[000318.48]  01-26 15:05  CatalogMesh                  INFO     Slab 29360128 ~ 33554432 / 45464660.
[000319.55]  01-26 15:05  CatalogMesh                  INFO     Painted 33554432 out of 45464660 objects to mesh.
[000319.55]  01-26 15:05  CatalogMesh                  INFO     Slab 33554432 ~ 37748736 / 45464660.
[000320.74]  01-26 15:05  CatalogMesh                  INFO     Painted 37748736 out of 45464660 objects to mesh.
[000320.74]  01-26 15:05  CatalogMesh                  INFO     Slab 37748736 ~ 41943040 / 45464660.
[000321.93]  01-26 15:05  CatalogMesh                  INFO     Painted 41943040 out of 45464660 objects to mesh.
[000321.94]  01-26 15:05  CatalogMesh                  INFO     Slab 41943040 ~ 46137344 / 45464660.
[000322.95]  01-26 15:05  CatalogMesh                  INFO     Painted 45464660 out of 45464660 objects to mesh.
[000329.19]  01-26 15:05  CatalogFFTPower              INFO     Done painting catalog 1 to mesh.
[000329.19]  01-26 15:05  CatalogFFTPower              INFO     Using 400 k-bins between 0.000 and 0.400.
[000329.19]  01-26 15:05  CatalogFFTPower              INFO     Meshes prepared in elapsed time 49.23 s.
[000329.19]  01-26 15:05  CatalogFFTPower              INFO     Running mesh calculation.
[000347.11]  01-26 15:05  CatalogFFTPower              INFO     Mesh calculations performed in elapsed time 17.91 s.
[000347.11]  01-26 15:05  CatalogFFTPower              INFO     Power spectrum computed in elapsed time 67.14 s.
[000347.11]  01-26 15:05  CatalogFFTPower              INFO     Saving /pscratch/sd/s/shengyu/galaxies/catalogs/Y3/AbacusHF-v2/Boxes/QSO/sn0p950/AbacusSummit_base_c000_ph000/mpspk/pkpoles_QSO_zp0.950_DR2_v1.0.npy.
[000347.11]  01-26 15:05  compute_2pt                  INFO     Save to /pscratch/sd/s/shengyu/galaxies/catalogs/Y3/AbacusHF-v2/Boxes/QSO/sn0p950/AbacusSummit_base_c000_ph000/mpspk/pkpoles_QSO_zp0.950_DR2_v1.0.npy
[000347.11]  01-26 15:05  TwoPointCorrelationFunction  INFO     Using estimator <class 'pycorr.twopoint_estimator.NaturalTwoPointEstimator'>.
[000347.11]  01-26 15:05  TwoPointCorrelationFunction  INFO     Running auto-correlation.
[000347.11]  01-26 15:05  TwoPointCorrelationFunction  INFO     Computing two-point counts D1D2.
[000411.18]  01-26 15:07  TwoPointCorrelationFunction  INFO     Analytically computing two-point counts R1R2.
[000411.19]  01-26 15:07  TwoPointCorrelationFunction  INFO     Correlation function computed in elapsed time 64.07 s.
[000411.19]  01-26 15:07  NaturalTwoPointEstimator     INFO     Saving /pscratch/sd/s/shengyu/galaxies/catalogs/Y3/AbacusHF-v2/Boxes/QSO/sn0p950/AbacusSummit_base_c000_ph000/mpspk/mpslog_QSO_zp0.950_DR2_v1.0.npy.
[000411.19]  01-26 15:07  compute_2pt                  INFO     Save to /pscratch/sd/s/shengyu/galaxies/catalogs/Y3/AbacusHF-v2/Boxes/QSO/sn0p950/AbacusSummit_base_c000_ph000/mpspk/mpslog_QSO_zp0.950_DR2_v1.0.npy
[000411.19]  01-26 15:07  TwoPointCorrelationFunction  INFO     Using estimator <class 'pycorr.twopoint_estimator.NaturalTwoPointEstimator'>.
[000411.19]  01-26 15:07  TwoPointCorrelationFunction  INFO     Running auto-correlation.
[000411.19]  01-26 15:07  TwoPointCorrelationFunction  INFO     Computing two-point counts D1D2.
[000452.72]  01-26 15:07  TwoPointCorrelationFunction  INFO     Analytically computing two-point counts R1R2.
[000452.72]  01-26 15:07  TwoPointCorrelationFunction  INFO     Correlation function computed in elapsed time 41.53 s.
[000452.72]  01-26 15:07  NaturalTwoPointEstimator     INFO     Saving /pscratch/sd/s/shengyu/galaxies/catalogs/Y3/AbacusHF-v2/Boxes/QSO/sn0p950/AbacusSummit_base_c000_ph000/mpspk/wplog_QSO_zp0.950_DR2_v1.0.npy.
[000452.72]  01-26 15:07  compute_2pt                  INFO     Save to /pscratch/sd/s/shengyu/galaxies/catalogs/Y3/AbacusHF-v2/Boxes/QSO/sn0p950/AbacusSummit_base_c000_ph000/mpspk/wplog_QSO_zp0.950_DR2_v1.0.npy
[000452.73]  01-26 15:07  compute_2pt                  INFO     Procceed {'version': 'AbacusHF-v2', 'domain': 'cubic', 'tracer': 'QSO', 'zsnap': 0.95, 'zrange': (0.8, 1.1), 'mock_id': 1, 'use_dv': 'False'}
[000452.73]  01-26 15:07  cat_tools                    INFO     Load /pscratch/sd/s/shengyu/galaxies/catalogs/Y3/AbacusHF-v2/Boxes/QSO/sn0p950/AbacusSummit_base_c000_ph001/abacus_HF_QSO_0p950_DR2_v2.0_AbacusSummit_base_c000_ph001_base_clustering.dat.h5
[000452.73]  01-26 15:07  FileStack                    INFO     Reading /pscratch/sd/s/shengyu/galaxies/catalogs/Y3/AbacusHF-v2/Boxes/QSO/sn0p950/AbacusSummit_base_c000_ph001/abacus_HF_QSO_0p950_DR2_v2.0_AbacusSummit_base_c000_ph001_base_clustering.dat.h5.
[000454.50]  01-26 15:07  TwoPointCorrelationFunction  INFO     Using estimator <class 'pycorr.twopoint_estimator.NaturalTwoPointEstimator'>.
[000454.50]  01-26 15:07  TwoPointCorrelationFunction  INFO     Running auto-correlation.
[000454.50]  01-26 15:07  TwoPointCorrelationFunction  INFO     Computing two-point counts D1D2.
[000721.84]  01-26 15:12  TwoPointCorrelationFunction  INFO     Analytically computing two-point counts R1R2.
[000721.85]  01-26 15:12  TwoPointCorrelationFunction  INFO     Correlation function computed in elapsed time 267.35 s.
[000721.85]  01-26 15:12  NaturalTwoPointEstimator     INFO     Saving /pscratch/sd/s/shengyu/galaxies/catalogs/Y3/AbacusHF-v2/Boxes/QSO/sn0p950/AbacusSummit_base_c000_ph001/mpspk/xipoles_QSO_zp0.950_DR2_v1.0.npy.
[000721.85]  01-26 15:12  compute_2pt                  INFO     Save to /pscratch/sd/s/shengyu/galaxies/catalogs/Y3/AbacusHF-v2/Boxes/QSO/sn0p950/AbacusSummit_base_c000_ph001/mpspk/xipoles_QSO_zp0.950_DR2_v1.0.npy
[000728.03]  01-26 15:12  CatalogFFTPower              INFO     Painting catalog 1 to mesh CatalogMesh(nmesh=[512 512 512], boxsize=[2000. 2000. 2000.], boxcenter=[1000.00001666  999.99999313  999.99996871], dtype=float64).
[000728.60]  01-26 15:12  CatalogMesh                  INFO     Slab 0 ~ 4194304 / 45478281.
[000729.79]  01-26 15:12  CatalogMesh                  INFO     Painted 4194304 out of 45478281 objects to mesh.
[000729.79]  01-26 15:12  CatalogMesh                  INFO     Slab 4194304 ~ 8388608 / 45478281.
[000730.86]  01-26 15:12  CatalogMesh                  INFO     Painted 8388608 out of 45478281 objects to mesh.
[000730.86]  01-26 15:12  CatalogMesh                  INFO     Slab 8388608 ~ 12582912 / 45478281.
[000731.93]  01-26 15:12  CatalogMesh                  INFO     Painted 12582912 out of 45478281 objects to mesh.
[000731.93]  01-26 15:12  CatalogMesh                  INFO     Slab 12582912 ~ 16777216 / 45478281.
[000733.00]  01-26 15:12  CatalogMesh                  INFO     Painted 16777216 out of 45478281 objects to mesh.
[000733.00]  01-26 15:12  CatalogMesh                  INFO     Slab 16777216 ~ 20971520 / 45478281.
[000734.07]  01-26 15:12  CatalogMesh                  INFO     Painted 20971520 out of 45478281 objects to mesh.
[000734.07]  01-26 15:12  CatalogMesh                  INFO     Slab 20971520 ~ 25165824 / 45478281.
[000735.14]  01-26 15:12  CatalogMesh                  INFO     Painted 25165824 out of 45478281 objects to mesh.
[000735.14]  01-26 15:12  CatalogMesh                  INFO     Slab 25165824 ~ 29360128 / 45478281.
[000736.22]  01-26 15:12  CatalogMesh                  INFO     Painted 29360128 out of 45478281 objects to mesh.
[000736.22]  01-26 15:12  CatalogMesh                  INFO     Slab 29360128 ~ 33554432 / 45478281.
[000737.30]  01-26 15:12  CatalogMesh                  INFO     Painted 33554432 out of 45478281 objects to mesh.
[000737.30]  01-26 15:12  CatalogMesh                  INFO     Slab 33554432 ~ 37748736 / 45478281.
[000738.50]  01-26 15:12  CatalogMesh                  INFO     Painted 37748736 out of 45478281 objects to mesh.
[000738.50]  01-26 15:12  CatalogMesh                  INFO     Slab 37748736 ~ 41943040 / 45478281.
[000739.69]  01-26 15:12  CatalogMesh                  INFO     Painted 41943040 out of 45478281 objects to mesh.
[000739.69]  01-26 15:12  CatalogMesh                  INFO     Slab 41943040 ~ 46137344 / 45478281.
[000740.71]  01-26 15:12  CatalogMesh                  INFO     Painted 45478281 out of 45478281 objects to mesh.
[000740.71]  01-26 15:12  CatalogMesh                  INFO     Running interlacing at order 3.
[000743.12]  01-26 15:12  CatalogMesh                  INFO     Slab 0 ~ 4194304 / 45478281.
[000744.18]  01-26 15:12  CatalogMesh                  INFO     Painted 4194304 out of 45478281 objects to mesh.
[000744.18]  01-26 15:12  CatalogMesh                  INFO     Slab 4194304 ~ 8388608 / 45478281.
[000745.25]  01-26 15:12  CatalogMesh                  INFO     Painted 8388608 out of 45478281 objects to mesh.
[000745.25]  01-26 15:12  CatalogMesh                  INFO     Slab 8388608 ~ 12582912 / 45478281.
[000746.32]  01-26 15:12  CatalogMesh                  INFO     Painted 12582912 out of 45478281 objects to mesh.
[000746.32]  01-26 15:12  CatalogMesh                  INFO     Slab 12582912 ~ 16777216 / 45478281.
[000747.39]  01-26 15:12  CatalogMesh                  INFO     Painted 16777216 out of 45478281 objects to mesh.
[000747.39]  01-26 15:12  CatalogMesh                  INFO     Slab 16777216 ~ 20971520 / 45478281.
[000748.46]  01-26 15:12  CatalogMesh                  INFO     Painted 20971520 out of 45478281 objects to mesh.
[000748.46]  01-26 15:12  CatalogMesh                  INFO     Slab 20971520 ~ 25165824 / 45478281.
[000749.52]  01-26 15:12  CatalogMesh                  INFO     Painted 25165824 out of 45478281 objects to mesh.
[000749.52]  01-26 15:12  CatalogMesh                  INFO     Slab 25165824 ~ 29360128 / 45478281.
[000750.60]  01-26 15:12  CatalogMesh                  INFO     Painted 29360128 out of 45478281 objects to mesh.
[000750.60]  01-26 15:12  CatalogMesh                  INFO     Slab 29360128 ~ 33554432 / 45478281.
[000751.68]  01-26 15:12  CatalogMesh                  INFO     Painted 33554432 out of 45478281 objects to mesh.
[000751.68]  01-26 15:12  CatalogMesh                  INFO     Slab 33554432 ~ 37748736 / 45478281.
[000752.88]  01-26 15:12  CatalogMesh                  INFO     Painted 37748736 out of 45478281 objects to mesh.
[000752.88]  01-26 15:12  CatalogMesh                  INFO     Slab 37748736 ~ 41943040 / 45478281.
[000754.09]  01-26 15:12  CatalogMesh                  INFO     Painted 41943040 out of 45478281 objects to mesh.
[000754.09]  01-26 15:12  CatalogMesh                  INFO     Slab 41943040 ~ 46137344 / 45478281.
[000755.11]  01-26 15:12  CatalogMesh                  INFO     Painted 45478281 out of 45478281 objects to mesh.
[000759.05]  01-26 15:12  CatalogMesh                  INFO     Slab 0 ~ 4194304 / 45478281.
[000760.14]  01-26 15:12  CatalogMesh                  INFO     Painted 4194304 out of 45478281 objects to mesh.
[000760.14]  01-26 15:12  CatalogMesh                  INFO     Slab 4194304 ~ 8388608 / 45478281.
[000761.21]  01-26 15:12  CatalogMesh                  INFO     Painted 8388608 out of 45478281 objects to mesh.
[000761.21]  01-26 15:12  CatalogMesh                  INFO     Slab 8388608 ~ 12582912 / 45478281.
[000762.29]  01-26 15:12  CatalogMesh                  INFO     Painted 12582912 out of 45478281 objects to mesh.
[000762.29]  01-26 15:12  CatalogMesh                  INFO     Slab 12582912 ~ 16777216 / 45478281.
[000763.37]  01-26 15:12  CatalogMesh                  INFO     Painted 16777216 out of 45478281 objects to mesh.
[000763.37]  01-26 15:12  CatalogMesh                  INFO     Slab 16777216 ~ 20971520 / 45478281.
[000764.44]  01-26 15:12  CatalogMesh                  INFO     Painted 20971520 out of 45478281 objects to mesh.
[000764.45]  01-26 15:12  CatalogMesh                  INFO     Slab 20971520 ~ 25165824 / 45478281.
[000765.53]  01-26 15:12  CatalogMesh                  INFO     Painted 25165824 out of 45478281 objects to mesh.
[000765.53]  01-26 15:12  CatalogMesh                  INFO     Slab 25165824 ~ 29360128 / 45478281.
[000766.60]  01-26 15:12  CatalogMesh                  INFO     Painted 29360128 out of 45478281 objects to mesh.
[000766.60]  01-26 15:12  CatalogMesh                  INFO     Slab 29360128 ~ 33554432 / 45478281.
[000767.69]  01-26 15:13  CatalogMesh                  INFO     Painted 33554432 out of 45478281 objects to mesh.
[000767.69]  01-26 15:13  CatalogMesh                  INFO     Slab 33554432 ~ 37748736 / 45478281.
[000768.89]  01-26 15:13  CatalogMesh                  INFO     Painted 37748736 out of 45478281 objects to mesh.
[000768.89]  01-26 15:13  CatalogMesh                  INFO     Slab 37748736 ~ 41943040 / 45478281.
[000770.09]  01-26 15:13  CatalogMesh                  INFO     Painted 41943040 out of 45478281 objects to mesh.
[000770.09]  01-26 15:13  CatalogMesh                  INFO     Slab 41943040 ~ 46137344 / 45478281.
[000771.10]  01-26 15:13  CatalogMesh                  INFO     Painted 45478281 out of 45478281 objects to mesh.
[000776.60]  01-26 15:13  CatalogFFTPower              INFO     Done painting catalog 1 to mesh.
[000776.60]  01-26 15:13  CatalogFFTPower              INFO     Using 400 k-bins between 0.000 and 0.400.
[000776.60]  01-26 15:13  CatalogFFTPower              INFO     Meshes prepared in elapsed time 48.57 s.
[000776.60]  01-26 15:13  CatalogFFTPower              INFO     Running mesh calculation.
[000793.77]  01-26 15:13  CatalogFFTPower              INFO     Mesh calculations performed in elapsed time 17.18 s.
[000793.78]  01-26 15:13  CatalogFFTPower              INFO     Power spectrum computed in elapsed time 65.74 s.
[000793.79]  01-26 15:13  CatalogFFTPower              INFO     Saving /pscratch/sd/s/shengyu/galaxies/catalogs/Y3/AbacusHF-v2/Boxes/QSO/sn0p950/AbacusSummit_base_c000_ph001/mpspk/pkpoles_QSO_zp0.950_DR2_v1.0.npy.
[000793.79]  01-26 15:13  compute_2pt                  INFO     Save to /pscratch/sd/s/shengyu/galaxies/catalogs/Y3/AbacusHF-v2/Boxes/QSO/sn0p950/AbacusSummit_base_c000_ph001/mpspk/pkpoles_QSO_zp0.950_DR2_v1.0.npy
[000793.79]  01-26 15:13  TwoPointCorrelationFunction  INFO     Using estimator <class 'pycorr.twopoint_estimator.NaturalTwoPointEstimator'>.
[000793.79]  01-26 15:13  TwoPointCorrelationFunction  INFO     Running auto-correlation.
[000793.79]  01-26 15:13  TwoPointCorrelationFunction  INFO     Computing two-point counts D1D2.
[000853.95]  01-26 15:14  TwoPointCorrelationFunction  INFO     Analytically computing two-point counts R1R2.
[000853.95]  01-26 15:14  TwoPointCorrelationFunction  INFO     Correlation function computed in elapsed time 60.16 s.
[000853.95]  01-26 15:14  NaturalTwoPointEstimator     INFO     Saving /pscratch/sd/s/shengyu/galaxies/catalogs/Y3/AbacusHF-v2/Boxes/QSO/sn0p950/AbacusSummit_base_c000_ph001/mpspk/mpslog_QSO_zp0.950_DR2_v1.0.npy.
[000853.95]  01-26 15:14  compute_2pt                  INFO     Save to /pscratch/sd/s/shengyu/galaxies/catalogs/Y3/AbacusHF-v2/Boxes/QSO/sn0p950/AbacusSummit_base_c000_ph001/mpspk/mpslog_QSO_zp0.950_DR2_v1.0.npy
[000853.96]  01-26 15:14  TwoPointCorrelationFunction  INFO     Using estimator <class 'pycorr.twopoint_estimator.NaturalTwoPointEstimator'>.
[000853.96]  01-26 15:14  TwoPointCorrelationFunction  INFO     Running auto-correlation.
[000853.96]  01-26 15:14  TwoPointCorrelationFunction  INFO     Computing two-point counts D1D2.
[000895.84]  01-26 15:15  TwoPointCorrelationFunction  INFO     Analytically computing two-point counts R1R2.
[000895.85]  01-26 15:15  TwoPointCorrelationFunction  INFO     Correlation function computed in elapsed time 41.89 s.
[000895.85]  01-26 15:15  NaturalTwoPointEstimator     INFO     Saving /pscratch/sd/s/shengyu/galaxies/catalogs/Y3/AbacusHF-v2/Boxes/QSO/sn0p950/AbacusSummit_base_c000_ph001/mpspk/wplog_QSO_zp0.950_DR2_v1.0.npy.
[000895.85]  01-26 15:15  compute_2pt                  INFO     Save to /pscratch/sd/s/shengyu/galaxies/catalogs/Y3/AbacusHF-v2/Boxes/QSO/sn0p950/AbacusSummit_base_c000_ph001/mpspk/wplog_QSO_zp0.950_DR2_v1.0.npy
[000895.85]  01-26 15:15  compute_2pt                  INFO     Procceed {'version': 'AbacusHF-v2', 'domain': 'cubic', 'tracer': 'QSO', 'zsnap': 0.95, 'zrange': (0.8, 1.1), 'mock_id': 2, 'use_dv': 'False'}
[000895.85]  01-26 15:15  cat_tools                    INFO     Load /pscratch/sd/s/shengyu/galaxies/catalogs/Y3/AbacusHF-v2/Boxes/QSO/sn0p950/AbacusSummit_base_c000_ph002/abacus_HF_QSO_0p950_DR2_v2.0_AbacusSummit_base_c000_ph002_base_clustering.dat.h5
[000895.85]  01-26 15:15  FileStack                    INFO     Reading /pscratch/sd/s/shengyu/galaxies/catalogs/Y3/AbacusHF-v2/Boxes/QSO/sn0p950/AbacusSummit_base_c000_ph002/abacus_HF_QSO_0p950_DR2_v2.0_AbacusSummit_base_c000_ph002_base_clustering.dat.h5.
[000897.63]  01-26 15:15  TwoPointCorrelationFunction  INFO     Using estimator <class 'pycorr.twopoint_estimator.NaturalTwoPointEstimator'>.
[000897.63]  01-26 15:15  TwoPointCorrelationFunction  INFO     Running auto-correlation.
[000897.63]  01-26 15:15  TwoPointCorrelationFunction  INFO     Computing two-point counts D1D2.
[001164.46]  01-26 15:19  TwoPointCorrelationFunction  INFO     Analytically computing two-point counts R1R2.
[001164.47]  01-26 15:19  TwoPointCorrelationFunction  INFO     Correlation function computed in elapsed time 266.84 s.
[001164.47]  01-26 15:19  NaturalTwoPointEstimator     INFO     Saving /pscratch/sd/s/shengyu/galaxies/catalogs/Y3/AbacusHF-v2/Boxes/QSO/sn0p950/AbacusSummit_base_c000_ph002/mpspk/xipoles_QSO_zp0.950_DR2_v1.0.npy.
[001164.48]  01-26 15:19  compute_2pt                  INFO     Save to /pscratch/sd/s/shengyu/galaxies/catalogs/Y3/AbacusHF-v2/Boxes/QSO/sn0p950/AbacusSummit_base_c000_ph002/mpspk/xipoles_QSO_zp0.950_DR2_v1.0.npy
[001170.64]  01-26 15:19  CatalogFFTPower              INFO     Painting catalog 1 to mesh CatalogMesh(nmesh=[512 512 512], boxsize=[2000. 2000. 2000.], boxcenter=[ 999.99999482 1000.00003648  999.99999003], dtype=float64).
[001171.21]  01-26 15:19  CatalogMesh                  INFO     Slab 0 ~ 4194304 / 45481717.
[001172.31]  01-26 15:19  CatalogMesh                  INFO     Painted 4194304 out of 45481717 objects to mesh.
[001172.31]  01-26 15:19  CatalogMesh                  INFO     Slab 4194304 ~ 8388608 / 45481717.
[001173.37]  01-26 15:19  CatalogMesh                  INFO     Painted 8388608 out of 45481717 objects to mesh.
[001173.37]  01-26 15:19  CatalogMesh                  INFO     Slab 8388608 ~ 12582912 / 45481717.
[001174.44]  01-26 15:19  CatalogMesh                  INFO     Painted 12582912 out of 45481717 objects to mesh.
[001174.44]  01-26 15:19  CatalogMesh                  INFO     Slab 12582912 ~ 16777216 / 45481717.
[001175.52]  01-26 15:19  CatalogMesh                  INFO     Painted 16777216 out of 45481717 objects to mesh.
[001175.52]  01-26 15:19  CatalogMesh                  INFO     Slab 16777216 ~ 20971520 / 45481717.
[001176.58]  01-26 15:19  CatalogMesh                  INFO     Painted 20971520 out of 45481717 objects to mesh.
[001176.58]  01-26 15:19  CatalogMesh                  INFO     Slab 20971520 ~ 25165824 / 45481717.
[001177.65]  01-26 15:19  CatalogMesh                  INFO     Painted 25165824 out of 45481717 objects to mesh.
[001177.65]  01-26 15:19  CatalogMesh                  INFO     Slab 25165824 ~ 29360128 / 45481717.
[001178.71]  01-26 15:19  CatalogMesh                  INFO     Painted 29360128 out of 45481717 objects to mesh.
[001178.71]  01-26 15:19  CatalogMesh                  INFO     Slab 29360128 ~ 33554432 / 45481717.
[001179.79]  01-26 15:19  CatalogMesh                  INFO     Painted 33554432 out of 45481717 objects to mesh.
[001179.79]  01-26 15:19  CatalogMesh                  INFO     Slab 33554432 ~ 37748736 / 45481717.
[001180.98]  01-26 15:19  CatalogMesh                  INFO     Painted 37748736 out of 45481717 objects to mesh.
[001180.98]  01-26 15:19  CatalogMesh                  INFO     Slab 37748736 ~ 41943040 / 45481717.
[001182.17]  01-26 15:19  CatalogMesh                  INFO     Painted 41943040 out of 45481717 objects to mesh.
[001182.17]  01-26 15:19  CatalogMesh                  INFO     Slab 41943040 ~ 46137344 / 45481717.
[001183.19]  01-26 15:19  CatalogMesh                  INFO     Painted 45481717 out of 45481717 objects to mesh.
[001183.19]  01-26 15:19  CatalogMesh                  INFO     Running interlacing at order 3.
[001185.58]  01-26 15:19  CatalogMesh                  INFO     Slab 0 ~ 4194304 / 45481717.
[001186.65]  01-26 15:19  CatalogMesh                  INFO     Painted 4194304 out of 45481717 objects to mesh.
[001186.65]  01-26 15:19  CatalogMesh                  INFO     Slab 4194304 ~ 8388608 / 45481717.
[001187.72]  01-26 15:20  CatalogMesh                  INFO     Painted 8388608 out of 45481717 objects to mesh.
[001187.72]  01-26 15:20  CatalogMesh                  INFO     Slab 8388608 ~ 12582912 / 45481717.
[001188.78]  01-26 15:20  CatalogMesh                  INFO     Painted 12582912 out of 45481717 objects to mesh.
[001188.78]  01-26 15:20  CatalogMesh                  INFO     Slab 12582912 ~ 16777216 / 45481717.
[001189.86]  01-26 15:20  CatalogMesh                  INFO     Painted 16777216 out of 45481717 objects to mesh.
[001189.86]  01-26 15:20  CatalogMesh                  INFO     Slab 16777216 ~ 20971520 / 45481717.
[001190.92]  01-26 15:20  CatalogMesh                  INFO     Painted 20971520 out of 45481717 objects to mesh.
[001190.92]  01-26 15:20  CatalogMesh                  INFO     Slab 20971520 ~ 25165824 / 45481717.
[001191.99]  01-26 15:20  CatalogMesh                  INFO     Painted 25165824 out of 45481717 objects to mesh.
[001191.99]  01-26 15:20  CatalogMesh                  INFO     Slab 25165824 ~ 29360128 / 45481717.
[001193.05]  01-26 15:20  CatalogMesh                  INFO     Painted 29360128 out of 45481717 objects to mesh.
[001193.05]  01-26 15:20  CatalogMesh                  INFO     Slab 29360128 ~ 33554432 / 45481717.
[001194.14]  01-26 15:20  CatalogMesh                  INFO     Painted 33554432 out of 45481717 objects to mesh.
[001194.14]  01-26 15:20  CatalogMesh                  INFO     Slab 33554432 ~ 37748736 / 45481717.
[001195.34]  01-26 15:20  CatalogMesh                  INFO     Painted 37748736 out of 45481717 objects to mesh.
[001195.34]  01-26 15:20  CatalogMesh                  INFO     Slab 37748736 ~ 41943040 / 45481717.
[001196.53]  01-26 15:20  CatalogMesh                  INFO     Painted 41943040 out of 45481717 objects to mesh.
[001196.53]  01-26 15:20  CatalogMesh                  INFO     Slab 41943040 ~ 46137344 / 45481717.
[001197.55]  01-26 15:20  CatalogMesh                  INFO     Painted 45481717 out of 45481717 objects to mesh.
[001201.48]  01-26 15:20  CatalogMesh                  INFO     Slab 0 ~ 4194304 / 45481717.
[001202.55]  01-26 15:20  CatalogMesh                  INFO     Painted 4194304 out of 45481717 objects to mesh.
[001202.55]  01-26 15:20  CatalogMesh                  INFO     Slab 4194304 ~ 8388608 / 45481717.
[001203.61]  01-26 15:20  CatalogMesh                  INFO     Painted 8388608 out of 45481717 objects to mesh.
[001203.61]  01-26 15:20  CatalogMesh                  INFO     Slab 8388608 ~ 12582912 / 45481717.
[001204.67]  01-26 15:20  CatalogMesh                  INFO     Painted 12582912 out of 45481717 objects to mesh.
[001204.67]  01-26 15:20  CatalogMesh                  INFO     Slab 12582912 ~ 16777216 / 45481717.
[001205.74]  01-26 15:20  CatalogMesh                  INFO     Painted 16777216 out of 45481717 objects to mesh.
[001205.74]  01-26 15:20  CatalogMesh                  INFO     Slab 16777216 ~ 20971520 / 45481717.
[001206.80]  01-26 15:20  CatalogMesh                  INFO     Painted 20971520 out of 45481717 objects to mesh.
[001206.80]  01-26 15:20  CatalogMesh                  INFO     Slab 20971520 ~ 25165824 / 45481717.
[001207.87]  01-26 15:20  CatalogMesh                  INFO     Painted 25165824 out of 45481717 objects to mesh.
[001207.87]  01-26 15:20  CatalogMesh                  INFO     Slab 25165824 ~ 29360128 / 45481717.
[001208.94]  01-26 15:20  CatalogMesh                  INFO     Painted 29360128 out of 45481717 objects to mesh.
[001208.94]  01-26 15:20  CatalogMesh                  INFO     Slab 29360128 ~ 33554432 / 45481717.
[001210.02]  01-26 15:20  CatalogMesh                  INFO     Painted 33554432 out of 45481717 objects to mesh.
[001210.02]  01-26 15:20  CatalogMesh                  INFO     Slab 33554432 ~ 37748736 / 45481717.
[001211.21]  01-26 15:20  CatalogMesh                  INFO     Painted 37748736 out of 45481717 objects to mesh.
[001211.21]  01-26 15:20  CatalogMesh                  INFO     Slab 37748736 ~ 41943040 / 45481717.
[001212.41]  01-26 15:20  CatalogMesh                  INFO     Painted 41943040 out of 45481717 objects to mesh.
[001212.41]  01-26 15:20  CatalogMesh                  INFO     Slab 41943040 ~ 46137344 / 45481717.
[001213.42]  01-26 15:20  CatalogMesh                  INFO     Painted 45481717 out of 45481717 objects to mesh.
[001218.91]  01-26 15:20  CatalogFFTPower              INFO     Done painting catalog 1 to mesh.
[001218.91]  01-26 15:20  CatalogFFTPower              INFO     Using 400 k-bins between 0.000 and 0.400.
[001218.91]  01-26 15:20  CatalogFFTPower              INFO     Meshes prepared in elapsed time 48.27 s.
[001218.91]  01-26 15:20  CatalogFFTPower              INFO     Running mesh calculation.
[001235.97]  01-26 15:20  CatalogFFTPower              INFO     Mesh calculations performed in elapsed time 17.06 s.
[001235.97]  01-26 15:20  CatalogFFTPower              INFO     Power spectrum computed in elapsed time 65.33 s.
[001235.97]  01-26 15:20  CatalogFFTPower              INFO     Saving /pscratch/sd/s/shengyu/galaxies/catalogs/Y3/AbacusHF-v2/Boxes/QSO/sn0p950/AbacusSummit_base_c000_ph002/mpspk/pkpoles_QSO_zp0.950_DR2_v1.0.npy.
[001235.97]  01-26 15:20  compute_2pt                  INFO     Save to /pscratch/sd/s/shengyu/galaxies/catalogs/Y3/AbacusHF-v2/Boxes/QSO/sn0p950/AbacusSummit_base_c000_ph002/mpspk/pkpoles_QSO_zp0.950_DR2_v1.0.npy
[001235.97]  01-26 15:20  TwoPointCorrelationFunction  INFO     Using estimator <class 'pycorr.twopoint_estimator.NaturalTwoPointEstimator'>.
[001235.97]  01-26 15:20  TwoPointCorrelationFunction  INFO     Running auto-correlation.
[001235.98]  01-26 15:20  TwoPointCorrelationFunction  INFO     Computing two-point counts D1D2.
[001295.92]  01-26 15:21  TwoPointCorrelationFunction  INFO     Analytically computing two-point counts R1R2.
[001295.92]  01-26 15:21  TwoPointCorrelationFunction  INFO     Correlation function computed in elapsed time 59.95 s.
[001295.92]  01-26 15:21  NaturalTwoPointEstimator     INFO     Saving /pscratch/sd/s/shengyu/galaxies/catalogs/Y3/AbacusHF-v2/Boxes/QSO/sn0p950/AbacusSummit_base_c000_ph002/mpspk/mpslog_QSO_zp0.950_DR2_v1.0.npy.
[001295.93]  01-26 15:21  compute_2pt                  INFO     Save to /pscratch/sd/s/shengyu/galaxies/catalogs/Y3/AbacusHF-v2/Boxes/QSO/sn0p950/AbacusSummit_base_c000_ph002/mpspk/mpslog_QSO_zp0.950_DR2_v1.0.npy
[001295.93]  01-26 15:21  TwoPointCorrelationFunction  INFO     Using estimator <class 'pycorr.twopoint_estimator.NaturalTwoPointEstimator'>.
[001295.93]  01-26 15:21  TwoPointCorrelationFunction  INFO     Running auto-correlation.
[001295.93]  01-26 15:21  TwoPointCorrelationFunction  INFO     Computing two-point counts D1D2.
[001337.61]  01-26 15:22  TwoPointCorrelationFunction  INFO     Analytically computing two-point counts R1R2.
[001337.61]  01-26 15:22  TwoPointCorrelationFunction  INFO     Correlation function computed in elapsed time 41.69 s.
[001337.62]  01-26 15:22  NaturalTwoPointEstimator     INFO     Saving /pscratch/sd/s/shengyu/galaxies/catalogs/Y3/AbacusHF-v2/Boxes/QSO/sn0p950/AbacusSummit_base_c000_ph002/mpspk/wplog_QSO_zp0.950_DR2_v1.0.npy.
[001337.62]  01-26 15:22  compute_2pt                  INFO     Save to /pscratch/sd/s/shengyu/galaxies/catalogs/Y3/AbacusHF-v2/Boxes/QSO/sn0p950/AbacusSummit_base_c000_ph002/mpspk/wplog_QSO_zp0.950_DR2_v1.0.npy
[001337.62]  01-26 15:22  compute_2pt                  INFO     Procceed {'version': 'AbacusHF-v2', 'domain': 'cubic', 'tracer': 'QSO', 'zsnap': 0.95, 'zrange': (0.8, 1.1), 'mock_id': 3, 'use_dv': 'False'}
[001337.62]  01-26 15:22  cat_tools                    INFO     Load /pscratch/sd/s/shengyu/galaxies/catalogs/Y3/AbacusHF-v2/Boxes/QSO/sn0p950/AbacusSummit_base_c000_ph003/abacus_HF_QSO_0p950_DR2_v2.0_AbacusSummit_base_c000_ph003_base_clustering.dat.h5
[001337.62]  01-26 15:22  FileStack                    INFO     Reading /pscratch/sd/s/shengyu/galaxies/catalogs/Y3/AbacusHF-v2/Boxes/QSO/sn0p950/AbacusSummit_base_c000_ph003/abacus_HF_QSO_0p950_DR2_v2.0_AbacusSummit_base_c000_ph003_base_clustering.dat.h5.
[001339.40]  01-26 15:22  TwoPointCorrelationFunction  INFO     Using estimator <class 'pycorr.twopoint_estimator.NaturalTwoPointEstimator'>.
[001339.40]  01-26 15:22  TwoPointCorrelationFunction  INFO     Running auto-correlation.
[001339.40]  01-26 15:22  TwoPointCorrelationFunction  INFO     Computing two-point counts D1D2.
[001608.44]  01-26 15:27  TwoPointCorrelationFunction  INFO     Analytically computing two-point counts R1R2.
[001608.44]  01-26 15:27  TwoPointCorrelationFunction  INFO     Correlation function computed in elapsed time 269.04 s.
[001608.44]  01-26 15:27  NaturalTwoPointEstimator     INFO     Saving /pscratch/sd/s/shengyu/galaxies/catalogs/Y3/AbacusHF-v2/Boxes/QSO/sn0p950/AbacusSummit_base_c000_ph003/mpspk/xipoles_QSO_zp0.950_DR2_v1.0.npy.
[001608.45]  01-26 15:27  compute_2pt                  INFO     Save to /pscratch/sd/s/shengyu/galaxies/catalogs/Y3/AbacusHF-v2/Boxes/QSO/sn0p950/AbacusSummit_base_c000_ph003/mpspk/xipoles_QSO_zp0.950_DR2_v1.0.npy
[001614.58]  01-26 15:27  CatalogFFTPower              INFO     Painting catalog 1 to mesh CatalogMesh(nmesh=[512 512 512], boxsize=[2000. 2000. 2000.], boxcenter=[ 999.99999901  999.99996969 1000.00000435], dtype=float64).
[001615.15]  01-26 15:27  CatalogMesh                  INFO     Slab 0 ~ 4194304 / 45501509.
[001616.32]  01-26 15:27  CatalogMesh                  INFO     Painted 4194304 out of 45501509 objects to mesh.
[001616.32]  01-26 15:27  CatalogMesh                  INFO     Slab 4194304 ~ 8388608 / 45501509.
[001617.39]  01-26 15:27  CatalogMesh                  INFO     Painted 8388608 out of 45501509 objects to mesh.
[001617.39]  01-26 15:27  CatalogMesh                  INFO     Slab 8388608 ~ 12582912 / 45501509.
[001618.45]  01-26 15:27  CatalogMesh                  INFO     Painted 12582912 out of 45501509 objects to mesh.
[001618.45]  01-26 15:27  CatalogMesh                  INFO     Slab 12582912 ~ 16777216 / 45501509.
[001619.52]  01-26 15:27  CatalogMesh                  INFO     Painted 16777216 out of 45501509 objects to mesh.
[001619.52]  01-26 15:27  CatalogMesh                  INFO     Slab 16777216 ~ 20971520 / 45501509.
[001620.58]  01-26 15:27  CatalogMesh                  INFO     Painted 20971520 out of 45501509 objects to mesh.
[001620.58]  01-26 15:27  CatalogMesh                  INFO     Slab 20971520 ~ 25165824 / 45501509.
[001621.64]  01-26 15:27  CatalogMesh                  INFO     Painted 25165824 out of 45501509 objects to mesh.
[001621.64]  01-26 15:27  CatalogMesh                  INFO     Slab 25165824 ~ 29360128 / 45501509.
[001622.71]  01-26 15:27  CatalogMesh                  INFO     Painted 29360128 out of 45501509 objects to mesh.
[001622.71]  01-26 15:27  CatalogMesh                  INFO     Slab 29360128 ~ 33554432 / 45501509.
[001623.80]  01-26 15:27  CatalogMesh                  INFO     Painted 33554432 out of 45501509 objects to mesh.
[001623.81]  01-26 15:27  CatalogMesh                  INFO     Slab 33554432 ~ 37748736 / 45501509.
[001625.00]  01-26 15:27  CatalogMesh                  INFO     Painted 37748736 out of 45501509 objects to mesh.
[001625.00]  01-26 15:27  CatalogMesh                  INFO     Slab 37748736 ~ 41943040 / 45501509.
[001626.19]  01-26 15:27  CatalogMesh                  INFO     Painted 41943040 out of 45501509 objects to mesh.
[001626.19]  01-26 15:27  CatalogMesh                  INFO     Slab 41943040 ~ 46137344 / 45501509.
[001627.21]  01-26 15:27  CatalogMesh                  INFO     Painted 45501509 out of 45501509 objects to mesh.
[001627.21]  01-26 15:27  CatalogMesh                  INFO     Running interlacing at order 3.
[001629.61]  01-26 15:27  CatalogMesh                  INFO     Slab 0 ~ 4194304 / 45501509.
[001630.68]  01-26 15:27  CatalogMesh                  INFO     Painted 4194304 out of 45501509 objects to mesh.
[001630.68]  01-26 15:27  CatalogMesh                  INFO     Slab 4194304 ~ 8388608 / 45501509.
[001631.74]  01-26 15:27  CatalogMesh                  INFO     Painted 8388608 out of 45501509 objects to mesh.
[001631.74]  01-26 15:27  CatalogMesh                  INFO     Slab 8388608 ~ 12582912 / 45501509.
[001632.81]  01-26 15:27  CatalogMesh                  INFO     Painted 12582912 out of 45501509 objects to mesh.
[001632.81]  01-26 15:27  CatalogMesh                  INFO     Slab 12582912 ~ 16777216 / 45501509.
[001633.87]  01-26 15:27  CatalogMesh                  INFO     Painted 16777216 out of 45501509 objects to mesh.
[001633.87]  01-26 15:27  CatalogMesh                  INFO     Slab 16777216 ~ 20971520 / 45501509.
[001634.94]  01-26 15:27  CatalogMesh                  INFO     Painted 20971520 out of 45501509 objects to mesh.
[001634.94]  01-26 15:27  CatalogMesh                  INFO     Slab 20971520 ~ 25165824 / 45501509.
[001636.01]  01-26 15:27  CatalogMesh                  INFO     Painted 25165824 out of 45501509 objects to mesh.
[001636.01]  01-26 15:27  CatalogMesh                  INFO     Slab 25165824 ~ 29360128 / 45501509.
[001637.07]  01-26 15:27  CatalogMesh                  INFO     Painted 29360128 out of 45501509 objects to mesh.
[001637.07]  01-26 15:27  CatalogMesh                  INFO     Slab 29360128 ~ 33554432 / 45501509.
[001638.16]  01-26 15:27  CatalogMesh                  INFO     Painted 33554432 out of 45501509 objects to mesh.
[001638.16]  01-26 15:27  CatalogMesh                  INFO     Slab 33554432 ~ 37748736 / 45501509.
[001639.35]  01-26 15:27  CatalogMesh                  INFO     Painted 37748736 out of 45501509 objects to mesh.
[001639.35]  01-26 15:27  CatalogMesh                  INFO     Slab 37748736 ~ 41943040 / 45501509.
[001640.53]  01-26 15:27  CatalogMesh                  INFO     Painted 41943040 out of 45501509 objects to mesh.
[001640.53]  01-26 15:27  CatalogMesh                  INFO     Slab 41943040 ~ 46137344 / 45501509.
[001641.55]  01-26 15:27  CatalogMesh                  INFO     Painted 45501509 out of 45501509 objects to mesh.
[001645.49]  01-26 15:27  CatalogMesh                  INFO     Slab 0 ~ 4194304 / 45501509.
[001646.55]  01-26 15:27  CatalogMesh                  INFO     Painted 4194304 out of 45501509 objects to mesh.
[001646.55]  01-26 15:27  CatalogMesh                  INFO     Slab 4194304 ~ 8388608 / 45501509.
[001647.61]  01-26 15:27  CatalogMesh                  INFO     Painted 8388608 out of 45501509 objects to mesh.
[001647.62]  01-26 15:27  CatalogMesh                  INFO     Slab 8388608 ~ 12582912 / 45501509.
[001648.69]  01-26 15:27  CatalogMesh                  INFO     Painted 12582912 out of 45501509 objects to mesh.
[001648.69]  01-26 15:27  CatalogMesh                  INFO     Slab 12582912 ~ 16777216 / 45501509.
[001649.76]  01-26 15:27  CatalogMesh                  INFO     Painted 16777216 out of 45501509 objects to mesh.
[001649.76]  01-26 15:27  CatalogMesh                  INFO     Slab 16777216 ~ 20971520 / 45501509.
[001650.82]  01-26 15:27  CatalogMesh                  INFO     Painted 20971520 out of 45501509 objects to mesh.
[001650.82]  01-26 15:27  CatalogMesh                  INFO     Slab 20971520 ~ 25165824 / 45501509.
[001651.89]  01-26 15:27  CatalogMesh                  INFO     Painted 25165824 out of 45501509 objects to mesh.
[001651.89]  01-26 15:27  CatalogMesh                  INFO     Slab 25165824 ~ 29360128 / 45501509.
[001652.96]  01-26 15:27  CatalogMesh                  INFO     Painted 29360128 out of 45501509 objects to mesh.
[001652.96]  01-26 15:27  CatalogMesh                  INFO     Slab 29360128 ~ 33554432 / 45501509.
[001654.05]  01-26 15:27  CatalogMesh                  INFO     Painted 33554432 out of 45501509 objects to mesh.
[001654.05]  01-26 15:27  CatalogMesh                  INFO     Slab 33554432 ~ 37748736 / 45501509.
[001655.24]  01-26 15:27  CatalogMesh                  INFO     Painted 37748736 out of 45501509 objects to mesh.
[001655.24]  01-26 15:27  CatalogMesh                  INFO     Slab 37748736 ~ 41943040 / 45501509.
[001656.43]  01-26 15:27  CatalogMesh                  INFO     Painted 41943040 out of 45501509 objects to mesh.
[001656.43]  01-26 15:27  CatalogMesh                  INFO     Slab 41943040 ~ 46137344 / 45501509.
[001657.44]  01-26 15:27  CatalogMesh                  INFO     Painted 45501509 out of 45501509 objects to mesh.
[001662.94]  01-26 15:27  CatalogFFTPower              INFO     Done painting catalog 1 to mesh.
[001662.94]  01-26 15:27  CatalogFFTPower              INFO     Using 400 k-bins between 0.000 and 0.400.
[001662.94]  01-26 15:27  CatalogFFTPower              INFO     Meshes prepared in elapsed time 48.36 s.
[001662.94]  01-26 15:27  CatalogFFTPower              INFO     Running mesh calculation.
[001679.99]  01-26 15:28  CatalogFFTPower              INFO     Mesh calculations performed in elapsed time 17.05 s.
[001679.99]  01-26 15:28  CatalogFFTPower              INFO     Power spectrum computed in elapsed time 65.41 s.
[001680.00]  01-26 15:28  CatalogFFTPower              INFO     Saving /pscratch/sd/s/shengyu/galaxies/catalogs/Y3/AbacusHF-v2/Boxes/QSO/sn0p950/AbacusSummit_base_c000_ph003/mpspk/pkpoles_QSO_zp0.950_DR2_v1.0.npy.
[001680.00]  01-26 15:28  compute_2pt                  INFO     Save to /pscratch/sd/s/shengyu/galaxies/catalogs/Y3/AbacusHF-v2/Boxes/QSO/sn0p950/AbacusSummit_base_c000_ph003/mpspk/pkpoles_QSO_zp0.950_DR2_v1.0.npy
[001680.00]  01-26 15:28  TwoPointCorrelationFunction  INFO     Using estimator <class 'pycorr.twopoint_estimator.NaturalTwoPointEstimator'>.
[001680.00]  01-26 15:28  TwoPointCorrelationFunction  INFO     Running auto-correlation.
[001680.00]  01-26 15:28  TwoPointCorrelationFunction  INFO     Computing two-point counts D1D2.
[001743.86]  01-26 15:29  TwoPointCorrelationFunction  INFO     Analytically computing two-point counts R1R2.
[001743.86]  01-26 15:29  TwoPointCorrelationFunction  INFO     Correlation function computed in elapsed time 63.86 s.
[001743.86]  01-26 15:29  NaturalTwoPointEstimator     INFO     Saving /pscratch/sd/s/shengyu/galaxies/catalogs/Y3/AbacusHF-v2/Boxes/QSO/sn0p950/AbacusSummit_base_c000_ph003/mpspk/mpslog_QSO_zp0.950_DR2_v1.0.npy.
[001743.87]  01-26 15:29  compute_2pt                  INFO     Save to /pscratch/sd/s/shengyu/galaxies/catalogs/Y3/AbacusHF-v2/Boxes/QSO/sn0p950/AbacusSummit_base_c000_ph003/mpspk/mpslog_QSO_zp0.950_DR2_v1.0.npy
[001743.87]  01-26 15:29  TwoPointCorrelationFunction  INFO     Using estimator <class 'pycorr.twopoint_estimator.NaturalTwoPointEstimator'>.
[001743.87]  01-26 15:29  TwoPointCorrelationFunction  INFO     Running auto-correlation.
[001743.87]  01-26 15:29  TwoPointCorrelationFunction  INFO     Computing two-point counts D1D2.
[001785.32]  01-26 15:29  TwoPointCorrelationFunction  INFO     Analytically computing two-point counts R1R2.
[001785.32]  01-26 15:29  TwoPointCorrelationFunction  INFO     Correlation function computed in elapsed time 41.46 s.
[001785.32]  01-26 15:29  NaturalTwoPointEstimator     INFO     Saving /pscratch/sd/s/shengyu/galaxies/catalogs/Y3/AbacusHF-v2/Boxes/QSO/sn0p950/AbacusSummit_base_c000_ph003/mpspk/wplog_QSO_zp0.950_DR2_v1.0.npy.
[001785.33]  01-26 15:29  compute_2pt                  INFO     Save to /pscratch/sd/s/shengyu/galaxies/catalogs/Y3/AbacusHF-v2/Boxes/QSO/sn0p950/AbacusSummit_base_c000_ph003/mpspk/wplog_QSO_zp0.950_DR2_v1.0.npy
[001785.33]  01-26 15:29  compute_2pt                  INFO     Procceed {'version': 'AbacusHF-v2', 'domain': 'cubic', 'tracer': 'QSO', 'zsnap': 0.95, 'zrange': (0.8, 1.1), 'mock_id': 4, 'use_dv': 'False'}
[001785.33]  01-26 15:29  cat_tools                    INFO     Load /pscratch/sd/s/shengyu/galaxies/catalogs/Y3/AbacusHF-v2/Boxes/QSO/sn0p950/AbacusSummit_base_c000_ph004/abacus_HF_QSO_0p950_DR2_v2.0_AbacusSummit_base_c000_ph004_base_clustering.dat.h5
[001785.33]  01-26 15:29  FileStack                    INFO     Reading /pscratch/sd/s/shengyu/galaxies/catalogs/Y3/AbacusHF-v2/Boxes/QSO/sn0p950/AbacusSummit_base_c000_ph004/abacus_HF_QSO_0p950_DR2_v2.0_AbacusSummit_base_c000_ph004_base_clustering.dat.h5.
[001787.09]  01-26 15:29  TwoPointCorrelationFunction  INFO     Using estimator <class 'pycorr.twopoint_estimator.NaturalTwoPointEstimator'>.
[001787.09]  01-26 15:29  TwoPointCorrelationFunction  INFO     Running auto-correlation.
[001787.09]  01-26 15:29  TwoPointCorrelationFunction  INFO     Computing two-point counts D1D2.
[002047.53]  01-26 15:34  TwoPointCorrelationFunction  INFO     Analytically computing two-point counts R1R2.
[002047.53]  01-26 15:34  TwoPointCorrelationFunction  INFO     Correlation function computed in elapsed time 260.45 s.
[002047.53]  01-26 15:34  NaturalTwoPointEstimator     INFO     Saving /pscratch/sd/s/shengyu/galaxies/catalogs/Y3/AbacusHF-v2/Boxes/QSO/sn0p950/AbacusSummit_base_c000_ph004/mpspk/xipoles_QSO_zp0.950_DR2_v1.0.npy.
[002047.54]  01-26 15:34  compute_2pt                  INFO     Save to /pscratch/sd/s/shengyu/galaxies/catalogs/Y3/AbacusHF-v2/Boxes/QSO/sn0p950/AbacusSummit_base_c000_ph004/mpspk/xipoles_QSO_zp0.950_DR2_v1.0.npy
[002053.68]  01-26 15:34  CatalogFFTPower              INFO     Painting catalog 1 to mesh CatalogMesh(nmesh=[512 512 512], boxsize=[2000. 2000. 2000.], boxcenter=[1000.00003012 1000.00002855  999.9999698 ], dtype=float64).
[002054.25]  01-26 15:34  CatalogMesh                  INFO     Slab 0 ~ 4194304 / 45520115.
[002055.38]  01-26 15:34  CatalogMesh                  INFO     Painted 4194304 out of 45520115 objects to mesh.
[002055.38]  01-26 15:34  CatalogMesh                  INFO     Slab 4194304 ~ 8388608 / 45520115.
[002056.45]  01-26 15:34  CatalogMesh                  INFO     Painted 8388608 out of 45520115 objects to mesh.
[002056.45]  01-26 15:34  CatalogMesh                  INFO     Slab 8388608 ~ 12582912 / 45520115.
[002057.51]  01-26 15:34  CatalogMesh                  INFO     Painted 12582912 out of 45520115 objects to mesh.
[002057.52]  01-26 15:34  CatalogMesh                  INFO     Slab 12582912 ~ 16777216 / 45520115.
[002058.59]  01-26 15:34  CatalogMesh                  INFO     Painted 16777216 out of 45520115 objects to mesh.
[002058.59]  01-26 15:34  CatalogMesh                  INFO     Slab 16777216 ~ 20971520 / 45520115.
[002059.66]  01-26 15:34  CatalogMesh                  INFO     Painted 20971520 out of 45520115 objects to mesh.
[002059.66]  01-26 15:34  CatalogMesh                  INFO     Slab 20971520 ~ 25165824 / 45520115.
[002060.72]  01-26 15:34  CatalogMesh                  INFO     Painted 25165824 out of 45520115 objects to mesh.
[002060.72]  01-26 15:34  CatalogMesh                  INFO     Slab 25165824 ~ 29360128 / 45520115.
[002061.80]  01-26 15:34  CatalogMesh                  INFO     Painted 29360128 out of 45520115 objects to mesh.
[002061.80]  01-26 15:34  CatalogMesh                  INFO     Slab 29360128 ~ 33554432 / 45520115.
[002062.89]  01-26 15:34  CatalogMesh                  INFO     Painted 33554432 out of 45520115 objects to mesh.
[002062.89]  01-26 15:34  CatalogMesh                  INFO     Slab 33554432 ~ 37748736 / 45520115.
[002064.08]  01-26 15:34  CatalogMesh                  INFO     Painted 37748736 out of 45520115 objects to mesh.
[002064.08]  01-26 15:34  CatalogMesh                  INFO     Slab 37748736 ~ 41943040 / 45520115.
[002065.27]  01-26 15:34  CatalogMesh                  INFO     Painted 41943040 out of 45520115 objects to mesh.
[002065.27]  01-26 15:34  CatalogMesh                  INFO     Slab 41943040 ~ 46137344 / 45520115.
[002066.30]  01-26 15:34  CatalogMesh                  INFO     Painted 45520115 out of 45520115 objects to mesh.
[002066.30]  01-26 15:34  CatalogMesh                  INFO     Running interlacing at order 3.
[002068.70]  01-26 15:34  CatalogMesh                  INFO     Slab 0 ~ 4194304 / 45520115.
[002069.77]  01-26 15:34  CatalogMesh                  INFO     Painted 4194304 out of 45520115 objects to mesh.
[002069.77]  01-26 15:34  CatalogMesh                  INFO     Slab 4194304 ~ 8388608 / 45520115.
[002070.84]  01-26 15:34  CatalogMesh                  INFO     Painted 8388608 out of 45520115 objects to mesh.
[002070.84]  01-26 15:34  CatalogMesh                  INFO     Slab 8388608 ~ 12582912 / 45520115.
[002071.91]  01-26 15:34  CatalogMesh                  INFO     Painted 12582912 out of 45520115 objects to mesh.
[002071.91]  01-26 15:34  CatalogMesh                  INFO     Slab 12582912 ~ 16777216 / 45520115.
[002072.98]  01-26 15:34  CatalogMesh                  INFO     Painted 16777216 out of 45520115 objects to mesh.
[002072.98]  01-26 15:34  CatalogMesh                  INFO     Slab 16777216 ~ 20971520 / 45520115.
[002074.05]  01-26 15:34  CatalogMesh                  INFO     Painted 20971520 out of 45520115 objects to mesh.
[002074.06]  01-26 15:34  CatalogMesh                  INFO     Slab 20971520 ~ 25165824 / 45520115.
[002075.12]  01-26 15:34  CatalogMesh                  INFO     Painted 25165824 out of 45520115 objects to mesh.
[002075.12]  01-26 15:34  CatalogMesh                  INFO     Slab 25165824 ~ 29360128 / 45520115.
[002076.19]  01-26 15:34  CatalogMesh                  INFO     Painted 29360128 out of 45520115 objects to mesh.
[002076.19]  01-26 15:34  CatalogMesh                  INFO     Slab 29360128 ~ 33554432 / 45520115.
[002077.28]  01-26 15:34  CatalogMesh                  INFO     Painted 33554432 out of 45520115 objects to mesh.
[002077.28]  01-26 15:34  CatalogMesh                  INFO     Slab 33554432 ~ 37748736 / 45520115.
[002078.47]  01-26 15:34  CatalogMesh                  INFO     Painted 37748736 out of 45520115 objects to mesh.
[002078.47]  01-26 15:34  CatalogMesh                  INFO     Slab 37748736 ~ 41943040 / 45520115.
[002079.67]  01-26 15:34  CatalogMesh                  INFO     Painted 41943040 out of 45520115 objects to mesh.
[002079.67]  01-26 15:34  CatalogMesh                  INFO     Slab 41943040 ~ 46137344 / 45520115.
[002080.69]  01-26 15:34  CatalogMesh                  INFO     Painted 45520115 out of 45520115 objects to mesh.
[002084.65]  01-26 15:34  CatalogMesh                  INFO     Slab 0 ~ 4194304 / 45520115.
[002085.74]  01-26 15:34  CatalogMesh                  INFO     Painted 4194304 out of 45520115 objects to mesh.
[002085.74]  01-26 15:34  CatalogMesh                  INFO     Slab 4194304 ~ 8388608 / 45520115.
[002086.81]  01-26 15:34  CatalogMesh                  INFO     Painted 8388608 out of 45520115 objects to mesh.
[002086.81]  01-26 15:34  CatalogMesh                  INFO     Slab 8388608 ~ 12582912 / 45520115.
[002087.88]  01-26 15:35  CatalogMesh                  INFO     Painted 12582912 out of 45520115 objects to mesh.
[002087.88]  01-26 15:35  CatalogMesh                  INFO     Slab 12582912 ~ 16777216 / 45520115.
[002088.95]  01-26 15:35  CatalogMesh                  INFO     Painted 16777216 out of 45520115 objects to mesh.
[002088.95]  01-26 15:35  CatalogMesh                  INFO     Slab 16777216 ~ 20971520 / 45520115.
[002090.02]  01-26 15:35  CatalogMesh                  INFO     Painted 20971520 out of 45520115 objects to mesh.
[002090.02]  01-26 15:35  CatalogMesh                  INFO     Slab 20971520 ~ 25165824 / 45520115.
[002091.09]  01-26 15:35  CatalogMesh                  INFO     Painted 25165824 out of 45520115 objects to mesh.
[002091.09]  01-26 15:35  CatalogMesh                  INFO     Slab 25165824 ~ 29360128 / 45520115.
[002092.16]  01-26 15:35  CatalogMesh                  INFO     Painted 29360128 out of 45520115 objects to mesh.
[002092.16]  01-26 15:35  CatalogMesh                  INFO     Slab 29360128 ~ 33554432 / 45520115.
[002093.25]  01-26 15:35  CatalogMesh                  INFO     Painted 33554432 out of 45520115 objects to mesh.
[002093.25]  01-26 15:35  CatalogMesh                  INFO     Slab 33554432 ~ 37748736 / 45520115.
[002094.44]  01-26 15:35  CatalogMesh                  INFO     Painted 37748736 out of 45520115 objects to mesh.
[002094.44]  01-26 15:35  CatalogMesh                  INFO     Slab 37748736 ~ 41943040 / 45520115.
[002095.64]  01-26 15:35  CatalogMesh                  INFO     Painted 41943040 out of 45520115 objects to mesh.
[002095.64]  01-26 15:35  CatalogMesh                  INFO     Slab 41943040 ~ 46137344 / 45520115.
[002096.66]  01-26 15:35  CatalogMesh                  INFO     Painted 45520115 out of 45520115 objects to mesh.
[002102.18]  01-26 15:35  CatalogFFTPower              INFO     Done painting catalog 1 to mesh.
[002102.18]  01-26 15:35  CatalogFFTPower              INFO     Using 400 k-bins between 0.000 and 0.400.
[002102.18]  01-26 15:35  CatalogFFTPower              INFO     Meshes prepared in elapsed time 48.50 s.
[002102.18]  01-26 15:35  CatalogFFTPower              INFO     Running mesh calculation.
[002119.25]  01-26 15:35  CatalogFFTPower              INFO     Mesh calculations performed in elapsed time 17.07 s.
[002119.25]  01-26 15:35  CatalogFFTPower              INFO     Power spectrum computed in elapsed time 65.57 s.
[002119.26]  01-26 15:35  CatalogFFTPower              INFO     Saving /pscratch/sd/s/shengyu/galaxies/catalogs/Y3/AbacusHF-v2/Boxes/QSO/sn0p950/AbacusSummit_base_c000_ph004/mpspk/pkpoles_QSO_zp0.950_DR2_v1.0.npy.
[002119.26]  01-26 15:35  compute_2pt                  INFO     Save to /pscratch/sd/s/shengyu/galaxies/catalogs/Y3/AbacusHF-v2/Boxes/QSO/sn0p950/AbacusSummit_base_c000_ph004/mpspk/pkpoles_QSO_zp0.950_DR2_v1.0.npy
[002119.26]  01-26 15:35  TwoPointCorrelationFunction  INFO     Using estimator <class 'pycorr.twopoint_estimator.NaturalTwoPointEstimator'>.
[002119.26]  01-26 15:35  TwoPointCorrelationFunction  INFO     Running auto-correlation.
[002119.26]  01-26 15:35  TwoPointCorrelationFunction  INFO     Computing two-point counts D1D2.
[002178.54]  01-26 15:36  TwoPointCorrelationFunction  INFO     Analytically computing two-point counts R1R2.
[002178.54]  01-26 15:36  TwoPointCorrelationFunction  INFO     Correlation function computed in elapsed time 59.28 s.
[002178.54]  01-26 15:36  NaturalTwoPointEstimator     INFO     Saving /pscratch/sd/s/shengyu/galaxies/catalogs/Y3/AbacusHF-v2/Boxes/QSO/sn0p950/AbacusSummit_base_c000_ph004/mpspk/mpslog_QSO_zp0.950_DR2_v1.0.npy.
[002178.55]  01-26 15:36  compute_2pt                  INFO     Save to /pscratch/sd/s/shengyu/galaxies/catalogs/Y3/AbacusHF-v2/Boxes/QSO/sn0p950/AbacusSummit_base_c000_ph004/mpspk/mpslog_QSO_zp0.950_DR2_v1.0.npy
[002178.55]  01-26 15:36  TwoPointCorrelationFunction  INFO     Using estimator <class 'pycorr.twopoint_estimator.NaturalTwoPointEstimator'>.
[002178.55]  01-26 15:36  TwoPointCorrelationFunction  INFO     Running auto-correlation.
[002178.55]  01-26 15:36  TwoPointCorrelationFunction  INFO     Computing two-point counts D1D2.
[002219.70]  01-26 15:37  TwoPointCorrelationFunction  INFO     Analytically computing two-point counts R1R2.
[002219.70]  01-26 15:37  TwoPointCorrelationFunction  INFO     Correlation function computed in elapsed time 41.15 s.
[002219.70]  01-26 15:37  NaturalTwoPointEstimator     INFO     Saving /pscratch/sd/s/shengyu/galaxies/catalogs/Y3/AbacusHF-v2/Boxes/QSO/sn0p950/AbacusSummit_base_c000_ph004/mpspk/wplog_QSO_zp0.950_DR2_v1.0.npy.
[002219.70]  01-26 15:37  compute_2pt                  INFO     Save to /pscratch/sd/s/shengyu/galaxies/catalogs/Y3/AbacusHF-v2/Boxes/QSO/sn0p950/AbacusSummit_base_c000_ph004/mpspk/wplog_QSO_zp0.950_DR2_v1.0.npy
[002219.71]  01-26 15:37  compute_2pt                  INFO     Procceed {'version': 'AbacusHF-v2', 'domain': 'cubic', 'tracer': 'QSO', 'zsnap': 0.95, 'zrange': (0.8, 1.1), 'mock_id': 5, 'use_dv': 'False'}
[002219.71]  01-26 15:37  cat_tools                    INFO     Load /pscratch/sd/s/shengyu/galaxies/catalogs/Y3/AbacusHF-v2/Boxes/QSO/sn0p950/AbacusSummit_base_c000_ph005/abacus_HF_QSO_0p950_DR2_v2.0_AbacusSummit_base_c000_ph005_base_clustering.dat.h5
[002219.71]  01-26 15:37  FileStack                    INFO     Reading /pscratch/sd/s/shengyu/galaxies/catalogs/Y3/AbacusHF-v2/Boxes/QSO/sn0p950/AbacusSummit_base_c000_ph005/abacus_HF_QSO_0p950_DR2_v2.0_AbacusSummit_base_c000_ph005_base_clustering.dat.h5.
[002221.48]  01-26 15:37  TwoPointCorrelationFunction  INFO     Using estimator <class 'pycorr.twopoint_estimator.NaturalTwoPointEstimator'>.
[002221.48]  01-26 15:37  TwoPointCorrelationFunction  INFO     Running auto-correlation.
[002221.48]  01-26 15:37  TwoPointCorrelationFunction  INFO     Computing two-point counts D1D2.
[002488.88]  01-26 15:41  TwoPointCorrelationFunction  INFO     Analytically computing two-point counts R1R2.
[002488.88]  01-26 15:41  TwoPointCorrelationFunction  INFO     Correlation function computed in elapsed time 267.40 s.
[002488.88]  01-26 15:41  NaturalTwoPointEstimator     INFO     Saving /pscratch/sd/s/shengyu/galaxies/catalogs/Y3/AbacusHF-v2/Boxes/QSO/sn0p950/AbacusSummit_base_c000_ph005/mpspk/xipoles_QSO_zp0.950_DR2_v1.0.npy.
[002488.89]  01-26 15:41  compute_2pt                  INFO     Save to /pscratch/sd/s/shengyu/galaxies/catalogs/Y3/AbacusHF-v2/Boxes/QSO/sn0p950/AbacusSummit_base_c000_ph005/mpspk/xipoles_QSO_zp0.950_DR2_v1.0.npy
[002495.02]  01-26 15:41  CatalogFFTPower              INFO     Painting catalog 1 to mesh CatalogMesh(nmesh=[512 512 512], boxsize=[2000. 2000. 2000.], boxcenter=[ 999.99999842 1000.00005289 1000.00004662], dtype=float64).
[002495.60]  01-26 15:41  CatalogMesh                  INFO     Slab 0 ~ 4194304 / 45493670.
[002496.78]  01-26 15:41  CatalogMesh                  INFO     Painted 4194304 out of 45493670 objects to mesh.
[002496.78]  01-26 15:41  CatalogMesh                  INFO     Slab 4194304 ~ 8388608 / 45493670.
[002497.85]  01-26 15:41  CatalogMesh                  INFO     Painted 8388608 out of 45493670 objects to mesh.
[002497.85]  01-26 15:41  CatalogMesh                  INFO     Slab 8388608 ~ 12582912 / 45493670.
[002498.92]  01-26 15:41  CatalogMesh                  INFO     Painted 12582912 out of 45493670 objects to mesh.
[002498.92]  01-26 15:41  CatalogMesh                  INFO     Slab 12582912 ~ 16777216 / 45493670.
[002500.00]  01-26 15:41  CatalogMesh                  INFO     Painted 16777216 out of 45493670 objects to mesh.
[002500.00]  01-26 15:41  CatalogMesh                  INFO     Slab 16777216 ~ 20971520 / 45493670.
[002501.07]  01-26 15:41  CatalogMesh                  INFO     Painted 20971520 out of 45493670 objects to mesh.
[002501.07]  01-26 15:41  CatalogMesh                  INFO     Slab 20971520 ~ 25165824 / 45493670.
[002502.14]  01-26 15:41  CatalogMesh                  INFO     Painted 25165824 out of 45493670 objects to mesh.
[002502.14]  01-26 15:41  CatalogMesh                  INFO     Slab 25165824 ~ 29360128 / 45493670.
[002503.22]  01-26 15:41  CatalogMesh                  INFO     Painted 29360128 out of 45493670 objects to mesh.
[002503.22]  01-26 15:41  CatalogMesh                  INFO     Slab 29360128 ~ 33554432 / 45493670.
[002504.32]  01-26 15:41  CatalogMesh                  INFO     Painted 33554432 out of 45493670 objects to mesh.
[002504.32]  01-26 15:41  CatalogMesh                  INFO     Slab 33554432 ~ 37748736 / 45493670.
[002505.52]  01-26 15:41  CatalogMesh                  INFO     Painted 37748736 out of 45493670 objects to mesh.
[002505.52]  01-26 15:41  CatalogMesh                  INFO     Slab 37748736 ~ 41943040 / 45493670.
[002506.72]  01-26 15:41  CatalogMesh                  INFO     Painted 41943040 out of 45493670 objects to mesh.
[002506.72]  01-26 15:41  CatalogMesh                  INFO     Slab 41943040 ~ 46137344 / 45493670.
[002507.74]  01-26 15:42  CatalogMesh                  INFO     Painted 45493670 out of 45493670 objects to mesh.
[002507.75]  01-26 15:42  CatalogMesh                  INFO     Running interlacing at order 3.
[002510.15]  01-26 15:42  CatalogMesh                  INFO     Slab 0 ~ 4194304 / 45493670.
[002511.23]  01-26 15:42  CatalogMesh                  INFO     Painted 4194304 out of 45493670 objects to mesh.
[002511.23]  01-26 15:42  CatalogMesh                  INFO     Slab 4194304 ~ 8388608 / 45493670.
[002512.30]  01-26 15:42  CatalogMesh                  INFO     Painted 8388608 out of 45493670 objects to mesh.
[002512.31]  01-26 15:42  CatalogMesh                  INFO     Slab 8388608 ~ 12582912 / 45493670.
[002513.38]  01-26 15:42  CatalogMesh                  INFO     Painted 12582912 out of 45493670 objects to mesh.
[002513.38]  01-26 15:42  CatalogMesh                  INFO     Slab 12582912 ~ 16777216 / 45493670.
[002514.46]  01-26 15:42  CatalogMesh                  INFO     Painted 16777216 out of 45493670 objects to mesh.
[002514.46]  01-26 15:42  CatalogMesh                  INFO     Slab 16777216 ~ 20971520 / 45493670.
[002515.57]  01-26 15:42  CatalogMesh                  INFO     Painted 20971520 out of 45493670 objects to mesh.
[002515.57]  01-26 15:42  CatalogMesh                  INFO     Slab 20971520 ~ 25165824 / 45493670.
[002516.64]  01-26 15:42  CatalogMesh                  INFO     Painted 25165824 out of 45493670 objects to mesh.
[002516.64]  01-26 15:42  CatalogMesh                  INFO     Slab 25165824 ~ 29360128 / 45493670.
[002517.71]  01-26 15:42  CatalogMesh                  INFO     Painted 29360128 out of 45493670 objects to mesh.
[002517.72]  01-26 15:42  CatalogMesh                  INFO     Slab 29360128 ~ 33554432 / 45493670.
[002518.81]  01-26 15:42  CatalogMesh                  INFO     Painted 33554432 out of 45493670 objects to mesh.
[002518.81]  01-26 15:42  CatalogMesh                  INFO     Slab 33554432 ~ 37748736 / 45493670.
[002520.02]  01-26 15:42  CatalogMesh                  INFO     Painted 37748736 out of 45493670 objects to mesh.
[002520.02]  01-26 15:42  CatalogMesh                  INFO     Slab 37748736 ~ 41943040 / 45493670.
[002521.22]  01-26 15:42  CatalogMesh                  INFO     Painted 41943040 out of 45493670 objects to mesh.
[002521.22]  01-26 15:42  CatalogMesh                  INFO     Slab 41943040 ~ 46137344 / 45493670.
[002522.24]  01-26 15:42  CatalogMesh                  INFO     Painted 45493670 out of 45493670 objects to mesh.
[002526.20]  01-26 15:42  CatalogMesh                  INFO     Slab 0 ~ 4194304 / 45493670.
[002527.27]  01-26 15:42  CatalogMesh                  INFO     Painted 4194304 out of 45493670 objects to mesh.
[002527.27]  01-26 15:42  CatalogMesh                  INFO     Slab 4194304 ~ 8388608 / 45493670.
[002528.35]  01-26 15:42  CatalogMesh                  INFO     Painted 8388608 out of 45493670 objects to mesh.
[002528.35]  01-26 15:42  CatalogMesh                  INFO     Slab 8388608 ~ 12582912 / 45493670.
[002529.43]  01-26 15:42  CatalogMesh                  INFO     Painted 12582912 out of 45493670 objects to mesh.
[002529.43]  01-26 15:42  CatalogMesh                  INFO     Slab 12582912 ~ 16777216 / 45493670.
[002530.50]  01-26 15:42  CatalogMesh                  INFO     Painted 16777216 out of 45493670 objects to mesh.
[002530.50]  01-26 15:42  CatalogMesh                  INFO     Slab 16777216 ~ 20971520 / 45493670.
[002531.57]  01-26 15:42  CatalogMesh                  INFO     Painted 20971520 out of 45493670 objects to mesh.
[002531.57]  01-26 15:42  CatalogMesh                  INFO     Slab 20971520 ~ 25165824 / 45493670.
[002532.64]  01-26 15:42  CatalogMesh                  INFO     Painted 25165824 out of 45493670 objects to mesh.
[002532.64]  01-26 15:42  CatalogMesh                  INFO     Slab 25165824 ~ 29360128 / 45493670.
[002533.71]  01-26 15:42  CatalogMesh                  INFO     Painted 29360128 out of 45493670 objects to mesh.
[002533.71]  01-26 15:42  CatalogMesh                  INFO     Slab 29360128 ~ 33554432 / 45493670.
[002534.80]  01-26 15:42  CatalogMesh                  INFO     Painted 33554432 out of 45493670 objects to mesh.
[002534.80]  01-26 15:42  CatalogMesh                  INFO     Slab 33554432 ~ 37748736 / 45493670.
[002536.00]  01-26 15:42  CatalogMesh                  INFO     Painted 37748736 out of 45493670 objects to mesh.
[002536.00]  01-26 15:42  CatalogMesh                  INFO     Slab 37748736 ~ 41943040 / 45493670.
[002537.20]  01-26 15:42  CatalogMesh                  INFO     Painted 41943040 out of 45493670 objects to mesh.
[002537.20]  01-26 15:42  CatalogMesh                  INFO     Slab 41943040 ~ 46137344 / 45493670.
[002538.22]  01-26 15:42  CatalogMesh                  INFO     Painted 45493670 out of 45493670 objects to mesh.
[002543.77]  01-26 15:42  CatalogFFTPower              INFO     Done painting catalog 1 to mesh.
[002543.77]  01-26 15:42  CatalogFFTPower              INFO     Using 400 k-bins between 0.000 and 0.400.
[002543.77]  01-26 15:42  CatalogFFTPower              INFO     Meshes prepared in elapsed time 48.75 s.
[002543.77]  01-26 15:42  CatalogFFTPower              INFO     Running mesh calculation.
[002560.93]  01-26 15:42  CatalogFFTPower              INFO     Mesh calculations performed in elapsed time 17.16 s.
[002560.93]  01-26 15:42  CatalogFFTPower              INFO     Power spectrum computed in elapsed time 65.91 s.
[002560.93]  01-26 15:42  CatalogFFTPower              INFO     Saving /pscratch/sd/s/shengyu/galaxies/catalogs/Y3/AbacusHF-v2/Boxes/QSO/sn0p950/AbacusSummit_base_c000_ph005/mpspk/pkpoles_QSO_zp0.950_DR2_v1.0.npy.
[002560.93]  01-26 15:42  compute_2pt                  INFO     Save to /pscratch/sd/s/shengyu/galaxies/catalogs/Y3/AbacusHF-v2/Boxes/QSO/sn0p950/AbacusSummit_base_c000_ph005/mpspk/pkpoles_QSO_zp0.950_DR2_v1.0.npy
[002560.94]  01-26 15:42  TwoPointCorrelationFunction  INFO     Using estimator <class 'pycorr.twopoint_estimator.NaturalTwoPointEstimator'>.
[002560.94]  01-26 15:42  TwoPointCorrelationFunction  INFO     Running auto-correlation.
[002560.94]  01-26 15:42  TwoPointCorrelationFunction  INFO     Computing two-point counts D1D2.
[002619.82]  01-26 15:43  TwoPointCorrelationFunction  INFO     Analytically computing two-point counts R1R2.
[002619.82]  01-26 15:43  TwoPointCorrelationFunction  INFO     Correlation function computed in elapsed time 58.89 s.
[002619.82]  01-26 15:43  NaturalTwoPointEstimator     INFO     Saving /pscratch/sd/s/shengyu/galaxies/catalogs/Y3/AbacusHF-v2/Boxes/QSO/sn0p950/AbacusSummit_base_c000_ph005/mpspk/mpslog_QSO_zp0.950_DR2_v1.0.npy.
[002619.83]  01-26 15:43  compute_2pt                  INFO     Save to /pscratch/sd/s/shengyu/galaxies/catalogs/Y3/AbacusHF-v2/Boxes/QSO/sn0p950/AbacusSummit_base_c000_ph005/mpspk/mpslog_QSO_zp0.950_DR2_v1.0.npy
[002619.83]  01-26 15:43  TwoPointCorrelationFunction  INFO     Using estimator <class 'pycorr.twopoint_estimator.NaturalTwoPointEstimator'>.
[002619.83]  01-26 15:43  TwoPointCorrelationFunction  INFO     Running auto-correlation.
[002619.83]  01-26 15:43  TwoPointCorrelationFunction  INFO     Computing two-point counts D1D2.
[002660.91]  01-26 15:44  TwoPointCorrelationFunction  INFO     Analytically computing two-point counts R1R2.
[002660.91]  01-26 15:44  TwoPointCorrelationFunction  INFO     Correlation function computed in elapsed time 41.08 s.
[002660.91]  01-26 15:44  NaturalTwoPointEstimator     INFO     Saving /pscratch/sd/s/shengyu/galaxies/catalogs/Y3/AbacusHF-v2/Boxes/QSO/sn0p950/AbacusSummit_base_c000_ph005/mpspk/wplog_QSO_zp0.950_DR2_v1.0.npy.
[002660.92]  01-26 15:44  compute_2pt                  INFO     Save to /pscratch/sd/s/shengyu/galaxies/catalogs/Y3/AbacusHF-v2/Boxes/QSO/sn0p950/AbacusSummit_base_c000_ph005/mpspk/wplog_QSO_zp0.950_DR2_v1.0.npy
[002660.92]  01-26 15:44  compute_2pt                  INFO     Procceed {'version': 'AbacusHF-v2', 'domain': 'cubic', 'tracer': 'QSO', 'zsnap': 0.95, 'zrange': (0.8, 1.1), 'mock_id': 6, 'use_dv': 'False'}
[002660.92]  01-26 15:44  cat_tools                    INFO     Load /pscratch/sd/s/shengyu/galaxies/catalogs/Y3/AbacusHF-v2/Boxes/QSO/sn0p950/AbacusSummit_base_c000_ph006/abacus_HF_QSO_0p950_DR2_v2.0_AbacusSummit_base_c000_ph006_base_clustering.dat.h5
[002660.92]  01-26 15:44  FileStack                    INFO     Reading /pscratch/sd/s/shengyu/galaxies/catalogs/Y3/AbacusHF-v2/Boxes/QSO/sn0p950/AbacusSummit_base_c000_ph006/abacus_HF_QSO_0p950_DR2_v2.0_AbacusSummit_base_c000_ph006_base_clustering.dat.h5.
[002662.69]  01-26 15:44  TwoPointCorrelationFunction  INFO     Using estimator <class 'pycorr.twopoint_estimator.NaturalTwoPointEstimator'>.
[002662.69]  01-26 15:44  TwoPointCorrelationFunction  INFO     Running auto-correlation.
[002662.69]  01-26 15:44  TwoPointCorrelationFunction  INFO     Computing two-point counts D1D2.
[002925.76]  01-26 15:48  TwoPointCorrelationFunction  INFO     Analytically computing two-point counts R1R2.
[002925.76]  01-26 15:48  TwoPointCorrelationFunction  INFO     Correlation function computed in elapsed time 263.07 s.
[002925.76]  01-26 15:48  NaturalTwoPointEstimator     INFO     Saving /pscratch/sd/s/shengyu/galaxies/catalogs/Y3/AbacusHF-v2/Boxes/QSO/sn0p950/AbacusSummit_base_c000_ph006/mpspk/xipoles_QSO_zp0.950_DR2_v1.0.npy.
[002925.76]  01-26 15:48  compute_2pt                  INFO     Save to /pscratch/sd/s/shengyu/galaxies/catalogs/Y3/AbacusHF-v2/Boxes/QSO/sn0p950/AbacusSummit_base_c000_ph006/mpspk/xipoles_QSO_zp0.950_DR2_v1.0.npy
[002931.89]  01-26 15:49  CatalogFFTPower              INFO     Painting catalog 1 to mesh CatalogMesh(nmesh=[512 512 512], boxsize=[2000. 2000. 2000.], boxcenter=[1000.00000227 1000.00003664  999.99998536], dtype=float64).
[002932.47]  01-26 15:49  CatalogMesh                  INFO     Slab 0 ~ 4194304 / 45535459.
[002933.55]  01-26 15:49  CatalogMesh                  INFO     Painted 4194304 out of 45535459 objects to mesh.
[002933.55]  01-26 15:49  CatalogMesh                  INFO     Slab 4194304 ~ 8388608 / 45535459.
[002934.62]  01-26 15:49  CatalogMesh                  INFO     Painted 8388608 out of 45535459 objects to mesh.
[002934.62]  01-26 15:49  CatalogMesh                  INFO     Slab 8388608 ~ 12582912 / 45535459.
[002935.70]  01-26 15:49  CatalogMesh                  INFO     Painted 12582912 out of 45535459 objects to mesh.
[002935.70]  01-26 15:49  CatalogMesh                  INFO     Slab 12582912 ~ 16777216 / 45535459.
[002936.77]  01-26 15:49  CatalogMesh                  INFO     Painted 16777216 out of 45535459 objects to mesh.
[002936.77]  01-26 15:49  CatalogMesh                  INFO     Slab 16777216 ~ 20971520 / 45535459.
[002937.85]  01-26 15:49  CatalogMesh                  INFO     Painted 20971520 out of 45535459 objects to mesh.
[002937.85]  01-26 15:49  CatalogMesh                  INFO     Slab 20971520 ~ 25165824 / 45535459.
[002938.92]  01-26 15:49  CatalogMesh                  INFO     Painted 25165824 out of 45535459 objects to mesh.
[002938.92]  01-26 15:49  CatalogMesh                  INFO     Slab 25165824 ~ 29360128 / 45535459.
[002939.99]  01-26 15:49  CatalogMesh                  INFO     Painted 29360128 out of 45535459 objects to mesh.
[002939.99]  01-26 15:49  CatalogMesh                  INFO     Slab 29360128 ~ 33554432 / 45535459.
[002941.08]  01-26 15:49  CatalogMesh                  INFO     Painted 33554432 out of 45535459 objects to mesh.
[002941.08]  01-26 15:49  CatalogMesh                  INFO     Slab 33554432 ~ 37748736 / 45535459.
[002942.28]  01-26 15:49  CatalogMesh                  INFO     Painted 37748736 out of 45535459 objects to mesh.
[002942.28]  01-26 15:49  CatalogMesh                  INFO     Slab 37748736 ~ 41943040 / 45535459.
[002943.48]  01-26 15:49  CatalogMesh                  INFO     Painted 41943040 out of 45535459 objects to mesh.
[002943.48]  01-26 15:49  CatalogMesh                  INFO     Slab 41943040 ~ 46137344 / 45535459.
[002944.52]  01-26 15:49  CatalogMesh                  INFO     Painted 45535459 out of 45535459 objects to mesh.
[002944.52]  01-26 15:49  CatalogMesh                  INFO     Running interlacing at order 3.
[002946.93]  01-26 15:49  CatalogMesh                  INFO     Slab 0 ~ 4194304 / 45535459.
[002948.01]  01-26 15:49  CatalogMesh                  INFO     Painted 4194304 out of 45535459 objects to mesh.
[002948.01]  01-26 15:49  CatalogMesh                  INFO     Slab 4194304 ~ 8388608 / 45535459.
[002949.08]  01-26 15:49  CatalogMesh                  INFO     Painted 8388608 out of 45535459 objects to mesh.
[002949.08]  01-26 15:49  CatalogMesh                  INFO     Slab 8388608 ~ 12582912 / 45535459.
[002950.15]  01-26 15:49  CatalogMesh                  INFO     Painted 12582912 out of 45535459 objects to mesh.
[002950.15]  01-26 15:49  CatalogMesh                  INFO     Slab 12582912 ~ 16777216 / 45535459.
[002951.22]  01-26 15:49  CatalogMesh                  INFO     Painted 16777216 out of 45535459 objects to mesh.
[002951.22]  01-26 15:49  CatalogMesh                  INFO     Slab 16777216 ~ 20971520 / 45535459.
[002952.30]  01-26 15:49  CatalogMesh                  INFO     Painted 20971520 out of 45535459 objects to mesh.
[002952.30]  01-26 15:49  CatalogMesh                  INFO     Slab 20971520 ~ 25165824 / 45535459.
[002953.39]  01-26 15:49  CatalogMesh                  INFO     Painted 25165824 out of 45535459 objects to mesh.
[002953.39]  01-26 15:49  CatalogMesh                  INFO     Slab 25165824 ~ 29360128 / 45535459.
[002954.49]  01-26 15:49  CatalogMesh                  INFO     Painted 29360128 out of 45535459 objects to mesh.
[002954.49]  01-26 15:49  CatalogMesh                  INFO     Slab 29360128 ~ 33554432 / 45535459.
[002955.63]  01-26 15:49  CatalogMesh                  INFO     Painted 33554432 out of 45535459 objects to mesh.
[002955.63]  01-26 15:49  CatalogMesh                  INFO     Slab 33554432 ~ 37748736 / 45535459.
[002956.87]  01-26 15:49  CatalogMesh                  INFO     Painted 37748736 out of 45535459 objects to mesh.
[002956.87]  01-26 15:49  CatalogMesh                  INFO     Slab 37748736 ~ 41943040 / 45535459.
[002958.10]  01-26 15:49  CatalogMesh                  INFO     Painted 41943040 out of 45535459 objects to mesh.
[002958.10]  01-26 15:49  CatalogMesh                  INFO     Slab 41943040 ~ 46137344 / 45535459.
[002959.14]  01-26 15:49  CatalogMesh                  INFO     Painted 45535459 out of 45535459 objects to mesh.
[002963.09]  01-26 15:49  CatalogMesh                  INFO     Slab 0 ~ 4194304 / 45535459.
[002964.16]  01-26 15:49  CatalogMesh                  INFO     Painted 4194304 out of 45535459 objects to mesh.
[002964.16]  01-26 15:49  CatalogMesh                  INFO     Slab 4194304 ~ 8388608 / 45535459.
[002965.23]  01-26 15:49  CatalogMesh                  INFO     Painted 8388608 out of 45535459 objects to mesh.
[002965.23]  01-26 15:49  CatalogMesh                  INFO     Slab 8388608 ~ 12582912 / 45535459.
[002966.30]  01-26 15:49  CatalogMesh                  INFO     Painted 12582912 out of 45535459 objects to mesh.
[002966.30]  01-26 15:49  CatalogMesh                  INFO     Slab 12582912 ~ 16777216 / 45535459.
[002967.37]  01-26 15:49  CatalogMesh                  INFO     Painted 16777216 out of 45535459 objects to mesh.
[002967.37]  01-26 15:49  CatalogMesh                  INFO     Slab 16777216 ~ 20971520 / 45535459.
[002968.45]  01-26 15:49  CatalogMesh                  INFO     Painted 20971520 out of 45535459 objects to mesh.
[002968.45]  01-26 15:49  CatalogMesh                  INFO     Slab 20971520 ~ 25165824 / 45535459.
[002969.53]  01-26 15:49  CatalogMesh                  INFO     Painted 25165824 out of 45535459 objects to mesh.
[002969.53]  01-26 15:49  CatalogMesh                  INFO     Slab 25165824 ~ 29360128 / 45535459.
[002970.60]  01-26 15:49  CatalogMesh                  INFO     Painted 29360128 out of 45535459 objects to mesh.
[002970.60]  01-26 15:49  CatalogMesh                  INFO     Slab 29360128 ~ 33554432 / 45535459.
[002971.69]  01-26 15:49  CatalogMesh                  INFO     Painted 33554432 out of 45535459 objects to mesh.
[002971.69]  01-26 15:49  CatalogMesh                  INFO     Slab 33554432 ~ 37748736 / 45535459.
[002972.89]  01-26 15:49  CatalogMesh                  INFO     Painted 37748736 out of 45535459 objects to mesh.
[002972.89]  01-26 15:49  CatalogMesh                  INFO     Slab 37748736 ~ 41943040 / 45535459.
[002974.08]  01-26 15:49  CatalogMesh                  INFO     Painted 41943040 out of 45535459 objects to mesh.
[002974.08]  01-26 15:49  CatalogMesh                  INFO     Slab 41943040 ~ 46137344 / 45535459.
[002975.12]  01-26 15:49  CatalogMesh                  INFO     Painted 45535459 out of 45535459 objects to mesh.
[002980.68]  01-26 15:49  CatalogFFTPower              INFO     Done painting catalog 1 to mesh.
[002980.68]  01-26 15:49  CatalogFFTPower              INFO     Using 400 k-bins between 0.000 and 0.400.
[002980.68]  01-26 15:49  CatalogFFTPower              INFO     Meshes prepared in elapsed time 48.79 s.
[002980.68]  01-26 15:49  CatalogFFTPower              INFO     Running mesh calculation.
[002997.83]  01-26 15:50  CatalogFFTPower              INFO     Mesh calculations performed in elapsed time 17.15 s.
[002997.83]  01-26 15:50  CatalogFFTPower              INFO     Power spectrum computed in elapsed time 65.94 s.
[002997.84]  01-26 15:50  CatalogFFTPower              INFO     Saving /pscratch/sd/s/shengyu/galaxies/catalogs/Y3/AbacusHF-v2/Boxes/QSO/sn0p950/AbacusSummit_base_c000_ph006/mpspk/pkpoles_QSO_zp0.950_DR2_v1.0.npy.
[002997.84]  01-26 15:50  compute_2pt                  INFO     Save to /pscratch/sd/s/shengyu/galaxies/catalogs/Y3/AbacusHF-v2/Boxes/QSO/sn0p950/AbacusSummit_base_c000_ph006/mpspk/pkpoles_QSO_zp0.950_DR2_v1.0.npy
[002997.84]  01-26 15:50  TwoPointCorrelationFunction  INFO     Using estimator <class 'pycorr.twopoint_estimator.NaturalTwoPointEstimator'>.
[002997.84]  01-26 15:50  TwoPointCorrelationFunction  INFO     Running auto-correlation.
[002997.84]  01-26 15:50  TwoPointCorrelationFunction  INFO     Computing two-point counts D1D2.
[003057.01]  01-26 15:51  TwoPointCorrelationFunction  INFO     Analytically computing two-point counts R1R2.
[003057.01]  01-26 15:51  TwoPointCorrelationFunction  INFO     Correlation function computed in elapsed time 59.17 s.
[003057.01]  01-26 15:51  NaturalTwoPointEstimator     INFO     Saving /pscratch/sd/s/shengyu/galaxies/catalogs/Y3/AbacusHF-v2/Boxes/QSO/sn0p950/AbacusSummit_base_c000_ph006/mpspk/mpslog_QSO_zp0.950_DR2_v1.0.npy.
[003057.02]  01-26 15:51  compute_2pt                  INFO     Save to /pscratch/sd/s/shengyu/galaxies/catalogs/Y3/AbacusHF-v2/Boxes/QSO/sn0p950/AbacusSummit_base_c000_ph006/mpspk/mpslog_QSO_zp0.950_DR2_v1.0.npy
[003057.02]  01-26 15:51  TwoPointCorrelationFunction  INFO     Using estimator <class 'pycorr.twopoint_estimator.NaturalTwoPointEstimator'>.
[003057.02]  01-26 15:51  TwoPointCorrelationFunction  INFO     Running auto-correlation.
[003057.02]  01-26 15:51  TwoPointCorrelationFunction  INFO     Computing two-point counts D1D2.
[003098.29]  01-26 15:51  TwoPointCorrelationFunction  INFO     Analytically computing two-point counts R1R2.
[003098.30]  01-26 15:51  TwoPointCorrelationFunction  INFO     Correlation function computed in elapsed time 41.28 s.
[003098.30]  01-26 15:51  NaturalTwoPointEstimator     INFO     Saving /pscratch/sd/s/shengyu/galaxies/catalogs/Y3/AbacusHF-v2/Boxes/QSO/sn0p950/AbacusSummit_base_c000_ph006/mpspk/wplog_QSO_zp0.950_DR2_v1.0.npy.
[003098.30]  01-26 15:51  compute_2pt                  INFO     Save to /pscratch/sd/s/shengyu/galaxies/catalogs/Y3/AbacusHF-v2/Boxes/QSO/sn0p950/AbacusSummit_base_c000_ph006/mpspk/wplog_QSO_zp0.950_DR2_v1.0.npy
[003098.30]  01-26 15:51  compute_2pt                  INFO     Procceed {'version': 'AbacusHF-v2', 'domain': 'cubic', 'tracer': 'QSO', 'zsnap': 0.95, 'zrange': (0.8, 1.1), 'mock_id': 7, 'use_dv': 'False'}
[003098.30]  01-26 15:51  cat_tools                    INFO     Load /pscratch/sd/s/shengyu/galaxies/catalogs/Y3/AbacusHF-v2/Boxes/QSO/sn0p950/AbacusSummit_base_c000_ph007/abacus_HF_QSO_0p950_DR2_v2.0_AbacusSummit_base_c000_ph007_base_clustering.dat.h5
[003098.30]  01-26 15:51  FileStack                    INFO     Reading /pscratch/sd/s/shengyu/galaxies/catalogs/Y3/AbacusHF-v2/Boxes/QSO/sn0p950/AbacusSummit_base_c000_ph007/abacus_HF_QSO_0p950_DR2_v2.0_AbacusSummit_base_c000_ph007_base_clustering.dat.h5.
[003100.07]  01-26 15:51  TwoPointCorrelationFunction  INFO     Using estimator <class 'pycorr.twopoint_estimator.NaturalTwoPointEstimator'>.
[003100.07]  01-26 15:51  TwoPointCorrelationFunction  INFO     Running auto-correlation.
[003100.07]  01-26 15:51  TwoPointCorrelationFunction  INFO     Computing two-point counts D1D2.
[003360.57]  01-26 15:56  TwoPointCorrelationFunction  INFO     Analytically computing two-point counts R1R2.
[003360.58]  01-26 15:56  TwoPointCorrelationFunction  INFO     Correlation function computed in elapsed time 260.51 s.
[003360.58]  01-26 15:56  NaturalTwoPointEstimator     INFO     Saving /pscratch/sd/s/shengyu/galaxies/catalogs/Y3/AbacusHF-v2/Boxes/QSO/sn0p950/AbacusSummit_base_c000_ph007/mpspk/xipoles_QSO_zp0.950_DR2_v1.0.npy.
[003360.58]  01-26 15:56  compute_2pt                  INFO     Save to /pscratch/sd/s/shengyu/galaxies/catalogs/Y3/AbacusHF-v2/Boxes/QSO/sn0p950/AbacusSummit_base_c000_ph007/mpspk/xipoles_QSO_zp0.950_DR2_v1.0.npy
[003366.85]  01-26 15:56  CatalogFFTPower              INFO     Painting catalog 1 to mesh CatalogMesh(nmesh=[512 512 512], boxsize=[2000. 2000. 2000.], boxcenter=[ 999.99999952 1000.00003157 1000.00000399], dtype=float64).
[003367.42]  01-26 15:56  CatalogMesh                  INFO     Slab 0 ~ 4194304 / 45506357.
[003368.51]  01-26 15:56  CatalogMesh                  INFO     Painted 4194304 out of 45506357 objects to mesh.
[003368.51]  01-26 15:56  CatalogMesh                  INFO     Slab 4194304 ~ 8388608 / 45506357.
[003369.58]  01-26 15:56  CatalogMesh                  INFO     Painted 8388608 out of 45506357 objects to mesh.
[003369.59]  01-26 15:56  CatalogMesh                  INFO     Slab 8388608 ~ 12582912 / 45506357.
[003370.66]  01-26 15:56  CatalogMesh                  INFO     Painted 12582912 out of 45506357 objects to mesh.
[003370.66]  01-26 15:56  CatalogMesh                  INFO     Slab 12582912 ~ 16777216 / 45506357.
[003371.73]  01-26 15:56  CatalogMesh                  INFO     Painted 16777216 out of 45506357 objects to mesh.
[003371.73]  01-26 15:56  CatalogMesh                  INFO     Slab 16777216 ~ 20971520 / 45506357.
[003372.80]  01-26 15:56  CatalogMesh                  INFO     Painted 20971520 out of 45506357 objects to mesh.
[003372.80]  01-26 15:56  CatalogMesh                  INFO     Slab 20971520 ~ 25165824 / 45506357.
[003373.87]  01-26 15:56  CatalogMesh                  INFO     Painted 25165824 out of 45506357 objects to mesh.
[003373.87]  01-26 15:56  CatalogMesh                  INFO     Slab 25165824 ~ 29360128 / 45506357.
[003374.94]  01-26 15:56  CatalogMesh                  INFO     Painted 29360128 out of 45506357 objects to mesh.
[003374.94]  01-26 15:56  CatalogMesh                  INFO     Slab 29360128 ~ 33554432 / 45506357.
[003376.03]  01-26 15:56  CatalogMesh                  INFO     Painted 33554432 out of 45506357 objects to mesh.
[003376.03]  01-26 15:56  CatalogMesh                  INFO     Slab 33554432 ~ 37748736 / 45506357.
[003377.23]  01-26 15:56  CatalogMesh                  INFO     Painted 37748736 out of 45506357 objects to mesh.
[003377.23]  01-26 15:56  CatalogMesh                  INFO     Slab 37748736 ~ 41943040 / 45506357.
[003378.43]  01-26 15:56  CatalogMesh                  INFO     Painted 41943040 out of 45506357 objects to mesh.
[003378.43]  01-26 15:56  CatalogMesh                  INFO     Slab 41943040 ~ 46137344 / 45506357.
[003379.45]  01-26 15:56  CatalogMesh                  INFO     Painted 45506357 out of 45506357 objects to mesh.
[003379.46]  01-26 15:56  CatalogMesh                  INFO     Running interlacing at order 3.
[003381.87]  01-26 15:56  CatalogMesh                  INFO     Slab 0 ~ 4194304 / 45506357.
[003382.95]  01-26 15:56  CatalogMesh                  INFO     Painted 4194304 out of 45506357 objects to mesh.
[003382.95]  01-26 15:56  CatalogMesh                  INFO     Slab 4194304 ~ 8388608 / 45506357.
[003384.02]  01-26 15:56  CatalogMesh                  INFO     Painted 8388608 out of 45506357 objects to mesh.
[003384.02]  01-26 15:56  CatalogMesh                  INFO     Slab 8388608 ~ 12582912 / 45506357.
[003385.09]  01-26 15:56  CatalogMesh                  INFO     Painted 12582912 out of 45506357 objects to mesh.
[003385.09]  01-26 15:56  CatalogMesh                  INFO     Slab 12582912 ~ 16777216 / 45506357.
[003386.16]  01-26 15:56  CatalogMesh                  INFO     Painted 16777216 out of 45506357 objects to mesh.
[003386.16]  01-26 15:56  CatalogMesh                  INFO     Slab 16777216 ~ 20971520 / 45506357.
[003387.23]  01-26 15:56  CatalogMesh                  INFO     Painted 20971520 out of 45506357 objects to mesh.
[003387.23]  01-26 15:56  CatalogMesh                  INFO     Slab 20971520 ~ 25165824 / 45506357.
[003388.30]  01-26 15:56  CatalogMesh                  INFO     Painted 25165824 out of 45506357 objects to mesh.
[003388.30]  01-26 15:56  CatalogMesh                  INFO     Slab 25165824 ~ 29360128 / 45506357.
[003389.38]  01-26 15:56  CatalogMesh                  INFO     Painted 29360128 out of 45506357 objects to mesh.
[003389.38]  01-26 15:56  CatalogMesh                  INFO     Slab 29360128 ~ 33554432 / 45506357.
[003390.47]  01-26 15:56  CatalogMesh                  INFO     Painted 33554432 out of 45506357 objects to mesh.
[003390.47]  01-26 15:56  CatalogMesh                  INFO     Slab 33554432 ~ 37748736 / 45506357.
[003391.66]  01-26 15:56  CatalogMesh                  INFO     Painted 37748736 out of 45506357 objects to mesh.
[003391.66]  01-26 15:56  CatalogMesh                  INFO     Slab 37748736 ~ 41943040 / 45506357.
[003392.86]  01-26 15:56  CatalogMesh                  INFO     Painted 41943040 out of 45506357 objects to mesh.
[003392.86]  01-26 15:56  CatalogMesh                  INFO     Slab 41943040 ~ 46137344 / 45506357.
[003393.89]  01-26 15:56  CatalogMesh                  INFO     Painted 45506357 out of 45506357 objects to mesh.
[003397.86]  01-26 15:56  CatalogMesh                  INFO     Slab 0 ~ 4194304 / 45506357.
[003398.93]  01-26 15:56  CatalogMesh                  INFO     Painted 4194304 out of 45506357 objects to mesh.
[003398.93]  01-26 15:56  CatalogMesh                  INFO     Slab 4194304 ~ 8388608 / 45506357.
[003400.00]  01-26 15:56  CatalogMesh                  INFO     Painted 8388608 out of 45506357 objects to mesh.
[003400.00]  01-26 15:56  CatalogMesh                  INFO     Slab 8388608 ~ 12582912 / 45506357.
[003401.07]  01-26 15:56  CatalogMesh                  INFO     Painted 12582912 out of 45506357 objects to mesh.
[003401.07]  01-26 15:56  CatalogMesh                  INFO     Slab 12582912 ~ 16777216 / 45506357.
[003402.14]  01-26 15:56  CatalogMesh                  INFO     Painted 16777216 out of 45506357 objects to mesh.
[003402.14]  01-26 15:56  CatalogMesh                  INFO     Slab 16777216 ~ 20971520 / 45506357.
[003403.21]  01-26 15:56  CatalogMesh                  INFO     Painted 20971520 out of 45506357 objects to mesh.
[003403.21]  01-26 15:56  CatalogMesh                  INFO     Slab 20971520 ~ 25165824 / 45506357.
[003404.28]  01-26 15:56  CatalogMesh                  INFO     Painted 25165824 out of 45506357 objects to mesh.
[003404.28]  01-26 15:56  CatalogMesh                  INFO     Slab 25165824 ~ 29360128 / 45506357.
[003405.35]  01-26 15:56  CatalogMesh                  INFO     Painted 29360128 out of 45506357 objects to mesh.
[003405.35]  01-26 15:56  CatalogMesh                  INFO     Slab 29360128 ~ 33554432 / 45506357.
[003406.45]  01-26 15:56  CatalogMesh                  INFO     Painted 33554432 out of 45506357 objects to mesh.
[003406.45]  01-26 15:56  CatalogMesh                  INFO     Slab 33554432 ~ 37748736 / 45506357.
[003407.66]  01-26 15:57  CatalogMesh                  INFO     Painted 37748736 out of 45506357 objects to mesh.
[003407.66]  01-26 15:57  CatalogMesh                  INFO     Slab 37748736 ~ 41943040 / 45506357.
[003408.86]  01-26 15:57  CatalogMesh                  INFO     Painted 41943040 out of 45506357 objects to mesh.
[003408.86]  01-26 15:57  CatalogMesh                  INFO     Slab 41943040 ~ 46137344 / 45506357.
[003409.88]  01-26 15:57  CatalogMesh                  INFO     Painted 45506357 out of 45506357 objects to mesh.
[003415.42]  01-26 15:57  CatalogFFTPower              INFO     Done painting catalog 1 to mesh.
[003415.42]  01-26 15:57  CatalogFFTPower              INFO     Using 400 k-bins between 0.000 and 0.400.
[003415.42]  01-26 15:57  CatalogFFTPower              INFO     Meshes prepared in elapsed time 48.57 s.
[003415.42]  01-26 15:57  CatalogFFTPower              INFO     Running mesh calculation.
[003432.60]  01-26 15:57  CatalogFFTPower              INFO     Mesh calculations performed in elapsed time 17.18 s.
[003432.60]  01-26 15:57  CatalogFFTPower              INFO     Power spectrum computed in elapsed time 65.74 s.
[003432.60]  01-26 15:57  CatalogFFTPower              INFO     Saving /pscratch/sd/s/shengyu/galaxies/catalogs/Y3/AbacusHF-v2/Boxes/QSO/sn0p950/AbacusSummit_base_c000_ph007/mpspk/pkpoles_QSO_zp0.950_DR2_v1.0.npy.
[003432.60]  01-26 15:57  compute_2pt                  INFO     Save to /pscratch/sd/s/shengyu/galaxies/catalogs/Y3/AbacusHF-v2/Boxes/QSO/sn0p950/AbacusSummit_base_c000_ph007/mpspk/pkpoles_QSO_zp0.950_DR2_v1.0.npy
[003432.60]  01-26 15:57  TwoPointCorrelationFunction  INFO     Using estimator <class 'pycorr.twopoint_estimator.NaturalTwoPointEstimator'>.
[003432.60]  01-26 15:57  TwoPointCorrelationFunction  INFO     Running auto-correlation.
[003432.60]  01-26 15:57  TwoPointCorrelationFunction  INFO     Computing two-point counts D1D2.
[003491.94]  01-26 15:58  TwoPointCorrelationFunction  INFO     Analytically computing two-point counts R1R2.
[003491.94]  01-26 15:58  TwoPointCorrelationFunction  INFO     Correlation function computed in elapsed time 59.34 s.
[003491.94]  01-26 15:58  NaturalTwoPointEstimator     INFO     Saving /pscratch/sd/s/shengyu/galaxies/catalogs/Y3/AbacusHF-v2/Boxes/QSO/sn0p950/AbacusSummit_base_c000_ph007/mpspk/mpslog_QSO_zp0.950_DR2_v1.0.npy.
[003491.95]  01-26 15:58  compute_2pt                  INFO     Save to /pscratch/sd/s/shengyu/galaxies/catalogs/Y3/AbacusHF-v2/Boxes/QSO/sn0p950/AbacusSummit_base_c000_ph007/mpspk/mpslog_QSO_zp0.950_DR2_v1.0.npy
[003491.95]  01-26 15:58  TwoPointCorrelationFunction  INFO     Using estimator <class 'pycorr.twopoint_estimator.NaturalTwoPointEstimator'>.
[003491.95]  01-26 15:58  TwoPointCorrelationFunction  INFO     Running auto-correlation.
[003491.95]  01-26 15:58  TwoPointCorrelationFunction  INFO     Computing two-point counts D1D2.
[003533.23]  01-26 15:59  TwoPointCorrelationFunction  INFO     Analytically computing two-point counts R1R2.
[003533.24]  01-26 15:59  TwoPointCorrelationFunction  INFO     Correlation function computed in elapsed time 41.29 s.
[003533.24]  01-26 15:59  NaturalTwoPointEstimator     INFO     Saving /pscratch/sd/s/shengyu/galaxies/catalogs/Y3/AbacusHF-v2/Boxes/QSO/sn0p950/AbacusSummit_base_c000_ph007/mpspk/wplog_QSO_zp0.950_DR2_v1.0.npy.
[003533.24]  01-26 15:59  compute_2pt                  INFO     Save to /pscratch/sd/s/shengyu/galaxies/catalogs/Y3/AbacusHF-v2/Boxes/QSO/sn0p950/AbacusSummit_base_c000_ph007/mpspk/wplog_QSO_zp0.950_DR2_v1.0.npy
[003533.24]  01-26 15:59  compute_2pt                  INFO     Procceed {'version': 'AbacusHF-v2', 'domain': 'cubic', 'tracer': 'QSO', 'zsnap': 0.95, 'zrange': (0.8, 1.1), 'mock_id': 8, 'use_dv': 'False'}
[003533.24]  01-26 15:59  cat_tools                    INFO     Load /pscratch/sd/s/shengyu/galaxies/catalogs/Y3/AbacusHF-v2/Boxes/QSO/sn0p950/AbacusSummit_base_c000_ph008/abacus_HF_QSO_0p950_DR2_v2.0_AbacusSummit_base_c000_ph008_base_clustering.dat.h5
[003533.24]  01-26 15:59  FileStack                    INFO     Reading /pscratch/sd/s/shengyu/galaxies/catalogs/Y3/AbacusHF-v2/Boxes/QSO/sn0p950/AbacusSummit_base_c000_ph008/abacus_HF_QSO_0p950_DR2_v2.0_AbacusSummit_base_c000_ph008_base_clustering.dat.h5.
[003535.00]  01-26 15:59  TwoPointCorrelationFunction  INFO     Using estimator <class 'pycorr.twopoint_estimator.NaturalTwoPointEstimator'>.
[003535.00]  01-26 15:59  TwoPointCorrelationFunction  INFO     Running auto-correlation.
[003535.00]  01-26 15:59  TwoPointCorrelationFunction  INFO     Computing two-point counts D1D2.
[003801.57]  01-26 16:03  TwoPointCorrelationFunction  INFO     Analytically computing two-point counts R1R2.
[003801.57]  01-26 16:03  TwoPointCorrelationFunction  INFO     Correlation function computed in elapsed time 266.57 s.
[003801.57]  01-26 16:03  NaturalTwoPointEstimator     INFO     Saving /pscratch/sd/s/shengyu/galaxies/catalogs/Y3/AbacusHF-v2/Boxes/QSO/sn0p950/AbacusSummit_base_c000_ph008/mpspk/xipoles_QSO_zp0.950_DR2_v1.0.npy.
[003801.58]  01-26 16:03  compute_2pt                  INFO     Save to /pscratch/sd/s/shengyu/galaxies/catalogs/Y3/AbacusHF-v2/Boxes/QSO/sn0p950/AbacusSummit_base_c000_ph008/mpspk/xipoles_QSO_zp0.950_DR2_v1.0.npy
[003807.73]  01-26 16:03  CatalogFFTPower              INFO     Painting catalog 1 to mesh CatalogMesh(nmesh=[512 512 512], boxsize=[2000. 2000. 2000.], boxcenter=[ 999.99999942  999.99998404 1000.00004555], dtype=float64).
[003808.30]  01-26 16:03  CatalogMesh                  INFO     Slab 0 ~ 4194304 / 45525996.
[003809.39]  01-26 16:03  CatalogMesh                  INFO     Painted 4194304 out of 45525996 objects to mesh.
[003809.39]  01-26 16:03  CatalogMesh                  INFO     Slab 4194304 ~ 8388608 / 45525996.
[003810.46]  01-26 16:03  CatalogMesh                  INFO     Painted 8388608 out of 45525996 objects to mesh.
[003810.46]  01-26 16:03  CatalogMesh                  INFO     Slab 8388608 ~ 12582912 / 45525996.
[003811.53]  01-26 16:03  CatalogMesh                  INFO     Painted 12582912 out of 45525996 objects to mesh.
[003811.53]  01-26 16:03  CatalogMesh                  INFO     Slab 12582912 ~ 16777216 / 45525996.
[003812.61]  01-26 16:03  CatalogMesh                  INFO     Painted 16777216 out of 45525996 objects to mesh.
[003812.61]  01-26 16:03  CatalogMesh                  INFO     Slab 16777216 ~ 20971520 / 45525996.
[003813.68]  01-26 16:03  CatalogMesh                  INFO     Painted 20971520 out of 45525996 objects to mesh.
[003813.68]  01-26 16:03  CatalogMesh                  INFO     Slab 20971520 ~ 25165824 / 45525996.
[003814.75]  01-26 16:03  CatalogMesh                  INFO     Painted 25165824 out of 45525996 objects to mesh.
[003814.75]  01-26 16:03  CatalogMesh                  INFO     Slab 25165824 ~ 29360128 / 45525996.
[003815.82]  01-26 16:03  CatalogMesh                  INFO     Painted 29360128 out of 45525996 objects to mesh.
[003815.82]  01-26 16:03  CatalogMesh                  INFO     Slab 29360128 ~ 33554432 / 45525996.
[003816.91]  01-26 16:03  CatalogMesh                  INFO     Painted 33554432 out of 45525996 objects to mesh.
[003816.91]  01-26 16:03  CatalogMesh                  INFO     Slab 33554432 ~ 37748736 / 45525996.
[003818.10]  01-26 16:03  CatalogMesh                  INFO     Painted 37748736 out of 45525996 objects to mesh.
[003818.10]  01-26 16:03  CatalogMesh                  INFO     Slab 37748736 ~ 41943040 / 45525996.
[003819.30]  01-26 16:03  CatalogMesh                  INFO     Painted 41943040 out of 45525996 objects to mesh.
[003819.30]  01-26 16:03  CatalogMesh                  INFO     Slab 41943040 ~ 46137344 / 45525996.
[003820.33]  01-26 16:03  CatalogMesh                  INFO     Painted 45525996 out of 45525996 objects to mesh.
[003820.33]  01-26 16:03  CatalogMesh                  INFO     Running interlacing at order 3.
[003822.72]  01-26 16:03  CatalogMesh                  INFO     Slab 0 ~ 4194304 / 45525996.
[003823.79]  01-26 16:03  CatalogMesh                  INFO     Painted 4194304 out of 45525996 objects to mesh.
[003823.79]  01-26 16:03  CatalogMesh                  INFO     Slab 4194304 ~ 8388608 / 45525996.
[003824.86]  01-26 16:03  CatalogMesh                  INFO     Painted 8388608 out of 45525996 objects to mesh.
[003824.86]  01-26 16:03  CatalogMesh                  INFO     Slab 8388608 ~ 12582912 / 45525996.
[003825.93]  01-26 16:03  CatalogMesh                  INFO     Painted 12582912 out of 45525996 objects to mesh.
[003825.93]  01-26 16:03  CatalogMesh                  INFO     Slab 12582912 ~ 16777216 / 45525996.
[003827.01]  01-26 16:03  CatalogMesh                  INFO     Painted 16777216 out of 45525996 objects to mesh.
[003827.01]  01-26 16:03  CatalogMesh                  INFO     Slab 16777216 ~ 20971520 / 45525996.
[003828.08]  01-26 16:04  CatalogMesh                  INFO     Painted 20971520 out of 45525996 objects to mesh.
[003828.08]  01-26 16:04  CatalogMesh                  INFO     Slab 20971520 ~ 25165824 / 45525996.
[003829.15]  01-26 16:04  CatalogMesh                  INFO     Painted 25165824 out of 45525996 objects to mesh.
[003829.15]  01-26 16:04  CatalogMesh                  INFO     Slab 25165824 ~ 29360128 / 45525996.
[003830.22]  01-26 16:04  CatalogMesh                  INFO     Painted 29360128 out of 45525996 objects to mesh.
[003830.22]  01-26 16:04  CatalogMesh                  INFO     Slab 29360128 ~ 33554432 / 45525996.
[003831.31]  01-26 16:04  CatalogMesh                  INFO     Painted 33554432 out of 45525996 objects to mesh.
[003831.31]  01-26 16:04  CatalogMesh                  INFO     Slab 33554432 ~ 37748736 / 45525996.
[003832.50]  01-26 16:04  CatalogMesh                  INFO     Painted 37748736 out of 45525996 objects to mesh.
[003832.50]  01-26 16:04  CatalogMesh                  INFO     Slab 37748736 ~ 41943040 / 45525996.
[003833.70]  01-26 16:04  CatalogMesh                  INFO     Painted 41943040 out of 45525996 objects to mesh.
[003833.70]  01-26 16:04  CatalogMesh                  INFO     Slab 41943040 ~ 46137344 / 45525996.
[003834.74]  01-26 16:04  CatalogMesh                  INFO     Painted 45525996 out of 45525996 objects to mesh.
[003838.70]  01-26 16:04  CatalogMesh                  INFO     Slab 0 ~ 4194304 / 45525996.
[003839.78]  01-26 16:04  CatalogMesh                  INFO     Painted 4194304 out of 45525996 objects to mesh.
[003839.78]  01-26 16:04  CatalogMesh                  INFO     Slab 4194304 ~ 8388608 / 45525996.
[003840.85]  01-26 16:04  CatalogMesh                  INFO     Painted 8388608 out of 45525996 objects to mesh.
[003840.85]  01-26 16:04  CatalogMesh                  INFO     Slab 8388608 ~ 12582912 / 45525996.
[003841.92]  01-26 16:04  CatalogMesh                  INFO     Painted 12582912 out of 45525996 objects to mesh.
[003841.92]  01-26 16:04  CatalogMesh                  INFO     Slab 12582912 ~ 16777216 / 45525996.
[003842.99]  01-26 16:04  CatalogMesh                  INFO     Painted 16777216 out of 45525996 objects to mesh.
[003842.99]  01-26 16:04  CatalogMesh                  INFO     Slab 16777216 ~ 20971520 / 45525996.
[003844.06]  01-26 16:04  CatalogMesh                  INFO     Painted 20971520 out of 45525996 objects to mesh.
[003844.06]  01-26 16:04  CatalogMesh                  INFO     Slab 20971520 ~ 25165824 / 45525996.
[003845.16]  01-26 16:04  CatalogMesh                  INFO     Painted 25165824 out of 45525996 objects to mesh.
[003845.16]  01-26 16:04  CatalogMesh                  INFO     Slab 25165824 ~ 29360128 / 45525996.
[003846.22]  01-26 16:04  CatalogMesh                  INFO     Painted 29360128 out of 45525996 objects to mesh.
[003846.22]  01-26 16:04  CatalogMesh                  INFO     Slab 29360128 ~ 33554432 / 45525996.
[003847.31]  01-26 16:04  CatalogMesh                  INFO     Painted 33554432 out of 45525996 objects to mesh.
[003847.31]  01-26 16:04  CatalogMesh                  INFO     Slab 33554432 ~ 37748736 / 45525996.
[003848.51]  01-26 16:04  CatalogMesh                  INFO     Painted 37748736 out of 45525996 objects to mesh.
[003848.51]  01-26 16:04  CatalogMesh                  INFO     Slab 37748736 ~ 41943040 / 45525996.
[003849.71]  01-26 16:04  CatalogMesh                  INFO     Painted 41943040 out of 45525996 objects to mesh.
[003849.71]  01-26 16:04  CatalogMesh                  INFO     Slab 41943040 ~ 46137344 / 45525996.
[003850.74]  01-26 16:04  CatalogMesh                  INFO     Painted 45525996 out of 45525996 objects to mesh.
[003856.27]  01-26 16:04  CatalogFFTPower              INFO     Done painting catalog 1 to mesh.
[003856.27]  01-26 16:04  CatalogFFTPower              INFO     Using 400 k-bins between 0.000 and 0.400.
[003856.27]  01-26 16:04  CatalogFFTPower              INFO     Meshes prepared in elapsed time 48.54 s.
[003856.27]  01-26 16:04  CatalogFFTPower              INFO     Running mesh calculation.
[003873.41]  01-26 16:04  CatalogFFTPower              INFO     Mesh calculations performed in elapsed time 17.15 s.
[003873.41]  01-26 16:04  CatalogFFTPower              INFO     Power spectrum computed in elapsed time 65.69 s.
[003873.42]  01-26 16:04  CatalogFFTPower              INFO     Saving /pscratch/sd/s/shengyu/galaxies/catalogs/Y3/AbacusHF-v2/Boxes/QSO/sn0p950/AbacusSummit_base_c000_ph008/mpspk/pkpoles_QSO_zp0.950_DR2_v1.0.npy.
[003873.42]  01-26 16:04  compute_2pt                  INFO     Save to /pscratch/sd/s/shengyu/galaxies/catalogs/Y3/AbacusHF-v2/Boxes/QSO/sn0p950/AbacusSummit_base_c000_ph008/mpspk/pkpoles_QSO_zp0.950_DR2_v1.0.npy
[003873.42]  01-26 16:04  TwoPointCorrelationFunction  INFO     Using estimator <class 'pycorr.twopoint_estimator.NaturalTwoPointEstimator'>.
[003873.42]  01-26 16:04  TwoPointCorrelationFunction  INFO     Running auto-correlation.
[003873.42]  01-26 16:04  TwoPointCorrelationFunction  INFO     Computing two-point counts D1D2.
[003936.96]  01-26 16:05  TwoPointCorrelationFunction  INFO     Analytically computing two-point counts R1R2.
[003936.96]  01-26 16:05  TwoPointCorrelationFunction  INFO     Correlation function computed in elapsed time 63.54 s.
[003936.96]  01-26 16:05  NaturalTwoPointEstimator     INFO     Saving /pscratch/sd/s/shengyu/galaxies/catalogs/Y3/AbacusHF-v2/Boxes/QSO/sn0p950/AbacusSummit_base_c000_ph008/mpspk/mpslog_QSO_zp0.950_DR2_v1.0.npy.
[003936.97]  01-26 16:05  compute_2pt                  INFO     Save to /pscratch/sd/s/shengyu/galaxies/catalogs/Y3/AbacusHF-v2/Boxes/QSO/sn0p950/AbacusSummit_base_c000_ph008/mpspk/mpslog_QSO_zp0.950_DR2_v1.0.npy
[003936.97]  01-26 16:05  TwoPointCorrelationFunction  INFO     Using estimator <class 'pycorr.twopoint_estimator.NaturalTwoPointEstimator'>.
[003936.97]  01-26 16:05  TwoPointCorrelationFunction  INFO     Running auto-correlation.
[003936.97]  01-26 16:05  TwoPointCorrelationFunction  INFO     Computing two-point counts D1D2.
[003979.02]  01-26 16:06  TwoPointCorrelationFunction  INFO     Analytically computing two-point counts R1R2.
[003979.02]  01-26 16:06  TwoPointCorrelationFunction  INFO     Correlation function computed in elapsed time 42.06 s.
[003979.02]  01-26 16:06  NaturalTwoPointEstimator     INFO     Saving /pscratch/sd/s/shengyu/galaxies/catalogs/Y3/AbacusHF-v2/Boxes/QSO/sn0p950/AbacusSummit_base_c000_ph008/mpspk/wplog_QSO_zp0.950_DR2_v1.0.npy.
[003979.03]  01-26 16:06  compute_2pt                  INFO     Save to /pscratch/sd/s/shengyu/galaxies/catalogs/Y3/AbacusHF-v2/Boxes/QSO/sn0p950/AbacusSummit_base_c000_ph008/mpspk/wplog_QSO_zp0.950_DR2_v1.0.npy
[003979.03]  01-26 16:06  compute_2pt                  INFO     Procceed {'version': 'AbacusHF-v2', 'domain': 'cubic', 'tracer': 'QSO', 'zsnap': 0.95, 'zrange': (0.8, 1.1), 'mock_id': 9, 'use_dv': 'False'}
[003979.03]  01-26 16:06  cat_tools                    INFO     Load /pscratch/sd/s/shengyu/galaxies/catalogs/Y3/AbacusHF-v2/Boxes/QSO/sn0p950/AbacusSummit_base_c000_ph009/abacus_HF_QSO_0p950_DR2_v2.0_AbacusSummit_base_c000_ph009_base_clustering.dat.h5
[003979.03]  01-26 16:06  FileStack                    INFO     Reading /pscratch/sd/s/shengyu/galaxies/catalogs/Y3/AbacusHF-v2/Boxes/QSO/sn0p950/AbacusSummit_base_c000_ph009/abacus_HF_QSO_0p950_DR2_v2.0_AbacusSummit_base_c000_ph009_base_clustering.dat.h5.
[003980.81]  01-26 16:06  TwoPointCorrelationFunction  INFO     Using estimator <class 'pycorr.twopoint_estimator.NaturalTwoPointEstimator'>.
[003980.81]  01-26 16:06  TwoPointCorrelationFunction  INFO     Running auto-correlation.
[003980.81]  01-26 16:06  TwoPointCorrelationFunction  INFO     Computing two-point counts D1D2.
[004240.02]  01-26 16:10  TwoPointCorrelationFunction  INFO     Analytically computing two-point counts R1R2.
[004240.02]  01-26 16:10  TwoPointCorrelationFunction  INFO     Correlation function computed in elapsed time 259.21 s.
[004240.02]  01-26 16:10  NaturalTwoPointEstimator     INFO     Saving /pscratch/sd/s/shengyu/galaxies/catalogs/Y3/AbacusHF-v2/Boxes/QSO/sn0p950/AbacusSummit_base_c000_ph009/mpspk/xipoles_QSO_zp0.950_DR2_v1.0.npy.
[004240.03]  01-26 16:10  compute_2pt                  INFO     Save to /pscratch/sd/s/shengyu/galaxies/catalogs/Y3/AbacusHF-v2/Boxes/QSO/sn0p950/AbacusSummit_base_c000_ph009/mpspk/xipoles_QSO_zp0.950_DR2_v1.0.npy
[004246.15]  01-26 16:10  CatalogFFTPower              INFO     Painting catalog 1 to mesh CatalogMesh(nmesh=[512 512 512], boxsize=[2000. 2000. 2000.], boxcenter=[ 999.99999736 1000.00001636 1000.00002792], dtype=float64).
[004246.72]  01-26 16:10  CatalogMesh                  INFO     Slab 0 ~ 4194304 / 45496515.
[004247.81]  01-26 16:11  CatalogMesh                  INFO     Painted 4194304 out of 45496515 objects to mesh.
[004247.82]  01-26 16:11  CatalogMesh                  INFO     Slab 4194304 ~ 8388608 / 45496515.
[004248.90]  01-26 16:11  CatalogMesh                  INFO     Painted 8388608 out of 45496515 objects to mesh.
[004248.90]  01-26 16:11  CatalogMesh                  INFO     Slab 8388608 ~ 12582912 / 45496515.
[004249.96]  01-26 16:11  CatalogMesh                  INFO     Painted 12582912 out of 45496515 objects to mesh.
[004249.96]  01-26 16:11  CatalogMesh                  INFO     Slab 12582912 ~ 16777216 / 45496515.
[004251.04]  01-26 16:11  CatalogMesh                  INFO     Painted 16777216 out of 45496515 objects to mesh.
[004251.04]  01-26 16:11  CatalogMesh                  INFO     Slab 16777216 ~ 20971520 / 45496515.
[004252.12]  01-26 16:11  CatalogMesh                  INFO     Painted 20971520 out of 45496515 objects to mesh.
[004252.12]  01-26 16:11  CatalogMesh                  INFO     Slab 20971520 ~ 25165824 / 45496515.
[004253.19]  01-26 16:11  CatalogMesh                  INFO     Painted 25165824 out of 45496515 objects to mesh.
[004253.19]  01-26 16:11  CatalogMesh                  INFO     Slab 25165824 ~ 29360128 / 45496515.
[004254.26]  01-26 16:11  CatalogMesh                  INFO     Painted 29360128 out of 45496515 objects to mesh.
[004254.26]  01-26 16:11  CatalogMesh                  INFO     Slab 29360128 ~ 33554432 / 45496515.
[004255.35]  01-26 16:11  CatalogMesh                  INFO     Painted 33554432 out of 45496515 objects to mesh.
[004255.35]  01-26 16:11  CatalogMesh                  INFO     Slab 33554432 ~ 37748736 / 45496515.
[004256.55]  01-26 16:11  CatalogMesh                  INFO     Painted 37748736 out of 45496515 objects to mesh.
[004256.55]  01-26 16:11  CatalogMesh                  INFO     Slab 37748736 ~ 41943040 / 45496515.
[004257.74]  01-26 16:11  CatalogMesh                  INFO     Painted 41943040 out of 45496515 objects to mesh.
[004257.74]  01-26 16:11  CatalogMesh                  INFO     Slab 41943040 ~ 46137344 / 45496515.
[004258.76]  01-26 16:11  CatalogMesh                  INFO     Painted 45496515 out of 45496515 objects to mesh.
[004258.77]  01-26 16:11  CatalogMesh                  INFO     Running interlacing at order 3.
[004261.17]  01-26 16:11  CatalogMesh                  INFO     Slab 0 ~ 4194304 / 45496515.
[004262.24]  01-26 16:11  CatalogMesh                  INFO     Painted 4194304 out of 45496515 objects to mesh.
[004262.25]  01-26 16:11  CatalogMesh                  INFO     Slab 4194304 ~ 8388608 / 45496515.
[004263.32]  01-26 16:11  CatalogMesh                  INFO     Painted 8388608 out of 45496515 objects to mesh.
[004263.33]  01-26 16:11  CatalogMesh                  INFO     Slab 8388608 ~ 12582912 / 45496515.
[004264.42]  01-26 16:11  CatalogMesh                  INFO     Painted 12582912 out of 45496515 objects to mesh.
[004264.42]  01-26 16:11  CatalogMesh                  INFO     Slab 12582912 ~ 16777216 / 45496515.
[004265.50]  01-26 16:11  CatalogMesh                  INFO     Painted 16777216 out of 45496515 objects to mesh.
[004265.50]  01-26 16:11  CatalogMesh                  INFO     Slab 16777216 ~ 20971520 / 45496515.
[004266.57]  01-26 16:11  CatalogMesh                  INFO     Painted 20971520 out of 45496515 objects to mesh.
[004266.57]  01-26 16:11  CatalogMesh                  INFO     Slab 20971520 ~ 25165824 / 45496515.
[004267.65]  01-26 16:11  CatalogMesh                  INFO     Painted 25165824 out of 45496515 objects to mesh.
[004267.65]  01-26 16:11  CatalogMesh                  INFO     Slab 25165824 ~ 29360128 / 45496515.
[004268.72]  01-26 16:11  CatalogMesh                  INFO     Painted 29360128 out of 45496515 objects to mesh.
[004268.72]  01-26 16:11  CatalogMesh                  INFO     Slab 29360128 ~ 33554432 / 45496515.
[004269.81]  01-26 16:11  CatalogMesh                  INFO     Painted 33554432 out of 45496515 objects to mesh.
[004269.81]  01-26 16:11  CatalogMesh                  INFO     Slab 33554432 ~ 37748736 / 45496515.
[004271.01]  01-26 16:11  CatalogMesh                  INFO     Painted 37748736 out of 45496515 objects to mesh.
[004271.01]  01-26 16:11  CatalogMesh                  INFO     Slab 37748736 ~ 41943040 / 45496515.
[004272.20]  01-26 16:11  CatalogMesh                  INFO     Painted 41943040 out of 45496515 objects to mesh.
[004272.20]  01-26 16:11  CatalogMesh                  INFO     Slab 41943040 ~ 46137344 / 45496515.
[004273.22]  01-26 16:11  CatalogMesh                  INFO     Painted 45496515 out of 45496515 objects to mesh.
[004277.18]  01-26 16:11  CatalogMesh                  INFO     Slab 0 ~ 4194304 / 45496515.
[004278.26]  01-26 16:11  CatalogMesh                  INFO     Painted 4194304 out of 45496515 objects to mesh.
[004278.26]  01-26 16:11  CatalogMesh                  INFO     Slab 4194304 ~ 8388608 / 45496515.
[004279.33]  01-26 16:11  CatalogMesh                  INFO     Painted 8388608 out of 45496515 objects to mesh.
[004279.33]  01-26 16:11  CatalogMesh                  INFO     Slab 8388608 ~ 12582912 / 45496515.
[004280.40]  01-26 16:11  CatalogMesh                  INFO     Painted 12582912 out of 45496515 objects to mesh.
[004280.40]  01-26 16:11  CatalogMesh                  INFO     Slab 12582912 ~ 16777216 / 45496515.
[004281.47]  01-26 16:11  CatalogMesh                  INFO     Painted 16777216 out of 45496515 objects to mesh.
[004281.47]  01-26 16:11  CatalogMesh                  INFO     Slab 16777216 ~ 20971520 / 45496515.
[004282.54]  01-26 16:11  CatalogMesh                  INFO     Painted 20971520 out of 45496515 objects to mesh.
[004282.54]  01-26 16:11  CatalogMesh                  INFO     Slab 20971520 ~ 25165824 / 45496515.
[004283.61]  01-26 16:11  CatalogMesh                  INFO     Painted 25165824 out of 45496515 objects to mesh.
[004283.61]  01-26 16:11  CatalogMesh                  INFO     Slab 25165824 ~ 29360128 / 45496515.
[004284.68]  01-26 16:11  CatalogMesh                  INFO     Painted 29360128 out of 45496515 objects to mesh.
[004284.68]  01-26 16:11  CatalogMesh                  INFO     Slab 29360128 ~ 33554432 / 45496515.
[004285.77]  01-26 16:11  CatalogMesh                  INFO     Painted 33554432 out of 45496515 objects to mesh.
[004285.78]  01-26 16:11  CatalogMesh                  INFO     Slab 33554432 ~ 37748736 / 45496515.
[004286.98]  01-26 16:11  CatalogMesh                  INFO     Painted 37748736 out of 45496515 objects to mesh.
[004286.98]  01-26 16:11  CatalogMesh                  INFO     Slab 37748736 ~ 41943040 / 45496515.
[004288.18]  01-26 16:11  CatalogMesh                  INFO     Painted 41943040 out of 45496515 objects to mesh.
[004288.18]  01-26 16:11  CatalogMesh                  INFO     Slab 41943040 ~ 46137344 / 45496515.
[004289.20]  01-26 16:11  CatalogMesh                  INFO     Painted 45496515 out of 45496515 objects to mesh.
[004294.75]  01-26 16:11  CatalogFFTPower              INFO     Done painting catalog 1 to mesh.
[004294.75]  01-26 16:11  CatalogFFTPower              INFO     Using 400 k-bins between 0.000 and 0.400.
[004294.76]  01-26 16:11  CatalogFFTPower              INFO     Meshes prepared in elapsed time 48.61 s.
[004294.76]  01-26 16:11  CatalogFFTPower              INFO     Running mesh calculation.
[004311.80]  01-26 16:12  CatalogFFTPower              INFO     Mesh calculations performed in elapsed time 17.05 s.
[004311.80]  01-26 16:12  CatalogFFTPower              INFO     Power spectrum computed in elapsed time 65.66 s.
[004311.80]  01-26 16:12  CatalogFFTPower              INFO     Saving /pscratch/sd/s/shengyu/galaxies/catalogs/Y3/AbacusHF-v2/Boxes/QSO/sn0p950/AbacusSummit_base_c000_ph009/mpspk/pkpoles_QSO_zp0.950_DR2_v1.0.npy.
[004311.81]  01-26 16:12  compute_2pt                  INFO     Save to /pscratch/sd/s/shengyu/galaxies/catalogs/Y3/AbacusHF-v2/Boxes/QSO/sn0p950/AbacusSummit_base_c000_ph009/mpspk/pkpoles_QSO_zp0.950_DR2_v1.0.npy
[004311.81]  01-26 16:12  TwoPointCorrelationFunction  INFO     Using estimator <class 'pycorr.twopoint_estimator.NaturalTwoPointEstimator'>.
[004311.81]  01-26 16:12  TwoPointCorrelationFunction  INFO     Running auto-correlation.
[004311.81]  01-26 16:12  TwoPointCorrelationFunction  INFO     Computing two-point counts D1D2.
[004371.74]  01-26 16:13  TwoPointCorrelationFunction  INFO     Analytically computing two-point counts R1R2.
[004371.74]  01-26 16:13  TwoPointCorrelationFunction  INFO     Correlation function computed in elapsed time 59.93 s.
[004371.74]  01-26 16:13  NaturalTwoPointEstimator     INFO     Saving /pscratch/sd/s/shengyu/galaxies/catalogs/Y3/AbacusHF-v2/Boxes/QSO/sn0p950/AbacusSummit_base_c000_ph009/mpspk/mpslog_QSO_zp0.950_DR2_v1.0.npy.
[004371.75]  01-26 16:13  compute_2pt                  INFO     Save to /pscratch/sd/s/shengyu/galaxies/catalogs/Y3/AbacusHF-v2/Boxes/QSO/sn0p950/AbacusSummit_base_c000_ph009/mpspk/mpslog_QSO_zp0.950_DR2_v1.0.npy
[004371.75]  01-26 16:13  TwoPointCorrelationFunction  INFO     Using estimator <class 'pycorr.twopoint_estimator.NaturalTwoPointEstimator'>.
[004371.75]  01-26 16:13  TwoPointCorrelationFunction  INFO     Running auto-correlation.
[004371.75]  01-26 16:13  TwoPointCorrelationFunction  INFO     Computing two-point counts D1D2.
[004413.36]  01-26 16:13  TwoPointCorrelationFunction  INFO     Analytically computing two-point counts R1R2.
[004413.37]  01-26 16:13  TwoPointCorrelationFunction  INFO     Correlation function computed in elapsed time 41.62 s.
[004413.37]  01-26 16:13  NaturalTwoPointEstimator     INFO     Saving /pscratch/sd/s/shengyu/galaxies/catalogs/Y3/AbacusHF-v2/Boxes/QSO/sn0p950/AbacusSummit_base_c000_ph009/mpspk/wplog_QSO_zp0.950_DR2_v1.0.npy.
[004413.37]  01-26 16:13  compute_2pt                  INFO     Save to /pscratch/sd/s/shengyu/galaxies/catalogs/Y3/AbacusHF-v2/Boxes/QSO/sn0p950/AbacusSummit_base_c000_ph009/mpspk/wplog_QSO_zp0.950_DR2_v1.0.npy
[004413.38]  01-26 16:13  compute_2pt                  INFO     Procceed {'version': 'AbacusHF-v2', 'domain': 'cubic', 'tracer': 'QSO', 'zsnap': 0.95, 'zrange': (0.8, 1.1), 'mock_id': 10, 'use_dv': 'False'}
[004413.38]  01-26 16:13  cat_tools                    INFO     Load /pscratch/sd/s/shengyu/galaxies/catalogs/Y3/AbacusHF-v2/Boxes/QSO/sn0p950/AbacusSummit_base_c000_ph010/abacus_HF_QSO_0p950_DR2_v2.0_AbacusSummit_base_c000_ph010_base_clustering.dat.h5
[004413.38]  01-26 16:13  FileStack                    INFO     Reading /pscratch/sd/s/shengyu/galaxies/catalogs/Y3/AbacusHF-v2/Boxes/QSO/sn0p950/AbacusSummit_base_c000_ph010/abacus_HF_QSO_0p950_DR2_v2.0_AbacusSummit_base_c000_ph010_base_clustering.dat.h5.
[004415.16]  01-26 16:13  TwoPointCorrelationFunction  INFO     Using estimator <class 'pycorr.twopoint_estimator.NaturalTwoPointEstimator'>.
[004415.17]  01-26 16:13  TwoPointCorrelationFunction  INFO     Running auto-correlation.
[004415.18]  01-26 16:13  TwoPointCorrelationFunction  INFO     Computing two-point counts D1D2.
[004686.37]  01-26 16:18  TwoPointCorrelationFunction  INFO     Analytically computing two-point counts R1R2.
[004686.38]  01-26 16:18  TwoPointCorrelationFunction  INFO     Correlation function computed in elapsed time 271.21 s.
[004686.38]  01-26 16:18  NaturalTwoPointEstimator     INFO     Saving /pscratch/sd/s/shengyu/galaxies/catalogs/Y3/AbacusHF-v2/Boxes/QSO/sn0p950/AbacusSummit_base_c000_ph010/mpspk/xipoles_QSO_zp0.950_DR2_v1.0.npy.
[004686.38]  01-26 16:18  compute_2pt                  INFO     Save to /pscratch/sd/s/shengyu/galaxies/catalogs/Y3/AbacusHF-v2/Boxes/QSO/sn0p950/AbacusSummit_base_c000_ph010/mpspk/xipoles_QSO_zp0.950_DR2_v1.0.npy
[004692.58]  01-26 16:18  CatalogFFTPower              INFO     Painting catalog 1 to mesh CatalogMesh(nmesh=[512 512 512], boxsize=[2000. 2000. 2000.], boxcenter=[999.99998434 999.99999607 999.99999237], dtype=float64).
[004693.17]  01-26 16:18  CatalogMesh                  INFO     Slab 0 ~ 4194304 / 45525611.
[004694.29]  01-26 16:18  CatalogMesh                  INFO     Painted 4194304 out of 45525611 objects to mesh.
[004694.29]  01-26 16:18  CatalogMesh                  INFO     Slab 4194304 ~ 8388608 / 45525611.
[004695.37]  01-26 16:18  CatalogMesh                  INFO     Painted 8388608 out of 45525611 objects to mesh.
[004695.37]  01-26 16:18  CatalogMesh                  INFO     Slab 8388608 ~ 12582912 / 45525611.
[004696.45]  01-26 16:18  CatalogMesh                  INFO     Painted 12582912 out of 45525611 objects to mesh.
[004696.45]  01-26 16:18  CatalogMesh                  INFO     Slab 12582912 ~ 16777216 / 45525611.
[004697.52]  01-26 16:18  CatalogMesh                  INFO     Painted 16777216 out of 45525611 objects to mesh.
[004697.52]  01-26 16:18  CatalogMesh                  INFO     Slab 16777216 ~ 20971520 / 45525611.
[004698.60]  01-26 16:18  CatalogMesh                  INFO     Painted 20971520 out of 45525611 objects to mesh.
[004698.60]  01-26 16:18  CatalogMesh                  INFO     Slab 20971520 ~ 25165824 / 45525611.
[004699.67]  01-26 16:18  CatalogMesh                  INFO     Painted 25165824 out of 45525611 objects to mesh.
[004699.67]  01-26 16:18  CatalogMesh                  INFO     Slab 25165824 ~ 29360128 / 45525611.
[004700.74]  01-26 16:18  CatalogMesh                  INFO     Painted 29360128 out of 45525611 objects to mesh.
[004700.74]  01-26 16:18  CatalogMesh                  INFO     Slab 29360128 ~ 33554432 / 45525611.
[004701.83]  01-26 16:18  CatalogMesh                  INFO     Painted 33554432 out of 45525611 objects to mesh.
[004701.84]  01-26 16:18  CatalogMesh                  INFO     Slab 33554432 ~ 37748736 / 45525611.
[004703.03]  01-26 16:18  CatalogMesh                  INFO     Painted 37748736 out of 45525611 objects to mesh.
[004703.03]  01-26 16:18  CatalogMesh                  INFO     Slab 37748736 ~ 41943040 / 45525611.
[004704.23]  01-26 16:18  CatalogMesh                  INFO     Painted 41943040 out of 45525611 objects to mesh.
[004704.23]  01-26 16:18  CatalogMesh                  INFO     Slab 41943040 ~ 46137344 / 45525611.
[004705.26]  01-26 16:18  CatalogMesh                  INFO     Painted 45525611 out of 45525611 objects to mesh.
[004705.27]  01-26 16:18  CatalogMesh                  INFO     Running interlacing at order 3.
[004707.68]  01-26 16:18  CatalogMesh                  INFO     Slab 0 ~ 4194304 / 45525611.
[004708.75]  01-26 16:18  CatalogMesh                  INFO     Painted 4194304 out of 45525611 objects to mesh.
[004708.75]  01-26 16:18  CatalogMesh                  INFO     Slab 4194304 ~ 8388608 / 45525611.
[004709.82]  01-26 16:18  CatalogMesh                  INFO     Painted 8388608 out of 45525611 objects to mesh.
[004709.82]  01-26 16:18  CatalogMesh                  INFO     Slab 8388608 ~ 12582912 / 45525611.
[004710.89]  01-26 16:18  CatalogMesh                  INFO     Painted 12582912 out of 45525611 objects to mesh.
[004710.89]  01-26 16:18  CatalogMesh                  INFO     Slab 12582912 ~ 16777216 / 45525611.
[004711.97]  01-26 16:18  CatalogMesh                  INFO     Painted 16777216 out of 45525611 objects to mesh.
[004711.98]  01-26 16:18  CatalogMesh                  INFO     Slab 16777216 ~ 20971520 / 45525611.
[004713.04]  01-26 16:18  CatalogMesh                  INFO     Painted 20971520 out of 45525611 objects to mesh.
[004713.05]  01-26 16:18  CatalogMesh                  INFO     Slab 20971520 ~ 25165824 / 45525611.
[004714.11]  01-26 16:18  CatalogMesh                  INFO     Painted 25165824 out of 45525611 objects to mesh.
[004714.12]  01-26 16:18  CatalogMesh                  INFO     Slab 25165824 ~ 29360128 / 45525611.
[004715.19]  01-26 16:18  CatalogMesh                  INFO     Painted 29360128 out of 45525611 objects to mesh.
[004715.19]  01-26 16:18  CatalogMesh                  INFO     Slab 29360128 ~ 33554432 / 45525611.
[004716.27]  01-26 16:18  CatalogMesh                  INFO     Painted 33554432 out of 45525611 objects to mesh.
[004716.28]  01-26 16:18  CatalogMesh                  INFO     Slab 33554432 ~ 37748736 / 45525611.
[004717.48]  01-26 16:18  CatalogMesh                  INFO     Painted 37748736 out of 45525611 objects to mesh.
[004717.48]  01-26 16:18  CatalogMesh                  INFO     Slab 37748736 ~ 41943040 / 45525611.
[004718.68]  01-26 16:18  CatalogMesh                  INFO     Painted 41943040 out of 45525611 objects to mesh.
[004718.68]  01-26 16:18  CatalogMesh                  INFO     Slab 41943040 ~ 46137344 / 45525611.
[004719.71]  01-26 16:18  CatalogMesh                  INFO     Painted 45525611 out of 45525611 objects to mesh.
[004723.78]  01-26 16:18  CatalogMesh                  INFO     Slab 0 ~ 4194304 / 45525611.
[004724.85]  01-26 16:18  CatalogMesh                  INFO     Painted 4194304 out of 45525611 objects to mesh.
[004724.85]  01-26 16:18  CatalogMesh                  INFO     Slab 4194304 ~ 8388608 / 45525611.
[004725.92]  01-26 16:18  CatalogMesh                  INFO     Painted 8388608 out of 45525611 objects to mesh.
[004725.92]  01-26 16:18  CatalogMesh                  INFO     Slab 8388608 ~ 12582912 / 45525611.
[004727.00]  01-26 16:18  CatalogMesh                  INFO     Painted 12582912 out of 45525611 objects to mesh.
[004727.00]  01-26 16:18  CatalogMesh                  INFO     Slab 12582912 ~ 16777216 / 45525611.
[004728.08]  01-26 16:19  CatalogMesh                  INFO     Painted 16777216 out of 45525611 objects to mesh.
[004728.08]  01-26 16:19  CatalogMesh                  INFO     Slab 16777216 ~ 20971520 / 45525611.
[004729.15]  01-26 16:19  CatalogMesh                  INFO     Painted 20971520 out of 45525611 objects to mesh.
[004729.15]  01-26 16:19  CatalogMesh                  INFO     Slab 20971520 ~ 25165824 / 45525611.
[004730.23]  01-26 16:19  CatalogMesh                  INFO     Painted 25165824 out of 45525611 objects to mesh.
[004730.23]  01-26 16:19  CatalogMesh                  INFO     Slab 25165824 ~ 29360128 / 45525611.
[004731.31]  01-26 16:19  CatalogMesh                  INFO     Painted 29360128 out of 45525611 objects to mesh.
[004731.31]  01-26 16:19  CatalogMesh                  INFO     Slab 29360128 ~ 33554432 / 45525611.
[004732.40]  01-26 16:19  CatalogMesh                  INFO     Painted 33554432 out of 45525611 objects to mesh.
[004732.40]  01-26 16:19  CatalogMesh                  INFO     Slab 33554432 ~ 37748736 / 45525611.
[004733.59]  01-26 16:19  CatalogMesh                  INFO     Painted 37748736 out of 45525611 objects to mesh.
[004733.59]  01-26 16:19  CatalogMesh                  INFO     Slab 37748736 ~ 41943040 / 45525611.
[004734.80]  01-26 16:19  CatalogMesh                  INFO     Painted 41943040 out of 45525611 objects to mesh.
[004734.80]  01-26 16:19  CatalogMesh                  INFO     Slab 41943040 ~ 46137344 / 45525611.
[004735.83]  01-26 16:19  CatalogMesh                  INFO     Painted 45525611 out of 45525611 objects to mesh.
[004741.42]  01-26 16:19  CatalogFFTPower              INFO     Done painting catalog 1 to mesh.
[004741.42]  01-26 16:19  CatalogFFTPower              INFO     Using 400 k-bins between 0.000 and 0.400.
[004741.42]  01-26 16:19  CatalogFFTPower              INFO     Meshes prepared in elapsed time 48.84 s.
[004741.42]  01-26 16:19  CatalogFFTPower              INFO     Running mesh calculation.
[004758.66]  01-26 16:19  CatalogFFTPower              INFO     Mesh calculations performed in elapsed time 17.24 s.
[004758.66]  01-26 16:19  CatalogFFTPower              INFO     Power spectrum computed in elapsed time 66.08 s.
[004758.66]  01-26 16:19  CatalogFFTPower              INFO     Saving /pscratch/sd/s/shengyu/galaxies/catalogs/Y3/AbacusHF-v2/Boxes/QSO/sn0p950/AbacusSummit_base_c000_ph010/mpspk/pkpoles_QSO_zp0.950_DR2_v1.0.npy.
[004758.67]  01-26 16:19  compute_2pt                  INFO     Save to /pscratch/sd/s/shengyu/galaxies/catalogs/Y3/AbacusHF-v2/Boxes/QSO/sn0p950/AbacusSummit_base_c000_ph010/mpspk/pkpoles_QSO_zp0.950_DR2_v1.0.npy
[004758.68]  01-26 16:19  TwoPointCorrelationFunction  INFO     Using estimator <class 'pycorr.twopoint_estimator.NaturalTwoPointEstimator'>.
[004758.68]  01-26 16:19  TwoPointCorrelationFunction  INFO     Running auto-correlation.
[004758.68]  01-26 16:19  TwoPointCorrelationFunction  INFO     Computing two-point counts D1D2.
[004822.86]  01-26 16:20  TwoPointCorrelationFunction  INFO     Analytically computing two-point counts R1R2.
[004822.86]  01-26 16:20  TwoPointCorrelationFunction  INFO     Correlation function computed in elapsed time 64.19 s.
[004822.86]  01-26 16:20  NaturalTwoPointEstimator     INFO     Saving /pscratch/sd/s/shengyu/galaxies/catalogs/Y3/AbacusHF-v2/Boxes/QSO/sn0p950/AbacusSummit_base_c000_ph010/mpspk/mpslog_QSO_zp0.950_DR2_v1.0.npy.
[004822.87]  01-26 16:20  compute_2pt                  INFO     Save to /pscratch/sd/s/shengyu/galaxies/catalogs/Y3/AbacusHF-v2/Boxes/QSO/sn0p950/AbacusSummit_base_c000_ph010/mpspk/mpslog_QSO_zp0.950_DR2_v1.0.npy
[004822.87]  01-26 16:20  TwoPointCorrelationFunction  INFO     Using estimator <class 'pycorr.twopoint_estimator.NaturalTwoPointEstimator'>.
[004822.87]  01-26 16:20  TwoPointCorrelationFunction  INFO     Running auto-correlation.
[004822.87]  01-26 16:20  TwoPointCorrelationFunction  INFO     Computing two-point counts D1D2.
[004864.42]  01-26 16:21  TwoPointCorrelationFunction  INFO     Analytically computing two-point counts R1R2.
[004864.42]  01-26 16:21  TwoPointCorrelationFunction  INFO     Correlation function computed in elapsed time 41.55 s.
[004864.42]  01-26 16:21  NaturalTwoPointEstimator     INFO     Saving /pscratch/sd/s/shengyu/galaxies/catalogs/Y3/AbacusHF-v2/Boxes/QSO/sn0p950/AbacusSummit_base_c000_ph010/mpspk/wplog_QSO_zp0.950_DR2_v1.0.npy.
[004864.43]  01-26 16:21  compute_2pt                  INFO     Save to /pscratch/sd/s/shengyu/galaxies/catalogs/Y3/AbacusHF-v2/Boxes/QSO/sn0p950/AbacusSummit_base_c000_ph010/mpspk/wplog_QSO_zp0.950_DR2_v1.0.npy
[004864.43]  01-26 16:21  compute_2pt                  INFO     Procceed {'version': 'AbacusHF-v2', 'domain': 'cubic', 'tracer': 'QSO', 'zsnap': 0.95, 'zrange': (0.8, 1.1), 'mock_id': 11, 'use_dv': 'False'}
[004864.43]  01-26 16:21  cat_tools                    INFO     Load /pscratch/sd/s/shengyu/galaxies/catalogs/Y3/AbacusHF-v2/Boxes/QSO/sn0p950/AbacusSummit_base_c000_ph011/abacus_HF_QSO_0p950_DR2_v2.0_AbacusSummit_base_c000_ph011_base_clustering.dat.h5
[004864.43]  01-26 16:21  FileStack                    INFO     Reading /pscratch/sd/s/shengyu/galaxies/catalogs/Y3/AbacusHF-v2/Boxes/QSO/sn0p950/AbacusSummit_base_c000_ph011/abacus_HF_QSO_0p950_DR2_v2.0_AbacusSummit_base_c000_ph011_base_clustering.dat.h5.
[004866.21]  01-26 16:21  TwoPointCorrelationFunction  INFO     Using estimator <class 'pycorr.twopoint_estimator.NaturalTwoPointEstimator'>.
[004866.21]  01-26 16:21  TwoPointCorrelationFunction  INFO     Running auto-correlation.
[004866.21]  01-26 16:21  TwoPointCorrelationFunction  INFO     Computing two-point counts D1D2.
[005126.40]  01-26 16:25  TwoPointCorrelationFunction  INFO     Analytically computing two-point counts R1R2.
[005126.40]  01-26 16:25  TwoPointCorrelationFunction  INFO     Correlation function computed in elapsed time 260.20 s.
[005126.40]  01-26 16:25  NaturalTwoPointEstimator     INFO     Saving /pscratch/sd/s/shengyu/galaxies/catalogs/Y3/AbacusHF-v2/Boxes/QSO/sn0p950/AbacusSummit_base_c000_ph011/mpspk/xipoles_QSO_zp0.950_DR2_v1.0.npy.
[005126.42]  01-26 16:25  compute_2pt                  INFO     Save to /pscratch/sd/s/shengyu/galaxies/catalogs/Y3/AbacusHF-v2/Boxes/QSO/sn0p950/AbacusSummit_base_c000_ph011/mpspk/xipoles_QSO_zp0.950_DR2_v1.0.npy
[005132.56]  01-26 16:25  CatalogFFTPower              INFO     Painting catalog 1 to mesh CatalogMesh(nmesh=[512 512 512], boxsize=[2000. 2000. 2000.], boxcenter=[1000.00000683  999.99997383  999.99999589], dtype=float64).
[005133.14]  01-26 16:25  CatalogMesh                  INFO     Slab 0 ~ 4194304 / 45481024.
[005134.23]  01-26 16:25  CatalogMesh                  INFO     Painted 4194304 out of 45481024 objects to mesh.
[005134.23]  01-26 16:25  CatalogMesh                  INFO     Slab 4194304 ~ 8388608 / 45481024.
[005135.31]  01-26 16:25  CatalogMesh                  INFO     Painted 8388608 out of 45481024 objects to mesh.
[005135.31]  01-26 16:25  CatalogMesh                  INFO     Slab 8388608 ~ 12582912 / 45481024.
[005136.40]  01-26 16:25  CatalogMesh                  INFO     Painted 12582912 out of 45481024 objects to mesh.
[005136.40]  01-26 16:25  CatalogMesh                  INFO     Slab 12582912 ~ 16777216 / 45481024.
[005137.50]  01-26 16:25  CatalogMesh                  INFO     Painted 16777216 out of 45481024 objects to mesh.
[005137.50]  01-26 16:25  CatalogMesh                  INFO     Slab 16777216 ~ 20971520 / 45481024.
[005138.62]  01-26 16:25  CatalogMesh                  INFO     Painted 20971520 out of 45481024 objects to mesh.
[005138.62]  01-26 16:25  CatalogMesh                  INFO     Slab 20971520 ~ 25165824 / 45481024.
[005139.73]  01-26 16:25  CatalogMesh                  INFO     Painted 25165824 out of 45481024 objects to mesh.
[005139.73]  01-26 16:25  CatalogMesh                  INFO     Slab 25165824 ~ 29360128 / 45481024.
[005140.83]  01-26 16:25  CatalogMesh                  INFO     Painted 29360128 out of 45481024 objects to mesh.
[005140.83]  01-26 16:25  CatalogMesh                  INFO     Slab 29360128 ~ 33554432 / 45481024.
[005141.95]  01-26 16:25  CatalogMesh                  INFO     Painted 33554432 out of 45481024 objects to mesh.
[005141.95]  01-26 16:25  CatalogMesh                  INFO     Slab 33554432 ~ 37748736 / 45481024.
[005143.14]  01-26 16:25  CatalogMesh                  INFO     Painted 37748736 out of 45481024 objects to mesh.
[005143.15]  01-26 16:25  CatalogMesh                  INFO     Slab 37748736 ~ 41943040 / 45481024.
[005144.36]  01-26 16:25  CatalogMesh                  INFO     Painted 41943040 out of 45481024 objects to mesh.
[005144.36]  01-26 16:25  CatalogMesh                  INFO     Slab 41943040 ~ 46137344 / 45481024.
[005145.38]  01-26 16:25  CatalogMesh                  INFO     Painted 45481024 out of 45481024 objects to mesh.
[005145.38]  01-26 16:25  CatalogMesh                  INFO     Running interlacing at order 3.
[005147.79]  01-26 16:26  CatalogMesh                  INFO     Slab 0 ~ 4194304 / 45481024.
[005148.86]  01-26 16:26  CatalogMesh                  INFO     Painted 4194304 out of 45481024 objects to mesh.
[005148.86]  01-26 16:26  CatalogMesh                  INFO     Slab 4194304 ~ 8388608 / 45481024.
[005149.94]  01-26 16:26  CatalogMesh                  INFO     Painted 8388608 out of 45481024 objects to mesh.
[005149.94]  01-26 16:26  CatalogMesh                  INFO     Slab 8388608 ~ 12582912 / 45481024.
[005151.01]  01-26 16:26  CatalogMesh                  INFO     Painted 12582912 out of 45481024 objects to mesh.
[005151.01]  01-26 16:26  CatalogMesh                  INFO     Slab 12582912 ~ 16777216 / 45481024.
[005152.08]  01-26 16:26  CatalogMesh                  INFO     Painted 16777216 out of 45481024 objects to mesh.
[005152.08]  01-26 16:26  CatalogMesh                  INFO     Slab 16777216 ~ 20971520 / 45481024.
[005153.15]  01-26 16:26  CatalogMesh                  INFO     Painted 20971520 out of 45481024 objects to mesh.
[005153.15]  01-26 16:26  CatalogMesh                  INFO     Slab 20971520 ~ 25165824 / 45481024.
[005154.23]  01-26 16:26  CatalogMesh                  INFO     Painted 25165824 out of 45481024 objects to mesh.
[005154.23]  01-26 16:26  CatalogMesh                  INFO     Slab 25165824 ~ 29360128 / 45481024.
[005155.30]  01-26 16:26  CatalogMesh                  INFO     Painted 29360128 out of 45481024 objects to mesh.
[005155.30]  01-26 16:26  CatalogMesh                  INFO     Slab 29360128 ~ 33554432 / 45481024.
[005156.40]  01-26 16:26  CatalogMesh                  INFO     Painted 33554432 out of 45481024 objects to mesh.
[005156.40]  01-26 16:26  CatalogMesh                  INFO     Slab 33554432 ~ 37748736 / 45481024.
[005157.60]  01-26 16:26  CatalogMesh                  INFO     Painted 37748736 out of 45481024 objects to mesh.
[005157.60]  01-26 16:26  CatalogMesh                  INFO     Slab 37748736 ~ 41943040 / 45481024.
[005158.80]  01-26 16:26  CatalogMesh                  INFO     Painted 41943040 out of 45481024 objects to mesh.
[005158.80]  01-26 16:26  CatalogMesh                  INFO     Slab 41943040 ~ 46137344 / 45481024.
[005159.82]  01-26 16:26  CatalogMesh                  INFO     Painted 45481024 out of 45481024 objects to mesh.
[005163.78]  01-26 16:26  CatalogMesh                  INFO     Slab 0 ~ 4194304 / 45481024.
[005164.86]  01-26 16:26  CatalogMesh                  INFO     Painted 4194304 out of 45481024 objects to mesh.
[005164.86]  01-26 16:26  CatalogMesh                  INFO     Slab 4194304 ~ 8388608 / 45481024.
[005165.93]  01-26 16:26  CatalogMesh                  INFO     Painted 8388608 out of 45481024 objects to mesh.
[005165.93]  01-26 16:26  CatalogMesh                  INFO     Slab 8388608 ~ 12582912 / 45481024.
[005167.00]  01-26 16:26  CatalogMesh                  INFO     Painted 12582912 out of 45481024 objects to mesh.
[005167.00]  01-26 16:26  CatalogMesh                  INFO     Slab 12582912 ~ 16777216 / 45481024.
[005168.07]  01-26 16:26  CatalogMesh                  INFO     Painted 16777216 out of 45481024 objects to mesh.
[005168.08]  01-26 16:26  CatalogMesh                  INFO     Slab 16777216 ~ 20971520 / 45481024.
[005169.16]  01-26 16:26  CatalogMesh                  INFO     Painted 20971520 out of 45481024 objects to mesh.
[005169.16]  01-26 16:26  CatalogMesh                  INFO     Slab 20971520 ~ 25165824 / 45481024.
[005170.23]  01-26 16:26  CatalogMesh                  INFO     Painted 25165824 out of 45481024 objects to mesh.
[005170.24]  01-26 16:26  CatalogMesh                  INFO     Slab 25165824 ~ 29360128 / 45481024.
[005171.30]  01-26 16:26  CatalogMesh                  INFO     Painted 29360128 out of 45481024 objects to mesh.
[005171.31]  01-26 16:26  CatalogMesh                  INFO     Slab 29360128 ~ 33554432 / 45481024.
[005172.39]  01-26 16:26  CatalogMesh                  INFO     Painted 33554432 out of 45481024 objects to mesh.
[005172.40]  01-26 16:26  CatalogMesh                  INFO     Slab 33554432 ~ 37748736 / 45481024.
[005173.60]  01-26 16:26  CatalogMesh                  INFO     Painted 37748736 out of 45481024 objects to mesh.
[005173.60]  01-26 16:26  CatalogMesh                  INFO     Slab 37748736 ~ 41943040 / 45481024.
[005174.80]  01-26 16:26  CatalogMesh                  INFO     Painted 41943040 out of 45481024 objects to mesh.
[005174.80]  01-26 16:26  CatalogMesh                  INFO     Slab 41943040 ~ 46137344 / 45481024.
[005175.82]  01-26 16:26  CatalogMesh                  INFO     Painted 45481024 out of 45481024 objects to mesh.
[005181.32]  01-26 16:26  CatalogFFTPower              INFO     Done painting catalog 1 to mesh.
[005181.32]  01-26 16:26  CatalogFFTPower              INFO     Using 400 k-bins between 0.000 and 0.400.
[005181.32]  01-26 16:26  CatalogFFTPower              INFO     Meshes prepared in elapsed time 48.76 s.
[005181.32]  01-26 16:26  CatalogFFTPower              INFO     Running mesh calculation.
[005198.50]  01-26 16:26  CatalogFFTPower              INFO     Mesh calculations performed in elapsed time 17.19 s.
[005198.51]  01-26 16:26  CatalogFFTPower              INFO     Power spectrum computed in elapsed time 65.95 s.
[005198.51]  01-26 16:26  CatalogFFTPower              INFO     Saving /pscratch/sd/s/shengyu/galaxies/catalogs/Y3/AbacusHF-v2/Boxes/QSO/sn0p950/AbacusSummit_base_c000_ph011/mpspk/pkpoles_QSO_zp0.950_DR2_v1.0.npy.
[005198.52]  01-26 16:26  compute_2pt                  INFO     Save to /pscratch/sd/s/shengyu/galaxies/catalogs/Y3/AbacusHF-v2/Boxes/QSO/sn0p950/AbacusSummit_base_c000_ph011/mpspk/pkpoles_QSO_zp0.950_DR2_v1.0.npy
[005198.52]  01-26 16:26  TwoPointCorrelationFunction  INFO     Using estimator <class 'pycorr.twopoint_estimator.NaturalTwoPointEstimator'>.
[005198.53]  01-26 16:26  TwoPointCorrelationFunction  INFO     Running auto-correlation.
[005198.53]  01-26 16:26  TwoPointCorrelationFunction  INFO     Computing two-point counts D1D2.
[005257.87]  01-26 16:27  TwoPointCorrelationFunction  INFO     Analytically computing two-point counts R1R2.
[005257.87]  01-26 16:27  TwoPointCorrelationFunction  INFO     Correlation function computed in elapsed time 59.34 s.
[005257.87]  01-26 16:27  NaturalTwoPointEstimator     INFO     Saving /pscratch/sd/s/shengyu/galaxies/catalogs/Y3/AbacusHF-v2/Boxes/QSO/sn0p950/AbacusSummit_base_c000_ph011/mpspk/mpslog_QSO_zp0.950_DR2_v1.0.npy.
[005257.87]  01-26 16:27  compute_2pt                  INFO     Save to /pscratch/sd/s/shengyu/galaxies/catalogs/Y3/AbacusHF-v2/Boxes/QSO/sn0p950/AbacusSummit_base_c000_ph011/mpspk/mpslog_QSO_zp0.950_DR2_v1.0.npy
[005257.87]  01-26 16:27  TwoPointCorrelationFunction  INFO     Using estimator <class 'pycorr.twopoint_estimator.NaturalTwoPointEstimator'>.
[005257.88]  01-26 16:27  TwoPointCorrelationFunction  INFO     Running auto-correlation.
[005257.88]  01-26 16:27  TwoPointCorrelationFunction  INFO     Computing two-point counts D1D2.
[005298.95]  01-26 16:28  TwoPointCorrelationFunction  INFO     Analytically computing two-point counts R1R2.
[005298.96]  01-26 16:28  TwoPointCorrelationFunction  INFO     Correlation function computed in elapsed time 41.08 s.
[005298.96]  01-26 16:28  NaturalTwoPointEstimator     INFO     Saving /pscratch/sd/s/shengyu/galaxies/catalogs/Y3/AbacusHF-v2/Boxes/QSO/sn0p950/AbacusSummit_base_c000_ph011/mpspk/wplog_QSO_zp0.950_DR2_v1.0.npy.
[005298.96]  01-26 16:28  compute_2pt                  INFO     Save to /pscratch/sd/s/shengyu/galaxies/catalogs/Y3/AbacusHF-v2/Boxes/QSO/sn0p950/AbacusSummit_base_c000_ph011/mpspk/wplog_QSO_zp0.950_DR2_v1.0.npy
[005298.96]  01-26 16:28  compute_2pt                  INFO     Procceed {'version': 'AbacusHF-v2', 'domain': 'cubic', 'tracer': 'QSO', 'zsnap': 0.95, 'zrange': (0.8, 1.1), 'mock_id': 12, 'use_dv': 'False'}
[005298.97]  01-26 16:28  cat_tools                    INFO     Load /pscratch/sd/s/shengyu/galaxies/catalogs/Y3/AbacusHF-v2/Boxes/QSO/sn0p950/AbacusSummit_base_c000_ph012/abacus_HF_QSO_0p950_DR2_v2.0_AbacusSummit_base_c000_ph012_base_clustering.dat.h5
[005298.98]  01-26 16:28  FileStack                    INFO     Reading /pscratch/sd/s/shengyu/galaxies/catalogs/Y3/AbacusHF-v2/Boxes/QSO/sn0p950/AbacusSummit_base_c000_ph012/abacus_HF_QSO_0p950_DR2_v2.0_AbacusSummit_base_c000_ph012_base_clustering.dat.h5.
[005300.74]  01-26 16:28  TwoPointCorrelationFunction  INFO     Using estimator <class 'pycorr.twopoint_estimator.NaturalTwoPointEstimator'>.
[005300.74]  01-26 16:28  TwoPointCorrelationFunction  INFO     Running auto-correlation.
[005300.74]  01-26 16:28  TwoPointCorrelationFunction  INFO     Computing two-point counts D1D2.
[005567.14]  01-26 16:32  TwoPointCorrelationFunction  INFO     Analytically computing two-point counts R1R2.
[005567.15]  01-26 16:32  TwoPointCorrelationFunction  INFO     Correlation function computed in elapsed time 266.40 s.
[005567.15]  01-26 16:32  NaturalTwoPointEstimator     INFO     Saving /pscratch/sd/s/shengyu/galaxies/catalogs/Y3/AbacusHF-v2/Boxes/QSO/sn0p950/AbacusSummit_base_c000_ph012/mpspk/xipoles_QSO_zp0.950_DR2_v1.0.npy.
[005567.15]  01-26 16:32  compute_2pt                  INFO     Save to /pscratch/sd/s/shengyu/galaxies/catalogs/Y3/AbacusHF-v2/Boxes/QSO/sn0p950/AbacusSummit_base_c000_ph012/mpspk/xipoles_QSO_zp0.950_DR2_v1.0.npy
[005573.27]  01-26 16:33  CatalogFFTPower              INFO     Painting catalog 1 to mesh CatalogMesh(nmesh=[512 512 512], boxsize=[2000. 2000. 2000.], boxcenter=[ 999.99993869 1000.00000934 1000.00000716], dtype=float64).
[005573.84]  01-26 16:33  CatalogMesh                  INFO     Slab 0 ~ 4194304 / 45522624.
[005574.96]  01-26 16:33  CatalogMesh                  INFO     Painted 4194304 out of 45522624 objects to mesh.
[005574.96]  01-26 16:33  CatalogMesh                  INFO     Slab 4194304 ~ 8388608 / 45522624.
[005576.04]  01-26 16:33  CatalogMesh                  INFO     Painted 8388608 out of 45522624 objects to mesh.
[005576.04]  01-26 16:33  CatalogMesh                  INFO     Slab 8388608 ~ 12582912 / 45522624.
[005577.11]  01-26 16:33  CatalogMesh                  INFO     Painted 12582912 out of 45522624 objects to mesh.
[005577.11]  01-26 16:33  CatalogMesh                  INFO     Slab 12582912 ~ 16777216 / 45522624.
[005578.18]  01-26 16:33  CatalogMesh                  INFO     Painted 16777216 out of 45522624 objects to mesh.
[005578.18]  01-26 16:33  CatalogMesh                  INFO     Slab 16777216 ~ 20971520 / 45522624.
[005579.26]  01-26 16:33  CatalogMesh                  INFO     Painted 20971520 out of 45522624 objects to mesh.
[005579.26]  01-26 16:33  CatalogMesh                  INFO     Slab 20971520 ~ 25165824 / 45522624.
[005580.33]  01-26 16:33  CatalogMesh                  INFO     Painted 25165824 out of 45522624 objects to mesh.
[005580.33]  01-26 16:33  CatalogMesh                  INFO     Slab 25165824 ~ 29360128 / 45522624.
[005581.39]  01-26 16:33  CatalogMesh                  INFO     Painted 29360128 out of 45522624 objects to mesh.
[005581.39]  01-26 16:33  CatalogMesh                  INFO     Slab 29360128 ~ 33554432 / 45522624.
[005582.48]  01-26 16:33  CatalogMesh                  INFO     Painted 33554432 out of 45522624 objects to mesh.
[005582.48]  01-26 16:33  CatalogMesh                  INFO     Slab 33554432 ~ 37748736 / 45522624.
[005583.68]  01-26 16:33  CatalogMesh                  INFO     Painted 37748736 out of 45522624 objects to mesh.
[005583.68]  01-26 16:33  CatalogMesh                  INFO     Slab 37748736 ~ 41943040 / 45522624.
[005584.88]  01-26 16:33  CatalogMesh                  INFO     Painted 41943040 out of 45522624 objects to mesh.
[005584.88]  01-26 16:33  CatalogMesh                  INFO     Slab 41943040 ~ 46137344 / 45522624.
[005585.91]  01-26 16:33  CatalogMesh                  INFO     Painted 45522624 out of 45522624 objects to mesh.
[005585.91]  01-26 16:33  CatalogMesh                  INFO     Running interlacing at order 3.
[005588.33]  01-26 16:33  CatalogMesh                  INFO     Slab 0 ~ 4194304 / 45522624.
[005589.39]  01-26 16:33  CatalogMesh                  INFO     Painted 4194304 out of 45522624 objects to mesh.
[005589.40]  01-26 16:33  CatalogMesh                  INFO     Slab 4194304 ~ 8388608 / 45522624.
[005590.47]  01-26 16:33  CatalogMesh                  INFO     Painted 8388608 out of 45522624 objects to mesh.
[005590.47]  01-26 16:33  CatalogMesh                  INFO     Slab 8388608 ~ 12582912 / 45522624.
[005591.55]  01-26 16:33  CatalogMesh                  INFO     Painted 12582912 out of 45522624 objects to mesh.
[005591.55]  01-26 16:33  CatalogMesh                  INFO     Slab 12582912 ~ 16777216 / 45522624.
[005592.62]  01-26 16:33  CatalogMesh                  INFO     Painted 16777216 out of 45522624 objects to mesh.
[005592.62]  01-26 16:33  CatalogMesh                  INFO     Slab 16777216 ~ 20971520 / 45522624.
[005593.69]  01-26 16:33  CatalogMesh                  INFO     Painted 20971520 out of 45522624 objects to mesh.
[005593.69]  01-26 16:33  CatalogMesh                  INFO     Slab 20971520 ~ 25165824 / 45522624.
[005594.76]  01-26 16:33  CatalogMesh                  INFO     Painted 25165824 out of 45522624 objects to mesh.
[005594.76]  01-26 16:33  CatalogMesh                  INFO     Slab 25165824 ~ 29360128 / 45522624.
[005595.84]  01-26 16:33  CatalogMesh                  INFO     Painted 29360128 out of 45522624 objects to mesh.
[005595.84]  01-26 16:33  CatalogMesh                  INFO     Slab 29360128 ~ 33554432 / 45522624.
[005596.92]  01-26 16:33  CatalogMesh                  INFO     Painted 33554432 out of 45522624 objects to mesh.
[005596.93]  01-26 16:33  CatalogMesh                  INFO     Slab 33554432 ~ 37748736 / 45522624.
[005598.13]  01-26 16:33  CatalogMesh                  INFO     Painted 37748736 out of 45522624 objects to mesh.
[005598.13]  01-26 16:33  CatalogMesh                  INFO     Slab 37748736 ~ 41943040 / 45522624.
[005599.32]  01-26 16:33  CatalogMesh                  INFO     Painted 41943040 out of 45522624 objects to mesh.
[005599.32]  01-26 16:33  CatalogMesh                  INFO     Slab 41943040 ~ 46137344 / 45522624.
[005600.35]  01-26 16:33  CatalogMesh                  INFO     Painted 45522624 out of 45522624 objects to mesh.
[005604.30]  01-26 16:33  CatalogMesh                  INFO     Slab 0 ~ 4194304 / 45522624.
[005605.39]  01-26 16:33  CatalogMesh                  INFO     Painted 4194304 out of 45522624 objects to mesh.
[005605.39]  01-26 16:33  CatalogMesh                  INFO     Slab 4194304 ~ 8388608 / 45522624.
[005606.46]  01-26 16:33  CatalogMesh                  INFO     Painted 8388608 out of 45522624 objects to mesh.
[005606.46]  01-26 16:33  CatalogMesh                  INFO     Slab 8388608 ~ 12582912 / 45522624.
[005607.53]  01-26 16:33  CatalogMesh                  INFO     Painted 12582912 out of 45522624 objects to mesh.
[005607.53]  01-26 16:33  CatalogMesh                  INFO     Slab 12582912 ~ 16777216 / 45522624.
[005608.61]  01-26 16:33  CatalogMesh                  INFO     Painted 16777216 out of 45522624 objects to mesh.
[005608.61]  01-26 16:33  CatalogMesh                  INFO     Slab 16777216 ~ 20971520 / 45522624.
[005609.68]  01-26 16:33  CatalogMesh                  INFO     Painted 20971520 out of 45522624 objects to mesh.
[005609.68]  01-26 16:33  CatalogMesh                  INFO     Slab 20971520 ~ 25165824 / 45522624.
[005610.75]  01-26 16:33  CatalogMesh                  INFO     Painted 25165824 out of 45522624 objects to mesh.
[005610.75]  01-26 16:33  CatalogMesh                  INFO     Slab 25165824 ~ 29360128 / 45522624.
[005611.82]  01-26 16:33  CatalogMesh                  INFO     Painted 29360128 out of 45522624 objects to mesh.
[005611.82]  01-26 16:33  CatalogMesh                  INFO     Slab 29360128 ~ 33554432 / 45522624.
[005612.91]  01-26 16:33  CatalogMesh                  INFO     Painted 33554432 out of 45522624 objects to mesh.
[005612.91]  01-26 16:33  CatalogMesh                  INFO     Slab 33554432 ~ 37748736 / 45522624.
[005614.11]  01-26 16:33  CatalogMesh                  INFO     Painted 37748736 out of 45522624 objects to mesh.
[005614.11]  01-26 16:33  CatalogMesh                  INFO     Slab 37748736 ~ 41943040 / 45522624.
[005615.31]  01-26 16:33  CatalogMesh                  INFO     Painted 41943040 out of 45522624 objects to mesh.
[005615.31]  01-26 16:33  CatalogMesh                  INFO     Slab 41943040 ~ 46137344 / 45522624.
[005616.34]  01-26 16:33  CatalogMesh                  INFO     Painted 45522624 out of 45522624 objects to mesh.
[005621.88]  01-26 16:33  CatalogFFTPower              INFO     Done painting catalog 1 to mesh.
[005621.88]  01-26 16:33  CatalogFFTPower              INFO     Using 400 k-bins between 0.000 and 0.400.
[005621.88]  01-26 16:33  CatalogFFTPower              INFO     Meshes prepared in elapsed time 48.61 s.
[005621.88]  01-26 16:33  CatalogFFTPower              INFO     Running mesh calculation.
[005639.08]  01-26 16:34  CatalogFFTPower              INFO     Mesh calculations performed in elapsed time 17.19 s.
[005639.08]  01-26 16:34  CatalogFFTPower              INFO     Power spectrum computed in elapsed time 65.81 s.
[005639.08]  01-26 16:34  CatalogFFTPower              INFO     Saving /pscratch/sd/s/shengyu/galaxies/catalogs/Y3/AbacusHF-v2/Boxes/QSO/sn0p950/AbacusSummit_base_c000_ph012/mpspk/pkpoles_QSO_zp0.950_DR2_v1.0.npy.
[005639.08]  01-26 16:34  compute_2pt                  INFO     Save to /pscratch/sd/s/shengyu/galaxies/catalogs/Y3/AbacusHF-v2/Boxes/QSO/sn0p950/AbacusSummit_base_c000_ph012/mpspk/pkpoles_QSO_zp0.950_DR2_v1.0.npy
[005639.08]  01-26 16:34  TwoPointCorrelationFunction  INFO     Using estimator <class 'pycorr.twopoint_estimator.NaturalTwoPointEstimator'>.
[005639.08]  01-26 16:34  TwoPointCorrelationFunction  INFO     Running auto-correlation.
[005639.08]  01-26 16:34  TwoPointCorrelationFunction  INFO     Computing two-point counts D1D2.
[005698.32]  01-26 16:35  TwoPointCorrelationFunction  INFO     Analytically computing two-point counts R1R2.
[005698.32]  01-26 16:35  TwoPointCorrelationFunction  INFO     Correlation function computed in elapsed time 59.24 s.
[005698.32]  01-26 16:35  NaturalTwoPointEstimator     INFO     Saving /pscratch/sd/s/shengyu/galaxies/catalogs/Y3/AbacusHF-v2/Boxes/QSO/sn0p950/AbacusSummit_base_c000_ph012/mpspk/mpslog_QSO_zp0.950_DR2_v1.0.npy.
[005698.33]  01-26 16:35  compute_2pt                  INFO     Save to /pscratch/sd/s/shengyu/galaxies/catalogs/Y3/AbacusHF-v2/Boxes/QSO/sn0p950/AbacusSummit_base_c000_ph012/mpspk/mpslog_QSO_zp0.950_DR2_v1.0.npy
[005698.33]  01-26 16:35  TwoPointCorrelationFunction  INFO     Using estimator <class 'pycorr.twopoint_estimator.NaturalTwoPointEstimator'>.
[005698.33]  01-26 16:35  TwoPointCorrelationFunction  INFO     Running auto-correlation.
[005698.33]  01-26 16:35  TwoPointCorrelationFunction  INFO     Computing two-point counts D1D2.
[005739.54]  01-26 16:35  TwoPointCorrelationFunction  INFO     Analytically computing two-point counts R1R2.
[005739.54]  01-26 16:35  TwoPointCorrelationFunction  INFO     Correlation function computed in elapsed time 41.21 s.
[005739.54]  01-26 16:35  NaturalTwoPointEstimator     INFO     Saving /pscratch/sd/s/shengyu/galaxies/catalogs/Y3/AbacusHF-v2/Boxes/QSO/sn0p950/AbacusSummit_base_c000_ph012/mpspk/wplog_QSO_zp0.950_DR2_v1.0.npy.
[005739.54]  01-26 16:35  compute_2pt                  INFO     Save to /pscratch/sd/s/shengyu/galaxies/catalogs/Y3/AbacusHF-v2/Boxes/QSO/sn0p950/AbacusSummit_base_c000_ph012/mpspk/wplog_QSO_zp0.950_DR2_v1.0.npy
[005739.54]  01-26 16:35  compute_2pt                  INFO     Procceed {'version': 'AbacusHF-v2', 'domain': 'cubic', 'tracer': 'QSO', 'zsnap': 0.95, 'zrange': (0.8, 1.1), 'mock_id': 13, 'use_dv': 'False'}
[005739.55]  01-26 16:35  cat_tools                    INFO     Load /pscratch/sd/s/shengyu/galaxies/catalogs/Y3/AbacusHF-v2/Boxes/QSO/sn0p950/AbacusSummit_base_c000_ph013/abacus_HF_QSO_0p950_DR2_v2.0_AbacusSummit_base_c000_ph013_base_clustering.dat.h5
[005739.55]  01-26 16:35  FileStack                    INFO     Reading /pscratch/sd/s/shengyu/galaxies/catalogs/Y3/AbacusHF-v2/Boxes/QSO/sn0p950/AbacusSummit_base_c000_ph013/abacus_HF_QSO_0p950_DR2_v2.0_AbacusSummit_base_c000_ph013_base_clustering.dat.h5.
[005741.31]  01-26 16:35  TwoPointCorrelationFunction  INFO     Using estimator <class 'pycorr.twopoint_estimator.NaturalTwoPointEstimator'>.
[005741.31]  01-26 16:35  TwoPointCorrelationFunction  INFO     Running auto-correlation.
[005741.31]  01-26 16:35  TwoPointCorrelationFunction  INFO     Computing two-point counts D1D2.
[006000.33]  01-26 16:40  TwoPointCorrelationFunction  INFO     Analytically computing two-point counts R1R2.
[006000.33]  01-26 16:40  TwoPointCorrelationFunction  INFO     Correlation function computed in elapsed time 259.02 s.
[006000.33]  01-26 16:40  NaturalTwoPointEstimator     INFO     Saving /pscratch/sd/s/shengyu/galaxies/catalogs/Y3/AbacusHF-v2/Boxes/QSO/sn0p950/AbacusSummit_base_c000_ph013/mpspk/xipoles_QSO_zp0.950_DR2_v1.0.npy.
[006000.33]  01-26 16:40  compute_2pt                  INFO     Save to /pscratch/sd/s/shengyu/galaxies/catalogs/Y3/AbacusHF-v2/Boxes/QSO/sn0p950/AbacusSummit_base_c000_ph013/mpspk/xipoles_QSO_zp0.950_DR2_v1.0.npy
[006006.44]  01-26 16:40  CatalogFFTPower              INFO     Painting catalog 1 to mesh CatalogMesh(nmesh=[512 512 512], boxsize=[2000. 2000. 2000.], boxcenter=[ 999.99998956  999.99999807 1000.00000583], dtype=float64).
[006007.01]  01-26 16:40  CatalogMesh                  INFO     Slab 0 ~ 4194304 / 45515695.
[006008.11]  01-26 16:40  CatalogMesh                  INFO     Painted 4194304 out of 45515695 objects to mesh.
[006008.11]  01-26 16:40  CatalogMesh                  INFO     Slab 4194304 ~ 8388608 / 45515695.
[006009.18]  01-26 16:40  CatalogMesh                  INFO     Painted 8388608 out of 45515695 objects to mesh.
[006009.18]  01-26 16:40  CatalogMesh                  INFO     Slab 8388608 ~ 12582912 / 45515695.
[006010.25]  01-26 16:40  CatalogMesh                  INFO     Painted 12582912 out of 45515695 objects to mesh.
[006010.25]  01-26 16:40  CatalogMesh                  INFO     Slab 12582912 ~ 16777216 / 45515695.
[006011.32]  01-26 16:40  CatalogMesh                  INFO     Painted 16777216 out of 45515695 objects to mesh.
[006011.32]  01-26 16:40  CatalogMesh                  INFO     Slab 16777216 ~ 20971520 / 45515695.
[006012.39]  01-26 16:40  CatalogMesh                  INFO     Painted 20971520 out of 45515695 objects to mesh.
[006012.40]  01-26 16:40  CatalogMesh                  INFO     Slab 20971520 ~ 25165824 / 45515695.
[006013.47]  01-26 16:40  CatalogMesh                  INFO     Painted 25165824 out of 45515695 objects to mesh.
[006013.47]  01-26 16:40  CatalogMesh                  INFO     Slab 25165824 ~ 29360128 / 45515695.
[006014.54]  01-26 16:40  CatalogMesh                  INFO     Painted 29360128 out of 45515695 objects to mesh.
[006014.54]  01-26 16:40  CatalogMesh                  INFO     Slab 29360128 ~ 33554432 / 45515695.
[006015.63]  01-26 16:40  CatalogMesh                  INFO     Painted 33554432 out of 45515695 objects to mesh.
[006015.63]  01-26 16:40  CatalogMesh                  INFO     Slab 33554432 ~ 37748736 / 45515695.
[006016.83]  01-26 16:40  CatalogMesh                  INFO     Painted 37748736 out of 45515695 objects to mesh.
[006016.83]  01-26 16:40  CatalogMesh                  INFO     Slab 37748736 ~ 41943040 / 45515695.
[006018.04]  01-26 16:40  CatalogMesh                  INFO     Painted 41943040 out of 45515695 objects to mesh.
[006018.04]  01-26 16:40  CatalogMesh                  INFO     Slab 41943040 ~ 46137344 / 45515695.
[006019.07]  01-26 16:40  CatalogMesh                  INFO     Painted 45515695 out of 45515695 objects to mesh.
[006019.08]  01-26 16:40  CatalogMesh                  INFO     Running interlacing at order 3.
[006021.50]  01-26 16:40  CatalogMesh                  INFO     Slab 0 ~ 4194304 / 45515695.
[006022.57]  01-26 16:40  CatalogMesh                  INFO     Painted 4194304 out of 45515695 objects to mesh.
[006022.57]  01-26 16:40  CatalogMesh                  INFO     Slab 4194304 ~ 8388608 / 45515695.
[006023.64]  01-26 16:40  CatalogMesh                  INFO     Painted 8388608 out of 45515695 objects to mesh.
[006023.64]  01-26 16:40  CatalogMesh                  INFO     Slab 8388608 ~ 12582912 / 45515695.
[006024.72]  01-26 16:40  CatalogMesh                  INFO     Painted 12582912 out of 45515695 objects to mesh.
[006024.72]  01-26 16:40  CatalogMesh                  INFO     Slab 12582912 ~ 16777216 / 45515695.
[006025.79]  01-26 16:40  CatalogMesh                  INFO     Painted 16777216 out of 45515695 objects to mesh.
[006025.79]  01-26 16:40  CatalogMesh                  INFO     Slab 16777216 ~ 20971520 / 45515695.
[006026.86]  01-26 16:40  CatalogMesh                  INFO     Painted 20971520 out of 45515695 objects to mesh.
[006026.86]  01-26 16:40  CatalogMesh                  INFO     Slab 20971520 ~ 25165824 / 45515695.
[006027.93]  01-26 16:40  CatalogMesh                  INFO     Painted 25165824 out of 45515695 objects to mesh.
[006027.93]  01-26 16:40  CatalogMesh                  INFO     Slab 25165824 ~ 29360128 / 45515695.
[006029.01]  01-26 16:40  CatalogMesh                  INFO     Painted 29360128 out of 45515695 objects to mesh.
[006029.01]  01-26 16:40  CatalogMesh                  INFO     Slab 29360128 ~ 33554432 / 45515695.
[006030.09]  01-26 16:40  CatalogMesh                  INFO     Painted 33554432 out of 45515695 objects to mesh.
[006030.09]  01-26 16:40  CatalogMesh                  INFO     Slab 33554432 ~ 37748736 / 45515695.
[006031.30]  01-26 16:40  CatalogMesh                  INFO     Painted 37748736 out of 45515695 objects to mesh.
[006031.30]  01-26 16:40  CatalogMesh                  INFO     Slab 37748736 ~ 41943040 / 45515695.
[006032.51]  01-26 16:40  CatalogMesh                  INFO     Painted 41943040 out of 45515695 objects to mesh.
[006032.51]  01-26 16:40  CatalogMesh                  INFO     Slab 41943040 ~ 46137344 / 45515695.
[006033.53]  01-26 16:40  CatalogMesh                  INFO     Painted 45515695 out of 45515695 objects to mesh.
[006037.50]  01-26 16:40  CatalogMesh                  INFO     Slab 0 ~ 4194304 / 45515695.
[006038.58]  01-26 16:40  CatalogMesh                  INFO     Painted 4194304 out of 45515695 objects to mesh.
[006038.58]  01-26 16:40  CatalogMesh                  INFO     Slab 4194304 ~ 8388608 / 45515695.
[006039.65]  01-26 16:40  CatalogMesh                  INFO     Painted 8388608 out of 45515695 objects to mesh.
[006039.65]  01-26 16:40  CatalogMesh                  INFO     Slab 8388608 ~ 12582912 / 45515695.
[006040.72]  01-26 16:40  CatalogMesh                  INFO     Painted 12582912 out of 45515695 objects to mesh.
[006040.72]  01-26 16:40  CatalogMesh                  INFO     Slab 12582912 ~ 16777216 / 45515695.
[006041.80]  01-26 16:40  CatalogMesh                  INFO     Painted 16777216 out of 45515695 objects to mesh.
[006041.80]  01-26 16:40  CatalogMesh                  INFO     Slab 16777216 ~ 20971520 / 45515695.
[006042.87]  01-26 16:40  CatalogMesh                  INFO     Painted 20971520 out of 45515695 objects to mesh.
[006042.88]  01-26 16:40  CatalogMesh                  INFO     Slab 20971520 ~ 25165824 / 45515695.
[006043.94]  01-26 16:40  CatalogMesh                  INFO     Painted 25165824 out of 45515695 objects to mesh.
[006043.95]  01-26 16:40  CatalogMesh                  INFO     Slab 25165824 ~ 29360128 / 45515695.
[006045.03]  01-26 16:40  CatalogMesh                  INFO     Painted 29360128 out of 45515695 objects to mesh.
[006045.03]  01-26 16:40  CatalogMesh                  INFO     Slab 29360128 ~ 33554432 / 45515695.
[006046.12]  01-26 16:40  CatalogMesh                  INFO     Painted 33554432 out of 45515695 objects to mesh.
[006046.12]  01-26 16:40  CatalogMesh                  INFO     Slab 33554432 ~ 37748736 / 45515695.
[006047.33]  01-26 16:41  CatalogMesh                  INFO     Painted 37748736 out of 45515695 objects to mesh.
[006047.33]  01-26 16:41  CatalogMesh                  INFO     Slab 37748736 ~ 41943040 / 45515695.
[006048.54]  01-26 16:41  CatalogMesh                  INFO     Painted 41943040 out of 45515695 objects to mesh.
[006048.54]  01-26 16:41  CatalogMesh                  INFO     Slab 41943040 ~ 46137344 / 45515695.
[006049.58]  01-26 16:41  CatalogMesh                  INFO     Painted 45515695 out of 45515695 objects to mesh.
[006055.13]  01-26 16:41  CatalogFFTPower              INFO     Done painting catalog 1 to mesh.
[006055.13]  01-26 16:41  CatalogFFTPower              INFO     Using 400 k-bins between 0.000 and 0.400.
[006055.13]  01-26 16:41  CatalogFFTPower              INFO     Meshes prepared in elapsed time 48.69 s.
[006055.14]  01-26 16:41  CatalogFFTPower              INFO     Running mesh calculation.
[006072.42]  01-26 16:41  CatalogFFTPower              INFO     Mesh calculations performed in elapsed time 17.28 s.
[006072.42]  01-26 16:41  CatalogFFTPower              INFO     Power spectrum computed in elapsed time 65.98 s.
[006072.42]  01-26 16:41  CatalogFFTPower              INFO     Saving /pscratch/sd/s/shengyu/galaxies/catalogs/Y3/AbacusHF-v2/Boxes/QSO/sn0p950/AbacusSummit_base_c000_ph013/mpspk/pkpoles_QSO_zp0.950_DR2_v1.0.npy.
[006072.42]  01-26 16:41  compute_2pt                  INFO     Save to /pscratch/sd/s/shengyu/galaxies/catalogs/Y3/AbacusHF-v2/Boxes/QSO/sn0p950/AbacusSummit_base_c000_ph013/mpspk/pkpoles_QSO_zp0.950_DR2_v1.0.npy
[006072.42]  01-26 16:41  TwoPointCorrelationFunction  INFO     Using estimator <class 'pycorr.twopoint_estimator.NaturalTwoPointEstimator'>.
[006072.43]  01-26 16:41  TwoPointCorrelationFunction  INFO     Running auto-correlation.
[006072.43]  01-26 16:41  TwoPointCorrelationFunction  INFO     Computing two-point counts D1D2.
[006131.55]  01-26 16:42  TwoPointCorrelationFunction  INFO     Analytically computing two-point counts R1R2.
[006131.55]  01-26 16:42  TwoPointCorrelationFunction  INFO     Correlation function computed in elapsed time 59.13 s.
[006131.55]  01-26 16:42  NaturalTwoPointEstimator     INFO     Saving /pscratch/sd/s/shengyu/galaxies/catalogs/Y3/AbacusHF-v2/Boxes/QSO/sn0p950/AbacusSummit_base_c000_ph013/mpspk/mpslog_QSO_zp0.950_DR2_v1.0.npy.
[006131.55]  01-26 16:42  compute_2pt                  INFO     Save to /pscratch/sd/s/shengyu/galaxies/catalogs/Y3/AbacusHF-v2/Boxes/QSO/sn0p950/AbacusSummit_base_c000_ph013/mpspk/mpslog_QSO_zp0.950_DR2_v1.0.npy
[006131.55]  01-26 16:42  TwoPointCorrelationFunction  INFO     Using estimator <class 'pycorr.twopoint_estimator.NaturalTwoPointEstimator'>.
[006131.56]  01-26 16:42  TwoPointCorrelationFunction  INFO     Running auto-correlation.
[006131.56]  01-26 16:42  TwoPointCorrelationFunction  INFO     Computing two-point counts D1D2.
[006172.84]  01-26 16:43  TwoPointCorrelationFunction  INFO     Analytically computing two-point counts R1R2.
[006172.84]  01-26 16:43  TwoPointCorrelationFunction  INFO     Correlation function computed in elapsed time 41.29 s.
[006172.84]  01-26 16:43  NaturalTwoPointEstimator     INFO     Saving /pscratch/sd/s/shengyu/galaxies/catalogs/Y3/AbacusHF-v2/Boxes/QSO/sn0p950/AbacusSummit_base_c000_ph013/mpspk/wplog_QSO_zp0.950_DR2_v1.0.npy.
[006172.84]  01-26 16:43  compute_2pt                  INFO     Save to /pscratch/sd/s/shengyu/galaxies/catalogs/Y3/AbacusHF-v2/Boxes/QSO/sn0p950/AbacusSummit_base_c000_ph013/mpspk/wplog_QSO_zp0.950_DR2_v1.0.npy
[006172.85]  01-26 16:43  compute_2pt                  INFO     Procceed {'version': 'AbacusHF-v2', 'domain': 'cubic', 'tracer': 'QSO', 'zsnap': 0.95, 'zrange': (0.8, 1.1), 'mock_id': 14, 'use_dv': 'False'}
[006172.85]  01-26 16:43  cat_tools                    INFO     Load /pscratch/sd/s/shengyu/galaxies/catalogs/Y3/AbacusHF-v2/Boxes/QSO/sn0p950/AbacusSummit_base_c000_ph014/abacus_HF_QSO_0p950_DR2_v2.0_AbacusSummit_base_c000_ph014_base_clustering.dat.h5
[006172.85]  01-26 16:43  FileStack                    INFO     Reading /pscratch/sd/s/shengyu/galaxies/catalogs/Y3/AbacusHF-v2/Boxes/QSO/sn0p950/AbacusSummit_base_c000_ph014/abacus_HF_QSO_0p950_DR2_v2.0_AbacusSummit_base_c000_ph014_base_clustering.dat.h5.
[006174.61]  01-26 16:43  TwoPointCorrelationFunction  INFO     Using estimator <class 'pycorr.twopoint_estimator.NaturalTwoPointEstimator'>.
[006174.61]  01-26 16:43  TwoPointCorrelationFunction  INFO     Running auto-correlation.
[006174.61]  01-26 16:43  TwoPointCorrelationFunction  INFO     Computing two-point counts D1D2.
[006438.85]  01-26 16:47  TwoPointCorrelationFunction  INFO     Analytically computing two-point counts R1R2.
[006438.85]  01-26 16:47  TwoPointCorrelationFunction  INFO     Correlation function computed in elapsed time 264.24 s.
[006438.85]  01-26 16:47  NaturalTwoPointEstimator     INFO     Saving /pscratch/sd/s/shengyu/galaxies/catalogs/Y3/AbacusHF-v2/Boxes/QSO/sn0p950/AbacusSummit_base_c000_ph014/mpspk/xipoles_QSO_zp0.950_DR2_v1.0.npy.
[006438.86]  01-26 16:47  compute_2pt                  INFO     Save to /pscratch/sd/s/shengyu/galaxies/catalogs/Y3/AbacusHF-v2/Boxes/QSO/sn0p950/AbacusSummit_base_c000_ph014/mpspk/xipoles_QSO_zp0.950_DR2_v1.0.npy
[006445.31]  01-26 16:47  CatalogFFTPower              INFO     Painting catalog 1 to mesh CatalogMesh(nmesh=[512 512 512], boxsize=[2000. 2000. 2000.], boxcenter=[999.9999741  999.99998315 999.99994346], dtype=float64).
[006445.88]  01-26 16:47  CatalogMesh                  INFO     Slab 0 ~ 4194304 / 45469906.
[006446.98]  01-26 16:47  CatalogMesh                  INFO     Painted 4194304 out of 45469906 objects to mesh.
[006446.98]  01-26 16:47  CatalogMesh                  INFO     Slab 4194304 ~ 8388608 / 45469906.
[006448.06]  01-26 16:47  CatalogMesh                  INFO     Painted 8388608 out of 45469906 objects to mesh.
[006448.06]  01-26 16:47  CatalogMesh                  INFO     Slab 8388608 ~ 12582912 / 45469906.
[006449.14]  01-26 16:47  CatalogMesh                  INFO     Painted 12582912 out of 45469906 objects to mesh.
[006449.14]  01-26 16:47  CatalogMesh                  INFO     Slab 12582912 ~ 16777216 / 45469906.
[006450.21]  01-26 16:47  CatalogMesh                  INFO     Painted 16777216 out of 45469906 objects to mesh.
[006450.22]  01-26 16:47  CatalogMesh                  INFO     Slab 16777216 ~ 20971520 / 45469906.
[006451.30]  01-26 16:47  CatalogMesh                  INFO     Painted 20971520 out of 45469906 objects to mesh.
[006451.30]  01-26 16:47  CatalogMesh                  INFO     Slab 20971520 ~ 25165824 / 45469906.
[006452.38]  01-26 16:47  CatalogMesh                  INFO     Painted 25165824 out of 45469906 objects to mesh.
[006452.38]  01-26 16:47  CatalogMesh                  INFO     Slab 25165824 ~ 29360128 / 45469906.
[006453.46]  01-26 16:47  CatalogMesh                  INFO     Painted 29360128 out of 45469906 objects to mesh.
[006453.46]  01-26 16:47  CatalogMesh                  INFO     Slab 29360128 ~ 33554432 / 45469906.
[006454.56]  01-26 16:47  CatalogMesh                  INFO     Painted 33554432 out of 45469906 objects to mesh.
[006454.56]  01-26 16:47  CatalogMesh                  INFO     Slab 33554432 ~ 37748736 / 45469906.
[006455.77]  01-26 16:47  CatalogMesh                  INFO     Painted 37748736 out of 45469906 objects to mesh.
[006455.77]  01-26 16:47  CatalogMesh                  INFO     Slab 37748736 ~ 41943040 / 45469906.
[006456.98]  01-26 16:47  CatalogMesh                  INFO     Painted 41943040 out of 45469906 objects to mesh.
[006456.98]  01-26 16:47  CatalogMesh                  INFO     Slab 41943040 ~ 46137344 / 45469906.
[006457.99]  01-26 16:47  CatalogMesh                  INFO     Painted 45469906 out of 45469906 objects to mesh.
[006458.00]  01-26 16:47  CatalogMesh                  INFO     Running interlacing at order 3.
[006460.42]  01-26 16:47  CatalogMesh                  INFO     Slab 0 ~ 4194304 / 45469906.
[006461.49]  01-26 16:47  CatalogMesh                  INFO     Painted 4194304 out of 45469906 objects to mesh.
[006461.49]  01-26 16:47  CatalogMesh                  INFO     Slab 4194304 ~ 8388608 / 45469906.
[006462.56]  01-26 16:47  CatalogMesh                  INFO     Painted 8388608 out of 45469906 objects to mesh.
[006462.56]  01-26 16:47  CatalogMesh                  INFO     Slab 8388608 ~ 12582912 / 45469906.
[006463.63]  01-26 16:47  CatalogMesh                  INFO     Painted 12582912 out of 45469906 objects to mesh.
[006463.63]  01-26 16:47  CatalogMesh                  INFO     Slab 12582912 ~ 16777216 / 45469906.
[006464.71]  01-26 16:47  CatalogMesh                  INFO     Painted 16777216 out of 45469906 objects to mesh.
[006464.71]  01-26 16:47  CatalogMesh                  INFO     Slab 16777216 ~ 20971520 / 45469906.
[006465.78]  01-26 16:47  CatalogMesh                  INFO     Painted 20971520 out of 45469906 objects to mesh.
[006465.78]  01-26 16:47  CatalogMesh                  INFO     Slab 20971520 ~ 25165824 / 45469906.
[006466.85]  01-26 16:47  CatalogMesh                  INFO     Painted 25165824 out of 45469906 objects to mesh.
[006466.85]  01-26 16:47  CatalogMesh                  INFO     Slab 25165824 ~ 29360128 / 45469906.
[006467.93]  01-26 16:48  CatalogMesh                  INFO     Painted 29360128 out of 45469906 objects to mesh.
[006467.93]  01-26 16:48  CatalogMesh                  INFO     Slab 29360128 ~ 33554432 / 45469906.
[006469.03]  01-26 16:48  CatalogMesh                  INFO     Painted 33554432 out of 45469906 objects to mesh.
[006469.03]  01-26 16:48  CatalogMesh                  INFO     Slab 33554432 ~ 37748736 / 45469906.
[006470.23]  01-26 16:48  CatalogMesh                  INFO     Painted 37748736 out of 45469906 objects to mesh.
[006470.23]  01-26 16:48  CatalogMesh                  INFO     Slab 37748736 ~ 41943040 / 45469906.
[006471.43]  01-26 16:48  CatalogMesh                  INFO     Painted 41943040 out of 45469906 objects to mesh.
[006471.43]  01-26 16:48  CatalogMesh                  INFO     Slab 41943040 ~ 46137344 / 45469906.
[006472.44]  01-26 16:48  CatalogMesh                  INFO     Painted 45469906 out of 45469906 objects to mesh.
[006476.43]  01-26 16:48  CatalogMesh                  INFO     Slab 0 ~ 4194304 / 45469906.
[006477.51]  01-26 16:48  CatalogMesh                  INFO     Painted 4194304 out of 45469906 objects to mesh.
[006477.51]  01-26 16:48  CatalogMesh                  INFO     Slab 4194304 ~ 8388608 / 45469906.
[006478.58]  01-26 16:48  CatalogMesh                  INFO     Painted 8388608 out of 45469906 objects to mesh.
[006478.58]  01-26 16:48  CatalogMesh                  INFO     Slab 8388608 ~ 12582912 / 45469906.
[006479.67]  01-26 16:48  CatalogMesh                  INFO     Painted 12582912 out of 45469906 objects to mesh.
[006479.67]  01-26 16:48  CatalogMesh                  INFO     Slab 12582912 ~ 16777216 / 45469906.
[006480.74]  01-26 16:48  CatalogMesh                  INFO     Painted 16777216 out of 45469906 objects to mesh.
[006480.74]  01-26 16:48  CatalogMesh                  INFO     Slab 16777216 ~ 20971520 / 45469906.
[006481.82]  01-26 16:48  CatalogMesh                  INFO     Painted 20971520 out of 45469906 objects to mesh.
[006481.82]  01-26 16:48  CatalogMesh                  INFO     Slab 20971520 ~ 25165824 / 45469906.
[006482.89]  01-26 16:48  CatalogMesh                  INFO     Painted 25165824 out of 45469906 objects to mesh.
[006482.90]  01-26 16:48  CatalogMesh                  INFO     Slab 25165824 ~ 29360128 / 45469906.
[006483.98]  01-26 16:48  CatalogMesh                  INFO     Painted 29360128 out of 45469906 objects to mesh.
[006483.98]  01-26 16:48  CatalogMesh                  INFO     Slab 29360128 ~ 33554432 / 45469906.
[006485.07]  01-26 16:48  CatalogMesh                  INFO     Painted 33554432 out of 45469906 objects to mesh.
[006485.07]  01-26 16:48  CatalogMesh                  INFO     Slab 33554432 ~ 37748736 / 45469906.
[006486.27]  01-26 16:48  CatalogMesh                  INFO     Painted 37748736 out of 45469906 objects to mesh.
[006486.27]  01-26 16:48  CatalogMesh                  INFO     Slab 37748736 ~ 41943040 / 45469906.
[006487.47]  01-26 16:48  CatalogMesh                  INFO     Painted 41943040 out of 45469906 objects to mesh.
[006487.47]  01-26 16:48  CatalogMesh                  INFO     Slab 41943040 ~ 46137344 / 45469906.
[006488.48]  01-26 16:48  CatalogMesh                  INFO     Painted 45469906 out of 45469906 objects to mesh.
[006494.03]  01-26 16:48  CatalogFFTPower              INFO     Done painting catalog 1 to mesh.
[006494.03]  01-26 16:48  CatalogFFTPower              INFO     Using 400 k-bins between 0.000 and 0.400.
[006494.03]  01-26 16:48  CatalogFFTPower              INFO     Meshes prepared in elapsed time 48.72 s.
[006494.03]  01-26 16:48  CatalogFFTPower              INFO     Running mesh calculation.
[006511.33]  01-26 16:48  CatalogFFTPower              INFO     Mesh calculations performed in elapsed time 17.30 s.
[006511.33]  01-26 16:48  CatalogFFTPower              INFO     Power spectrum computed in elapsed time 66.02 s.
[006511.33]  01-26 16:48  CatalogFFTPower              INFO     Saving /pscratch/sd/s/shengyu/galaxies/catalogs/Y3/AbacusHF-v2/Boxes/QSO/sn0p950/AbacusSummit_base_c000_ph014/mpspk/pkpoles_QSO_zp0.950_DR2_v1.0.npy.
[006511.34]  01-26 16:48  compute_2pt                  INFO     Save to /pscratch/sd/s/shengyu/galaxies/catalogs/Y3/AbacusHF-v2/Boxes/QSO/sn0p950/AbacusSummit_base_c000_ph014/mpspk/pkpoles_QSO_zp0.950_DR2_v1.0.npy
[006511.34]  01-26 16:48  TwoPointCorrelationFunction  INFO     Using estimator <class 'pycorr.twopoint_estimator.NaturalTwoPointEstimator'>.
[006511.34]  01-26 16:48  TwoPointCorrelationFunction  INFO     Running auto-correlation.
[006511.34]  01-26 16:48  TwoPointCorrelationFunction  INFO     Computing two-point counts D1D2.
[006576.26]  01-26 16:49  TwoPointCorrelationFunction  INFO     Analytically computing two-point counts R1R2.
[006576.26]  01-26 16:49  TwoPointCorrelationFunction  INFO     Correlation function computed in elapsed time 64.93 s.
[006576.26]  01-26 16:49  NaturalTwoPointEstimator     INFO     Saving /pscratch/sd/s/shengyu/galaxies/catalogs/Y3/AbacusHF-v2/Boxes/QSO/sn0p950/AbacusSummit_base_c000_ph014/mpspk/mpslog_QSO_zp0.950_DR2_v1.0.npy.
[006576.27]  01-26 16:49  compute_2pt                  INFO     Save to /pscratch/sd/s/shengyu/galaxies/catalogs/Y3/AbacusHF-v2/Boxes/QSO/sn0p950/AbacusSummit_base_c000_ph014/mpspk/mpslog_QSO_zp0.950_DR2_v1.0.npy
[006576.27]  01-26 16:49  TwoPointCorrelationFunction  INFO     Using estimator <class 'pycorr.twopoint_estimator.NaturalTwoPointEstimator'>.
[006576.27]  01-26 16:49  TwoPointCorrelationFunction  INFO     Running auto-correlation.
[006576.27]  01-26 16:49  TwoPointCorrelationFunction  INFO     Computing two-point counts D1D2.
[006617.50]  01-26 16:50  TwoPointCorrelationFunction  INFO     Analytically computing two-point counts R1R2.
[006617.51]  01-26 16:50  TwoPointCorrelationFunction  INFO     Correlation function computed in elapsed time 41.24 s.
[006617.51]  01-26 16:50  NaturalTwoPointEstimator     INFO     Saving /pscratch/sd/s/shengyu/galaxies/catalogs/Y3/AbacusHF-v2/Boxes/QSO/sn0p950/AbacusSummit_base_c000_ph014/mpspk/wplog_QSO_zp0.950_DR2_v1.0.npy.
[006617.51]  01-26 16:50  compute_2pt                  INFO     Save to /pscratch/sd/s/shengyu/galaxies/catalogs/Y3/AbacusHF-v2/Boxes/QSO/sn0p950/AbacusSummit_base_c000_ph014/mpspk/wplog_QSO_zp0.950_DR2_v1.0.npy
[006617.51]  01-26 16:50  compute_2pt                  INFO     Procceed {'version': 'AbacusHF-v2', 'domain': 'cubic', 'tracer': 'QSO', 'zsnap': 0.95, 'zrange': (0.8, 1.1), 'mock_id': 15, 'use_dv': 'False'}
[006617.51]  01-26 16:50  cat_tools                    INFO     Load /pscratch/sd/s/shengyu/galaxies/catalogs/Y3/AbacusHF-v2/Boxes/QSO/sn0p950/AbacusSummit_base_c000_ph015/abacus_HF_QSO_0p950_DR2_v2.0_AbacusSummit_base_c000_ph015_base_clustering.dat.h5
[006617.51]  01-26 16:50  FileStack                    INFO     Reading /pscratch/sd/s/shengyu/galaxies/catalogs/Y3/AbacusHF-v2/Boxes/QSO/sn0p950/AbacusSummit_base_c000_ph015/abacus_HF_QSO_0p950_DR2_v2.0_AbacusSummit_base_c000_ph015_base_clustering.dat.h5.
[006619.28]  01-26 16:50  TwoPointCorrelationFunction  INFO     Using estimator <class 'pycorr.twopoint_estimator.NaturalTwoPointEstimator'>.
[006619.28]  01-26 16:50  TwoPointCorrelationFunction  INFO     Running auto-correlation.
[006619.28]  01-26 16:50  TwoPointCorrelationFunction  INFO     Computing two-point counts D1D2.
[006876.85]  01-26 16:54  TwoPointCorrelationFunction  INFO     Analytically computing two-point counts R1R2.
[006876.86]  01-26 16:54  TwoPointCorrelationFunction  INFO     Correlation function computed in elapsed time 257.58 s.
[006876.86]  01-26 16:54  NaturalTwoPointEstimator     INFO     Saving /pscratch/sd/s/shengyu/galaxies/catalogs/Y3/AbacusHF-v2/Boxes/QSO/sn0p950/AbacusSummit_base_c000_ph015/mpspk/xipoles_QSO_zp0.950_DR2_v1.0.npy.
[006876.86]  01-26 16:54  compute_2pt                  INFO     Save to /pscratch/sd/s/shengyu/galaxies/catalogs/Y3/AbacusHF-v2/Boxes/QSO/sn0p950/AbacusSummit_base_c000_ph015/mpspk/xipoles_QSO_zp0.950_DR2_v1.0.npy
[006883.00]  01-26 16:54  CatalogFFTPower              INFO     Painting catalog 1 to mesh CatalogMesh(nmesh=[512 512 512], boxsize=[2000. 2000. 2000.], boxcenter=[999.99998709 999.99999926 999.9999747 ], dtype=float64).
[006883.57]  01-26 16:54  CatalogMesh                  INFO     Slab 0 ~ 4194304 / 45476493.
[006884.66]  01-26 16:54  CatalogMesh                  INFO     Painted 4194304 out of 45476493 objects to mesh.
[006884.66]  01-26 16:54  CatalogMesh                  INFO     Slab 4194304 ~ 8388608 / 45476493.
[006885.72]  01-26 16:54  CatalogMesh                  INFO     Painted 8388608 out of 45476493 objects to mesh.
[006885.73]  01-26 16:54  CatalogMesh                  INFO     Slab 8388608 ~ 12582912 / 45476493.
[006886.80]  01-26 16:54  CatalogMesh                  INFO     Painted 12582912 out of 45476493 objects to mesh.
[006886.80]  01-26 16:54  CatalogMesh                  INFO     Slab 12582912 ~ 16777216 / 45476493.
[006887.87]  01-26 16:55  CatalogMesh                  INFO     Painted 16777216 out of 45476493 objects to mesh.
[006887.87]  01-26 16:55  CatalogMesh                  INFO     Slab 16777216 ~ 20971520 / 45476493.
[006888.94]  01-26 16:55  CatalogMesh                  INFO     Painted 20971520 out of 45476493 objects to mesh.
[006888.94]  01-26 16:55  CatalogMesh                  INFO     Slab 20971520 ~ 25165824 / 45476493.
[006890.01]  01-26 16:55  CatalogMesh                  INFO     Painted 25165824 out of 45476493 objects to mesh.
[006890.01]  01-26 16:55  CatalogMesh                  INFO     Slab 25165824 ~ 29360128 / 45476493.
[006891.08]  01-26 16:55  CatalogMesh                  INFO     Painted 29360128 out of 45476493 objects to mesh.
[006891.08]  01-26 16:55  CatalogMesh                  INFO     Slab 29360128 ~ 33554432 / 45476493.
[006892.17]  01-26 16:55  CatalogMesh                  INFO     Painted 33554432 out of 45476493 objects to mesh.
[006892.17]  01-26 16:55  CatalogMesh                  INFO     Slab 33554432 ~ 37748736 / 45476493.
[006893.37]  01-26 16:55  CatalogMesh                  INFO     Painted 37748736 out of 45476493 objects to mesh.
[006893.37]  01-26 16:55  CatalogMesh                  INFO     Slab 37748736 ~ 41943040 / 45476493.
[006894.57]  01-26 16:55  CatalogMesh                  INFO     Painted 41943040 out of 45476493 objects to mesh.
[006894.57]  01-26 16:55  CatalogMesh                  INFO     Slab 41943040 ~ 46137344 / 45476493.
[006895.59]  01-26 16:55  CatalogMesh                  INFO     Painted 45476493 out of 45476493 objects to mesh.
[006895.59]  01-26 16:55  CatalogMesh                  INFO     Running interlacing at order 3.
[006897.99]  01-26 16:55  CatalogMesh                  INFO     Slab 0 ~ 4194304 / 45476493.
[006899.05]  01-26 16:55  CatalogMesh                  INFO     Painted 4194304 out of 45476493 objects to mesh.
[006899.05]  01-26 16:55  CatalogMesh                  INFO     Slab 4194304 ~ 8388608 / 45476493.
[006900.12]  01-26 16:55  CatalogMesh                  INFO     Painted 8388608 out of 45476493 objects to mesh.
[006900.12]  01-26 16:55  CatalogMesh                  INFO     Slab 8388608 ~ 12582912 / 45476493.
[006901.19]  01-26 16:55  CatalogMesh                  INFO     Painted 12582912 out of 45476493 objects to mesh.
[006901.19]  01-26 16:55  CatalogMesh                  INFO     Slab 12582912 ~ 16777216 / 45476493.
[006902.26]  01-26 16:55  CatalogMesh                  INFO     Painted 16777216 out of 45476493 objects to mesh.
[006902.26]  01-26 16:55  CatalogMesh                  INFO     Slab 16777216 ~ 20971520 / 45476493.
[006903.33]  01-26 16:55  CatalogMesh                  INFO     Painted 20971520 out of 45476493 objects to mesh.
[006903.33]  01-26 16:55  CatalogMesh                  INFO     Slab 20971520 ~ 25165824 / 45476493.
[006904.40]  01-26 16:55  CatalogMesh                  INFO     Painted 25165824 out of 45476493 objects to mesh.
[006904.40]  01-26 16:55  CatalogMesh                  INFO     Slab 25165824 ~ 29360128 / 45476493.
[006905.47]  01-26 16:55  CatalogMesh                  INFO     Painted 29360128 out of 45476493 objects to mesh.
[006905.47]  01-26 16:55  CatalogMesh                  INFO     Slab 29360128 ~ 33554432 / 45476493.
[006906.57]  01-26 16:55  CatalogMesh                  INFO     Painted 33554432 out of 45476493 objects to mesh.
[006906.57]  01-26 16:55  CatalogMesh                  INFO     Slab 33554432 ~ 37748736 / 45476493.
[006907.77]  01-26 16:55  CatalogMesh                  INFO     Painted 37748736 out of 45476493 objects to mesh.
[006907.77]  01-26 16:55  CatalogMesh                  INFO     Slab 37748736 ~ 41943040 / 45476493.
[006908.96]  01-26 16:55  CatalogMesh                  INFO     Painted 41943040 out of 45476493 objects to mesh.
[006908.97]  01-26 16:55  CatalogMesh                  INFO     Slab 41943040 ~ 46137344 / 45476493.
[006909.98]  01-26 16:55  CatalogMesh                  INFO     Painted 45476493 out of 45476493 objects to mesh.
[006913.93]  01-26 16:55  CatalogMesh                  INFO     Slab 0 ~ 4194304 / 45476493.
[006915.00]  01-26 16:55  CatalogMesh                  INFO     Painted 4194304 out of 45476493 objects to mesh.
[006915.01]  01-26 16:55  CatalogMesh                  INFO     Slab 4194304 ~ 8388608 / 45476493.
[006916.08]  01-26 16:55  CatalogMesh                  INFO     Painted 8388608 out of 45476493 objects to mesh.
[006916.08]  01-26 16:55  CatalogMesh                  INFO     Slab 8388608 ~ 12582912 / 45476493.
[006917.15]  01-26 16:55  CatalogMesh                  INFO     Painted 12582912 out of 45476493 objects to mesh.
[006917.15]  01-26 16:55  CatalogMesh                  INFO     Slab 12582912 ~ 16777216 / 45476493.
[006918.23]  01-26 16:55  CatalogMesh                  INFO     Painted 16777216 out of 45476493 objects to mesh.
[006918.24]  01-26 16:55  CatalogMesh                  INFO     Slab 16777216 ~ 20971520 / 45476493.
[006919.31]  01-26 16:55  CatalogMesh                  INFO     Painted 20971520 out of 45476493 objects to mesh.
[006919.31]  01-26 16:55  CatalogMesh                  INFO     Slab 20971520 ~ 25165824 / 45476493.
[006920.38]  01-26 16:55  CatalogMesh                  INFO     Painted 25165824 out of 45476493 objects to mesh.
[006920.38]  01-26 16:55  CatalogMesh                  INFO     Slab 25165824 ~ 29360128 / 45476493.
[006921.45]  01-26 16:55  CatalogMesh                  INFO     Painted 29360128 out of 45476493 objects to mesh.
[006921.45]  01-26 16:55  CatalogMesh                  INFO     Slab 29360128 ~ 33554432 / 45476493.
[006922.54]  01-26 16:55  CatalogMesh                  INFO     Painted 33554432 out of 45476493 objects to mesh.
[006922.54]  01-26 16:55  CatalogMesh                  INFO     Slab 33554432 ~ 37748736 / 45476493.
[006923.73]  01-26 16:55  CatalogMesh                  INFO     Painted 37748736 out of 45476493 objects to mesh.
[006923.73]  01-26 16:55  CatalogMesh                  INFO     Slab 37748736 ~ 41943040 / 45476493.
[006924.92]  01-26 16:55  CatalogMesh                  INFO     Painted 41943040 out of 45476493 objects to mesh.
[006924.92]  01-26 16:55  CatalogMesh                  INFO     Slab 41943040 ~ 46137344 / 45476493.
[006925.93]  01-26 16:55  CatalogMesh                  INFO     Painted 45476493 out of 45476493 objects to mesh.
[006931.43]  01-26 16:55  CatalogFFTPower              INFO     Done painting catalog 1 to mesh.
[006931.43]  01-26 16:55  CatalogFFTPower              INFO     Using 400 k-bins between 0.000 and 0.400.
[006931.43]  01-26 16:55  CatalogFFTPower              INFO     Meshes prepared in elapsed time 48.43 s.
[006931.43]  01-26 16:55  CatalogFFTPower              INFO     Running mesh calculation.
[006948.65]  01-26 16:56  CatalogFFTPower              INFO     Mesh calculations performed in elapsed time 17.22 s.
[006948.65]  01-26 16:56  CatalogFFTPower              INFO     Power spectrum computed in elapsed time 65.65 s.
[006948.65]  01-26 16:56  CatalogFFTPower              INFO     Saving /pscratch/sd/s/shengyu/galaxies/catalogs/Y3/AbacusHF-v2/Boxes/QSO/sn0p950/AbacusSummit_base_c000_ph015/mpspk/pkpoles_QSO_zp0.950_DR2_v1.0.npy.
[006948.66]  01-26 16:56  compute_2pt                  INFO     Save to /pscratch/sd/s/shengyu/galaxies/catalogs/Y3/AbacusHF-v2/Boxes/QSO/sn0p950/AbacusSummit_base_c000_ph015/mpspk/pkpoles_QSO_zp0.950_DR2_v1.0.npy
[006948.66]  01-26 16:56  TwoPointCorrelationFunction  INFO     Using estimator <class 'pycorr.twopoint_estimator.NaturalTwoPointEstimator'>.
[006948.66]  01-26 16:56  TwoPointCorrelationFunction  INFO     Running auto-correlation.
[006948.66]  01-26 16:56  TwoPointCorrelationFunction  INFO     Computing two-point counts D1D2.
[007000.42]  01-26 16:56  TwoPointCorrelationFunction  INFO     Analytically computing two-point counts R1R2.
[007000.42]  01-26 16:56  TwoPointCorrelationFunction  INFO     Correlation function computed in elapsed time 51.77 s.
[007000.42]  01-26 16:56  NaturalTwoPointEstimator     INFO     Saving /pscratch/sd/s/shengyu/galaxies/catalogs/Y3/AbacusHF-v2/Boxes/QSO/sn0p950/AbacusSummit_base_c000_ph015/mpspk/mpslog_QSO_zp0.950_DR2_v1.0.npy.
[007000.43]  01-26 16:56  compute_2pt                  INFO     Save to /pscratch/sd/s/shengyu/galaxies/catalogs/Y3/AbacusHF-v2/Boxes/QSO/sn0p950/AbacusSummit_base_c000_ph015/mpspk/mpslog_QSO_zp0.950_DR2_v1.0.npy
[007000.43]  01-26 16:56  TwoPointCorrelationFunction  INFO     Using estimator <class 'pycorr.twopoint_estimator.NaturalTwoPointEstimator'>.
[007000.43]  01-26 16:56  TwoPointCorrelationFunction  INFO     Running auto-correlation.
[007000.43]  01-26 16:56  TwoPointCorrelationFunction  INFO     Computing two-point counts D1D2.
[007041.64]  01-26 16:57  TwoPointCorrelationFunction  INFO     Analytically computing two-point counts R1R2.
[007041.64]  01-26 16:57  TwoPointCorrelationFunction  INFO     Correlation function computed in elapsed time 41.21 s.
[007041.64]  01-26 16:57  NaturalTwoPointEstimator     INFO     Saving /pscratch/sd/s/shengyu/galaxies/catalogs/Y3/AbacusHF-v2/Boxes/QSO/sn0p950/AbacusSummit_base_c000_ph015/mpspk/wplog_QSO_zp0.950_DR2_v1.0.npy.
[007041.64]  01-26 16:57  compute_2pt                  INFO     Save to /pscratch/sd/s/shengyu/galaxies/catalogs/Y3/AbacusHF-v2/Boxes/QSO/sn0p950/AbacusSummit_base_c000_ph015/mpspk/wplog_QSO_zp0.950_DR2_v1.0.npy
[007041.65]  01-26 16:57  compute_2pt                  INFO     Procceed {'version': 'AbacusHF-v2', 'domain': 'cubic', 'tracer': 'QSO', 'zsnap': 0.95, 'zrange': (0.8, 1.1), 'mock_id': 16, 'use_dv': 'False'}
[007041.65]  01-26 16:57  cat_tools                    INFO     Load /pscratch/sd/s/shengyu/galaxies/catalogs/Y3/AbacusHF-v2/Boxes/QSO/sn0p950/AbacusSummit_base_c000_ph016/abacus_HF_QSO_0p950_DR2_v2.0_AbacusSummit_base_c000_ph016_base_clustering.dat.h5
[007041.65]  01-26 16:57  FileStack                    INFO     Reading /pscratch/sd/s/shengyu/galaxies/catalogs/Y3/AbacusHF-v2/Boxes/QSO/sn0p950/AbacusSummit_base_c000_ph016/abacus_HF_QSO_0p950_DR2_v2.0_AbacusSummit_base_c000_ph016_base_clustering.dat.h5.
[007043.42]  01-26 16:57  TwoPointCorrelationFunction  INFO     Using estimator <class 'pycorr.twopoint_estimator.NaturalTwoPointEstimator'>.
[007043.42]  01-26 16:57  TwoPointCorrelationFunction  INFO     Running auto-correlation.
[007043.42]  01-26 16:57  TwoPointCorrelationFunction  INFO     Computing two-point counts D1D2.
[007304.13]  01-26 17:01  TwoPointCorrelationFunction  INFO     Analytically computing two-point counts R1R2.
[007304.13]  01-26 17:01  TwoPointCorrelationFunction  INFO     Correlation function computed in elapsed time 260.72 s.
[007304.13]  01-26 17:01  NaturalTwoPointEstimator     INFO     Saving /pscratch/sd/s/shengyu/galaxies/catalogs/Y3/AbacusHF-v2/Boxes/QSO/sn0p950/AbacusSummit_base_c000_ph016/mpspk/xipoles_QSO_zp0.950_DR2_v1.0.npy.
[007304.14]  01-26 17:01  compute_2pt                  INFO     Save to /pscratch/sd/s/shengyu/galaxies/catalogs/Y3/AbacusHF-v2/Boxes/QSO/sn0p950/AbacusSummit_base_c000_ph016/mpspk/xipoles_QSO_zp0.950_DR2_v1.0.npy
[007310.27]  01-26 17:02  CatalogFFTPower              INFO     Painting catalog 1 to mesh CatalogMesh(nmesh=[512 512 512], boxsize=[2000. 2000. 2000.], boxcenter=[999.99998302 999.99998994 999.9999917 ], dtype=float64).
[007310.84]  01-26 17:02  CatalogMesh                  INFO     Slab 0 ~ 4194304 / 45478493.
[007311.92]  01-26 17:02  CatalogMesh                  INFO     Painted 4194304 out of 45478493 objects to mesh.
[007311.92]  01-26 17:02  CatalogMesh                  INFO     Slab 4194304 ~ 8388608 / 45478493.
[007312.99]  01-26 17:02  CatalogMesh                  INFO     Painted 8388608 out of 45478493 objects to mesh.
[007312.99]  01-26 17:02  CatalogMesh                  INFO     Slab 8388608 ~ 12582912 / 45478493.
[007314.06]  01-26 17:02  CatalogMesh                  INFO     Painted 12582912 out of 45478493 objects to mesh.
[007314.06]  01-26 17:02  CatalogMesh                  INFO     Slab 12582912 ~ 16777216 / 45478493.
[007315.13]  01-26 17:02  CatalogMesh                  INFO     Painted 16777216 out of 45478493 objects to mesh.
[007315.13]  01-26 17:02  CatalogMesh                  INFO     Slab 16777216 ~ 20971520 / 45478493.
[007316.20]  01-26 17:02  CatalogMesh                  INFO     Painted 20971520 out of 45478493 objects to mesh.
[007316.20]  01-26 17:02  CatalogMesh                  INFO     Slab 20971520 ~ 25165824 / 45478493.
[007317.27]  01-26 17:02  CatalogMesh                  INFO     Painted 25165824 out of 45478493 objects to mesh.
[007317.27]  01-26 17:02  CatalogMesh                  INFO     Slab 25165824 ~ 29360128 / 45478493.
[007318.35]  01-26 17:02  CatalogMesh                  INFO     Painted 29360128 out of 45478493 objects to mesh.
[007318.35]  01-26 17:02  CatalogMesh                  INFO     Slab 29360128 ~ 33554432 / 45478493.
[007319.44]  01-26 17:02  CatalogMesh                  INFO     Painted 33554432 out of 45478493 objects to mesh.
[007319.44]  01-26 17:02  CatalogMesh                  INFO     Slab 33554432 ~ 37748736 / 45478493.
[007320.63]  01-26 17:02  CatalogMesh                  INFO     Painted 37748736 out of 45478493 objects to mesh.
[007320.63]  01-26 17:02  CatalogMesh                  INFO     Slab 37748736 ~ 41943040 / 45478493.
[007321.82]  01-26 17:02  CatalogMesh                  INFO     Painted 41943040 out of 45478493 objects to mesh.
[007321.82]  01-26 17:02  CatalogMesh                  INFO     Slab 41943040 ~ 46137344 / 45478493.
[007322.83]  01-26 17:02  CatalogMesh                  INFO     Painted 45478493 out of 45478493 objects to mesh.
[007322.84]  01-26 17:02  CatalogMesh                  INFO     Running interlacing at order 3.
[007325.23]  01-26 17:02  CatalogMesh                  INFO     Slab 0 ~ 4194304 / 45478493.
[007326.30]  01-26 17:02  CatalogMesh                  INFO     Painted 4194304 out of 45478493 objects to mesh.
[007326.30]  01-26 17:02  CatalogMesh                  INFO     Slab 4194304 ~ 8388608 / 45478493.
[007327.36]  01-26 17:02  CatalogMesh                  INFO     Painted 8388608 out of 45478493 objects to mesh.
[007327.36]  01-26 17:02  CatalogMesh                  INFO     Slab 8388608 ~ 12582912 / 45478493.
[007328.43]  01-26 17:02  CatalogMesh                  INFO     Painted 12582912 out of 45478493 objects to mesh.
[007328.43]  01-26 17:02  CatalogMesh                  INFO     Slab 12582912 ~ 16777216 / 45478493.
[007329.50]  01-26 17:02  CatalogMesh                  INFO     Painted 16777216 out of 45478493 objects to mesh.
[007329.50]  01-26 17:02  CatalogMesh                  INFO     Slab 16777216 ~ 20971520 / 45478493.
[007330.58]  01-26 17:02  CatalogMesh                  INFO     Painted 20971520 out of 45478493 objects to mesh.
[007330.58]  01-26 17:02  CatalogMesh                  INFO     Slab 20971520 ~ 25165824 / 45478493.
[007331.65]  01-26 17:02  CatalogMesh                  INFO     Painted 25165824 out of 45478493 objects to mesh.
[007331.65]  01-26 17:02  CatalogMesh                  INFO     Slab 25165824 ~ 29360128 / 45478493.
[007332.71]  01-26 17:02  CatalogMesh                  INFO     Painted 29360128 out of 45478493 objects to mesh.
[007332.71]  01-26 17:02  CatalogMesh                  INFO     Slab 29360128 ~ 33554432 / 45478493.
[007333.80]  01-26 17:02  CatalogMesh                  INFO     Painted 33554432 out of 45478493 objects to mesh.
[007333.80]  01-26 17:02  CatalogMesh                  INFO     Slab 33554432 ~ 37748736 / 45478493.
[007334.99]  01-26 17:02  CatalogMesh                  INFO     Painted 37748736 out of 45478493 objects to mesh.
[007334.99]  01-26 17:02  CatalogMesh                  INFO     Slab 37748736 ~ 41943040 / 45478493.
[007336.19]  01-26 17:02  CatalogMesh                  INFO     Painted 41943040 out of 45478493 objects to mesh.
[007336.19]  01-26 17:02  CatalogMesh                  INFO     Slab 41943040 ~ 46137344 / 45478493.
[007337.20]  01-26 17:02  CatalogMesh                  INFO     Painted 45478493 out of 45478493 objects to mesh.
[007341.15]  01-26 17:02  CatalogMesh                  INFO     Slab 0 ~ 4194304 / 45478493.
[007342.22]  01-26 17:02  CatalogMesh                  INFO     Painted 4194304 out of 45478493 objects to mesh.
[007342.22]  01-26 17:02  CatalogMesh                  INFO     Slab 4194304 ~ 8388608 / 45478493.
[007343.30]  01-26 17:02  CatalogMesh                  INFO     Painted 8388608 out of 45478493 objects to mesh.
[007343.30]  01-26 17:02  CatalogMesh                  INFO     Slab 8388608 ~ 12582912 / 45478493.
[007344.36]  01-26 17:02  CatalogMesh                  INFO     Painted 12582912 out of 45478493 objects to mesh.
[007344.36]  01-26 17:02  CatalogMesh                  INFO     Slab 12582912 ~ 16777216 / 45478493.
[007345.43]  01-26 17:02  CatalogMesh                  INFO     Painted 16777216 out of 45478493 objects to mesh.
[007345.43]  01-26 17:02  CatalogMesh                  INFO     Slab 16777216 ~ 20971520 / 45478493.
[007346.50]  01-26 17:02  CatalogMesh                  INFO     Painted 20971520 out of 45478493 objects to mesh.
[007346.50]  01-26 17:02  CatalogMesh                  INFO     Slab 20971520 ~ 25165824 / 45478493.
[007347.56]  01-26 17:02  CatalogMesh                  INFO     Painted 25165824 out of 45478493 objects to mesh.
[007347.57]  01-26 17:02  CatalogMesh                  INFO     Slab 25165824 ~ 29360128 / 45478493.
[007348.63]  01-26 17:02  CatalogMesh                  INFO     Painted 29360128 out of 45478493 objects to mesh.
[007348.63]  01-26 17:02  CatalogMesh                  INFO     Slab 29360128 ~ 33554432 / 45478493.
[007349.72]  01-26 17:02  CatalogMesh                  INFO     Painted 33554432 out of 45478493 objects to mesh.
[007349.72]  01-26 17:02  CatalogMesh                  INFO     Slab 33554432 ~ 37748736 / 45478493.
[007350.91]  01-26 17:02  CatalogMesh                  INFO     Painted 37748736 out of 45478493 objects to mesh.
[007350.91]  01-26 17:02  CatalogMesh                  INFO     Slab 37748736 ~ 41943040 / 45478493.
[007352.11]  01-26 17:02  CatalogMesh                  INFO     Painted 41943040 out of 45478493 objects to mesh.
[007352.11]  01-26 17:02  CatalogMesh                  INFO     Slab 41943040 ~ 46137344 / 45478493.
[007353.12]  01-26 17:02  CatalogMesh                  INFO     Painted 45478493 out of 45478493 objects to mesh.
[007358.63]  01-26 17:02  CatalogFFTPower              INFO     Done painting catalog 1 to mesh.
[007358.63]  01-26 17:02  CatalogFFTPower              INFO     Using 400 k-bins between 0.000 and 0.400.
[007358.63]  01-26 17:02  CatalogFFTPower              INFO     Meshes prepared in elapsed time 48.36 s.
[007358.63]  01-26 17:02  CatalogFFTPower              INFO     Running mesh calculation.
[007375.81]  01-26 17:03  CatalogFFTPower              INFO     Mesh calculations performed in elapsed time 17.18 s.
[007375.81]  01-26 17:03  CatalogFFTPower              INFO     Power spectrum computed in elapsed time 65.54 s.
[007375.81]  01-26 17:03  CatalogFFTPower              INFO     Saving /pscratch/sd/s/shengyu/galaxies/catalogs/Y3/AbacusHF-v2/Boxes/QSO/sn0p950/AbacusSummit_base_c000_ph016/mpspk/pkpoles_QSO_zp0.950_DR2_v1.0.npy.
[007375.81]  01-26 17:03  compute_2pt                  INFO     Save to /pscratch/sd/s/shengyu/galaxies/catalogs/Y3/AbacusHF-v2/Boxes/QSO/sn0p950/AbacusSummit_base_c000_ph016/mpspk/pkpoles_QSO_zp0.950_DR2_v1.0.npy
[007375.81]  01-26 17:03  TwoPointCorrelationFunction  INFO     Using estimator <class 'pycorr.twopoint_estimator.NaturalTwoPointEstimator'>.
[007375.81]  01-26 17:03  TwoPointCorrelationFunction  INFO     Running auto-correlation.
[007375.81]  01-26 17:03  TwoPointCorrelationFunction  INFO     Computing two-point counts D1D2.
[007432.39]  01-26 17:04  TwoPointCorrelationFunction  INFO     Analytically computing two-point counts R1R2.
[007432.39]  01-26 17:04  TwoPointCorrelationFunction  INFO     Correlation function computed in elapsed time 56.58 s.
[007432.39]  01-26 17:04  NaturalTwoPointEstimator     INFO     Saving /pscratch/sd/s/shengyu/galaxies/catalogs/Y3/AbacusHF-v2/Boxes/QSO/sn0p950/AbacusSummit_base_c000_ph016/mpspk/mpslog_QSO_zp0.950_DR2_v1.0.npy.
[007432.40]  01-26 17:04  compute_2pt                  INFO     Save to /pscratch/sd/s/shengyu/galaxies/catalogs/Y3/AbacusHF-v2/Boxes/QSO/sn0p950/AbacusSummit_base_c000_ph016/mpspk/mpslog_QSO_zp0.950_DR2_v1.0.npy
[007432.40]  01-26 17:04  TwoPointCorrelationFunction  INFO     Using estimator <class 'pycorr.twopoint_estimator.NaturalTwoPointEstimator'>.
[007432.40]  01-26 17:04  TwoPointCorrelationFunction  INFO     Running auto-correlation.
[007432.40]  01-26 17:04  TwoPointCorrelationFunction  INFO     Computing two-point counts D1D2.
[007473.51]  01-26 17:04  TwoPointCorrelationFunction  INFO     Analytically computing two-point counts R1R2.
[007473.52]  01-26 17:04  TwoPointCorrelationFunction  INFO     Correlation function computed in elapsed time 41.12 s.
[007473.52]  01-26 17:04  NaturalTwoPointEstimator     INFO     Saving /pscratch/sd/s/shengyu/galaxies/catalogs/Y3/AbacusHF-v2/Boxes/QSO/sn0p950/AbacusSummit_base_c000_ph016/mpspk/wplog_QSO_zp0.950_DR2_v1.0.npy.
[007473.52]  01-26 17:04  compute_2pt                  INFO     Save to /pscratch/sd/s/shengyu/galaxies/catalogs/Y3/AbacusHF-v2/Boxes/QSO/sn0p950/AbacusSummit_base_c000_ph016/mpspk/wplog_QSO_zp0.950_DR2_v1.0.npy
[007473.52]  01-26 17:04  compute_2pt                  INFO     Procceed {'version': 'AbacusHF-v2', 'domain': 'cubic', 'tracer': 'QSO', 'zsnap': 0.95, 'zrange': (0.8, 1.1), 'mock_id': 17, 'use_dv': 'False'}
[007473.52]  01-26 17:04  cat_tools                    INFO     Load /pscratch/sd/s/shengyu/galaxies/catalogs/Y3/AbacusHF-v2/Boxes/QSO/sn0p950/AbacusSummit_base_c000_ph017/abacus_HF_QSO_0p950_DR2_v2.0_AbacusSummit_base_c000_ph017_base_clustering.dat.h5
[007473.52]  01-26 17:04  FileStack                    INFO     Reading /pscratch/sd/s/shengyu/galaxies/catalogs/Y3/AbacusHF-v2/Boxes/QSO/sn0p950/AbacusSummit_base_c000_ph017/abacus_HF_QSO_0p950_DR2_v2.0_AbacusSummit_base_c000_ph017_base_clustering.dat.h5.
[007475.29]  01-26 17:04  TwoPointCorrelationFunction  INFO     Using estimator <class 'pycorr.twopoint_estimator.NaturalTwoPointEstimator'>.
[007475.29]  01-26 17:04  TwoPointCorrelationFunction  INFO     Running auto-correlation.
[007475.29]  01-26 17:04  TwoPointCorrelationFunction  INFO     Computing two-point counts D1D2.
[007734.08]  01-26 17:09  TwoPointCorrelationFunction  INFO     Analytically computing two-point counts R1R2.
[007734.08]  01-26 17:09  TwoPointCorrelationFunction  INFO     Correlation function computed in elapsed time 258.79 s.
[007734.08]  01-26 17:09  NaturalTwoPointEstimator     INFO     Saving /pscratch/sd/s/shengyu/galaxies/catalogs/Y3/AbacusHF-v2/Boxes/QSO/sn0p950/AbacusSummit_base_c000_ph017/mpspk/xipoles_QSO_zp0.950_DR2_v1.0.npy.
[007734.09]  01-26 17:09  compute_2pt                  INFO     Save to /pscratch/sd/s/shengyu/galaxies/catalogs/Y3/AbacusHF-v2/Boxes/QSO/sn0p950/AbacusSummit_base_c000_ph017/mpspk/xipoles_QSO_zp0.950_DR2_v1.0.npy
[007740.24]  01-26 17:09  CatalogFFTPower              INFO     Painting catalog 1 to mesh CatalogMesh(nmesh=[512 512 512], boxsize=[2000. 2000. 2000.], boxcenter=[1000.0000125   999.99994256  999.99995552], dtype=float64).
[007740.81]  01-26 17:09  CatalogMesh                  INFO     Slab 0 ~ 4194304 / 45495773.
[007741.90]  01-26 17:09  CatalogMesh                  INFO     Painted 4194304 out of 45495773 objects to mesh.
[007741.90]  01-26 17:09  CatalogMesh                  INFO     Slab 4194304 ~ 8388608 / 45495773.
[007742.97]  01-26 17:09  CatalogMesh                  INFO     Painted 8388608 out of 45495773 objects to mesh.
[007742.97]  01-26 17:09  CatalogMesh                  INFO     Slab 8388608 ~ 12582912 / 45495773.
[007744.04]  01-26 17:09  CatalogMesh                  INFO     Painted 12582912 out of 45495773 objects to mesh.
[007744.04]  01-26 17:09  CatalogMesh                  INFO     Slab 12582912 ~ 16777216 / 45495773.
[007745.12]  01-26 17:09  CatalogMesh                  INFO     Painted 16777216 out of 45495773 objects to mesh.
[007745.12]  01-26 17:09  CatalogMesh                  INFO     Slab 16777216 ~ 20971520 / 45495773.
[007746.19]  01-26 17:09  CatalogMesh                  INFO     Painted 20971520 out of 45495773 objects to mesh.
[007746.19]  01-26 17:09  CatalogMesh                  INFO     Slab 20971520 ~ 25165824 / 45495773.
[007747.26]  01-26 17:09  CatalogMesh                  INFO     Painted 25165824 out of 45495773 objects to mesh.
[007747.26]  01-26 17:09  CatalogMesh                  INFO     Slab 25165824 ~ 29360128 / 45495773.
[007748.33]  01-26 17:09  CatalogMesh                  INFO     Painted 29360128 out of 45495773 objects to mesh.
[007748.33]  01-26 17:09  CatalogMesh                  INFO     Slab 29360128 ~ 33554432 / 45495773.
[007749.41]  01-26 17:09  CatalogMesh                  INFO     Painted 33554432 out of 45495773 objects to mesh.
[007749.41]  01-26 17:09  CatalogMesh                  INFO     Slab 33554432 ~ 37748736 / 45495773.
[007750.61]  01-26 17:09  CatalogMesh                  INFO     Painted 37748736 out of 45495773 objects to mesh.
[007750.61]  01-26 17:09  CatalogMesh                  INFO     Slab 37748736 ~ 41943040 / 45495773.
[007751.80]  01-26 17:09  CatalogMesh                  INFO     Painted 41943040 out of 45495773 objects to mesh.
[007751.80]  01-26 17:09  CatalogMesh                  INFO     Slab 41943040 ~ 46137344 / 45495773.
[007752.83]  01-26 17:09  CatalogMesh                  INFO     Painted 45495773 out of 45495773 objects to mesh.
[007752.83]  01-26 17:09  CatalogMesh                  INFO     Running interlacing at order 3.
[007755.23]  01-26 17:09  CatalogMesh                  INFO     Slab 0 ~ 4194304 / 45495773.
[007756.30]  01-26 17:09  CatalogMesh                  INFO     Painted 4194304 out of 45495773 objects to mesh.
[007756.30]  01-26 17:09  CatalogMesh                  INFO     Slab 4194304 ~ 8388608 / 45495773.
[007757.37]  01-26 17:09  CatalogMesh                  INFO     Painted 8388608 out of 45495773 objects to mesh.
[007757.37]  01-26 17:09  CatalogMesh                  INFO     Slab 8388608 ~ 12582912 / 45495773.
[007758.44]  01-26 17:09  CatalogMesh                  INFO     Painted 12582912 out of 45495773 objects to mesh.
[007758.44]  01-26 17:09  CatalogMesh                  INFO     Slab 12582912 ~ 16777216 / 45495773.
[007759.51]  01-26 17:09  CatalogMesh                  INFO     Painted 16777216 out of 45495773 objects to mesh.
[007759.52]  01-26 17:09  CatalogMesh                  INFO     Slab 16777216 ~ 20971520 / 45495773.
[007760.58]  01-26 17:09  CatalogMesh                  INFO     Painted 20971520 out of 45495773 objects to mesh.
[007760.58]  01-26 17:09  CatalogMesh                  INFO     Slab 20971520 ~ 25165824 / 45495773.
[007761.65]  01-26 17:09  CatalogMesh                  INFO     Painted 25165824 out of 45495773 objects to mesh.
[007761.65]  01-26 17:09  CatalogMesh                  INFO     Slab 25165824 ~ 29360128 / 45495773.
[007762.72]  01-26 17:09  CatalogMesh                  INFO     Painted 29360128 out of 45495773 objects to mesh.
[007762.72]  01-26 17:09  CatalogMesh                  INFO     Slab 29360128 ~ 33554432 / 45495773.
[007763.81]  01-26 17:09  CatalogMesh                  INFO     Painted 33554432 out of 45495773 objects to mesh.
[007763.81]  01-26 17:09  CatalogMesh                  INFO     Slab 33554432 ~ 37748736 / 45495773.
[007765.01]  01-26 17:09  CatalogMesh                  INFO     Painted 37748736 out of 45495773 objects to mesh.
[007765.01]  01-26 17:09  CatalogMesh                  INFO     Slab 37748736 ~ 41943040 / 45495773.
[007766.21]  01-26 17:09  CatalogMesh                  INFO     Painted 41943040 out of 45495773 objects to mesh.
[007766.21]  01-26 17:09  CatalogMesh                  INFO     Slab 41943040 ~ 46137344 / 45495773.
[007767.23]  01-26 17:09  CatalogMesh                  INFO     Painted 45495773 out of 45495773 objects to mesh.
[007771.18]  01-26 17:09  CatalogMesh                  INFO     Slab 0 ~ 4194304 / 45495773.
[007772.25]  01-26 17:09  CatalogMesh                  INFO     Painted 4194304 out of 45495773 objects to mesh.
[007772.25]  01-26 17:09  CatalogMesh                  INFO     Slab 4194304 ~ 8388608 / 45495773.
[007773.33]  01-26 17:09  CatalogMesh                  INFO     Painted 8388608 out of 45495773 objects to mesh.
[007773.33]  01-26 17:09  CatalogMesh                  INFO     Slab 8388608 ~ 12582912 / 45495773.
[007774.40]  01-26 17:09  CatalogMesh                  INFO     Painted 12582912 out of 45495773 objects to mesh.
[007774.40]  01-26 17:09  CatalogMesh                  INFO     Slab 12582912 ~ 16777216 / 45495773.
[007775.48]  01-26 17:09  CatalogMesh                  INFO     Painted 16777216 out of 45495773 objects to mesh.
[007775.48]  01-26 17:09  CatalogMesh                  INFO     Slab 16777216 ~ 20971520 / 45495773.
[007776.55]  01-26 17:09  CatalogMesh                  INFO     Painted 20971520 out of 45495773 objects to mesh.
[007776.55]  01-26 17:09  CatalogMesh                  INFO     Slab 20971520 ~ 25165824 / 45495773.
[007777.63]  01-26 17:09  CatalogMesh                  INFO     Painted 25165824 out of 45495773 objects to mesh.
[007777.63]  01-26 17:09  CatalogMesh                  INFO     Slab 25165824 ~ 29360128 / 45495773.
[007778.70]  01-26 17:09  CatalogMesh                  INFO     Painted 29360128 out of 45495773 objects to mesh.
[007778.70]  01-26 17:09  CatalogMesh                  INFO     Slab 29360128 ~ 33554432 / 45495773.
[007779.79]  01-26 17:09  CatalogMesh                  INFO     Painted 33554432 out of 45495773 objects to mesh.
[007779.79]  01-26 17:09  CatalogMesh                  INFO     Slab 33554432 ~ 37748736 / 45495773.
[007781.00]  01-26 17:09  CatalogMesh                  INFO     Painted 37748736 out of 45495773 objects to mesh.
[007781.00]  01-26 17:09  CatalogMesh                  INFO     Slab 37748736 ~ 41943040 / 45495773.
[007782.20]  01-26 17:09  CatalogMesh                  INFO     Painted 41943040 out of 45495773 objects to mesh.
[007782.20]  01-26 17:09  CatalogMesh                  INFO     Slab 41943040 ~ 46137344 / 45495773.
[007783.22]  01-26 17:09  CatalogMesh                  INFO     Painted 45495773 out of 45495773 objects to mesh.
[007788.72]  01-26 17:10  CatalogFFTPower              INFO     Done painting catalog 1 to mesh.
[007788.72]  01-26 17:10  CatalogFFTPower              INFO     Using 400 k-bins between 0.000 and 0.400.
[007788.73]  01-26 17:10  CatalogFFTPower              INFO     Meshes prepared in elapsed time 48.49 s.
[007788.73]  01-26 17:10  CatalogFFTPower              INFO     Running mesh calculation.
[007806.02]  01-26 17:10  CatalogFFTPower              INFO     Mesh calculations performed in elapsed time 17.29 s.
[007806.02]  01-26 17:10  CatalogFFTPower              INFO     Power spectrum computed in elapsed time 65.78 s.
[007806.02]  01-26 17:10  CatalogFFTPower              INFO     Saving /pscratch/sd/s/shengyu/galaxies/catalogs/Y3/AbacusHF-v2/Boxes/QSO/sn0p950/AbacusSummit_base_c000_ph017/mpspk/pkpoles_QSO_zp0.950_DR2_v1.0.npy.
[007806.02]  01-26 17:10  compute_2pt                  INFO     Save to /pscratch/sd/s/shengyu/galaxies/catalogs/Y3/AbacusHF-v2/Boxes/QSO/sn0p950/AbacusSummit_base_c000_ph017/mpspk/pkpoles_QSO_zp0.950_DR2_v1.0.npy
[007806.02]  01-26 17:10  TwoPointCorrelationFunction  INFO     Using estimator <class 'pycorr.twopoint_estimator.NaturalTwoPointEstimator'>.
[007806.02]  01-26 17:10  TwoPointCorrelationFunction  INFO     Running auto-correlation.
[007806.02]  01-26 17:10  TwoPointCorrelationFunction  INFO     Computing two-point counts D1D2.
[007865.73]  01-26 17:11  TwoPointCorrelationFunction  INFO     Analytically computing two-point counts R1R2.
[007865.74]  01-26 17:11  TwoPointCorrelationFunction  INFO     Correlation function computed in elapsed time 59.72 s.
[007865.74]  01-26 17:11  NaturalTwoPointEstimator     INFO     Saving /pscratch/sd/s/shengyu/galaxies/catalogs/Y3/AbacusHF-v2/Boxes/QSO/sn0p950/AbacusSummit_base_c000_ph017/mpspk/mpslog_QSO_zp0.950_DR2_v1.0.npy.
[007865.74]  01-26 17:11  compute_2pt                  INFO     Save to /pscratch/sd/s/shengyu/galaxies/catalogs/Y3/AbacusHF-v2/Boxes/QSO/sn0p950/AbacusSummit_base_c000_ph017/mpspk/mpslog_QSO_zp0.950_DR2_v1.0.npy
[007865.74]  01-26 17:11  TwoPointCorrelationFunction  INFO     Using estimator <class 'pycorr.twopoint_estimator.NaturalTwoPointEstimator'>.
[007865.74]  01-26 17:11  TwoPointCorrelationFunction  INFO     Running auto-correlation.
[007865.74]  01-26 17:11  TwoPointCorrelationFunction  INFO     Computing two-point counts D1D2.
[007906.92]  01-26 17:11  TwoPointCorrelationFunction  INFO     Analytically computing two-point counts R1R2.
[007906.92]  01-26 17:11  TwoPointCorrelationFunction  INFO     Correlation function computed in elapsed time 41.18 s.
[007906.92]  01-26 17:11  NaturalTwoPointEstimator     INFO     Saving /pscratch/sd/s/shengyu/galaxies/catalogs/Y3/AbacusHF-v2/Boxes/QSO/sn0p950/AbacusSummit_base_c000_ph017/mpspk/wplog_QSO_zp0.950_DR2_v1.0.npy.
[007906.93]  01-26 17:11  compute_2pt                  INFO     Save to /pscratch/sd/s/shengyu/galaxies/catalogs/Y3/AbacusHF-v2/Boxes/QSO/sn0p950/AbacusSummit_base_c000_ph017/mpspk/wplog_QSO_zp0.950_DR2_v1.0.npy
[007906.93]  01-26 17:11  compute_2pt                  INFO     Procceed {'version': 'AbacusHF-v2', 'domain': 'cubic', 'tracer': 'QSO', 'zsnap': 0.95, 'zrange': (0.8, 1.1), 'mock_id': 18, 'use_dv': 'False'}
[007906.93]  01-26 17:11  cat_tools                    INFO     Load /pscratch/sd/s/shengyu/galaxies/catalogs/Y3/AbacusHF-v2/Boxes/QSO/sn0p950/AbacusSummit_base_c000_ph018/abacus_HF_QSO_0p950_DR2_v2.0_AbacusSummit_base_c000_ph018_base_clustering.dat.h5
[007906.93]  01-26 17:11  FileStack                    INFO     Reading /pscratch/sd/s/shengyu/galaxies/catalogs/Y3/AbacusHF-v2/Boxes/QSO/sn0p950/AbacusSummit_base_c000_ph018/abacus_HF_QSO_0p950_DR2_v2.0_AbacusSummit_base_c000_ph018_base_clustering.dat.h5.
[007908.70]  01-26 17:12  TwoPointCorrelationFunction  INFO     Using estimator <class 'pycorr.twopoint_estimator.NaturalTwoPointEstimator'>.
[007908.70]  01-26 17:12  TwoPointCorrelationFunction  INFO     Running auto-correlation.
[007908.70]  01-26 17:12  TwoPointCorrelationFunction  INFO     Computing two-point counts D1D2.
[008170.05]  01-26 17:16  TwoPointCorrelationFunction  INFO     Analytically computing two-point counts R1R2.
[008170.06]  01-26 17:16  TwoPointCorrelationFunction  INFO     Correlation function computed in elapsed time 261.36 s.
[008170.06]  01-26 17:16  NaturalTwoPointEstimator     INFO     Saving /pscratch/sd/s/shengyu/galaxies/catalogs/Y3/AbacusHF-v2/Boxes/QSO/sn0p950/AbacusSummit_base_c000_ph018/mpspk/xipoles_QSO_zp0.950_DR2_v1.0.npy.
[008170.06]  01-26 17:16  compute_2pt                  INFO     Save to /pscratch/sd/s/shengyu/galaxies/catalogs/Y3/AbacusHF-v2/Boxes/QSO/sn0p950/AbacusSummit_base_c000_ph018/mpspk/xipoles_QSO_zp0.950_DR2_v1.0.npy
[008176.69]  01-26 17:16  CatalogFFTPower              INFO     Painting catalog 1 to mesh CatalogMesh(nmesh=[512 512 512], boxsize=[2000. 2000. 2000.], boxcenter=[999.99999013 999.99999411 999.99995678], dtype=float64).
[008177.29]  01-26 17:16  CatalogMesh                  INFO     Slab 0 ~ 4194304 / 45532026.
[008178.46]  01-26 17:16  CatalogMesh                  INFO     Painted 4194304 out of 45532026 objects to mesh.
[008178.46]  01-26 17:16  CatalogMesh                  INFO     Slab 4194304 ~ 8388608 / 45532026.
[008179.60]  01-26 17:16  CatalogMesh                  INFO     Painted 8388608 out of 45532026 objects to mesh.
[008179.61]  01-26 17:16  CatalogMesh                  INFO     Slab 8388608 ~ 12582912 / 45532026.
[008180.76]  01-26 17:16  CatalogMesh                  INFO     Painted 12582912 out of 45532026 objects to mesh.
[008180.76]  01-26 17:16  CatalogMesh                  INFO     Slab 12582912 ~ 16777216 / 45532026.
[008181.91]  01-26 17:16  CatalogMesh                  INFO     Painted 16777216 out of 45532026 objects to mesh.
[008181.91]  01-26 17:16  CatalogMesh                  INFO     Slab 16777216 ~ 20971520 / 45532026.
[008183.07]  01-26 17:16  CatalogMesh                  INFO     Painted 20971520 out of 45532026 objects to mesh.
[008183.07]  01-26 17:16  CatalogMesh                  INFO     Slab 20971520 ~ 25165824 / 45532026.
[008184.22]  01-26 17:16  CatalogMesh                  INFO     Painted 25165824 out of 45532026 objects to mesh.
[008184.22]  01-26 17:16  CatalogMesh                  INFO     Slab 25165824 ~ 29360128 / 45532026.
[008185.38]  01-26 17:16  CatalogMesh                  INFO     Painted 29360128 out of 45532026 objects to mesh.
[008185.38]  01-26 17:16  CatalogMesh                  INFO     Slab 29360128 ~ 33554432 / 45532026.
[008186.55]  01-26 17:16  CatalogMesh                  INFO     Painted 33554432 out of 45532026 objects to mesh.
[008186.55]  01-26 17:16  CatalogMesh                  INFO     Slab 33554432 ~ 37748736 / 45532026.
[008187.82]  01-26 17:16  CatalogMesh                  INFO     Painted 37748736 out of 45532026 objects to mesh.
[008187.82]  01-26 17:16  CatalogMesh                  INFO     Slab 37748736 ~ 41943040 / 45532026.
[008189.05]  01-26 17:16  CatalogMesh                  INFO     Painted 41943040 out of 45532026 objects to mesh.
[008189.05]  01-26 17:16  CatalogMesh                  INFO     Slab 41943040 ~ 46137344 / 45532026.
[008190.08]  01-26 17:16  CatalogMesh                  INFO     Painted 45532026 out of 45532026 objects to mesh.
[008190.08]  01-26 17:16  CatalogMesh                  INFO     Running interlacing at order 3.
[008192.48]  01-26 17:16  CatalogMesh                  INFO     Slab 0 ~ 4194304 / 45532026.
[008193.56]  01-26 17:16  CatalogMesh                  INFO     Painted 4194304 out of 45532026 objects to mesh.
[008193.56]  01-26 17:16  CatalogMesh                  INFO     Slab 4194304 ~ 8388608 / 45532026.
[008194.64]  01-26 17:16  CatalogMesh                  INFO     Painted 8388608 out of 45532026 objects to mesh.
[008194.64]  01-26 17:16  CatalogMesh                  INFO     Slab 8388608 ~ 12582912 / 45532026.
[008195.71]  01-26 17:16  CatalogMesh                  INFO     Painted 12582912 out of 45532026 objects to mesh.
[008195.71]  01-26 17:16  CatalogMesh                  INFO     Slab 12582912 ~ 16777216 / 45532026.
[008196.78]  01-26 17:16  CatalogMesh                  INFO     Painted 16777216 out of 45532026 objects to mesh.
[008196.78]  01-26 17:16  CatalogMesh                  INFO     Slab 16777216 ~ 20971520 / 45532026.
[008197.85]  01-26 17:16  CatalogMesh                  INFO     Painted 20971520 out of 45532026 objects to mesh.
[008197.85]  01-26 17:16  CatalogMesh                  INFO     Slab 20971520 ~ 25165824 / 45532026.
[008198.92]  01-26 17:16  CatalogMesh                  INFO     Painted 25165824 out of 45532026 objects to mesh.
[008198.92]  01-26 17:16  CatalogMesh                  INFO     Slab 25165824 ~ 29360128 / 45532026.
[008200.00]  01-26 17:16  CatalogMesh                  INFO     Painted 29360128 out of 45532026 objects to mesh.
[008200.00]  01-26 17:16  CatalogMesh                  INFO     Slab 29360128 ~ 33554432 / 45532026.
[008201.09]  01-26 17:16  CatalogMesh                  INFO     Painted 33554432 out of 45532026 objects to mesh.
[008201.09]  01-26 17:16  CatalogMesh                  INFO     Slab 33554432 ~ 37748736 / 45532026.
[008202.29]  01-26 17:16  CatalogMesh                  INFO     Painted 37748736 out of 45532026 objects to mesh.
[008202.29]  01-26 17:16  CatalogMesh                  INFO     Slab 37748736 ~ 41943040 / 45532026.
[008203.48]  01-26 17:16  CatalogMesh                  INFO     Painted 41943040 out of 45532026 objects to mesh.
[008203.48]  01-26 17:16  CatalogMesh                  INFO     Slab 41943040 ~ 46137344 / 45532026.
[008204.51]  01-26 17:16  CatalogMesh                  INFO     Painted 45532026 out of 45532026 objects to mesh.
[008208.48]  01-26 17:17  CatalogMesh                  INFO     Slab 0 ~ 4194304 / 45532026.
[008209.56]  01-26 17:17  CatalogMesh                  INFO     Painted 4194304 out of 45532026 objects to mesh.
[008209.56]  01-26 17:17  CatalogMesh                  INFO     Slab 4194304 ~ 8388608 / 45532026.
[008210.63]  01-26 17:17  CatalogMesh                  INFO     Painted 8388608 out of 45532026 objects to mesh.
[008210.63]  01-26 17:17  CatalogMesh                  INFO     Slab 8388608 ~ 12582912 / 45532026.
[008211.69]  01-26 17:17  CatalogMesh                  INFO     Painted 12582912 out of 45532026 objects to mesh.
[008211.69]  01-26 17:17  CatalogMesh                  INFO     Slab 12582912 ~ 16777216 / 45532026.
[008212.77]  01-26 17:17  CatalogMesh                  INFO     Painted 16777216 out of 45532026 objects to mesh.
[008212.77]  01-26 17:17  CatalogMesh                  INFO     Slab 16777216 ~ 20971520 / 45532026.
[008213.84]  01-26 17:17  CatalogMesh                  INFO     Painted 20971520 out of 45532026 objects to mesh.
[008213.84]  01-26 17:17  CatalogMesh                  INFO     Slab 20971520 ~ 25165824 / 45532026.
[008214.90]  01-26 17:17  CatalogMesh                  INFO     Painted 25165824 out of 45532026 objects to mesh.
[008214.91]  01-26 17:17  CatalogMesh                  INFO     Slab 25165824 ~ 29360128 / 45532026.
[008215.98]  01-26 17:17  CatalogMesh                  INFO     Painted 29360128 out of 45532026 objects to mesh.
[008215.98]  01-26 17:17  CatalogMesh                  INFO     Slab 29360128 ~ 33554432 / 45532026.
[008217.07]  01-26 17:17  CatalogMesh                  INFO     Painted 33554432 out of 45532026 objects to mesh.
[008217.07]  01-26 17:17  CatalogMesh                  INFO     Slab 33554432 ~ 37748736 / 45532026.
[008218.27]  01-26 17:17  CatalogMesh                  INFO     Painted 37748736 out of 45532026 objects to mesh.
[008218.27]  01-26 17:17  CatalogMesh                  INFO     Slab 37748736 ~ 41943040 / 45532026.
[008219.47]  01-26 17:17  CatalogMesh                  INFO     Painted 41943040 out of 45532026 objects to mesh.
[008219.47]  01-26 17:17  CatalogMesh                  INFO     Slab 41943040 ~ 46137344 / 45532026.
[008220.50]  01-26 17:17  CatalogMesh                  INFO     Painted 45532026 out of 45532026 objects to mesh.
[008226.00]  01-26 17:17  CatalogFFTPower              INFO     Done painting catalog 1 to mesh.
[008226.00]  01-26 17:17  CatalogFFTPower              INFO     Using 400 k-bins between 0.000 and 0.400.
[008226.00]  01-26 17:17  CatalogFFTPower              INFO     Meshes prepared in elapsed time 49.31 s.
[008226.00]  01-26 17:17  CatalogFFTPower              INFO     Running mesh calculation.
[008243.19]  01-26 17:17  CatalogFFTPower              INFO     Mesh calculations performed in elapsed time 17.19 s.
[008243.19]  01-26 17:17  CatalogFFTPower              INFO     Power spectrum computed in elapsed time 66.50 s.
[008243.20]  01-26 17:17  CatalogFFTPower              INFO     Saving /pscratch/sd/s/shengyu/galaxies/catalogs/Y3/AbacusHF-v2/Boxes/QSO/sn0p950/AbacusSummit_base_c000_ph018/mpspk/pkpoles_QSO_zp0.950_DR2_v1.0.npy.
[008243.20]  01-26 17:17  compute_2pt                  INFO     Save to /pscratch/sd/s/shengyu/galaxies/catalogs/Y3/AbacusHF-v2/Boxes/QSO/sn0p950/AbacusSummit_base_c000_ph018/mpspk/pkpoles_QSO_zp0.950_DR2_v1.0.npy
[008243.20]  01-26 17:17  TwoPointCorrelationFunction  INFO     Using estimator <class 'pycorr.twopoint_estimator.NaturalTwoPointEstimator'>.
[008243.20]  01-26 17:17  TwoPointCorrelationFunction  INFO     Running auto-correlation.
[008243.20]  01-26 17:17  TwoPointCorrelationFunction  INFO     Computing two-point counts D1D2.
[008306.56]  01-26 17:18  TwoPointCorrelationFunction  INFO     Analytically computing two-point counts R1R2.
[008306.56]  01-26 17:18  TwoPointCorrelationFunction  INFO     Correlation function computed in elapsed time 63.36 s.
[008306.56]  01-26 17:18  NaturalTwoPointEstimator     INFO     Saving /pscratch/sd/s/shengyu/galaxies/catalogs/Y3/AbacusHF-v2/Boxes/QSO/sn0p950/AbacusSummit_base_c000_ph018/mpspk/mpslog_QSO_zp0.950_DR2_v1.0.npy.
[008306.56]  01-26 17:18  compute_2pt                  INFO     Save to /pscratch/sd/s/shengyu/galaxies/catalogs/Y3/AbacusHF-v2/Boxes/QSO/sn0p950/AbacusSummit_base_c000_ph018/mpspk/mpslog_QSO_zp0.950_DR2_v1.0.npy
[008306.56]  01-26 17:18  TwoPointCorrelationFunction  INFO     Using estimator <class 'pycorr.twopoint_estimator.NaturalTwoPointEstimator'>.
[008306.56]  01-26 17:18  TwoPointCorrelationFunction  INFO     Running auto-correlation.
[008306.56]  01-26 17:18  TwoPointCorrelationFunction  INFO     Computing two-point counts D1D2.
[008348.13]  01-26 17:19  TwoPointCorrelationFunction  INFO     Analytically computing two-point counts R1R2.
[008348.14]  01-26 17:19  TwoPointCorrelationFunction  INFO     Correlation function computed in elapsed time 41.57 s.
[008348.14]  01-26 17:19  NaturalTwoPointEstimator     INFO     Saving /pscratch/sd/s/shengyu/galaxies/catalogs/Y3/AbacusHF-v2/Boxes/QSO/sn0p950/AbacusSummit_base_c000_ph018/mpspk/wplog_QSO_zp0.950_DR2_v1.0.npy.
[008348.14]  01-26 17:19  compute_2pt                  INFO     Save to /pscratch/sd/s/shengyu/galaxies/catalogs/Y3/AbacusHF-v2/Boxes/QSO/sn0p950/AbacusSummit_base_c000_ph018/mpspk/wplog_QSO_zp0.950_DR2_v1.0.npy
[008348.14]  01-26 17:19  compute_2pt                  INFO     Procceed {'version': 'AbacusHF-v2', 'domain': 'cubic', 'tracer': 'QSO', 'zsnap': 0.95, 'zrange': (0.8, 1.1), 'mock_id': 19, 'use_dv': 'False'}
[008348.14]  01-26 17:19  cat_tools                    INFO     Load /pscratch/sd/s/shengyu/galaxies/catalogs/Y3/AbacusHF-v2/Boxes/QSO/sn0p950/AbacusSummit_base_c000_ph019/abacus_HF_QSO_0p950_DR2_v2.0_AbacusSummit_base_c000_ph019_base_clustering.dat.h5
[008348.14]  01-26 17:19  FileStack                    INFO     Reading /pscratch/sd/s/shengyu/galaxies/catalogs/Y3/AbacusHF-v2/Boxes/QSO/sn0p950/AbacusSummit_base_c000_ph019/abacus_HF_QSO_0p950_DR2_v2.0_AbacusSummit_base_c000_ph019_base_clustering.dat.h5.
[008349.91]  01-26 17:19  TwoPointCorrelationFunction  INFO     Using estimator <class 'pycorr.twopoint_estimator.NaturalTwoPointEstimator'>.
[008349.91]  01-26 17:19  TwoPointCorrelationFunction  INFO     Running auto-correlation.
[008349.91]  01-26 17:19  TwoPointCorrelationFunction  INFO     Computing two-point counts D1D2.
[008618.05]  01-26 17:23  TwoPointCorrelationFunction  INFO     Analytically computing two-point counts R1R2.
[008618.05]  01-26 17:23  TwoPointCorrelationFunction  INFO     Correlation function computed in elapsed time 268.14 s.
[008618.05]  01-26 17:23  NaturalTwoPointEstimator     INFO     Saving /pscratch/sd/s/shengyu/galaxies/catalogs/Y3/AbacusHF-v2/Boxes/QSO/sn0p950/AbacusSummit_base_c000_ph019/mpspk/xipoles_QSO_zp0.950_DR2_v1.0.npy.
[008618.06]  01-26 17:23  compute_2pt                  INFO     Save to /pscratch/sd/s/shengyu/galaxies/catalogs/Y3/AbacusHF-v2/Boxes/QSO/sn0p950/AbacusSummit_base_c000_ph019/mpspk/xipoles_QSO_zp0.950_DR2_v1.0.npy
[008624.17]  01-26 17:23  CatalogFFTPower              INFO     Painting catalog 1 to mesh CatalogMesh(nmesh=[512 512 512], boxsize=[2000. 2000. 2000.], boxcenter=[999.99999733 999.99999939 999.9999571 ], dtype=float64).
[008624.73]  01-26 17:23  CatalogMesh                  INFO     Slab 0 ~ 4194304 / 45511668.
[008625.82]  01-26 17:23  CatalogMesh                  INFO     Painted 4194304 out of 45511668 objects to mesh.
[008625.82]  01-26 17:23  CatalogMesh                  INFO     Slab 4194304 ~ 8388608 / 45511668.
[008626.89]  01-26 17:23  CatalogMesh                  INFO     Painted 8388608 out of 45511668 objects to mesh.
[008626.89]  01-26 17:23  CatalogMesh                  INFO     Slab 8388608 ~ 12582912 / 45511668.
[008627.96]  01-26 17:24  CatalogMesh                  INFO     Painted 12582912 out of 45511668 objects to mesh.
[008627.96]  01-26 17:24  CatalogMesh                  INFO     Slab 12582912 ~ 16777216 / 45511668.
[008629.02]  01-26 17:24  CatalogMesh                  INFO     Painted 16777216 out of 45511668 objects to mesh.
[008629.02]  01-26 17:24  CatalogMesh                  INFO     Slab 16777216 ~ 20971520 / 45511668.
[008630.10]  01-26 17:24  CatalogMesh                  INFO     Painted 20971520 out of 45511668 objects to mesh.
[008630.10]  01-26 17:24  CatalogMesh                  INFO     Slab 20971520 ~ 25165824 / 45511668.
[008631.16]  01-26 17:24  CatalogMesh                  INFO     Painted 25165824 out of 45511668 objects to mesh.
[008631.16]  01-26 17:24  CatalogMesh                  INFO     Slab 25165824 ~ 29360128 / 45511668.
[008632.23]  01-26 17:24  CatalogMesh                  INFO     Painted 29360128 out of 45511668 objects to mesh.
[008632.23]  01-26 17:24  CatalogMesh                  INFO     Slab 29360128 ~ 33554432 / 45511668.
[008633.31]  01-26 17:24  CatalogMesh                  INFO     Painted 33554432 out of 45511668 objects to mesh.
[008633.31]  01-26 17:24  CatalogMesh                  INFO     Slab 33554432 ~ 37748736 / 45511668.
[008634.49]  01-26 17:24  CatalogMesh                  INFO     Painted 37748736 out of 45511668 objects to mesh.
[008634.49]  01-26 17:24  CatalogMesh                  INFO     Slab 37748736 ~ 41943040 / 45511668.
[008635.68]  01-26 17:24  CatalogMesh                  INFO     Painted 41943040 out of 45511668 objects to mesh.
[008635.68]  01-26 17:24  CatalogMesh                  INFO     Slab 41943040 ~ 46137344 / 45511668.
[008636.70]  01-26 17:24  CatalogMesh                  INFO     Painted 45511668 out of 45511668 objects to mesh.
[008636.70]  01-26 17:24  CatalogMesh                  INFO     Running interlacing at order 3.
[008639.12]  01-26 17:24  CatalogMesh                  INFO     Slab 0 ~ 4194304 / 45511668.
[008640.18]  01-26 17:24  CatalogMesh                  INFO     Painted 4194304 out of 45511668 objects to mesh.
[008640.18]  01-26 17:24  CatalogMesh                  INFO     Slab 4194304 ~ 8388608 / 45511668.
[008641.24]  01-26 17:24  CatalogMesh                  INFO     Painted 8388608 out of 45511668 objects to mesh.
[008641.24]  01-26 17:24  CatalogMesh                  INFO     Slab 8388608 ~ 12582912 / 45511668.
[008642.30]  01-26 17:24  CatalogMesh                  INFO     Painted 12582912 out of 45511668 objects to mesh.
[008642.30]  01-26 17:24  CatalogMesh                  INFO     Slab 12582912 ~ 16777216 / 45511668.
[008643.37]  01-26 17:24  CatalogMesh                  INFO     Painted 16777216 out of 45511668 objects to mesh.
[008643.37]  01-26 17:24  CatalogMesh                  INFO     Slab 16777216 ~ 20971520 / 45511668.
[008644.44]  01-26 17:24  CatalogMesh                  INFO     Painted 20971520 out of 45511668 objects to mesh.
[008644.44]  01-26 17:24  CatalogMesh                  INFO     Slab 20971520 ~ 25165824 / 45511668.
[008645.50]  01-26 17:24  CatalogMesh                  INFO     Painted 25165824 out of 45511668 objects to mesh.
[008645.50]  01-26 17:24  CatalogMesh                  INFO     Slab 25165824 ~ 29360128 / 45511668.
[008646.57]  01-26 17:24  CatalogMesh                  INFO     Painted 29360128 out of 45511668 objects to mesh.
[008646.57]  01-26 17:24  CatalogMesh                  INFO     Slab 29360128 ~ 33554432 / 45511668.
[008647.65]  01-26 17:24  CatalogMesh                  INFO     Painted 33554432 out of 45511668 objects to mesh.
[008647.65]  01-26 17:24  CatalogMesh                  INFO     Slab 33554432 ~ 37748736 / 45511668.
[008648.84]  01-26 17:24  CatalogMesh                  INFO     Painted 37748736 out of 45511668 objects to mesh.
[008648.84]  01-26 17:24  CatalogMesh                  INFO     Slab 37748736 ~ 41943040 / 45511668.
[008650.02]  01-26 17:24  CatalogMesh                  INFO     Painted 41943040 out of 45511668 objects to mesh.
[008650.02]  01-26 17:24  CatalogMesh                  INFO     Slab 41943040 ~ 46137344 / 45511668.
[008651.04]  01-26 17:24  CatalogMesh                  INFO     Painted 45511668 out of 45511668 objects to mesh.
[008654.98]  01-26 17:24  CatalogMesh                  INFO     Slab 0 ~ 4194304 / 45511668.
[008656.05]  01-26 17:24  CatalogMesh                  INFO     Painted 4194304 out of 45511668 objects to mesh.
[008656.05]  01-26 17:24  CatalogMesh                  INFO     Slab 4194304 ~ 8388608 / 45511668.
[008657.12]  01-26 17:24  CatalogMesh                  INFO     Painted 8388608 out of 45511668 objects to mesh.
[008657.12]  01-26 17:24  CatalogMesh                  INFO     Slab 8388608 ~ 12582912 / 45511668.
[008658.19]  01-26 17:24  CatalogMesh                  INFO     Painted 12582912 out of 45511668 objects to mesh.
[008658.19]  01-26 17:24  CatalogMesh                  INFO     Slab 12582912 ~ 16777216 / 45511668.
[008659.25]  01-26 17:24  CatalogMesh                  INFO     Painted 16777216 out of 45511668 objects to mesh.
[008659.25]  01-26 17:24  CatalogMesh                  INFO     Slab 16777216 ~ 20971520 / 45511668.
[008660.32]  01-26 17:24  CatalogMesh                  INFO     Painted 20971520 out of 45511668 objects to mesh.
[008660.32]  01-26 17:24  CatalogMesh                  INFO     Slab 20971520 ~ 25165824 / 45511668.
[008661.38]  01-26 17:24  CatalogMesh                  INFO     Painted 25165824 out of 45511668 objects to mesh.
[008661.38]  01-26 17:24  CatalogMesh                  INFO     Slab 25165824 ~ 29360128 / 45511668.
[008662.45]  01-26 17:24  CatalogMesh                  INFO     Painted 29360128 out of 45511668 objects to mesh.
[008662.45]  01-26 17:24  CatalogMesh                  INFO     Slab 29360128 ~ 33554432 / 45511668.
[008663.53]  01-26 17:24  CatalogMesh                  INFO     Painted 33554432 out of 45511668 objects to mesh.
[008663.53]  01-26 17:24  CatalogMesh                  INFO     Slab 33554432 ~ 37748736 / 45511668.
[008664.72]  01-26 17:24  CatalogMesh                  INFO     Painted 37748736 out of 45511668 objects to mesh.
[008664.72]  01-26 17:24  CatalogMesh                  INFO     Slab 37748736 ~ 41943040 / 45511668.
[008665.91]  01-26 17:24  CatalogMesh                  INFO     Painted 41943040 out of 45511668 objects to mesh.
[008665.91]  01-26 17:24  CatalogMesh                  INFO     Slab 41943040 ~ 46137344 / 45511668.
[008666.93]  01-26 17:24  CatalogMesh                  INFO     Painted 45511668 out of 45511668 objects to mesh.
[008672.42]  01-26 17:24  CatalogFFTPower              INFO     Done painting catalog 1 to mesh.
[008672.43]  01-26 17:24  CatalogFFTPower              INFO     Using 400 k-bins between 0.000 and 0.400.
[008672.44]  01-26 17:24  CatalogFFTPower              INFO     Meshes prepared in elapsed time 48.27 s.
[008672.44]  01-26 17:24  CatalogFFTPower              INFO     Running mesh calculation.
[008689.60]  01-26 17:25  CatalogFFTPower              INFO     Mesh calculations performed in elapsed time 17.16 s.
[008689.60]  01-26 17:25  CatalogFFTPower              INFO     Power spectrum computed in elapsed time 65.43 s.
[008689.60]  01-26 17:25  CatalogFFTPower              INFO     Saving /pscratch/sd/s/shengyu/galaxies/catalogs/Y3/AbacusHF-v2/Boxes/QSO/sn0p950/AbacusSummit_base_c000_ph019/mpspk/pkpoles_QSO_zp0.950_DR2_v1.0.npy.
[008689.60]  01-26 17:25  compute_2pt                  INFO     Save to /pscratch/sd/s/shengyu/galaxies/catalogs/Y3/AbacusHF-v2/Boxes/QSO/sn0p950/AbacusSummit_base_c000_ph019/mpspk/pkpoles_QSO_zp0.950_DR2_v1.0.npy
[008689.60]  01-26 17:25  TwoPointCorrelationFunction  INFO     Using estimator <class 'pycorr.twopoint_estimator.NaturalTwoPointEstimator'>.
[008689.60]  01-26 17:25  TwoPointCorrelationFunction  INFO     Running auto-correlation.
[008689.60]  01-26 17:25  TwoPointCorrelationFunction  INFO     Computing two-point counts D1D2.
[008748.94]  01-26 17:26  TwoPointCorrelationFunction  INFO     Analytically computing two-point counts R1R2.
[008748.95]  01-26 17:26  TwoPointCorrelationFunction  INFO     Correlation function computed in elapsed time 59.34 s.
[008748.95]  01-26 17:26  NaturalTwoPointEstimator     INFO     Saving /pscratch/sd/s/shengyu/galaxies/catalogs/Y3/AbacusHF-v2/Boxes/QSO/sn0p950/AbacusSummit_base_c000_ph019/mpspk/mpslog_QSO_zp0.950_DR2_v1.0.npy.
[008748.95]  01-26 17:26  compute_2pt                  INFO     Save to /pscratch/sd/s/shengyu/galaxies/catalogs/Y3/AbacusHF-v2/Boxes/QSO/sn0p950/AbacusSummit_base_c000_ph019/mpspk/mpslog_QSO_zp0.950_DR2_v1.0.npy
[008748.95]  01-26 17:26  TwoPointCorrelationFunction  INFO     Using estimator <class 'pycorr.twopoint_estimator.NaturalTwoPointEstimator'>.
[008748.95]  01-26 17:26  TwoPointCorrelationFunction  INFO     Running auto-correlation.
[008748.95]  01-26 17:26  TwoPointCorrelationFunction  INFO     Computing two-point counts D1D2.
[008790.55]  01-26 17:26  TwoPointCorrelationFunction  INFO     Analytically computing two-point counts R1R2.
[008790.55]  01-26 17:26  TwoPointCorrelationFunction  INFO     Correlation function computed in elapsed time 41.60 s.
[008790.55]  01-26 17:26  NaturalTwoPointEstimator     INFO     Saving /pscratch/sd/s/shengyu/galaxies/catalogs/Y3/AbacusHF-v2/Boxes/QSO/sn0p950/AbacusSummit_base_c000_ph019/mpspk/wplog_QSO_zp0.950_DR2_v1.0.npy.
[008790.55]  01-26 17:26  compute_2pt                  INFO     Save to /pscratch/sd/s/shengyu/galaxies/catalogs/Y3/AbacusHF-v2/Boxes/QSO/sn0p950/AbacusSummit_base_c000_ph019/mpspk/wplog_QSO_zp0.950_DR2_v1.0.npy
[008790.55]  01-26 17:26  compute_2pt                  INFO     Procceed {'version': 'AbacusHF-v2', 'domain': 'cubic', 'tracer': 'QSO', 'zsnap': 0.95, 'zrange': (0.8, 1.1), 'mock_id': 20, 'use_dv': 'False'}
[008790.55]  01-26 17:26  cat_tools                    INFO     Load /pscratch/sd/s/shengyu/galaxies/catalogs/Y3/AbacusHF-v2/Boxes/QSO/sn0p950/AbacusSummit_base_c000_ph020/abacus_HF_QSO_0p950_DR2_v2.0_AbacusSummit_base_c000_ph020_base_clustering.dat.h5
[008790.55]  01-26 17:26  FileStack                    INFO     Reading /pscratch/sd/s/shengyu/galaxies/catalogs/Y3/AbacusHF-v2/Boxes/QSO/sn0p950/AbacusSummit_base_c000_ph020/abacus_HF_QSO_0p950_DR2_v2.0_AbacusSummit_base_c000_ph020_base_clustering.dat.h5.
[008792.32]  01-26 17:26  TwoPointCorrelationFunction  INFO     Using estimator <class 'pycorr.twopoint_estimator.NaturalTwoPointEstimator'>.
[008792.32]  01-26 17:26  TwoPointCorrelationFunction  INFO     Running auto-correlation.
[008792.32]  01-26 17:26  TwoPointCorrelationFunction  INFO     Computing two-point counts D1D2.
[009058.70]  01-26 17:31  TwoPointCorrelationFunction  INFO     Analytically computing two-point counts R1R2.
[009058.70]  01-26 17:31  TwoPointCorrelationFunction  INFO     Correlation function computed in elapsed time 266.38 s.
[009058.70]  01-26 17:31  NaturalTwoPointEstimator     INFO     Saving /pscratch/sd/s/shengyu/galaxies/catalogs/Y3/AbacusHF-v2/Boxes/QSO/sn0p950/AbacusSummit_base_c000_ph020/mpspk/xipoles_QSO_zp0.950_DR2_v1.0.npy.
[009058.71]  01-26 17:31  compute_2pt                  INFO     Save to /pscratch/sd/s/shengyu/galaxies/catalogs/Y3/AbacusHF-v2/Boxes/QSO/sn0p950/AbacusSummit_base_c000_ph020/mpspk/xipoles_QSO_zp0.950_DR2_v1.0.npy
[009064.90]  01-26 17:31  CatalogFFTPower              INFO     Painting catalog 1 to mesh CatalogMesh(nmesh=[512 512 512], boxsize=[2000. 2000. 2000.], boxcenter=[1000.00000436 1000.00003668  999.99995345], dtype=float64).
[009065.48]  01-26 17:31  CatalogMesh                  INFO     Slab 0 ~ 4194304 / 45522346.
[009066.60]  01-26 17:31  CatalogMesh                  INFO     Painted 4194304 out of 45522346 objects to mesh.
[009066.60]  01-26 17:31  CatalogMesh                  INFO     Slab 4194304 ~ 8388608 / 45522346.
[009067.67]  01-26 17:31  CatalogMesh                  INFO     Painted 8388608 out of 45522346 objects to mesh.
[009067.67]  01-26 17:31  CatalogMesh                  INFO     Slab 8388608 ~ 12582912 / 45522346.
[009068.74]  01-26 17:31  CatalogMesh                  INFO     Painted 12582912 out of 45522346 objects to mesh.
[009068.74]  01-26 17:31  CatalogMesh                  INFO     Slab 12582912 ~ 16777216 / 45522346.
[009069.81]  01-26 17:31  CatalogMesh                  INFO     Painted 16777216 out of 45522346 objects to mesh.
[009069.81]  01-26 17:31  CatalogMesh                  INFO     Slab 16777216 ~ 20971520 / 45522346.
[009070.88]  01-26 17:31  CatalogMesh                  INFO     Painted 20971520 out of 45522346 objects to mesh.
[009070.88]  01-26 17:31  CatalogMesh                  INFO     Slab 20971520 ~ 25165824 / 45522346.
[009071.94]  01-26 17:31  CatalogMesh                  INFO     Painted 25165824 out of 45522346 objects to mesh.
[009071.95]  01-26 17:31  CatalogMesh                  INFO     Slab 25165824 ~ 29360128 / 45522346.
[009073.01]  01-26 17:31  CatalogMesh                  INFO     Painted 29360128 out of 45522346 objects to mesh.
[009073.01]  01-26 17:31  CatalogMesh                  INFO     Slab 29360128 ~ 33554432 / 45522346.
[009074.10]  01-26 17:31  CatalogMesh                  INFO     Painted 33554432 out of 45522346 objects to mesh.
[009074.10]  01-26 17:31  CatalogMesh                  INFO     Slab 33554432 ~ 37748736 / 45522346.
[009075.29]  01-26 17:31  CatalogMesh                  INFO     Painted 37748736 out of 45522346 objects to mesh.
[009075.29]  01-26 17:31  CatalogMesh                  INFO     Slab 37748736 ~ 41943040 / 45522346.
[009076.49]  01-26 17:31  CatalogMesh                  INFO     Painted 41943040 out of 45522346 objects to mesh.
[009076.49]  01-26 17:31  CatalogMesh                  INFO     Slab 41943040 ~ 46137344 / 45522346.
[009077.53]  01-26 17:31  CatalogMesh                  INFO     Painted 45522346 out of 45522346 objects to mesh.
[009077.53]  01-26 17:31  CatalogMesh                  INFO     Running interlacing at order 3.
[009079.95]  01-26 17:31  CatalogMesh                  INFO     Slab 0 ~ 4194304 / 45522346.
[009081.02]  01-26 17:31  CatalogMesh                  INFO     Painted 4194304 out of 45522346 objects to mesh.
[009081.02]  01-26 17:31  CatalogMesh                  INFO     Slab 4194304 ~ 8388608 / 45522346.
[009082.09]  01-26 17:31  CatalogMesh                  INFO     Painted 8388608 out of 45522346 objects to mesh.
[009082.09]  01-26 17:31  CatalogMesh                  INFO     Slab 8388608 ~ 12582912 / 45522346.
[009083.15]  01-26 17:31  CatalogMesh                  INFO     Painted 12582912 out of 45522346 objects to mesh.
[009083.15]  01-26 17:31  CatalogMesh                  INFO     Slab 12582912 ~ 16777216 / 45522346.
[009084.21]  01-26 17:31  CatalogMesh                  INFO     Painted 16777216 out of 45522346 objects to mesh.
[009084.21]  01-26 17:31  CatalogMesh                  INFO     Slab 16777216 ~ 20971520 / 45522346.
[009085.27]  01-26 17:31  CatalogMesh                  INFO     Painted 20971520 out of 45522346 objects to mesh.
[009085.27]  01-26 17:31  CatalogMesh                  INFO     Slab 20971520 ~ 25165824 / 45522346.
[009086.34]  01-26 17:31  CatalogMesh                  INFO     Painted 25165824 out of 45522346 objects to mesh.
[009086.34]  01-26 17:31  CatalogMesh                  INFO     Slab 25165824 ~ 29360128 / 45522346.
[009087.40]  01-26 17:31  CatalogMesh                  INFO     Painted 29360128 out of 45522346 objects to mesh.
[009087.40]  01-26 17:31  CatalogMesh                  INFO     Slab 29360128 ~ 33554432 / 45522346.
[009088.49]  01-26 17:31  CatalogMesh                  INFO     Painted 33554432 out of 45522346 objects to mesh.
[009088.49]  01-26 17:31  CatalogMesh                  INFO     Slab 33554432 ~ 37748736 / 45522346.
[009089.69]  01-26 17:31  CatalogMesh                  INFO     Painted 37748736 out of 45522346 objects to mesh.
[009089.69]  01-26 17:31  CatalogMesh                  INFO     Slab 37748736 ~ 41943040 / 45522346.
[009090.88]  01-26 17:31  CatalogMesh                  INFO     Painted 41943040 out of 45522346 objects to mesh.
[009090.88]  01-26 17:31  CatalogMesh                  INFO     Slab 41943040 ~ 46137344 / 45522346.
[009091.90]  01-26 17:31  CatalogMesh                  INFO     Painted 45522346 out of 45522346 objects to mesh.
[009095.84]  01-26 17:31  CatalogMesh                  INFO     Slab 0 ~ 4194304 / 45522346.
[009096.90]  01-26 17:31  CatalogMesh                  INFO     Painted 4194304 out of 45522346 objects to mesh.
[009096.90]  01-26 17:31  CatalogMesh                  INFO     Slab 4194304 ~ 8388608 / 45522346.
[009097.96]  01-26 17:31  CatalogMesh                  INFO     Painted 8388608 out of 45522346 objects to mesh.
[009097.96]  01-26 17:31  CatalogMesh                  INFO     Slab 8388608 ~ 12582912 / 45522346.
[009099.02]  01-26 17:31  CatalogMesh                  INFO     Painted 12582912 out of 45522346 objects to mesh.
[009099.02]  01-26 17:31  CatalogMesh                  INFO     Slab 12582912 ~ 16777216 / 45522346.
[009100.08]  01-26 17:31  CatalogMesh                  INFO     Painted 16777216 out of 45522346 objects to mesh.
[009100.08]  01-26 17:31  CatalogMesh                  INFO     Slab 16777216 ~ 20971520 / 45522346.
[009101.15]  01-26 17:31  CatalogMesh                  INFO     Painted 20971520 out of 45522346 objects to mesh.
[009101.15]  01-26 17:31  CatalogMesh                  INFO     Slab 20971520 ~ 25165824 / 45522346.
[009102.22]  01-26 17:31  CatalogMesh                  INFO     Painted 25165824 out of 45522346 objects to mesh.
[009102.22]  01-26 17:31  CatalogMesh                  INFO     Slab 25165824 ~ 29360128 / 45522346.
[009103.27]  01-26 17:31  CatalogMesh                  INFO     Painted 29360128 out of 45522346 objects to mesh.
[009103.27]  01-26 17:31  CatalogMesh                  INFO     Slab 29360128 ~ 33554432 / 45522346.
[009104.36]  01-26 17:31  CatalogMesh                  INFO     Painted 33554432 out of 45522346 objects to mesh.
[009104.36]  01-26 17:31  CatalogMesh                  INFO     Slab 33554432 ~ 37748736 / 45522346.
[009105.54]  01-26 17:31  CatalogMesh                  INFO     Painted 37748736 out of 45522346 objects to mesh.
[009105.54]  01-26 17:31  CatalogMesh                  INFO     Slab 37748736 ~ 41943040 / 45522346.
[009106.73]  01-26 17:31  CatalogMesh                  INFO     Painted 41943040 out of 45522346 objects to mesh.
[009106.73]  01-26 17:31  CatalogMesh                  INFO     Slab 41943040 ~ 46137344 / 45522346.
[009107.75]  01-26 17:32  CatalogMesh                  INFO     Painted 45522346 out of 45522346 objects to mesh.
[009113.21]  01-26 17:32  CatalogFFTPower              INFO     Done painting catalog 1 to mesh.
[009113.22]  01-26 17:32  CatalogFFTPower              INFO     Using 400 k-bins between 0.000 and 0.400.
[009113.22]  01-26 17:32  CatalogFFTPower              INFO     Meshes prepared in elapsed time 48.31 s.
[009113.22]  01-26 17:32  CatalogFFTPower              INFO     Running mesh calculation.
[009130.30]  01-26 17:32  CatalogFFTPower              INFO     Mesh calculations performed in elapsed time 17.08 s.
[009130.30]  01-26 17:32  CatalogFFTPower              INFO     Power spectrum computed in elapsed time 65.39 s.
[009130.30]  01-26 17:32  CatalogFFTPower              INFO     Saving /pscratch/sd/s/shengyu/galaxies/catalogs/Y3/AbacusHF-v2/Boxes/QSO/sn0p950/AbacusSummit_base_c000_ph020/mpspk/pkpoles_QSO_zp0.950_DR2_v1.0.npy.
[009130.30]  01-26 17:32  compute_2pt                  INFO     Save to /pscratch/sd/s/shengyu/galaxies/catalogs/Y3/AbacusHF-v2/Boxes/QSO/sn0p950/AbacusSummit_base_c000_ph020/mpspk/pkpoles_QSO_zp0.950_DR2_v1.0.npy
[009130.30]  01-26 17:32  TwoPointCorrelationFunction  INFO     Using estimator <class 'pycorr.twopoint_estimator.NaturalTwoPointEstimator'>.
[009130.30]  01-26 17:32  TwoPointCorrelationFunction  INFO     Running auto-correlation.
[009130.30]  01-26 17:32  TwoPointCorrelationFunction  INFO     Computing two-point counts D1D2.
[009194.47]  01-26 17:33  TwoPointCorrelationFunction  INFO     Analytically computing two-point counts R1R2.
[009194.47]  01-26 17:33  TwoPointCorrelationFunction  INFO     Correlation function computed in elapsed time 64.17 s.
[009194.47]  01-26 17:33  NaturalTwoPointEstimator     INFO     Saving /pscratch/sd/s/shengyu/galaxies/catalogs/Y3/AbacusHF-v2/Boxes/QSO/sn0p950/AbacusSummit_base_c000_ph020/mpspk/mpslog_QSO_zp0.950_DR2_v1.0.npy.
[009194.48]  01-26 17:33  compute_2pt                  INFO     Save to /pscratch/sd/s/shengyu/galaxies/catalogs/Y3/AbacusHF-v2/Boxes/QSO/sn0p950/AbacusSummit_base_c000_ph020/mpspk/mpslog_QSO_zp0.950_DR2_v1.0.npy
[009194.48]  01-26 17:33  TwoPointCorrelationFunction  INFO     Using estimator <class 'pycorr.twopoint_estimator.NaturalTwoPointEstimator'>.
[009194.48]  01-26 17:33  TwoPointCorrelationFunction  INFO     Running auto-correlation.
[009194.48]  01-26 17:33  TwoPointCorrelationFunction  INFO     Computing two-point counts D1D2.
[009235.96]  01-26 17:34  TwoPointCorrelationFunction  INFO     Analytically computing two-point counts R1R2.
[009235.96]  01-26 17:34  TwoPointCorrelationFunction  INFO     Correlation function computed in elapsed time 41.48 s.
[009235.96]  01-26 17:34  NaturalTwoPointEstimator     INFO     Saving /pscratch/sd/s/shengyu/galaxies/catalogs/Y3/AbacusHF-v2/Boxes/QSO/sn0p950/AbacusSummit_base_c000_ph020/mpspk/wplog_QSO_zp0.950_DR2_v1.0.npy.
[009235.97]  01-26 17:34  compute_2pt                  INFO     Save to /pscratch/sd/s/shengyu/galaxies/catalogs/Y3/AbacusHF-v2/Boxes/QSO/sn0p950/AbacusSummit_base_c000_ph020/mpspk/wplog_QSO_zp0.950_DR2_v1.0.npy
[009235.97]  01-26 17:34  compute_2pt                  INFO     Procceed {'version': 'AbacusHF-v2', 'domain': 'cubic', 'tracer': 'QSO', 'zsnap': 0.95, 'zrange': (0.8, 1.1), 'mock_id': 21, 'use_dv': 'False'}
[009235.97]  01-26 17:34  cat_tools                    INFO     Load /pscratch/sd/s/shengyu/galaxies/catalogs/Y3/AbacusHF-v2/Boxes/QSO/sn0p950/AbacusSummit_base_c000_ph021/abacus_HF_QSO_0p950_DR2_v2.0_AbacusSummit_base_c000_ph021_base_clustering.dat.h5
[009235.97]  01-26 17:34  FileStack                    INFO     Reading /pscratch/sd/s/shengyu/galaxies/catalogs/Y3/AbacusHF-v2/Boxes/QSO/sn0p950/AbacusSummit_base_c000_ph021/abacus_HF_QSO_0p950_DR2_v2.0_AbacusSummit_base_c000_ph021_base_clustering.dat.h5.
[009237.72]  01-26 17:34  TwoPointCorrelationFunction  INFO     Using estimator <class 'pycorr.twopoint_estimator.NaturalTwoPointEstimator'>.
[009237.72]  01-26 17:34  TwoPointCorrelationFunction  INFO     Running auto-correlation.
[009237.72]  01-26 17:34  TwoPointCorrelationFunction  INFO     Computing two-point counts D1D2.
[009504.25]  01-26 17:38  TwoPointCorrelationFunction  INFO     Analytically computing two-point counts R1R2.
[009504.25]  01-26 17:38  TwoPointCorrelationFunction  INFO     Correlation function computed in elapsed time 266.53 s.
[009504.25]  01-26 17:38  NaturalTwoPointEstimator     INFO     Saving /pscratch/sd/s/shengyu/galaxies/catalogs/Y3/AbacusHF-v2/Boxes/QSO/sn0p950/AbacusSummit_base_c000_ph021/mpspk/xipoles_QSO_zp0.950_DR2_v1.0.npy.
[009504.26]  01-26 17:38  compute_2pt                  INFO     Save to /pscratch/sd/s/shengyu/galaxies/catalogs/Y3/AbacusHF-v2/Boxes/QSO/sn0p950/AbacusSummit_base_c000_ph021/mpspk/xipoles_QSO_zp0.950_DR2_v1.0.npy
[009510.37]  01-26 17:38  CatalogFFTPower              INFO     Painting catalog 1 to mesh CatalogMesh(nmesh=[512 512 512], boxsize=[2000. 2000. 2000.], boxcenter=[ 999.99998219 1000.00007485 1000.00001136], dtype=float64).
[009510.94]  01-26 17:38  CatalogMesh                  INFO     Slab 0 ~ 4194304 / 45467995.
[009512.03]  01-26 17:38  CatalogMesh                  INFO     Painted 4194304 out of 45467995 objects to mesh.
[009512.03]  01-26 17:38  CatalogMesh                  INFO     Slab 4194304 ~ 8388608 / 45467995.
[009513.11]  01-26 17:38  CatalogMesh                  INFO     Painted 8388608 out of 45467995 objects to mesh.
[009513.11]  01-26 17:38  CatalogMesh                  INFO     Slab 8388608 ~ 12582912 / 45467995.
[009514.19]  01-26 17:38  CatalogMesh                  INFO     Painted 12582912 out of 45467995 objects to mesh.
[009514.19]  01-26 17:38  CatalogMesh                  INFO     Slab 12582912 ~ 16777216 / 45467995.
[009515.26]  01-26 17:38  CatalogMesh                  INFO     Painted 16777216 out of 45467995 objects to mesh.
[009515.26]  01-26 17:38  CatalogMesh                  INFO     Slab 16777216 ~ 20971520 / 45467995.
[009516.34]  01-26 17:38  CatalogMesh                  INFO     Painted 20971520 out of 45467995 objects to mesh.
[009516.34]  01-26 17:38  CatalogMesh                  INFO     Slab 20971520 ~ 25165824 / 45467995.
[009517.41]  01-26 17:38  CatalogMesh                  INFO     Painted 25165824 out of 45467995 objects to mesh.
[009517.41]  01-26 17:38  CatalogMesh                  INFO     Slab 25165824 ~ 29360128 / 45467995.
[009518.49]  01-26 17:38  CatalogMesh                  INFO     Painted 29360128 out of 45467995 objects to mesh.
[009518.49]  01-26 17:38  CatalogMesh                  INFO     Slab 29360128 ~ 33554432 / 45467995.
[009519.57]  01-26 17:38  CatalogMesh                  INFO     Painted 33554432 out of 45467995 objects to mesh.
[009519.58]  01-26 17:38  CatalogMesh                  INFO     Slab 33554432 ~ 37748736 / 45467995.
[009520.77]  01-26 17:38  CatalogMesh                  INFO     Painted 37748736 out of 45467995 objects to mesh.
[009520.77]  01-26 17:38  CatalogMesh                  INFO     Slab 37748736 ~ 41943040 / 45467995.
[009521.97]  01-26 17:38  CatalogMesh                  INFO     Painted 41943040 out of 45467995 objects to mesh.
[009521.97]  01-26 17:38  CatalogMesh                  INFO     Slab 41943040 ~ 46137344 / 45467995.
[009522.98]  01-26 17:38  CatalogMesh                  INFO     Painted 45467995 out of 45467995 objects to mesh.
[009522.98]  01-26 17:38  CatalogMesh                  INFO     Running interlacing at order 3.
[009525.40]  01-26 17:38  CatalogMesh                  INFO     Slab 0 ~ 4194304 / 45467995.
[009526.47]  01-26 17:38  CatalogMesh                  INFO     Painted 4194304 out of 45467995 objects to mesh.
[009526.47]  01-26 17:38  CatalogMesh                  INFO     Slab 4194304 ~ 8388608 / 45467995.
[009527.53]  01-26 17:39  CatalogMesh                  INFO     Painted 8388608 out of 45467995 objects to mesh.
[009527.53]  01-26 17:39  CatalogMesh                  INFO     Slab 8388608 ~ 12582912 / 45467995.
[009528.60]  01-26 17:39  CatalogMesh                  INFO     Painted 12582912 out of 45467995 objects to mesh.
[009528.60]  01-26 17:39  CatalogMesh                  INFO     Slab 12582912 ~ 16777216 / 45467995.
[009529.66]  01-26 17:39  CatalogMesh                  INFO     Painted 16777216 out of 45467995 objects to mesh.
[009529.66]  01-26 17:39  CatalogMesh                  INFO     Slab 16777216 ~ 20971520 / 45467995.
[009530.72]  01-26 17:39  CatalogMesh                  INFO     Painted 20971520 out of 45467995 objects to mesh.
[009530.72]  01-26 17:39  CatalogMesh                  INFO     Slab 20971520 ~ 25165824 / 45467995.
[009531.79]  01-26 17:39  CatalogMesh                  INFO     Painted 25165824 out of 45467995 objects to mesh.
[009531.79]  01-26 17:39  CatalogMesh                  INFO     Slab 25165824 ~ 29360128 / 45467995.
[009532.85]  01-26 17:39  CatalogMesh                  INFO     Painted 29360128 out of 45467995 objects to mesh.
[009532.85]  01-26 17:39  CatalogMesh                  INFO     Slab 29360128 ~ 33554432 / 45467995.
[009533.93]  01-26 17:39  CatalogMesh                  INFO     Painted 33554432 out of 45467995 objects to mesh.
[009533.93]  01-26 17:39  CatalogMesh                  INFO     Slab 33554432 ~ 37748736 / 45467995.
[009535.12]  01-26 17:39  CatalogMesh                  INFO     Painted 37748736 out of 45467995 objects to mesh.
[009535.12]  01-26 17:39  CatalogMesh                  INFO     Slab 37748736 ~ 41943040 / 45467995.
[009536.31]  01-26 17:39  CatalogMesh                  INFO     Painted 41943040 out of 45467995 objects to mesh.
[009536.31]  01-26 17:39  CatalogMesh                  INFO     Slab 41943040 ~ 46137344 / 45467995.
[009537.32]  01-26 17:39  CatalogMesh                  INFO     Painted 45467995 out of 45467995 objects to mesh.
[009541.26]  01-26 17:39  CatalogMesh                  INFO     Slab 0 ~ 4194304 / 45467995.
[009542.32]  01-26 17:39  CatalogMesh                  INFO     Painted 4194304 out of 45467995 objects to mesh.
[009542.33]  01-26 17:39  CatalogMesh                  INFO     Slab 4194304 ~ 8388608 / 45467995.
[009543.39]  01-26 17:39  CatalogMesh                  INFO     Painted 8388608 out of 45467995 objects to mesh.
[009543.39]  01-26 17:39  CatalogMesh                  INFO     Slab 8388608 ~ 12582912 / 45467995.
[009544.46]  01-26 17:39  CatalogMesh                  INFO     Painted 12582912 out of 45467995 objects to mesh.
[009544.46]  01-26 17:39  CatalogMesh                  INFO     Slab 12582912 ~ 16777216 / 45467995.
[009545.52]  01-26 17:39  CatalogMesh                  INFO     Painted 16777216 out of 45467995 objects to mesh.
[009545.52]  01-26 17:39  CatalogMesh                  INFO     Slab 16777216 ~ 20971520 / 45467995.
[009546.58]  01-26 17:39  CatalogMesh                  INFO     Painted 20971520 out of 45467995 objects to mesh.
[009546.58]  01-26 17:39  CatalogMesh                  INFO     Slab 20971520 ~ 25165824 / 45467995.
[009547.65]  01-26 17:39  CatalogMesh                  INFO     Painted 25165824 out of 45467995 objects to mesh.
[009547.65]  01-26 17:39  CatalogMesh                  INFO     Slab 25165824 ~ 29360128 / 45467995.
[009548.71]  01-26 17:39  CatalogMesh                  INFO     Painted 29360128 out of 45467995 objects to mesh.
[009548.71]  01-26 17:39  CatalogMesh                  INFO     Slab 29360128 ~ 33554432 / 45467995.
[009549.79]  01-26 17:39  CatalogMesh                  INFO     Painted 33554432 out of 45467995 objects to mesh.
[009549.79]  01-26 17:39  CatalogMesh                  INFO     Slab 33554432 ~ 37748736 / 45467995.
[009551.00]  01-26 17:39  CatalogMesh                  INFO     Painted 37748736 out of 45467995 objects to mesh.
[009551.00]  01-26 17:39  CatalogMesh                  INFO     Slab 37748736 ~ 41943040 / 45467995.
[009552.19]  01-26 17:39  CatalogMesh                  INFO     Painted 41943040 out of 45467995 objects to mesh.
[009552.19]  01-26 17:39  CatalogMesh                  INFO     Slab 41943040 ~ 46137344 / 45467995.
[009553.19]  01-26 17:39  CatalogMesh                  INFO     Painted 45467995 out of 45467995 objects to mesh.
[009558.69]  01-26 17:39  CatalogFFTPower              INFO     Done painting catalog 1 to mesh.
[009558.69]  01-26 17:39  CatalogFFTPower              INFO     Using 400 k-bins between 0.000 and 0.400.
[009558.69]  01-26 17:39  CatalogFFTPower              INFO     Meshes prepared in elapsed time 48.32 s.
[009558.69]  01-26 17:39  CatalogFFTPower              INFO     Running mesh calculation.
[009575.82]  01-26 17:39  CatalogFFTPower              INFO     Mesh calculations performed in elapsed time 17.13 s.
[009575.82]  01-26 17:39  CatalogFFTPower              INFO     Power spectrum computed in elapsed time 65.45 s.
[009575.82]  01-26 17:39  CatalogFFTPower              INFO     Saving /pscratch/sd/s/shengyu/galaxies/catalogs/Y3/AbacusHF-v2/Boxes/QSO/sn0p950/AbacusSummit_base_c000_ph021/mpspk/pkpoles_QSO_zp0.950_DR2_v1.0.npy.
[009575.82]  01-26 17:39  compute_2pt                  INFO     Save to /pscratch/sd/s/shengyu/galaxies/catalogs/Y3/AbacusHF-v2/Boxes/QSO/sn0p950/AbacusSummit_base_c000_ph021/mpspk/pkpoles_QSO_zp0.950_DR2_v1.0.npy
[009575.83]  01-26 17:39  TwoPointCorrelationFunction  INFO     Using estimator <class 'pycorr.twopoint_estimator.NaturalTwoPointEstimator'>.
[009575.83]  01-26 17:39  TwoPointCorrelationFunction  INFO     Running auto-correlation.
[009575.83]  01-26 17:39  TwoPointCorrelationFunction  INFO     Computing two-point counts D1D2.
[009635.41]  01-26 17:40  TwoPointCorrelationFunction  INFO     Analytically computing two-point counts R1R2.
[009635.41]  01-26 17:40  TwoPointCorrelationFunction  INFO     Correlation function computed in elapsed time 59.59 s.
[009635.41]  01-26 17:40  NaturalTwoPointEstimator     INFO     Saving /pscratch/sd/s/shengyu/galaxies/catalogs/Y3/AbacusHF-v2/Boxes/QSO/sn0p950/AbacusSummit_base_c000_ph021/mpspk/mpslog_QSO_zp0.950_DR2_v1.0.npy.
[009635.42]  01-26 17:40  compute_2pt                  INFO     Save to /pscratch/sd/s/shengyu/galaxies/catalogs/Y3/AbacusHF-v2/Boxes/QSO/sn0p950/AbacusSummit_base_c000_ph021/mpspk/mpslog_QSO_zp0.950_DR2_v1.0.npy
[009635.42]  01-26 17:40  TwoPointCorrelationFunction  INFO     Using estimator <class 'pycorr.twopoint_estimator.NaturalTwoPointEstimator'>.
[009635.42]  01-26 17:40  TwoPointCorrelationFunction  INFO     Running auto-correlation.
[009635.42]  01-26 17:40  TwoPointCorrelationFunction  INFO     Computing two-point counts D1D2.
[009676.99]  01-26 17:41  TwoPointCorrelationFunction  INFO     Analytically computing two-point counts R1R2.
[009676.99]  01-26 17:41  TwoPointCorrelationFunction  INFO     Correlation function computed in elapsed time 41.57 s.
[009676.99]  01-26 17:41  NaturalTwoPointEstimator     INFO     Saving /pscratch/sd/s/shengyu/galaxies/catalogs/Y3/AbacusHF-v2/Boxes/QSO/sn0p950/AbacusSummit_base_c000_ph021/mpspk/wplog_QSO_zp0.950_DR2_v1.0.npy.
[009677.00]  01-26 17:41  compute_2pt                  INFO     Save to /pscratch/sd/s/shengyu/galaxies/catalogs/Y3/AbacusHF-v2/Boxes/QSO/sn0p950/AbacusSummit_base_c000_ph021/mpspk/wplog_QSO_zp0.950_DR2_v1.0.npy
[009677.00]  01-26 17:41  compute_2pt                  INFO     Procceed {'version': 'AbacusHF-v2', 'domain': 'cubic', 'tracer': 'QSO', 'zsnap': 0.95, 'zrange': (0.8, 1.1), 'mock_id': 22, 'use_dv': 'False'}
[009677.00]  01-26 17:41  cat_tools                    INFO     Load /pscratch/sd/s/shengyu/galaxies/catalogs/Y3/AbacusHF-v2/Boxes/QSO/sn0p950/AbacusSummit_base_c000_ph022/abacus_HF_QSO_0p950_DR2_v2.0_AbacusSummit_base_c000_ph022_base_clustering.dat.h5
[009677.00]  01-26 17:41  FileStack                    INFO     Reading /pscratch/sd/s/shengyu/galaxies/catalogs/Y3/AbacusHF-v2/Boxes/QSO/sn0p950/AbacusSummit_base_c000_ph022/abacus_HF_QSO_0p950_DR2_v2.0_AbacusSummit_base_c000_ph022_base_clustering.dat.h5.
[009678.76]  01-26 17:41  TwoPointCorrelationFunction  INFO     Using estimator <class 'pycorr.twopoint_estimator.NaturalTwoPointEstimator'>.
[009678.76]  01-26 17:41  TwoPointCorrelationFunction  INFO     Running auto-correlation.
[009678.76]  01-26 17:41  TwoPointCorrelationFunction  INFO     Computing two-point counts D1D2.
[009944.15]  01-26 17:45  TwoPointCorrelationFunction  INFO     Analytically computing two-point counts R1R2.
[009944.15]  01-26 17:45  TwoPointCorrelationFunction  INFO     Correlation function computed in elapsed time 265.39 s.
[009944.15]  01-26 17:45  NaturalTwoPointEstimator     INFO     Saving /pscratch/sd/s/shengyu/galaxies/catalogs/Y3/AbacusHF-v2/Boxes/QSO/sn0p950/AbacusSummit_base_c000_ph022/mpspk/xipoles_QSO_zp0.950_DR2_v1.0.npy.
[009944.16]  01-26 17:45  compute_2pt                  INFO     Save to /pscratch/sd/s/shengyu/galaxies/catalogs/Y3/AbacusHF-v2/Boxes/QSO/sn0p950/AbacusSummit_base_c000_ph022/mpspk/xipoles_QSO_zp0.950_DR2_v1.0.npy
[009950.29]  01-26 17:46  CatalogFFTPower              INFO     Painting catalog 1 to mesh CatalogMesh(nmesh=[512 512 512], boxsize=[2000. 2000. 2000.], boxcenter=[1000.00002186 1000.00000447 1000.00000915], dtype=float64).
[009950.87]  01-26 17:46  CatalogMesh                  INFO     Slab 0 ~ 4194304 / 45453209.
[009951.96]  01-26 17:46  CatalogMesh                  INFO     Painted 4194304 out of 45453209 objects to mesh.
[009951.96]  01-26 17:46  CatalogMesh                  INFO     Slab 4194304 ~ 8388608 / 45453209.
[009953.03]  01-26 17:46  CatalogMesh                  INFO     Painted 8388608 out of 45453209 objects to mesh.
[009953.04]  01-26 17:46  CatalogMesh                  INFO     Slab 8388608 ~ 12582912 / 45453209.
[009954.10]  01-26 17:46  CatalogMesh                  INFO     Painted 12582912 out of 45453209 objects to mesh.
[009954.10]  01-26 17:46  CatalogMesh                  INFO     Slab 12582912 ~ 16777216 / 45453209.
[009955.18]  01-26 17:46  CatalogMesh                  INFO     Painted 16777216 out of 45453209 objects to mesh.
[009955.18]  01-26 17:46  CatalogMesh                  INFO     Slab 16777216 ~ 20971520 / 45453209.
[009956.25]  01-26 17:46  CatalogMesh                  INFO     Painted 20971520 out of 45453209 objects to mesh.
[009956.25]  01-26 17:46  CatalogMesh                  INFO     Slab 20971520 ~ 25165824 / 45453209.
[009957.31]  01-26 17:46  CatalogMesh                  INFO     Painted 25165824 out of 45453209 objects to mesh.
[009957.31]  01-26 17:46  CatalogMesh                  INFO     Slab 25165824 ~ 29360128 / 45453209.
[009958.39]  01-26 17:46  CatalogMesh                  INFO     Painted 29360128 out of 45453209 objects to mesh.
[009958.39]  01-26 17:46  CatalogMesh                  INFO     Slab 29360128 ~ 33554432 / 45453209.
[009959.48]  01-26 17:46  CatalogMesh                  INFO     Painted 33554432 out of 45453209 objects to mesh.
[009959.48]  01-26 17:46  CatalogMesh                  INFO     Slab 33554432 ~ 37748736 / 45453209.
[009960.67]  01-26 17:46  CatalogMesh                  INFO     Painted 37748736 out of 45453209 objects to mesh.
[009960.67]  01-26 17:46  CatalogMesh                  INFO     Slab 37748736 ~ 41943040 / 45453209.
[009961.86]  01-26 17:46  CatalogMesh                  INFO     Painted 41943040 out of 45453209 objects to mesh.
[009961.86]  01-26 17:46  CatalogMesh                  INFO     Slab 41943040 ~ 46137344 / 45453209.
[009962.87]  01-26 17:46  CatalogMesh                  INFO     Painted 45453209 out of 45453209 objects to mesh.
[009962.87]  01-26 17:46  CatalogMesh                  INFO     Running interlacing at order 3.
[009965.29]  01-26 17:46  CatalogMesh                  INFO     Slab 0 ~ 4194304 / 45453209.
[009966.36]  01-26 17:46  CatalogMesh                  INFO     Painted 4194304 out of 45453209 objects to mesh.
[009966.36]  01-26 17:46  CatalogMesh                  INFO     Slab 4194304 ~ 8388608 / 45453209.
[009967.43]  01-26 17:46  CatalogMesh                  INFO     Painted 8388608 out of 45453209 objects to mesh.
[009967.43]  01-26 17:46  CatalogMesh                  INFO     Slab 8388608 ~ 12582912 / 45453209.
[009968.50]  01-26 17:46  CatalogMesh                  INFO     Painted 12582912 out of 45453209 objects to mesh.
[009968.50]  01-26 17:46  CatalogMesh                  INFO     Slab 12582912 ~ 16777216 / 45453209.
[009969.57]  01-26 17:46  CatalogMesh                  INFO     Painted 16777216 out of 45453209 objects to mesh.
[009969.57]  01-26 17:46  CatalogMesh                  INFO     Slab 16777216 ~ 20971520 / 45453209.
[009970.64]  01-26 17:46  CatalogMesh                  INFO     Painted 20971520 out of 45453209 objects to mesh.
[009970.64]  01-26 17:46  CatalogMesh                  INFO     Slab 20971520 ~ 25165824 / 45453209.
[009971.71]  01-26 17:46  CatalogMesh                  INFO     Painted 25165824 out of 45453209 objects to mesh.
[009971.71]  01-26 17:46  CatalogMesh                  INFO     Slab 25165824 ~ 29360128 / 45453209.
[009972.77]  01-26 17:46  CatalogMesh                  INFO     Painted 29360128 out of 45453209 objects to mesh.
[009972.77]  01-26 17:46  CatalogMesh                  INFO     Slab 29360128 ~ 33554432 / 45453209.
[009973.86]  01-26 17:46  CatalogMesh                  INFO     Painted 33554432 out of 45453209 objects to mesh.
[009973.86]  01-26 17:46  CatalogMesh                  INFO     Slab 33554432 ~ 37748736 / 45453209.
[009975.06]  01-26 17:46  CatalogMesh                  INFO     Painted 37748736 out of 45453209 objects to mesh.
[009975.06]  01-26 17:46  CatalogMesh                  INFO     Slab 37748736 ~ 41943040 / 45453209.
[009976.25]  01-26 17:46  CatalogMesh                  INFO     Painted 41943040 out of 45453209 objects to mesh.
[009976.25]  01-26 17:46  CatalogMesh                  INFO     Slab 41943040 ~ 46137344 / 45453209.
[009977.27]  01-26 17:46  CatalogMesh                  INFO     Painted 45453209 out of 45453209 objects to mesh.
[009981.24]  01-26 17:46  CatalogMesh                  INFO     Slab 0 ~ 4194304 / 45453209.
[009982.31]  01-26 17:46  CatalogMesh                  INFO     Painted 4194304 out of 45453209 objects to mesh.
[009982.31]  01-26 17:46  CatalogMesh                  INFO     Slab 4194304 ~ 8388608 / 45453209.
[009983.38]  01-26 17:46  CatalogMesh                  INFO     Painted 8388608 out of 45453209 objects to mesh.
[009983.38]  01-26 17:46  CatalogMesh                  INFO     Slab 8388608 ~ 12582912 / 45453209.
[009984.45]  01-26 17:46  CatalogMesh                  INFO     Painted 12582912 out of 45453209 objects to mesh.
[009984.45]  01-26 17:46  CatalogMesh                  INFO     Slab 12582912 ~ 16777216 / 45453209.
[009985.52]  01-26 17:46  CatalogMesh                  INFO     Painted 16777216 out of 45453209 objects to mesh.
[009985.52]  01-26 17:46  CatalogMesh                  INFO     Slab 16777216 ~ 20971520 / 45453209.
[009986.60]  01-26 17:46  CatalogMesh                  INFO     Painted 20971520 out of 45453209 objects to mesh.
[009986.60]  01-26 17:46  CatalogMesh                  INFO     Slab 20971520 ~ 25165824 / 45453209.
[009987.67]  01-26 17:46  CatalogMesh                  INFO     Painted 25165824 out of 45453209 objects to mesh.
[009987.67]  01-26 17:46  CatalogMesh                  INFO     Slab 25165824 ~ 29360128 / 45453209.
[009988.74]  01-26 17:46  CatalogMesh                  INFO     Painted 29360128 out of 45453209 objects to mesh.
[009988.74]  01-26 17:46  CatalogMesh                  INFO     Slab 29360128 ~ 33554432 / 45453209.
[009989.84]  01-26 17:46  CatalogMesh                  INFO     Painted 33554432 out of 45453209 objects to mesh.
[009989.84]  01-26 17:46  CatalogMesh                  INFO     Slab 33554432 ~ 37748736 / 45453209.
[009991.03]  01-26 17:46  CatalogMesh                  INFO     Painted 37748736 out of 45453209 objects to mesh.
[009991.03]  01-26 17:46  CatalogMesh                  INFO     Slab 37748736 ~ 41943040 / 45453209.
[009992.23]  01-26 17:46  CatalogMesh                  INFO     Painted 41943040 out of 45453209 objects to mesh.
[009992.23]  01-26 17:46  CatalogMesh                  INFO     Slab 41943040 ~ 46137344 / 45453209.
[009993.24]  01-26 17:46  CatalogMesh                  INFO     Painted 45453209 out of 45453209 objects to mesh.
[009998.76]  01-26 17:46  CatalogFFTPower              INFO     Done painting catalog 1 to mesh.
[009998.76]  01-26 17:46  CatalogFFTPower              INFO     Using 400 k-bins between 0.000 and 0.400.
[009998.76]  01-26 17:46  CatalogFFTPower              INFO     Meshes prepared in elapsed time 48.47 s.
[009998.76]  01-26 17:46  CatalogFFTPower              INFO     Running mesh calculation.
[010016.09]  01-26 17:47  CatalogFFTPower              INFO     Mesh calculations performed in elapsed time 17.33 s.
[010016.10]  01-26 17:47  CatalogFFTPower              INFO     Power spectrum computed in elapsed time 65.81 s.
[010016.10]  01-26 17:47  CatalogFFTPower              INFO     Saving /pscratch/sd/s/shengyu/galaxies/catalogs/Y3/AbacusHF-v2/Boxes/QSO/sn0p950/AbacusSummit_base_c000_ph022/mpspk/pkpoles_QSO_zp0.950_DR2_v1.0.npy.
[010016.10]  01-26 17:47  compute_2pt                  INFO     Save to /pscratch/sd/s/shengyu/galaxies/catalogs/Y3/AbacusHF-v2/Boxes/QSO/sn0p950/AbacusSummit_base_c000_ph022/mpspk/pkpoles_QSO_zp0.950_DR2_v1.0.npy
[010016.10]  01-26 17:47  TwoPointCorrelationFunction  INFO     Using estimator <class 'pycorr.twopoint_estimator.NaturalTwoPointEstimator'>.
[010016.10]  01-26 17:47  TwoPointCorrelationFunction  INFO     Running auto-correlation.
[010016.10]  01-26 17:47  TwoPointCorrelationFunction  INFO     Computing two-point counts D1D2.
[010075.28]  01-26 17:48  TwoPointCorrelationFunction  INFO     Analytically computing two-point counts R1R2.
[010075.28]  01-26 17:48  TwoPointCorrelationFunction  INFO     Correlation function computed in elapsed time 59.18 s.
[010075.28]  01-26 17:48  NaturalTwoPointEstimator     INFO     Saving /pscratch/sd/s/shengyu/galaxies/catalogs/Y3/AbacusHF-v2/Boxes/QSO/sn0p950/AbacusSummit_base_c000_ph022/mpspk/mpslog_QSO_zp0.950_DR2_v1.0.npy.
[010075.28]  01-26 17:48  compute_2pt                  INFO     Save to /pscratch/sd/s/shengyu/galaxies/catalogs/Y3/AbacusHF-v2/Boxes/QSO/sn0p950/AbacusSummit_base_c000_ph022/mpspk/mpslog_QSO_zp0.950_DR2_v1.0.npy
[010075.28]  01-26 17:48  TwoPointCorrelationFunction  INFO     Using estimator <class 'pycorr.twopoint_estimator.NaturalTwoPointEstimator'>.
[010075.28]  01-26 17:48  TwoPointCorrelationFunction  INFO     Running auto-correlation.
[010075.28]  01-26 17:48  TwoPointCorrelationFunction  INFO     Computing two-point counts D1D2.
[010116.76]  01-26 17:48  TwoPointCorrelationFunction  INFO     Analytically computing two-point counts R1R2.
[010116.76]  01-26 17:48  TwoPointCorrelationFunction  INFO     Correlation function computed in elapsed time 41.48 s.
[010116.76]  01-26 17:48  NaturalTwoPointEstimator     INFO     Saving /pscratch/sd/s/shengyu/galaxies/catalogs/Y3/AbacusHF-v2/Boxes/QSO/sn0p950/AbacusSummit_base_c000_ph022/mpspk/wplog_QSO_zp0.950_DR2_v1.0.npy.
[010116.76]  01-26 17:48  compute_2pt                  INFO     Save to /pscratch/sd/s/shengyu/galaxies/catalogs/Y3/AbacusHF-v2/Boxes/QSO/sn0p950/AbacusSummit_base_c000_ph022/mpspk/wplog_QSO_zp0.950_DR2_v1.0.npy
[010116.77]  01-26 17:48  compute_2pt                  INFO     Procceed {'version': 'AbacusHF-v2', 'domain': 'cubic', 'tracer': 'QSO', 'zsnap': 0.95, 'zrange': (0.8, 1.1), 'mock_id': 23, 'use_dv': 'False'}
[010116.77]  01-26 17:48  cat_tools                    INFO     Load /pscratch/sd/s/shengyu/galaxies/catalogs/Y3/AbacusHF-v2/Boxes/QSO/sn0p950/AbacusSummit_base_c000_ph023/abacus_HF_QSO_0p950_DR2_v2.0_AbacusSummit_base_c000_ph023_base_clustering.dat.h5
[010116.77]  01-26 17:48  FileStack                    INFO     Reading /pscratch/sd/s/shengyu/galaxies/catalogs/Y3/AbacusHF-v2/Boxes/QSO/sn0p950/AbacusSummit_base_c000_ph023/abacus_HF_QSO_0p950_DR2_v2.0_AbacusSummit_base_c000_ph023_base_clustering.dat.h5.
[010118.54]  01-26 17:48  TwoPointCorrelationFunction  INFO     Using estimator <class 'pycorr.twopoint_estimator.NaturalTwoPointEstimator'>.
[010118.54]  01-26 17:48  TwoPointCorrelationFunction  INFO     Running auto-correlation.
[010118.54]  01-26 17:48  TwoPointCorrelationFunction  INFO     Computing two-point counts D1D2.
[010374.62]  01-26 17:53  TwoPointCorrelationFunction  INFO     Analytically computing two-point counts R1R2.
[010374.62]  01-26 17:53  TwoPointCorrelationFunction  INFO     Correlation function computed in elapsed time 256.08 s.
[010374.62]  01-26 17:53  NaturalTwoPointEstimator     INFO     Saving /pscratch/sd/s/shengyu/galaxies/catalogs/Y3/AbacusHF-v2/Boxes/QSO/sn0p950/AbacusSummit_base_c000_ph023/mpspk/xipoles_QSO_zp0.950_DR2_v1.0.npy.
[010374.63]  01-26 17:53  compute_2pt                  INFO     Save to /pscratch/sd/s/shengyu/galaxies/catalogs/Y3/AbacusHF-v2/Boxes/QSO/sn0p950/AbacusSummit_base_c000_ph023/mpspk/xipoles_QSO_zp0.950_DR2_v1.0.npy
[010380.74]  01-26 17:53  CatalogFFTPower              INFO     Painting catalog 1 to mesh CatalogMesh(nmesh=[512 512 512], boxsize=[2000. 2000. 2000.], boxcenter=[1000.00001125 1000.00000431 1000.00003054], dtype=float64).
[010381.31]  01-26 17:53  CatalogMesh                  INFO     Slab 0 ~ 4194304 / 45496165.
[010382.39]  01-26 17:53  CatalogMesh                  INFO     Painted 4194304 out of 45496165 objects to mesh.
[010382.39]  01-26 17:53  CatalogMesh                  INFO     Slab 4194304 ~ 8388608 / 45496165.
[010383.46]  01-26 17:53  CatalogMesh                  INFO     Painted 8388608 out of 45496165 objects to mesh.
[010383.46]  01-26 17:53  CatalogMesh                  INFO     Slab 8388608 ~ 12582912 / 45496165.
[010384.52]  01-26 17:53  CatalogMesh                  INFO     Painted 12582912 out of 45496165 objects to mesh.
[010384.52]  01-26 17:53  CatalogMesh                  INFO     Slab 12582912 ~ 16777216 / 45496165.
[010385.60]  01-26 17:53  CatalogMesh                  INFO     Painted 16777216 out of 45496165 objects to mesh.
[010385.60]  01-26 17:53  CatalogMesh                  INFO     Slab 16777216 ~ 20971520 / 45496165.
[010386.67]  01-26 17:53  CatalogMesh                  INFO     Painted 20971520 out of 45496165 objects to mesh.
[010386.67]  01-26 17:53  CatalogMesh                  INFO     Slab 20971520 ~ 25165824 / 45496165.
[010387.74]  01-26 17:53  CatalogMesh                  INFO     Painted 25165824 out of 45496165 objects to mesh.
[010387.74]  01-26 17:53  CatalogMesh                  INFO     Slab 25165824 ~ 29360128 / 45496165.
[010388.80]  01-26 17:53  CatalogMesh                  INFO     Painted 29360128 out of 45496165 objects to mesh.
[010388.80]  01-26 17:53  CatalogMesh                  INFO     Slab 29360128 ~ 33554432 / 45496165.
[010389.88]  01-26 17:53  CatalogMesh                  INFO     Painted 33554432 out of 45496165 objects to mesh.
[010389.88]  01-26 17:53  CatalogMesh                  INFO     Slab 33554432 ~ 37748736 / 45496165.
[010391.08]  01-26 17:53  CatalogMesh                  INFO     Painted 37748736 out of 45496165 objects to mesh.
[010391.08]  01-26 17:53  CatalogMesh                  INFO     Slab 37748736 ~ 41943040 / 45496165.
[010392.27]  01-26 17:53  CatalogMesh                  INFO     Painted 41943040 out of 45496165 objects to mesh.
[010392.27]  01-26 17:53  CatalogMesh                  INFO     Slab 41943040 ~ 46137344 / 45496165.
[010393.29]  01-26 17:53  CatalogMesh                  INFO     Painted 45496165 out of 45496165 objects to mesh.
[010393.29]  01-26 17:53  CatalogMesh                  INFO     Running interlacing at order 3.
[010395.72]  01-26 17:53  CatalogMesh                  INFO     Slab 0 ~ 4194304 / 45496165.
[010396.78]  01-26 17:53  CatalogMesh                  INFO     Painted 4194304 out of 45496165 objects to mesh.
[010396.78]  01-26 17:53  CatalogMesh                  INFO     Slab 4194304 ~ 8388608 / 45496165.
[010397.85]  01-26 17:53  CatalogMesh                  INFO     Painted 8388608 out of 45496165 objects to mesh.
[010397.85]  01-26 17:53  CatalogMesh                  INFO     Slab 8388608 ~ 12582912 / 45496165.
[010398.93]  01-26 17:53  CatalogMesh                  INFO     Painted 12582912 out of 45496165 objects to mesh.
[010398.93]  01-26 17:53  CatalogMesh                  INFO     Slab 12582912 ~ 16777216 / 45496165.
[010399.99]  01-26 17:53  CatalogMesh                  INFO     Painted 16777216 out of 45496165 objects to mesh.
[010399.99]  01-26 17:53  CatalogMesh                  INFO     Slab 16777216 ~ 20971520 / 45496165.
[010401.06]  01-26 17:53  CatalogMesh                  INFO     Painted 20971520 out of 45496165 objects to mesh.
[010401.06]  01-26 17:53  CatalogMesh                  INFO     Slab 20971520 ~ 25165824 / 45496165.
[010402.13]  01-26 17:53  CatalogMesh                  INFO     Painted 25165824 out of 45496165 objects to mesh.
[010402.13]  01-26 17:53  CatalogMesh                  INFO     Slab 25165824 ~ 29360128 / 45496165.
[010403.20]  01-26 17:53  CatalogMesh                  INFO     Painted 29360128 out of 45496165 objects to mesh.
[010403.20]  01-26 17:53  CatalogMesh                  INFO     Slab 29360128 ~ 33554432 / 45496165.
[010404.28]  01-26 17:53  CatalogMesh                  INFO     Painted 33554432 out of 45496165 objects to mesh.
[010404.28]  01-26 17:53  CatalogMesh                  INFO     Slab 33554432 ~ 37748736 / 45496165.
[010405.48]  01-26 17:53  CatalogMesh                  INFO     Painted 37748736 out of 45496165 objects to mesh.
[010405.48]  01-26 17:53  CatalogMesh                  INFO     Slab 37748736 ~ 41943040 / 45496165.
[010406.67]  01-26 17:53  CatalogMesh                  INFO     Painted 41943040 out of 45496165 objects to mesh.
[010406.67]  01-26 17:53  CatalogMesh                  INFO     Slab 41943040 ~ 46137344 / 45496165.
[010407.70]  01-26 17:53  CatalogMesh                  INFO     Painted 45496165 out of 45496165 objects to mesh.
[010411.67]  01-26 17:53  CatalogMesh                  INFO     Slab 0 ~ 4194304 / 45496165.
[010412.75]  01-26 17:53  CatalogMesh                  INFO     Painted 4194304 out of 45496165 objects to mesh.
[010412.75]  01-26 17:53  CatalogMesh                  INFO     Slab 4194304 ~ 8388608 / 45496165.
[010413.81]  01-26 17:53  CatalogMesh                  INFO     Painted 8388608 out of 45496165 objects to mesh.
[010413.81]  01-26 17:53  CatalogMesh                  INFO     Slab 8388608 ~ 12582912 / 45496165.
[010414.88]  01-26 17:53  CatalogMesh                  INFO     Painted 12582912 out of 45496165 objects to mesh.
[010414.88]  01-26 17:53  CatalogMesh                  INFO     Slab 12582912 ~ 16777216 / 45496165.
[010415.95]  01-26 17:53  CatalogMesh                  INFO     Painted 16777216 out of 45496165 objects to mesh.
[010415.95]  01-26 17:53  CatalogMesh                  INFO     Slab 16777216 ~ 20971520 / 45496165.
[010417.02]  01-26 17:53  CatalogMesh                  INFO     Painted 20971520 out of 45496165 objects to mesh.
[010417.02]  01-26 17:53  CatalogMesh                  INFO     Slab 20971520 ~ 25165824 / 45496165.
[010418.09]  01-26 17:53  CatalogMesh                  INFO     Painted 25165824 out of 45496165 objects to mesh.
[010418.09]  01-26 17:53  CatalogMesh                  INFO     Slab 25165824 ~ 29360128 / 45496165.
[010419.16]  01-26 17:53  CatalogMesh                  INFO     Painted 29360128 out of 45496165 objects to mesh.
[010419.16]  01-26 17:53  CatalogMesh                  INFO     Slab 29360128 ~ 33554432 / 45496165.
[010420.24]  01-26 17:53  CatalogMesh                  INFO     Painted 33554432 out of 45496165 objects to mesh.
[010420.24]  01-26 17:53  CatalogMesh                  INFO     Slab 33554432 ~ 37748736 / 45496165.
[010421.43]  01-26 17:53  CatalogMesh                  INFO     Painted 37748736 out of 45496165 objects to mesh.
[010421.44]  01-26 17:53  CatalogMesh                  INFO     Slab 37748736 ~ 41943040 / 45496165.
[010422.63]  01-26 17:53  CatalogMesh                  INFO     Painted 41943040 out of 45496165 objects to mesh.
[010422.63]  01-26 17:53  CatalogMesh                  INFO     Slab 41943040 ~ 46137344 / 45496165.
[010423.65]  01-26 17:53  CatalogMesh                  INFO     Painted 45496165 out of 45496165 objects to mesh.
[010429.20]  01-26 17:54  CatalogFFTPower              INFO     Done painting catalog 1 to mesh.
[010429.20]  01-26 17:54  CatalogFFTPower              INFO     Using 400 k-bins between 0.000 and 0.400.
[010429.20]  01-26 17:54  CatalogFFTPower              INFO     Meshes prepared in elapsed time 48.46 s.
[010429.20]  01-26 17:54  CatalogFFTPower              INFO     Running mesh calculation.
[010446.45]  01-26 17:54  CatalogFFTPower              INFO     Mesh calculations performed in elapsed time 17.25 s.
[010446.45]  01-26 17:54  CatalogFFTPower              INFO     Power spectrum computed in elapsed time 65.71 s.
[010446.45]  01-26 17:54  CatalogFFTPower              INFO     Saving /pscratch/sd/s/shengyu/galaxies/catalogs/Y3/AbacusHF-v2/Boxes/QSO/sn0p950/AbacusSummit_base_c000_ph023/mpspk/pkpoles_QSO_zp0.950_DR2_v1.0.npy.
[010446.45]  01-26 17:54  compute_2pt                  INFO     Save to /pscratch/sd/s/shengyu/galaxies/catalogs/Y3/AbacusHF-v2/Boxes/QSO/sn0p950/AbacusSummit_base_c000_ph023/mpspk/pkpoles_QSO_zp0.950_DR2_v1.0.npy
[010446.46]  01-26 17:54  TwoPointCorrelationFunction  INFO     Using estimator <class 'pycorr.twopoint_estimator.NaturalTwoPointEstimator'>.
[010446.46]  01-26 17:54  TwoPointCorrelationFunction  INFO     Running auto-correlation.
[010446.46]  01-26 17:54  TwoPointCorrelationFunction  INFO     Computing two-point counts D1D2.
[010505.67]  01-26 17:55  TwoPointCorrelationFunction  INFO     Analytically computing two-point counts R1R2.
[010505.67]  01-26 17:55  TwoPointCorrelationFunction  INFO     Correlation function computed in elapsed time 59.22 s.
[010505.67]  01-26 17:55  NaturalTwoPointEstimator     INFO     Saving /pscratch/sd/s/shengyu/galaxies/catalogs/Y3/AbacusHF-v2/Boxes/QSO/sn0p950/AbacusSummit_base_c000_ph023/mpspk/mpslog_QSO_zp0.950_DR2_v1.0.npy.
[010505.68]  01-26 17:55  compute_2pt                  INFO     Save to /pscratch/sd/s/shengyu/galaxies/catalogs/Y3/AbacusHF-v2/Boxes/QSO/sn0p950/AbacusSummit_base_c000_ph023/mpspk/mpslog_QSO_zp0.950_DR2_v1.0.npy
[010505.68]  01-26 17:55  TwoPointCorrelationFunction  INFO     Using estimator <class 'pycorr.twopoint_estimator.NaturalTwoPointEstimator'>.
[010505.68]  01-26 17:55  TwoPointCorrelationFunction  INFO     Running auto-correlation.
[010505.68]  01-26 17:55  TwoPointCorrelationFunction  INFO     Computing two-point counts D1D2.
[010547.16]  01-26 17:56  TwoPointCorrelationFunction  INFO     Analytically computing two-point counts R1R2.
[010547.16]  01-26 17:56  TwoPointCorrelationFunction  INFO     Correlation function computed in elapsed time 41.49 s.
[010547.16]  01-26 17:56  NaturalTwoPointEstimator     INFO     Saving /pscratch/sd/s/shengyu/galaxies/catalogs/Y3/AbacusHF-v2/Boxes/QSO/sn0p950/AbacusSummit_base_c000_ph023/mpspk/wplog_QSO_zp0.950_DR2_v1.0.npy.
[010547.17]  01-26 17:56  compute_2pt                  INFO     Save to /pscratch/sd/s/shengyu/galaxies/catalogs/Y3/AbacusHF-v2/Boxes/QSO/sn0p950/AbacusSummit_base_c000_ph023/mpspk/wplog_QSO_zp0.950_DR2_v1.0.npy
[010547.17]  01-26 17:56  compute_2pt                  INFO     Procceed {'version': 'AbacusHF-v2', 'domain': 'cubic', 'tracer': 'QSO', 'zsnap': 0.95, 'zrange': (0.8, 1.1), 'mock_id': 24, 'use_dv': 'False'}
[010547.17]  01-26 17:56  cat_tools                    INFO     Load /pscratch/sd/s/shengyu/galaxies/catalogs/Y3/AbacusHF-v2/Boxes/QSO/sn0p950/AbacusSummit_base_c000_ph024/abacus_HF_QSO_0p950_DR2_v2.0_AbacusSummit_base_c000_ph024_base_clustering.dat.h5
[010547.17]  01-26 17:56  FileStack                    INFO     Reading /pscratch/sd/s/shengyu/galaxies/catalogs/Y3/AbacusHF-v2/Boxes/QSO/sn0p950/AbacusSummit_base_c000_ph024/abacus_HF_QSO_0p950_DR2_v2.0_AbacusSummit_base_c000_ph024_base_clustering.dat.h5.
[010548.94]  01-26 17:56  TwoPointCorrelationFunction  INFO     Using estimator <class 'pycorr.twopoint_estimator.NaturalTwoPointEstimator'>.
[010548.95]  01-26 17:56  TwoPointCorrelationFunction  INFO     Running auto-correlation.
[010548.95]  01-26 17:56  TwoPointCorrelationFunction  INFO     Computing two-point counts D1D2.
[010817.53]  01-26 18:00  TwoPointCorrelationFunction  INFO     Analytically computing two-point counts R1R2.
[010817.54]  01-26 18:00  TwoPointCorrelationFunction  INFO     Correlation function computed in elapsed time 268.59 s.
[010817.54]  01-26 18:00  NaturalTwoPointEstimator     INFO     Saving /pscratch/sd/s/shengyu/galaxies/catalogs/Y3/AbacusHF-v2/Boxes/QSO/sn0p950/AbacusSummit_base_c000_ph024/mpspk/xipoles_QSO_zp0.950_DR2_v1.0.npy.
[010817.54]  01-26 18:00  compute_2pt                  INFO     Save to /pscratch/sd/s/shengyu/galaxies/catalogs/Y3/AbacusHF-v2/Boxes/QSO/sn0p950/AbacusSummit_base_c000_ph024/mpspk/xipoles_QSO_zp0.950_DR2_v1.0.npy
[010823.64]  01-26 18:00  CatalogFFTPower              INFO     Painting catalog 1 to mesh CatalogMesh(nmesh=[512 512 512], boxsize=[2000. 2000. 2000.], boxcenter=[1000.00007111 1000.00001669 1000.00001897], dtype=float64).
[010824.21]  01-26 18:00  CatalogMesh                  INFO     Slab 0 ~ 4194304 / 45497014.
[010825.29]  01-26 18:00  CatalogMesh                  INFO     Painted 4194304 out of 45497014 objects to mesh.
[010825.29]  01-26 18:00  CatalogMesh                  INFO     Slab 4194304 ~ 8388608 / 45497014.
[010826.35]  01-26 18:00  CatalogMesh                  INFO     Painted 8388608 out of 45497014 objects to mesh.
[010826.35]  01-26 18:00  CatalogMesh                  INFO     Slab 8388608 ~ 12582912 / 45497014.
[010827.42]  01-26 18:00  CatalogMesh                  INFO     Painted 12582912 out of 45497014 objects to mesh.
[010827.42]  01-26 18:00  CatalogMesh                  INFO     Slab 12582912 ~ 16777216 / 45497014.
[010828.48]  01-26 18:00  CatalogMesh                  INFO     Painted 16777216 out of 45497014 objects to mesh.
[010828.48]  01-26 18:00  CatalogMesh                  INFO     Slab 16777216 ~ 20971520 / 45497014.
[010829.54]  01-26 18:00  CatalogMesh                  INFO     Painted 20971520 out of 45497014 objects to mesh.
[010829.54]  01-26 18:00  CatalogMesh                  INFO     Slab 20971520 ~ 25165824 / 45497014.
[010830.60]  01-26 18:00  CatalogMesh                  INFO     Painted 25165824 out of 45497014 objects to mesh.
[010830.60]  01-26 18:00  CatalogMesh                  INFO     Slab 25165824 ~ 29360128 / 45497014.
[010831.66]  01-26 18:00  CatalogMesh                  INFO     Painted 29360128 out of 45497014 objects to mesh.
[010831.67]  01-26 18:00  CatalogMesh                  INFO     Slab 29360128 ~ 33554432 / 45497014.
[010832.76]  01-26 18:00  CatalogMesh                  INFO     Painted 33554432 out of 45497014 objects to mesh.
[010832.76]  01-26 18:00  CatalogMesh                  INFO     Slab 33554432 ~ 37748736 / 45497014.
[010833.94]  01-26 18:00  CatalogMesh                  INFO     Painted 37748736 out of 45497014 objects to mesh.
[010833.94]  01-26 18:00  CatalogMesh                  INFO     Slab 37748736 ~ 41943040 / 45497014.
[010835.13]  01-26 18:00  CatalogMesh                  INFO     Painted 41943040 out of 45497014 objects to mesh.
[010835.13]  01-26 18:00  CatalogMesh                  INFO     Slab 41943040 ~ 46137344 / 45497014.
[010836.15]  01-26 18:00  CatalogMesh                  INFO     Painted 45497014 out of 45497014 objects to mesh.
[010836.15]  01-26 18:00  CatalogMesh                  INFO     Running interlacing at order 3.
[010838.55]  01-26 18:00  CatalogMesh                  INFO     Slab 0 ~ 4194304 / 45497014.
[010839.61]  01-26 18:00  CatalogMesh                  INFO     Painted 4194304 out of 45497014 objects to mesh.
[010839.61]  01-26 18:00  CatalogMesh                  INFO     Slab 4194304 ~ 8388608 / 45497014.
[010840.69]  01-26 18:00  CatalogMesh                  INFO     Painted 8388608 out of 45497014 objects to mesh.
[010840.69]  01-26 18:00  CatalogMesh                  INFO     Slab 8388608 ~ 12582912 / 45497014.
[010841.75]  01-26 18:00  CatalogMesh                  INFO     Painted 12582912 out of 45497014 objects to mesh.
[010841.76]  01-26 18:00  CatalogMesh                  INFO     Slab 12582912 ~ 16777216 / 45497014.
[010842.82]  01-26 18:00  CatalogMesh                  INFO     Painted 16777216 out of 45497014 objects to mesh.
[010842.82]  01-26 18:00  CatalogMesh                  INFO     Slab 16777216 ~ 20971520 / 45497014.
[010843.89]  01-26 18:00  CatalogMesh                  INFO     Painted 20971520 out of 45497014 objects to mesh.
[010843.89]  01-26 18:00  CatalogMesh                  INFO     Slab 20971520 ~ 25165824 / 45497014.
[010844.98]  01-26 18:00  CatalogMesh                  INFO     Painted 25165824 out of 45497014 objects to mesh.
[010844.98]  01-26 18:00  CatalogMesh                  INFO     Slab 25165824 ~ 29360128 / 45497014.
[010846.04]  01-26 18:00  CatalogMesh                  INFO     Painted 29360128 out of 45497014 objects to mesh.
[010846.04]  01-26 18:00  CatalogMesh                  INFO     Slab 29360128 ~ 33554432 / 45497014.
[010847.12]  01-26 18:00  CatalogMesh                  INFO     Painted 33554432 out of 45497014 objects to mesh.
[010847.12]  01-26 18:00  CatalogMesh                  INFO     Slab 33554432 ~ 37748736 / 45497014.
[010848.31]  01-26 18:01  CatalogMesh                  INFO     Painted 37748736 out of 45497014 objects to mesh.
[010848.31]  01-26 18:01  CatalogMesh                  INFO     Slab 37748736 ~ 41943040 / 45497014.
[010849.50]  01-26 18:01  CatalogMesh                  INFO     Painted 41943040 out of 45497014 objects to mesh.
[010849.50]  01-26 18:01  CatalogMesh                  INFO     Slab 41943040 ~ 46137344 / 45497014.
[010850.51]  01-26 18:01  CatalogMesh                  INFO     Painted 45497014 out of 45497014 objects to mesh.
[010854.44]  01-26 18:01  CatalogMesh                  INFO     Slab 0 ~ 4194304 / 45497014.
[010855.51]  01-26 18:01  CatalogMesh                  INFO     Painted 4194304 out of 45497014 objects to mesh.
[010855.51]  01-26 18:01  CatalogMesh                  INFO     Slab 4194304 ~ 8388608 / 45497014.
[010856.57]  01-26 18:01  CatalogMesh                  INFO     Painted 8388608 out of 45497014 objects to mesh.
[010856.57]  01-26 18:01  CatalogMesh                  INFO     Slab 8388608 ~ 12582912 / 45497014.
[010857.65]  01-26 18:01  CatalogMesh                  INFO     Painted 12582912 out of 45497014 objects to mesh.
[010857.71]  01-26 18:01  CatalogMesh                  INFO     Slab 12582912 ~ 16777216 / 45497014.
[010858.77]  01-26 18:01  CatalogMesh                  INFO     Painted 16777216 out of 45497014 objects to mesh.
[010858.77]  01-26 18:01  CatalogMesh                  INFO     Slab 16777216 ~ 20971520 / 45497014.
[010859.83]  01-26 18:01  CatalogMesh                  INFO     Painted 20971520 out of 45497014 objects to mesh.
[010859.83]  01-26 18:01  CatalogMesh                  INFO     Slab 20971520 ~ 25165824 / 45497014.
[010860.89]  01-26 18:01  CatalogMesh                  INFO     Painted 25165824 out of 45497014 objects to mesh.
[010860.89]  01-26 18:01  CatalogMesh                  INFO     Slab 25165824 ~ 29360128 / 45497014.
[010861.95]  01-26 18:01  CatalogMesh                  INFO     Painted 29360128 out of 45497014 objects to mesh.
[010861.95]  01-26 18:01  CatalogMesh                  INFO     Slab 29360128 ~ 33554432 / 45497014.
[010863.03]  01-26 18:01  CatalogMesh                  INFO     Painted 33554432 out of 45497014 objects to mesh.
[010863.03]  01-26 18:01  CatalogMesh                  INFO     Slab 33554432 ~ 37748736 / 45497014.
[010864.22]  01-26 18:01  CatalogMesh                  INFO     Painted 37748736 out of 45497014 objects to mesh.
[010864.22]  01-26 18:01  CatalogMesh                  INFO     Slab 37748736 ~ 41943040 / 45497014.
[010865.41]  01-26 18:01  CatalogMesh                  INFO     Painted 41943040 out of 45497014 objects to mesh.
[010865.41]  01-26 18:01  CatalogMesh                  INFO     Slab 41943040 ~ 46137344 / 45497014.
[010866.42]  01-26 18:01  CatalogMesh                  INFO     Painted 45497014 out of 45497014 objects to mesh.
[010871.91]  01-26 18:01  CatalogFFTPower              INFO     Done painting catalog 1 to mesh.
[010871.91]  01-26 18:01  CatalogFFTPower              INFO     Using 400 k-bins between 0.000 and 0.400.
[010871.91]  01-26 18:01  CatalogFFTPower              INFO     Meshes prepared in elapsed time 48.27 s.
[010871.91]  01-26 18:01  CatalogFFTPower              INFO     Running mesh calculation.
[010889.02]  01-26 18:01  CatalogFFTPower              INFO     Mesh calculations performed in elapsed time 17.11 s.
[010889.02]  01-26 18:01  CatalogFFTPower              INFO     Power spectrum computed in elapsed time 65.38 s.
[010889.02]  01-26 18:01  CatalogFFTPower              INFO     Saving /pscratch/sd/s/shengyu/galaxies/catalogs/Y3/AbacusHF-v2/Boxes/QSO/sn0p950/AbacusSummit_base_c000_ph024/mpspk/pkpoles_QSO_zp0.950_DR2_v1.0.npy.
[010889.02]  01-26 18:01  compute_2pt                  INFO     Save to /pscratch/sd/s/shengyu/galaxies/catalogs/Y3/AbacusHF-v2/Boxes/QSO/sn0p950/AbacusSummit_base_c000_ph024/mpspk/pkpoles_QSO_zp0.950_DR2_v1.0.npy
[010889.02]  01-26 18:01  TwoPointCorrelationFunction  INFO     Using estimator <class 'pycorr.twopoint_estimator.NaturalTwoPointEstimator'>.
[010889.02]  01-26 18:01  TwoPointCorrelationFunction  INFO     Running auto-correlation.
[010889.02]  01-26 18:01  TwoPointCorrelationFunction  INFO     Computing two-point counts D1D2.
[010948.63]  01-26 18:02  TwoPointCorrelationFunction  INFO     Analytically computing two-point counts R1R2.
[010948.63]  01-26 18:02  TwoPointCorrelationFunction  INFO     Correlation function computed in elapsed time 59.61 s.
[010948.63]  01-26 18:02  NaturalTwoPointEstimator     INFO     Saving /pscratch/sd/s/shengyu/galaxies/catalogs/Y3/AbacusHF-v2/Boxes/QSO/sn0p950/AbacusSummit_base_c000_ph024/mpspk/mpslog_QSO_zp0.950_DR2_v1.0.npy.
[010948.64]  01-26 18:02  compute_2pt                  INFO     Save to /pscratch/sd/s/shengyu/galaxies/catalogs/Y3/AbacusHF-v2/Boxes/QSO/sn0p950/AbacusSummit_base_c000_ph024/mpspk/mpslog_QSO_zp0.950_DR2_v1.0.npy
[010948.64]  01-26 18:02  TwoPointCorrelationFunction  INFO     Using estimator <class 'pycorr.twopoint_estimator.NaturalTwoPointEstimator'>.
[010948.64]  01-26 18:02  TwoPointCorrelationFunction  INFO     Running auto-correlation.
[010948.64]  01-26 18:02  TwoPointCorrelationFunction  INFO     Computing two-point counts D1D2.
[010989.80]  01-26 18:03  TwoPointCorrelationFunction  INFO     Analytically computing two-point counts R1R2.
[010989.81]  01-26 18:03  TwoPointCorrelationFunction  INFO     Correlation function computed in elapsed time 41.17 s.
[010989.81]  01-26 18:03  NaturalTwoPointEstimator     INFO     Saving /pscratch/sd/s/shengyu/galaxies/catalogs/Y3/AbacusHF-v2/Boxes/QSO/sn0p950/AbacusSummit_base_c000_ph024/mpspk/wplog_QSO_zp0.950_DR2_v1.0.npy.
[010989.81]  01-26 18:03  compute_2pt                  INFO     Save to /pscratch/sd/s/shengyu/galaxies/catalogs/Y3/AbacusHF-v2/Boxes/QSO/sn0p950/AbacusSummit_base_c000_ph024/mpspk/wplog_QSO_zp0.950_DR2_v1.0.npy
[010989.81]  01-26 18:03  compute_2pt                  INFO     Procceed {'version': 'AbacusHF-v2', 'domain': 'cubic', 'tracer': 'QSO', 'zsnap': 1.25, 'zrange': (1.1, 1.4), 'mock_id': 0, 'use_dv': 'False'}
[010989.81]  01-26 18:03  cat_tools                    INFO     Load /pscratch/sd/s/shengyu/galaxies/catalogs/Y3/AbacusHF-v2/Boxes/QSO/sn1p250/AbacusSummit_base_c000_ph000/abacus_HF_QSO_1p250_DR2_v2.0_AbacusSummit_base_c000_ph000_base_clustering.dat.h5
[010989.81]  01-26 18:03  FileStack                    INFO     Reading /pscratch/sd/s/shengyu/galaxies/catalogs/Y3/AbacusHF-v2/Boxes/QSO/sn1p250/AbacusSummit_base_c000_ph000/abacus_HF_QSO_1p250_DR2_v2.0_AbacusSummit_base_c000_ph000_base_clustering.dat.h5.
[010990.92]  01-26 18:03  TwoPointCorrelationFunction  INFO     Using estimator <class 'pycorr.twopoint_estimator.NaturalTwoPointEstimator'>.
[010990.92]  01-26 18:03  TwoPointCorrelationFunction  INFO     Running auto-correlation.
[010990.92]  01-26 18:03  TwoPointCorrelationFunction  INFO     Computing two-point counts D1D2.
[011097.55]  01-26 18:05  TwoPointCorrelationFunction  INFO     Analytically computing two-point counts R1R2.
[011097.55]  01-26 18:05  TwoPointCorrelationFunction  INFO     Correlation function computed in elapsed time 106.63 s.
[011097.55]  01-26 18:05  NaturalTwoPointEstimator     INFO     Saving /pscratch/sd/s/shengyu/galaxies/catalogs/Y3/AbacusHF-v2/Boxes/QSO/sn1p250/AbacusSummit_base_c000_ph000/mpspk/xipoles_QSO_zp1.250_DR2_v1.0.npy.
[011097.56]  01-26 18:05  compute_2pt                  INFO     Save to /pscratch/sd/s/shengyu/galaxies/catalogs/Y3/AbacusHF-v2/Boxes/QSO/sn1p250/AbacusSummit_base_c000_ph000/mpspk/xipoles_QSO_zp1.250_DR2_v1.0.npy
[011101.44]  01-26 18:05  CatalogFFTPower              INFO     Painting catalog 1 to mesh CatalogMesh(nmesh=[512 512 512], boxsize=[2000. 2000. 2000.], boxcenter=[1000.0000081   999.99993321 1000.00002689], dtype=float64).
[011101.84]  01-26 18:05  CatalogMesh                  INFO     Slab 0 ~ 4194304 / 28361842.
[011102.96]  01-26 18:05  CatalogMesh                  INFO     Painted 4194304 out of 28361842 objects to mesh.
[011102.96]  01-26 18:05  CatalogMesh                  INFO     Slab 4194304 ~ 8388608 / 28361842.
[011104.06]  01-26 18:05  CatalogMesh                  INFO     Painted 8388608 out of 28361842 objects to mesh.
[011104.06]  01-26 18:05  CatalogMesh                  INFO     Slab 8388608 ~ 12582912 / 28361842.
[011105.16]  01-26 18:05  CatalogMesh                  INFO     Painted 12582912 out of 28361842 objects to mesh.
[011105.16]  01-26 18:05  CatalogMesh                  INFO     Slab 12582912 ~ 16777216 / 28361842.
[011106.26]  01-26 18:05  CatalogMesh                  INFO     Painted 16777216 out of 28361842 objects to mesh.
[011106.26]  01-26 18:05  CatalogMesh                  INFO     Slab 16777216 ~ 20971520 / 28361842.
[011107.37]  01-26 18:05  CatalogMesh                  INFO     Painted 20971520 out of 28361842 objects to mesh.
[011107.37]  01-26 18:05  CatalogMesh                  INFO     Slab 20971520 ~ 25165824 / 28361842.
[011108.57]  01-26 18:05  CatalogMesh                  INFO     Painted 25165824 out of 28361842 objects to mesh.
[011108.57]  01-26 18:05  CatalogMesh                  INFO     Slab 25165824 ~ 29360128 / 28361842.
[011109.60]  01-26 18:05  CatalogMesh                  INFO     Painted 28361842 out of 28361842 objects to mesh.
[011109.60]  01-26 18:05  CatalogMesh                  INFO     Running interlacing at order 3.
[011111.82]  01-26 18:05  CatalogMesh                  INFO     Slab 0 ~ 4194304 / 28361842.
[011112.92]  01-26 18:05  CatalogMesh                  INFO     Painted 4194304 out of 28361842 objects to mesh.
[011112.92]  01-26 18:05  CatalogMesh                  INFO     Slab 4194304 ~ 8388608 / 28361842.
[011114.02]  01-26 18:05  CatalogMesh                  INFO     Painted 8388608 out of 28361842 objects to mesh.
[011114.02]  01-26 18:05  CatalogMesh                  INFO     Slab 8388608 ~ 12582912 / 28361842.
[011115.13]  01-26 18:05  CatalogMesh                  INFO     Painted 12582912 out of 28361842 objects to mesh.
[011115.13]  01-26 18:05  CatalogMesh                  INFO     Slab 12582912 ~ 16777216 / 28361842.
[011116.24]  01-26 18:05  CatalogMesh                  INFO     Painted 16777216 out of 28361842 objects to mesh.
[011116.24]  01-26 18:05  CatalogMesh                  INFO     Slab 16777216 ~ 20971520 / 28361842.
[011117.34]  01-26 18:05  CatalogMesh                  INFO     Painted 20971520 out of 28361842 objects to mesh.
[011117.34]  01-26 18:05  CatalogMesh                  INFO     Slab 20971520 ~ 25165824 / 28361842.
[011118.55]  01-26 18:05  CatalogMesh                  INFO     Painted 25165824 out of 28361842 objects to mesh.
[011118.55]  01-26 18:05  CatalogMesh                  INFO     Slab 25165824 ~ 29360128 / 28361842.
[011119.58]  01-26 18:05  CatalogMesh                  INFO     Painted 28361842 out of 28361842 objects to mesh.
[011123.33]  01-26 18:05  CatalogMesh                  INFO     Slab 0 ~ 4194304 / 28361842.
[011124.42]  01-26 18:05  CatalogMesh                  INFO     Painted 4194304 out of 28361842 objects to mesh.
[011124.42]  01-26 18:05  CatalogMesh                  INFO     Slab 4194304 ~ 8388608 / 28361842.
[011125.52]  01-26 18:05  CatalogMesh                  INFO     Painted 8388608 out of 28361842 objects to mesh.
[011125.52]  01-26 18:05  CatalogMesh                  INFO     Slab 8388608 ~ 12582912 / 28361842.
[011126.62]  01-26 18:05  CatalogMesh                  INFO     Painted 12582912 out of 28361842 objects to mesh.
[011126.62]  01-26 18:05  CatalogMesh                  INFO     Slab 12582912 ~ 16777216 / 28361842.
[011127.73]  01-26 18:05  CatalogMesh                  INFO     Painted 16777216 out of 28361842 objects to mesh.
[011127.73]  01-26 18:05  CatalogMesh                  INFO     Slab 16777216 ~ 20971520 / 28361842.
[011128.83]  01-26 18:05  CatalogMesh                  INFO     Painted 20971520 out of 28361842 objects to mesh.
[011128.83]  01-26 18:05  CatalogMesh                  INFO     Slab 20971520 ~ 25165824 / 28361842.
[011130.03]  01-26 18:05  CatalogMesh                  INFO     Painted 25165824 out of 28361842 objects to mesh.
[011130.03]  01-26 18:05  CatalogMesh                  INFO     Slab 25165824 ~ 29360128 / 28361842.
[011131.07]  01-26 18:05  CatalogMesh                  INFO     Painted 28361842 out of 28361842 objects to mesh.
[011136.54]  01-26 18:05  CatalogFFTPower              INFO     Done painting catalog 1 to mesh.
[011136.54]  01-26 18:05  CatalogFFTPower              INFO     Using 400 k-bins between 0.000 and 0.400.
[011136.54]  01-26 18:05  CatalogFFTPower              INFO     Meshes prepared in elapsed time 35.10 s.
[011136.54]  01-26 18:05  CatalogFFTPower              INFO     Running mesh calculation.
[011153.57]  01-26 18:06  CatalogFFTPower              INFO     Mesh calculations performed in elapsed time 17.03 s.
[011153.57]  01-26 18:06  CatalogFFTPower              INFO     Power spectrum computed in elapsed time 52.13 s.
[011153.58]  01-26 18:06  CatalogFFTPower              INFO     Saving /pscratch/sd/s/shengyu/galaxies/catalogs/Y3/AbacusHF-v2/Boxes/QSO/sn1p250/AbacusSummit_base_c000_ph000/mpspk/pkpoles_QSO_zp1.250_DR2_v1.0.npy.
[011153.58]  01-26 18:06  compute_2pt                  INFO     Save to /pscratch/sd/s/shengyu/galaxies/catalogs/Y3/AbacusHF-v2/Boxes/QSO/sn1p250/AbacusSummit_base_c000_ph000/mpspk/pkpoles_QSO_zp1.250_DR2_v1.0.npy
[011153.58]  01-26 18:06  TwoPointCorrelationFunction  INFO     Using estimator <class 'pycorr.twopoint_estimator.NaturalTwoPointEstimator'>.
[011153.58]  01-26 18:06  TwoPointCorrelationFunction  INFO     Running auto-correlation.
[011153.58]  01-26 18:06  TwoPointCorrelationFunction  INFO     Computing two-point counts D1D2.
[011175.41]  01-26 18:06  TwoPointCorrelationFunction  INFO     Analytically computing two-point counts R1R2.
[011175.41]  01-26 18:06  TwoPointCorrelationFunction  INFO     Correlation function computed in elapsed time 21.83 s.
[011175.41]  01-26 18:06  NaturalTwoPointEstimator     INFO     Saving /pscratch/sd/s/shengyu/galaxies/catalogs/Y3/AbacusHF-v2/Boxes/QSO/sn1p250/AbacusSummit_base_c000_ph000/mpspk/mpslog_QSO_zp1.250_DR2_v1.0.npy.
[011175.41]  01-26 18:06  compute_2pt                  INFO     Save to /pscratch/sd/s/shengyu/galaxies/catalogs/Y3/AbacusHF-v2/Boxes/QSO/sn1p250/AbacusSummit_base_c000_ph000/mpspk/mpslog_QSO_zp1.250_DR2_v1.0.npy
[011175.41]  01-26 18:06  TwoPointCorrelationFunction  INFO     Using estimator <class 'pycorr.twopoint_estimator.NaturalTwoPointEstimator'>.
[011175.41]  01-26 18:06  TwoPointCorrelationFunction  INFO     Running auto-correlation.
[011175.41]  01-26 18:06  TwoPointCorrelationFunction  INFO     Computing two-point counts D1D2.
[011198.65]  01-26 18:06  TwoPointCorrelationFunction  INFO     Analytically computing two-point counts R1R2.
[011198.65]  01-26 18:06  TwoPointCorrelationFunction  INFO     Correlation function computed in elapsed time 23.24 s.
[011198.65]  01-26 18:06  NaturalTwoPointEstimator     INFO     Saving /pscratch/sd/s/shengyu/galaxies/catalogs/Y3/AbacusHF-v2/Boxes/QSO/sn1p250/AbacusSummit_base_c000_ph000/mpspk/wplog_QSO_zp1.250_DR2_v1.0.npy.
[011198.66]  01-26 18:06  compute_2pt                  INFO     Save to /pscratch/sd/s/shengyu/galaxies/catalogs/Y3/AbacusHF-v2/Boxes/QSO/sn1p250/AbacusSummit_base_c000_ph000/mpspk/wplog_QSO_zp1.250_DR2_v1.0.npy
[011198.66]  01-26 18:06  compute_2pt                  INFO     Procceed {'version': 'AbacusHF-v2', 'domain': 'cubic', 'tracer': 'QSO', 'zsnap': 1.25, 'zrange': (1.1, 1.4), 'mock_id': 1, 'use_dv': 'False'}
[011198.66]  01-26 18:06  cat_tools                    INFO     Load /pscratch/sd/s/shengyu/galaxies/catalogs/Y3/AbacusHF-v2/Boxes/QSO/sn1p250/AbacusSummit_base_c000_ph001/abacus_HF_QSO_1p250_DR2_v2.0_AbacusSummit_base_c000_ph001_base_clustering.dat.h5
[011198.66]  01-26 18:06  FileStack                    INFO     Reading /pscratch/sd/s/shengyu/galaxies/catalogs/Y3/AbacusHF-v2/Boxes/QSO/sn1p250/AbacusSummit_base_c000_ph001/abacus_HF_QSO_1p250_DR2_v2.0_AbacusSummit_base_c000_ph001_base_clustering.dat.h5.
[011199.77]  01-26 18:06  TwoPointCorrelationFunction  INFO     Using estimator <class 'pycorr.twopoint_estimator.NaturalTwoPointEstimator'>.
[011199.77]  01-26 18:06  TwoPointCorrelationFunction  INFO     Running auto-correlation.
[011199.77]  01-26 18:06  TwoPointCorrelationFunction  INFO     Computing two-point counts D1D2.
[011305.39]  01-26 18:08  TwoPointCorrelationFunction  INFO     Analytically computing two-point counts R1R2.
[011305.39]  01-26 18:08  TwoPointCorrelationFunction  INFO     Correlation function computed in elapsed time 105.63 s.
[011305.40]  01-26 18:08  NaturalTwoPointEstimator     INFO     Saving /pscratch/sd/s/shengyu/galaxies/catalogs/Y3/AbacusHF-v2/Boxes/QSO/sn1p250/AbacusSummit_base_c000_ph001/mpspk/xipoles_QSO_zp1.250_DR2_v1.0.npy.
[011305.40]  01-26 18:08  compute_2pt                  INFO     Save to /pscratch/sd/s/shengyu/galaxies/catalogs/Y3/AbacusHF-v2/Boxes/QSO/sn1p250/AbacusSummit_base_c000_ph001/mpspk/xipoles_QSO_zp1.250_DR2_v1.0.npy
[011309.21]  01-26 18:08  CatalogFFTPower              INFO     Painting catalog 1 to mesh CatalogMesh(nmesh=[512 512 512], boxsize=[2000. 2000. 2000.], boxcenter=[1000.00003031 1000.00007072  999.99997679], dtype=float64).
[011309.61]  01-26 18:08  CatalogMesh                  INFO     Slab 0 ~ 4194304 / 28334002.
[011310.72]  01-26 18:08  CatalogMesh                  INFO     Painted 4194304 out of 28334002 objects to mesh.
[011310.72]  01-26 18:08  CatalogMesh                  INFO     Slab 4194304 ~ 8388608 / 28334002.
[011311.82]  01-26 18:08  CatalogMesh                  INFO     Painted 8388608 out of 28334002 objects to mesh.
[011311.82]  01-26 18:08  CatalogMesh                  INFO     Slab 8388608 ~ 12582912 / 28334002.
[011312.93]  01-26 18:08  CatalogMesh                  INFO     Painted 12582912 out of 28334002 objects to mesh.
[011312.93]  01-26 18:08  CatalogMesh                  INFO     Slab 12582912 ~ 16777216 / 28334002.
[011314.03]  01-26 18:08  CatalogMesh                  INFO     Painted 16777216 out of 28334002 objects to mesh.
[011314.03]  01-26 18:08  CatalogMesh                  INFO     Slab 16777216 ~ 20971520 / 28334002.
[011315.13]  01-26 18:08  CatalogMesh                  INFO     Painted 20971520 out of 28334002 objects to mesh.
[011315.13]  01-26 18:08  CatalogMesh                  INFO     Slab 20971520 ~ 25165824 / 28334002.
[011316.33]  01-26 18:08  CatalogMesh                  INFO     Painted 25165824 out of 28334002 objects to mesh.
[011316.33]  01-26 18:08  CatalogMesh                  INFO     Slab 25165824 ~ 29360128 / 28334002.
[011317.35]  01-26 18:08  CatalogMesh                  INFO     Painted 28334002 out of 28334002 objects to mesh.
[011317.35]  01-26 18:08  CatalogMesh                  INFO     Running interlacing at order 3.
[011319.58]  01-26 18:08  CatalogMesh                  INFO     Slab 0 ~ 4194304 / 28334002.
[011320.68]  01-26 18:08  CatalogMesh                  INFO     Painted 4194304 out of 28334002 objects to mesh.
[011320.68]  01-26 18:08  CatalogMesh                  INFO     Slab 4194304 ~ 8388608 / 28334002.
[011321.78]  01-26 18:08  CatalogMesh                  INFO     Painted 8388608 out of 28334002 objects to mesh.
[011321.78]  01-26 18:08  CatalogMesh                  INFO     Slab 8388608 ~ 12582912 / 28334002.
[011322.88]  01-26 18:08  CatalogMesh                  INFO     Painted 12582912 out of 28334002 objects to mesh.
[011322.88]  01-26 18:08  CatalogMesh                  INFO     Slab 12582912 ~ 16777216 / 28334002.
[011323.99]  01-26 18:08  CatalogMesh                  INFO     Painted 16777216 out of 28334002 objects to mesh.
[011323.99]  01-26 18:08  CatalogMesh                  INFO     Slab 16777216 ~ 20971520 / 28334002.
[011325.10]  01-26 18:08  CatalogMesh                  INFO     Painted 20971520 out of 28334002 objects to mesh.
[011325.10]  01-26 18:08  CatalogMesh                  INFO     Slab 20971520 ~ 25165824 / 28334002.
[011326.30]  01-26 18:08  CatalogMesh                  INFO     Painted 25165824 out of 28334002 objects to mesh.
[011326.30]  01-26 18:08  CatalogMesh                  INFO     Slab 25165824 ~ 29360128 / 28334002.
[011327.33]  01-26 18:09  CatalogMesh                  INFO     Painted 28334002 out of 28334002 objects to mesh.
[011331.10]  01-26 18:09  CatalogMesh                  INFO     Slab 0 ~ 4194304 / 28334002.
[011332.20]  01-26 18:09  CatalogMesh                  INFO     Painted 4194304 out of 28334002 objects to mesh.
[011332.20]  01-26 18:09  CatalogMesh                  INFO     Slab 4194304 ~ 8388608 / 28334002.
[011333.30]  01-26 18:09  CatalogMesh                  INFO     Painted 8388608 out of 28334002 objects to mesh.
[011333.30]  01-26 18:09  CatalogMesh                  INFO     Slab 8388608 ~ 12582912 / 28334002.
[011334.41]  01-26 18:09  CatalogMesh                  INFO     Painted 12582912 out of 28334002 objects to mesh.
[011334.41]  01-26 18:09  CatalogMesh                  INFO     Slab 12582912 ~ 16777216 / 28334002.
[011335.51]  01-26 18:09  CatalogMesh                  INFO     Painted 16777216 out of 28334002 objects to mesh.
[011335.51]  01-26 18:09  CatalogMesh                  INFO     Slab 16777216 ~ 20971520 / 28334002.
[011336.61]  01-26 18:09  CatalogMesh                  INFO     Painted 20971520 out of 28334002 objects to mesh.
[011336.61]  01-26 18:09  CatalogMesh                  INFO     Slab 20971520 ~ 25165824 / 28334002.
[011337.82]  01-26 18:09  CatalogMesh                  INFO     Painted 25165824 out of 28334002 objects to mesh.
[011337.82]  01-26 18:09  CatalogMesh                  INFO     Slab 25165824 ~ 29360128 / 28334002.
[011338.84]  01-26 18:09  CatalogMesh                  INFO     Painted 28334002 out of 28334002 objects to mesh.
[011344.31]  01-26 18:09  CatalogFFTPower              INFO     Done painting catalog 1 to mesh.
[011344.32]  01-26 18:09  CatalogFFTPower              INFO     Using 400 k-bins between 0.000 and 0.400.
[011344.32]  01-26 18:09  CatalogFFTPower              INFO     Meshes prepared in elapsed time 35.11 s.
[011344.32]  01-26 18:09  CatalogFFTPower              INFO     Running mesh calculation.
[011361.36]  01-26 18:09  CatalogFFTPower              INFO     Mesh calculations performed in elapsed time 17.05 s.
[011361.36]  01-26 18:09  CatalogFFTPower              INFO     Power spectrum computed in elapsed time 52.15 s.
[011361.37]  01-26 18:09  CatalogFFTPower              INFO     Saving /pscratch/sd/s/shengyu/galaxies/catalogs/Y3/AbacusHF-v2/Boxes/QSO/sn1p250/AbacusSummit_base_c000_ph001/mpspk/pkpoles_QSO_zp1.250_DR2_v1.0.npy.
[011361.37]  01-26 18:09  compute_2pt                  INFO     Save to /pscratch/sd/s/shengyu/galaxies/catalogs/Y3/AbacusHF-v2/Boxes/QSO/sn1p250/AbacusSummit_base_c000_ph001/mpspk/pkpoles_QSO_zp1.250_DR2_v1.0.npy
[011361.37]  01-26 18:09  TwoPointCorrelationFunction  INFO     Using estimator <class 'pycorr.twopoint_estimator.NaturalTwoPointEstimator'>.
[011361.37]  01-26 18:09  TwoPointCorrelationFunction  INFO     Running auto-correlation.
[011361.37]  01-26 18:09  TwoPointCorrelationFunction  INFO     Computing two-point counts D1D2.
[011386.38]  01-26 18:09  TwoPointCorrelationFunction  INFO     Analytically computing two-point counts R1R2.
[011386.38]  01-26 18:09  TwoPointCorrelationFunction  INFO     Correlation function computed in elapsed time 25.01 s.
[011386.38]  01-26 18:09  NaturalTwoPointEstimator     INFO     Saving /pscratch/sd/s/shengyu/galaxies/catalogs/Y3/AbacusHF-v2/Boxes/QSO/sn1p250/AbacusSummit_base_c000_ph001/mpspk/mpslog_QSO_zp1.250_DR2_v1.0.npy.
[011386.38]  01-26 18:09  compute_2pt                  INFO     Save to /pscratch/sd/s/shengyu/galaxies/catalogs/Y3/AbacusHF-v2/Boxes/QSO/sn1p250/AbacusSummit_base_c000_ph001/mpspk/mpslog_QSO_zp1.250_DR2_v1.0.npy
[011386.38]  01-26 18:09  TwoPointCorrelationFunction  INFO     Using estimator <class 'pycorr.twopoint_estimator.NaturalTwoPointEstimator'>.
[011386.38]  01-26 18:09  TwoPointCorrelationFunction  INFO     Running auto-correlation.
[011386.38]  01-26 18:09  TwoPointCorrelationFunction  INFO     Computing two-point counts D1D2.
[011409.75]  01-26 18:10  TwoPointCorrelationFunction  INFO     Analytically computing two-point counts R1R2.
[011409.75]  01-26 18:10  TwoPointCorrelationFunction  INFO     Correlation function computed in elapsed time 23.37 s.
[011409.75]  01-26 18:10  NaturalTwoPointEstimator     INFO     Saving /pscratch/sd/s/shengyu/galaxies/catalogs/Y3/AbacusHF-v2/Boxes/QSO/sn1p250/AbacusSummit_base_c000_ph001/mpspk/wplog_QSO_zp1.250_DR2_v1.0.npy.
[011409.75]  01-26 18:10  compute_2pt                  INFO     Save to /pscratch/sd/s/shengyu/galaxies/catalogs/Y3/AbacusHF-v2/Boxes/QSO/sn1p250/AbacusSummit_base_c000_ph001/mpspk/wplog_QSO_zp1.250_DR2_v1.0.npy
[011409.75]  01-26 18:10  compute_2pt                  INFO     Procceed {'version': 'AbacusHF-v2', 'domain': 'cubic', 'tracer': 'QSO', 'zsnap': 1.25, 'zrange': (1.1, 1.4), 'mock_id': 2, 'use_dv': 'False'}
[011409.75]  01-26 18:10  cat_tools                    INFO     Load /pscratch/sd/s/shengyu/galaxies/catalogs/Y3/AbacusHF-v2/Boxes/QSO/sn1p250/AbacusSummit_base_c000_ph002/abacus_HF_QSO_1p250_DR2_v2.0_AbacusSummit_base_c000_ph002_base_clustering.dat.h5
[011409.76]  01-26 18:10  FileStack                    INFO     Reading /pscratch/sd/s/shengyu/galaxies/catalogs/Y3/AbacusHF-v2/Boxes/QSO/sn1p250/AbacusSummit_base_c000_ph002/abacus_HF_QSO_1p250_DR2_v2.0_AbacusSummit_base_c000_ph002_base_clustering.dat.h5.
[011410.86]  01-26 18:10  TwoPointCorrelationFunction  INFO     Using estimator <class 'pycorr.twopoint_estimator.NaturalTwoPointEstimator'>.
[011410.87]  01-26 18:10  TwoPointCorrelationFunction  INFO     Running auto-correlation.
[011410.87]  01-26 18:10  TwoPointCorrelationFunction  INFO     Computing two-point counts D1D2.
[011514.04]  01-26 18:12  TwoPointCorrelationFunction  INFO     Analytically computing two-point counts R1R2.
[011514.04]  01-26 18:12  TwoPointCorrelationFunction  INFO     Correlation function computed in elapsed time 103.18 s.
[011514.04]  01-26 18:12  NaturalTwoPointEstimator     INFO     Saving /pscratch/sd/s/shengyu/galaxies/catalogs/Y3/AbacusHF-v2/Boxes/QSO/sn1p250/AbacusSummit_base_c000_ph002/mpspk/xipoles_QSO_zp1.250_DR2_v1.0.npy.
[011514.05]  01-26 18:12  compute_2pt                  INFO     Save to /pscratch/sd/s/shengyu/galaxies/catalogs/Y3/AbacusHF-v2/Boxes/QSO/sn1p250/AbacusSummit_base_c000_ph002/mpspk/xipoles_QSO_zp1.250_DR2_v1.0.npy
[011517.88]  01-26 18:12  CatalogFFTPower              INFO     Painting catalog 1 to mesh CatalogMesh(nmesh=[512 512 512], boxsize=[2000. 2000. 2000.], boxcenter=[1000.00000828  999.99999139  999.99990698], dtype=float64).
[011518.28]  01-26 18:12  CatalogMesh                  INFO     Slab 0 ~ 4194304 / 28376362.
[011519.40]  01-26 18:12  CatalogMesh                  INFO     Painted 4194304 out of 28376362 objects to mesh.
[011519.40]  01-26 18:12  CatalogMesh                  INFO     Slab 4194304 ~ 8388608 / 28376362.
[011520.49]  01-26 18:12  CatalogMesh                  INFO     Painted 8388608 out of 28376362 objects to mesh.
[011520.49]  01-26 18:12  CatalogMesh                  INFO     Slab 8388608 ~ 12582912 / 28376362.
[011521.60]  01-26 18:12  CatalogMesh                  INFO     Painted 12582912 out of 28376362 objects to mesh.
[011521.60]  01-26 18:12  CatalogMesh                  INFO     Slab 12582912 ~ 16777216 / 28376362.
[011522.70]  01-26 18:12  CatalogMesh                  INFO     Painted 16777216 out of 28376362 objects to mesh.
[011522.70]  01-26 18:12  CatalogMesh                  INFO     Slab 16777216 ~ 20971520 / 28376362.
[011523.80]  01-26 18:12  CatalogMesh                  INFO     Painted 20971520 out of 28376362 objects to mesh.
[011523.80]  01-26 18:12  CatalogMesh                  INFO     Slab 20971520 ~ 25165824 / 28376362.
[011525.02]  01-26 18:12  CatalogMesh                  INFO     Painted 25165824 out of 28376362 objects to mesh.
[011525.02]  01-26 18:12  CatalogMesh                  INFO     Slab 25165824 ~ 29360128 / 28376362.
[011526.05]  01-26 18:12  CatalogMesh                  INFO     Painted 28376362 out of 28376362 objects to mesh.
[011526.05]  01-26 18:12  CatalogMesh                  INFO     Running interlacing at order 3.
[011528.29]  01-26 18:12  CatalogMesh                  INFO     Slab 0 ~ 4194304 / 28376362.
[011529.40]  01-26 18:12  CatalogMesh                  INFO     Painted 4194304 out of 28376362 objects to mesh.
[011529.40]  01-26 18:12  CatalogMesh                  INFO     Slab 4194304 ~ 8388608 / 28376362.
[011530.50]  01-26 18:12  CatalogMesh                  INFO     Painted 8388608 out of 28376362 objects to mesh.
[011530.50]  01-26 18:12  CatalogMesh                  INFO     Slab 8388608 ~ 12582912 / 28376362.
[011531.60]  01-26 18:12  CatalogMesh                  INFO     Painted 12582912 out of 28376362 objects to mesh.
[011531.60]  01-26 18:12  CatalogMesh                  INFO     Slab 12582912 ~ 16777216 / 28376362.
[011532.70]  01-26 18:12  CatalogMesh                  INFO     Painted 16777216 out of 28376362 objects to mesh.
[011532.70]  01-26 18:12  CatalogMesh                  INFO     Slab 16777216 ~ 20971520 / 28376362.
[011533.80]  01-26 18:12  CatalogMesh                  INFO     Painted 20971520 out of 28376362 objects to mesh.
[011533.80]  01-26 18:12  CatalogMesh                  INFO     Slab 20971520 ~ 25165824 / 28376362.
[011535.00]  01-26 18:12  CatalogMesh                  INFO     Painted 25165824 out of 28376362 objects to mesh.
[011535.00]  01-26 18:12  CatalogMesh                  INFO     Slab 25165824 ~ 29360128 / 28376362.
[011536.03]  01-26 18:12  CatalogMesh                  INFO     Painted 28376362 out of 28376362 objects to mesh.
[011539.79]  01-26 18:12  CatalogMesh                  INFO     Slab 0 ~ 4194304 / 28376362.
[011540.89]  01-26 18:12  CatalogMesh                  INFO     Painted 4194304 out of 28376362 objects to mesh.
[011540.89]  01-26 18:12  CatalogMesh                  INFO     Slab 4194304 ~ 8388608 / 28376362.
[011542.00]  01-26 18:12  CatalogMesh                  INFO     Painted 8388608 out of 28376362 objects to mesh.
[011542.00]  01-26 18:12  CatalogMesh                  INFO     Slab 8388608 ~ 12582912 / 28376362.
[011543.11]  01-26 18:12  CatalogMesh                  INFO     Painted 12582912 out of 28376362 objects to mesh.
[011543.11]  01-26 18:12  CatalogMesh                  INFO     Slab 12582912 ~ 16777216 / 28376362.
[011544.21]  01-26 18:12  CatalogMesh                  INFO     Painted 16777216 out of 28376362 objects to mesh.
[011544.21]  01-26 18:12  CatalogMesh                  INFO     Slab 16777216 ~ 20971520 / 28376362.
[011545.31]  01-26 18:12  CatalogMesh                  INFO     Painted 20971520 out of 28376362 objects to mesh.
[011545.31]  01-26 18:12  CatalogMesh                  INFO     Slab 20971520 ~ 25165824 / 28376362.
[011546.51]  01-26 18:12  CatalogMesh                  INFO     Painted 25165824 out of 28376362 objects to mesh.
[011546.51]  01-26 18:12  CatalogMesh                  INFO     Slab 25165824 ~ 29360128 / 28376362.
[011547.55]  01-26 18:12  CatalogMesh                  INFO     Painted 28376362 out of 28376362 objects to mesh.
[011553.03]  01-26 18:12  CatalogFFTPower              INFO     Done painting catalog 1 to mesh.
[011553.03]  01-26 18:12  CatalogFFTPower              INFO     Using 400 k-bins between 0.000 and 0.400.
[011553.03]  01-26 18:12  CatalogFFTPower              INFO     Meshes prepared in elapsed time 35.15 s.
[011553.03]  01-26 18:12  CatalogFFTPower              INFO     Running mesh calculation.
[011570.10]  01-26 18:13  CatalogFFTPower              INFO     Mesh calculations performed in elapsed time 17.07 s.
[011570.10]  01-26 18:13  CatalogFFTPower              INFO     Power spectrum computed in elapsed time 52.22 s.
[011570.10]  01-26 18:13  CatalogFFTPower              INFO     Saving /pscratch/sd/s/shengyu/galaxies/catalogs/Y3/AbacusHF-v2/Boxes/QSO/sn1p250/AbacusSummit_base_c000_ph002/mpspk/pkpoles_QSO_zp1.250_DR2_v1.0.npy.
[011570.10]  01-26 18:13  compute_2pt                  INFO     Save to /pscratch/sd/s/shengyu/galaxies/catalogs/Y3/AbacusHF-v2/Boxes/QSO/sn1p250/AbacusSummit_base_c000_ph002/mpspk/pkpoles_QSO_zp1.250_DR2_v1.0.npy
[011570.10]  01-26 18:13  TwoPointCorrelationFunction  INFO     Using estimator <class 'pycorr.twopoint_estimator.NaturalTwoPointEstimator'>.
[011570.10]  01-26 18:13  TwoPointCorrelationFunction  INFO     Running auto-correlation.
[011570.10]  01-26 18:13  TwoPointCorrelationFunction  INFO     Computing two-point counts D1D2.
[011590.17]  01-26 18:13  TwoPointCorrelationFunction  INFO     Analytically computing two-point counts R1R2.
[011590.17]  01-26 18:13  TwoPointCorrelationFunction  INFO     Correlation function computed in elapsed time 20.07 s.
[011590.17]  01-26 18:13  NaturalTwoPointEstimator     INFO     Saving /pscratch/sd/s/shengyu/galaxies/catalogs/Y3/AbacusHF-v2/Boxes/QSO/sn1p250/AbacusSummit_base_c000_ph002/mpspk/mpslog_QSO_zp1.250_DR2_v1.0.npy.
[011590.17]  01-26 18:13  compute_2pt                  INFO     Save to /pscratch/sd/s/shengyu/galaxies/catalogs/Y3/AbacusHF-v2/Boxes/QSO/sn1p250/AbacusSummit_base_c000_ph002/mpspk/mpslog_QSO_zp1.250_DR2_v1.0.npy
[011590.17]  01-26 18:13  TwoPointCorrelationFunction  INFO     Using estimator <class 'pycorr.twopoint_estimator.NaturalTwoPointEstimator'>.
[011590.17]  01-26 18:13  TwoPointCorrelationFunction  INFO     Running auto-correlation.
[011590.17]  01-26 18:13  TwoPointCorrelationFunction  INFO     Computing two-point counts D1D2.
[011613.56]  01-26 18:13  TwoPointCorrelationFunction  INFO     Analytically computing two-point counts R1R2.
[011613.56]  01-26 18:13  TwoPointCorrelationFunction  INFO     Correlation function computed in elapsed time 23.39 s.
[011613.57]  01-26 18:13  NaturalTwoPointEstimator     INFO     Saving /pscratch/sd/s/shengyu/galaxies/catalogs/Y3/AbacusHF-v2/Boxes/QSO/sn1p250/AbacusSummit_base_c000_ph002/mpspk/wplog_QSO_zp1.250_DR2_v1.0.npy.
[011613.57]  01-26 18:13  compute_2pt                  INFO     Save to /pscratch/sd/s/shengyu/galaxies/catalogs/Y3/AbacusHF-v2/Boxes/QSO/sn1p250/AbacusSummit_base_c000_ph002/mpspk/wplog_QSO_zp1.250_DR2_v1.0.npy
[011613.57]  01-26 18:13  compute_2pt                  INFO     Procceed {'version': 'AbacusHF-v2', 'domain': 'cubic', 'tracer': 'QSO', 'zsnap': 1.25, 'zrange': (1.1, 1.4), 'mock_id': 3, 'use_dv': 'False'}
[011613.57]  01-26 18:13  cat_tools                    INFO     Load /pscratch/sd/s/shengyu/galaxies/catalogs/Y3/AbacusHF-v2/Boxes/QSO/sn1p250/AbacusSummit_base_c000_ph003/abacus_HF_QSO_1p250_DR2_v2.0_AbacusSummit_base_c000_ph003_base_clustering.dat.h5
[011613.57]  01-26 18:13  FileStack                    INFO     Reading /pscratch/sd/s/shengyu/galaxies/catalogs/Y3/AbacusHF-v2/Boxes/QSO/sn1p250/AbacusSummit_base_c000_ph003/abacus_HF_QSO_1p250_DR2_v2.0_AbacusSummit_base_c000_ph003_base_clustering.dat.h5.
[011614.68]  01-26 18:13  TwoPointCorrelationFunction  INFO     Using estimator <class 'pycorr.twopoint_estimator.NaturalTwoPointEstimator'>.
[011614.68]  01-26 18:13  TwoPointCorrelationFunction  INFO     Running auto-correlation.
[011614.68]  01-26 18:13  TwoPointCorrelationFunction  INFO     Computing two-point counts D1D2.
[011718.50]  01-26 18:15  TwoPointCorrelationFunction  INFO     Analytically computing two-point counts R1R2.
[011718.51]  01-26 18:15  TwoPointCorrelationFunction  INFO     Correlation function computed in elapsed time 103.82 s.
[011718.51]  01-26 18:15  NaturalTwoPointEstimator     INFO     Saving /pscratch/sd/s/shengyu/galaxies/catalogs/Y3/AbacusHF-v2/Boxes/QSO/sn1p250/AbacusSummit_base_c000_ph003/mpspk/xipoles_QSO_zp1.250_DR2_v1.0.npy.
[011718.51]  01-26 18:15  compute_2pt                  INFO     Save to /pscratch/sd/s/shengyu/galaxies/catalogs/Y3/AbacusHF-v2/Boxes/QSO/sn1p250/AbacusSummit_base_c000_ph003/mpspk/xipoles_QSO_zp1.250_DR2_v1.0.npy
[011722.33]  01-26 18:15  CatalogFFTPower              INFO     Painting catalog 1 to mesh CatalogMesh(nmesh=[512 512 512], boxsize=[2000. 2000. 2000.], boxcenter=[1000.00000062  999.99996393  999.99996905], dtype=float64).
[011722.73]  01-26 18:15  CatalogMesh                  INFO     Slab 0 ~ 4194304 / 28332710.
[011723.85]  01-26 18:15  CatalogMesh                  INFO     Painted 4194304 out of 28332710 objects to mesh.
[011723.85]  01-26 18:15  CatalogMesh                  INFO     Slab 4194304 ~ 8388608 / 28332710.
[011724.96]  01-26 18:15  CatalogMesh                  INFO     Painted 8388608 out of 28332710 objects to mesh.
[011724.96]  01-26 18:15  CatalogMesh                  INFO     Slab 8388608 ~ 12582912 / 28332710.
[011726.07]  01-26 18:15  CatalogMesh                  INFO     Painted 12582912 out of 28332710 objects to mesh.
[011726.07]  01-26 18:15  CatalogMesh                  INFO     Slab 12582912 ~ 16777216 / 28332710.
[011727.18]  01-26 18:15  CatalogMesh                  INFO     Painted 16777216 out of 28332710 objects to mesh.
[011727.18]  01-26 18:15  CatalogMesh                  INFO     Slab 16777216 ~ 20971520 / 28332710.
[011728.29]  01-26 18:15  CatalogMesh                  INFO     Painted 20971520 out of 28332710 objects to mesh.
[011728.29]  01-26 18:15  CatalogMesh                  INFO     Slab 20971520 ~ 25165824 / 28332710.
[011729.51]  01-26 18:15  CatalogMesh                  INFO     Painted 25165824 out of 28332710 objects to mesh.
[011729.51]  01-26 18:15  CatalogMesh                  INFO     Slab 25165824 ~ 29360128 / 28332710.
[011730.54]  01-26 18:15  CatalogMesh                  INFO     Painted 28332710 out of 28332710 objects to mesh.
[011730.54]  01-26 18:15  CatalogMesh                  INFO     Running interlacing at order 3.
[011732.80]  01-26 18:15  CatalogMesh                  INFO     Slab 0 ~ 4194304 / 28332710.
[011733.91]  01-26 18:15  CatalogMesh                  INFO     Painted 4194304 out of 28332710 objects to mesh.
[011733.91]  01-26 18:15  CatalogMesh                  INFO     Slab 4194304 ~ 8388608 / 28332710.
[011735.02]  01-26 18:15  CatalogMesh                  INFO     Painted 8388608 out of 28332710 objects to mesh.
[011735.02]  01-26 18:15  CatalogMesh                  INFO     Slab 8388608 ~ 12582912 / 28332710.
[011736.13]  01-26 18:15  CatalogMesh                  INFO     Painted 12582912 out of 28332710 objects to mesh.
[011736.13]  01-26 18:15  CatalogMesh                  INFO     Slab 12582912 ~ 16777216 / 28332710.
[011737.25]  01-26 18:15  CatalogMesh                  INFO     Painted 16777216 out of 28332710 objects to mesh.
[011737.25]  01-26 18:15  CatalogMesh                  INFO     Slab 16777216 ~ 20971520 / 28332710.
[011738.37]  01-26 18:15  CatalogMesh                  INFO     Painted 20971520 out of 28332710 objects to mesh.
[011738.37]  01-26 18:15  CatalogMesh                  INFO     Slab 20971520 ~ 25165824 / 28332710.
[011739.58]  01-26 18:15  CatalogMesh                  INFO     Painted 25165824 out of 28332710 objects to mesh.
[011739.58]  01-26 18:15  CatalogMesh                  INFO     Slab 25165824 ~ 29360128 / 28332710.
[011740.62]  01-26 18:15  CatalogMesh                  INFO     Painted 28332710 out of 28332710 objects to mesh.
[011744.43]  01-26 18:15  CatalogMesh                  INFO     Slab 0 ~ 4194304 / 28332710.
[011745.54]  01-26 18:15  CatalogMesh                  INFO     Painted 4194304 out of 28332710 objects to mesh.
[011745.54]  01-26 18:15  CatalogMesh                  INFO     Slab 4194304 ~ 8388608 / 28332710.
[011746.65]  01-26 18:15  CatalogMesh                  INFO     Painted 8388608 out of 28332710 objects to mesh.
[011746.65]  01-26 18:15  CatalogMesh                  INFO     Slab 8388608 ~ 12582912 / 28332710.
[011747.77]  01-26 18:16  CatalogMesh                  INFO     Painted 12582912 out of 28332710 objects to mesh.
[011747.77]  01-26 18:16  CatalogMesh                  INFO     Slab 12582912 ~ 16777216 / 28332710.
[011748.88]  01-26 18:16  CatalogMesh                  INFO     Painted 16777216 out of 28332710 objects to mesh.
[011748.88]  01-26 18:16  CatalogMesh                  INFO     Slab 16777216 ~ 20971520 / 28332710.
[011749.99]  01-26 18:16  CatalogMesh                  INFO     Painted 20971520 out of 28332710 objects to mesh.
[011749.99]  01-26 18:16  CatalogMesh                  INFO     Slab 20971520 ~ 25165824 / 28332710.
[011751.21]  01-26 18:16  CatalogMesh                  INFO     Painted 25165824 out of 28332710 objects to mesh.
[011751.21]  01-26 18:16  CatalogMesh                  INFO     Slab 25165824 ~ 29360128 / 28332710.
[011752.25]  01-26 18:16  CatalogMesh                  INFO     Painted 28332710 out of 28332710 objects to mesh.
[011757.81]  01-26 18:16  CatalogFFTPower              INFO     Done painting catalog 1 to mesh.
[011757.81]  01-26 18:16  CatalogFFTPower              INFO     Using 400 k-bins between 0.000 and 0.400.
[011757.81]  01-26 18:16  CatalogFFTPower              INFO     Meshes prepared in elapsed time 35.48 s.
[011757.81]  01-26 18:16  CatalogFFTPower              INFO     Running mesh calculation.
[011775.09]  01-26 18:16  CatalogFFTPower              INFO     Mesh calculations performed in elapsed time 17.28 s.
[011775.09]  01-26 18:16  CatalogFFTPower              INFO     Power spectrum computed in elapsed time 52.77 s.
[011775.10]  01-26 18:16  CatalogFFTPower              INFO     Saving /pscratch/sd/s/shengyu/galaxies/catalogs/Y3/AbacusHF-v2/Boxes/QSO/sn1p250/AbacusSummit_base_c000_ph003/mpspk/pkpoles_QSO_zp1.250_DR2_v1.0.npy.
[011775.10]  01-26 18:16  compute_2pt                  INFO     Save to /pscratch/sd/s/shengyu/galaxies/catalogs/Y3/AbacusHF-v2/Boxes/QSO/sn1p250/AbacusSummit_base_c000_ph003/mpspk/pkpoles_QSO_zp1.250_DR2_v1.0.npy
[011775.10]  01-26 18:16  TwoPointCorrelationFunction  INFO     Using estimator <class 'pycorr.twopoint_estimator.NaturalTwoPointEstimator'>.
[011775.10]  01-26 18:16  TwoPointCorrelationFunction  INFO     Running auto-correlation.
[011775.10]  01-26 18:16  TwoPointCorrelationFunction  INFO     Computing two-point counts D1D2.
[011799.44]  01-26 18:16  TwoPointCorrelationFunction  INFO     Analytically computing two-point counts R1R2.
[011799.44]  01-26 18:16  TwoPointCorrelationFunction  INFO     Correlation function computed in elapsed time 24.34 s.
[011799.44]  01-26 18:16  NaturalTwoPointEstimator     INFO     Saving /pscratch/sd/s/shengyu/galaxies/catalogs/Y3/AbacusHF-v2/Boxes/QSO/sn1p250/AbacusSummit_base_c000_ph003/mpspk/mpslog_QSO_zp1.250_DR2_v1.0.npy.
[011799.44]  01-26 18:16  compute_2pt                  INFO     Save to /pscratch/sd/s/shengyu/galaxies/catalogs/Y3/AbacusHF-v2/Boxes/QSO/sn1p250/AbacusSummit_base_c000_ph003/mpspk/mpslog_QSO_zp1.250_DR2_v1.0.npy
[011799.45]  01-26 18:16  TwoPointCorrelationFunction  INFO     Using estimator <class 'pycorr.twopoint_estimator.NaturalTwoPointEstimator'>.
[011799.45]  01-26 18:16  TwoPointCorrelationFunction  INFO     Running auto-correlation.
[011799.45]  01-26 18:16  TwoPointCorrelationFunction  INFO     Computing two-point counts D1D2.
[011822.86]  01-26 18:17  TwoPointCorrelationFunction  INFO     Analytically computing two-point counts R1R2.
[011822.86]  01-26 18:17  TwoPointCorrelationFunction  INFO     Correlation function computed in elapsed time 23.41 s.
[011822.86]  01-26 18:17  NaturalTwoPointEstimator     INFO     Saving /pscratch/sd/s/shengyu/galaxies/catalogs/Y3/AbacusHF-v2/Boxes/QSO/sn1p250/AbacusSummit_base_c000_ph003/mpspk/wplog_QSO_zp1.250_DR2_v1.0.npy.
[011822.86]  01-26 18:17  compute_2pt                  INFO     Save to /pscratch/sd/s/shengyu/galaxies/catalogs/Y3/AbacusHF-v2/Boxes/QSO/sn1p250/AbacusSummit_base_c000_ph003/mpspk/wplog_QSO_zp1.250_DR2_v1.0.npy
[011822.86]  01-26 18:17  compute_2pt                  INFO     Procceed {'version': 'AbacusHF-v2', 'domain': 'cubic', 'tracer': 'QSO', 'zsnap': 1.25, 'zrange': (1.1, 1.4), 'mock_id': 4, 'use_dv': 'False'}
[011822.86]  01-26 18:17  cat_tools                    INFO     Load /pscratch/sd/s/shengyu/galaxies/catalogs/Y3/AbacusHF-v2/Boxes/QSO/sn1p250/AbacusSummit_base_c000_ph004/abacus_HF_QSO_1p250_DR2_v2.0_AbacusSummit_base_c000_ph004_base_clustering.dat.h5
[011822.86]  01-26 18:17  FileStack                    INFO     Reading /pscratch/sd/s/shengyu/galaxies/catalogs/Y3/AbacusHF-v2/Boxes/QSO/sn1p250/AbacusSummit_base_c000_ph004/abacus_HF_QSO_1p250_DR2_v2.0_AbacusSummit_base_c000_ph004_base_clustering.dat.h5.
[011823.98]  01-26 18:17  TwoPointCorrelationFunction  INFO     Using estimator <class 'pycorr.twopoint_estimator.NaturalTwoPointEstimator'>.
[011823.98]  01-26 18:17  TwoPointCorrelationFunction  INFO     Running auto-correlation.
[011823.98]  01-26 18:17  TwoPointCorrelationFunction  INFO     Computing two-point counts D1D2.
[011928.62]  01-26 18:19  TwoPointCorrelationFunction  INFO     Analytically computing two-point counts R1R2.
[011928.62]  01-26 18:19  TwoPointCorrelationFunction  INFO     Correlation function computed in elapsed time 104.64 s.
[011928.62]  01-26 18:19  NaturalTwoPointEstimator     INFO     Saving /pscratch/sd/s/shengyu/galaxies/catalogs/Y3/AbacusHF-v2/Boxes/QSO/sn1p250/AbacusSummit_base_c000_ph004/mpspk/xipoles_QSO_zp1.250_DR2_v1.0.npy.
[011928.63]  01-26 18:19  compute_2pt                  INFO     Save to /pscratch/sd/s/shengyu/galaxies/catalogs/Y3/AbacusHF-v2/Boxes/QSO/sn1p250/AbacusSummit_base_c000_ph004/mpspk/xipoles_QSO_zp1.250_DR2_v1.0.npy
[011932.43]  01-26 18:19  CatalogFFTPower              INFO     Painting catalog 1 to mesh CatalogMesh(nmesh=[512 512 512], boxsize=[2000. 2000. 2000.], boxcenter=[ 999.99998142 1000.00004019  999.99999421], dtype=float64).
[011932.83]  01-26 18:19  CatalogMesh                  INFO     Slab 0 ~ 4194304 / 28338357.
[011933.95]  01-26 18:19  CatalogMesh                  INFO     Painted 4194304 out of 28338357 objects to mesh.
[011933.95]  01-26 18:19  CatalogMesh                  INFO     Slab 4194304 ~ 8388608 / 28338357.
[011935.05]  01-26 18:19  CatalogMesh                  INFO     Painted 8388608 out of 28338357 objects to mesh.
[011935.05]  01-26 18:19  CatalogMesh                  INFO     Slab 8388608 ~ 12582912 / 28338357.
[011936.16]  01-26 18:19  CatalogMesh                  INFO     Painted 12582912 out of 28338357 objects to mesh.
[011936.16]  01-26 18:19  CatalogMesh                  INFO     Slab 12582912 ~ 16777216 / 28338357.
[011937.26]  01-26 18:19  CatalogMesh                  INFO     Painted 16777216 out of 28338357 objects to mesh.
[011937.26]  01-26 18:19  CatalogMesh                  INFO     Slab 16777216 ~ 20971520 / 28338357.
[011938.35]  01-26 18:19  CatalogMesh                  INFO     Painted 20971520 out of 28338357 objects to mesh.
[011938.35]  01-26 18:19  CatalogMesh                  INFO     Slab 20971520 ~ 25165824 / 28338357.
[011939.56]  01-26 18:19  CatalogMesh                  INFO     Painted 25165824 out of 28338357 objects to mesh.
[011939.56]  01-26 18:19  CatalogMesh                  INFO     Slab 25165824 ~ 29360128 / 28338357.
[011940.58]  01-26 18:19  CatalogMesh                  INFO     Painted 28338357 out of 28338357 objects to mesh.
[011940.58]  01-26 18:19  CatalogMesh                  INFO     Running interlacing at order 3.
[011942.80]  01-26 18:19  CatalogMesh                  INFO     Slab 0 ~ 4194304 / 28338357.
[011943.91]  01-26 18:19  CatalogMesh                  INFO     Painted 4194304 out of 28338357 objects to mesh.
[011943.91]  01-26 18:19  CatalogMesh                  INFO     Slab 4194304 ~ 8388608 / 28338357.
[011945.01]  01-26 18:19  CatalogMesh                  INFO     Painted 8388608 out of 28338357 objects to mesh.
[011945.01]  01-26 18:19  CatalogMesh                  INFO     Slab 8388608 ~ 12582912 / 28338357.
[011946.11]  01-26 18:19  CatalogMesh                  INFO     Painted 12582912 out of 28338357 objects to mesh.
[011946.11]  01-26 18:19  CatalogMesh                  INFO     Slab 12582912 ~ 16777216 / 28338357.
[011947.21]  01-26 18:19  CatalogMesh                  INFO     Painted 16777216 out of 28338357 objects to mesh.
[011947.21]  01-26 18:19  CatalogMesh                  INFO     Slab 16777216 ~ 20971520 / 28338357.
[011948.31]  01-26 18:19  CatalogMesh                  INFO     Painted 20971520 out of 28338357 objects to mesh.
[011948.31]  01-26 18:19  CatalogMesh                  INFO     Slab 20971520 ~ 25165824 / 28338357.
[011949.52]  01-26 18:19  CatalogMesh                  INFO     Painted 25165824 out of 28338357 objects to mesh.
[011949.52]  01-26 18:19  CatalogMesh                  INFO     Slab 25165824 ~ 29360128 / 28338357.
[011950.54]  01-26 18:19  CatalogMesh                  INFO     Painted 28338357 out of 28338357 objects to mesh.
[011954.29]  01-26 18:19  CatalogMesh                  INFO     Slab 0 ~ 4194304 / 28338357.
[011955.39]  01-26 18:19  CatalogMesh                  INFO     Painted 4194304 out of 28338357 objects to mesh.
[011955.39]  01-26 18:19  CatalogMesh                  INFO     Slab 4194304 ~ 8388608 / 28338357.
[011956.50]  01-26 18:19  CatalogMesh                  INFO     Painted 8388608 out of 28338357 objects to mesh.
[011956.50]  01-26 18:19  CatalogMesh                  INFO     Slab 8388608 ~ 12582912 / 28338357.
[011957.60]  01-26 18:19  CatalogMesh                  INFO     Painted 12582912 out of 28338357 objects to mesh.
[011957.60]  01-26 18:19  CatalogMesh                  INFO     Slab 12582912 ~ 16777216 / 28338357.
[011958.70]  01-26 18:19  CatalogMesh                  INFO     Painted 16777216 out of 28338357 objects to mesh.
[011958.70]  01-26 18:19  CatalogMesh                  INFO     Slab 16777216 ~ 20971520 / 28338357.
[011959.79]  01-26 18:19  CatalogMesh                  INFO     Painted 20971520 out of 28338357 objects to mesh.
[011959.80]  01-26 18:19  CatalogMesh                  INFO     Slab 20971520 ~ 25165824 / 28338357.
[011960.99]  01-26 18:19  CatalogMesh                  INFO     Painted 25165824 out of 28338357 objects to mesh.
[011960.99]  01-26 18:19  CatalogMesh                  INFO     Slab 25165824 ~ 29360128 / 28338357.
[011962.02]  01-26 18:19  CatalogMesh                  INFO     Painted 28338357 out of 28338357 objects to mesh.
[011967.50]  01-26 18:19  CatalogFFTPower              INFO     Done painting catalog 1 to mesh.
[011967.50]  01-26 18:19  CatalogFFTPower              INFO     Using 400 k-bins between 0.000 and 0.400.
[011967.50]  01-26 18:19  CatalogFFTPower              INFO     Meshes prepared in elapsed time 35.06 s.
[011967.50]  01-26 18:19  CatalogFFTPower              INFO     Running mesh calculation.
[011984.62]  01-26 18:19  CatalogFFTPower              INFO     Mesh calculations performed in elapsed time 17.12 s.
[011984.62]  01-26 18:19  CatalogFFTPower              INFO     Power spectrum computed in elapsed time 52.18 s.
[011984.62]  01-26 18:19  CatalogFFTPower              INFO     Saving /pscratch/sd/s/shengyu/galaxies/catalogs/Y3/AbacusHF-v2/Boxes/QSO/sn1p250/AbacusSummit_base_c000_ph004/mpspk/pkpoles_QSO_zp1.250_DR2_v1.0.npy.
[011984.62]  01-26 18:19  compute_2pt                  INFO     Save to /pscratch/sd/s/shengyu/galaxies/catalogs/Y3/AbacusHF-v2/Boxes/QSO/sn1p250/AbacusSummit_base_c000_ph004/mpspk/pkpoles_QSO_zp1.250_DR2_v1.0.npy
[011984.62]  01-26 18:19  TwoPointCorrelationFunction  INFO     Using estimator <class 'pycorr.twopoint_estimator.NaturalTwoPointEstimator'>.
[011984.62]  01-26 18:19  TwoPointCorrelationFunction  INFO     Running auto-correlation.
[011984.62]  01-26 18:19  TwoPointCorrelationFunction  INFO     Computing two-point counts D1D2.
[012004.77]  01-26 18:20  TwoPointCorrelationFunction  INFO     Analytically computing two-point counts R1R2.
[012004.77]  01-26 18:20  TwoPointCorrelationFunction  INFO     Correlation function computed in elapsed time 20.15 s.
[012004.77]  01-26 18:20  NaturalTwoPointEstimator     INFO     Saving /pscratch/sd/s/shengyu/galaxies/catalogs/Y3/AbacusHF-v2/Boxes/QSO/sn1p250/AbacusSummit_base_c000_ph004/mpspk/mpslog_QSO_zp1.250_DR2_v1.0.npy.
[012004.78]  01-26 18:20  compute_2pt                  INFO     Save to /pscratch/sd/s/shengyu/galaxies/catalogs/Y3/AbacusHF-v2/Boxes/QSO/sn1p250/AbacusSummit_base_c000_ph004/mpspk/mpslog_QSO_zp1.250_DR2_v1.0.npy
[012004.78]  01-26 18:20  TwoPointCorrelationFunction  INFO     Using estimator <class 'pycorr.twopoint_estimator.NaturalTwoPointEstimator'>.
[012004.78]  01-26 18:20  TwoPointCorrelationFunction  INFO     Running auto-correlation.
[012004.78]  01-26 18:20  TwoPointCorrelationFunction  INFO     Computing two-point counts D1D2.
[012028.18]  01-26 18:20  TwoPointCorrelationFunction  INFO     Analytically computing two-point counts R1R2.
[012028.18]  01-26 18:20  TwoPointCorrelationFunction  INFO     Correlation function computed in elapsed time 23.40 s.
[012028.18]  01-26 18:20  NaturalTwoPointEstimator     INFO     Saving /pscratch/sd/s/shengyu/galaxies/catalogs/Y3/AbacusHF-v2/Boxes/QSO/sn1p250/AbacusSummit_base_c000_ph004/mpspk/wplog_QSO_zp1.250_DR2_v1.0.npy.
[012028.18]  01-26 18:20  compute_2pt                  INFO     Save to /pscratch/sd/s/shengyu/galaxies/catalogs/Y3/AbacusHF-v2/Boxes/QSO/sn1p250/AbacusSummit_base_c000_ph004/mpspk/wplog_QSO_zp1.250_DR2_v1.0.npy
[012028.18]  01-26 18:20  compute_2pt                  INFO     Procceed {'version': 'AbacusHF-v2', 'domain': 'cubic', 'tracer': 'QSO', 'zsnap': 1.25, 'zrange': (1.1, 1.4), 'mock_id': 5, 'use_dv': 'False'}
[012028.18]  01-26 18:20  cat_tools                    INFO     Load /pscratch/sd/s/shengyu/galaxies/catalogs/Y3/AbacusHF-v2/Boxes/QSO/sn1p250/AbacusSummit_base_c000_ph005/abacus_HF_QSO_1p250_DR2_v2.0_AbacusSummit_base_c000_ph005_base_clustering.dat.h5
[012028.19]  01-26 18:20  FileStack                    INFO     Reading /pscratch/sd/s/shengyu/galaxies/catalogs/Y3/AbacusHF-v2/Boxes/QSO/sn1p250/AbacusSummit_base_c000_ph005/abacus_HF_QSO_1p250_DR2_v2.0_AbacusSummit_base_c000_ph005_base_clustering.dat.h5.
[012029.30]  01-26 18:20  TwoPointCorrelationFunction  INFO     Using estimator <class 'pycorr.twopoint_estimator.NaturalTwoPointEstimator'>.
[012029.30]  01-26 18:20  TwoPointCorrelationFunction  INFO     Running auto-correlation.
[012029.30]  01-26 18:20  TwoPointCorrelationFunction  INFO     Computing two-point counts D1D2.
[012131.37]  01-26 18:22  TwoPointCorrelationFunction  INFO     Analytically computing two-point counts R1R2.
[012131.38]  01-26 18:22  TwoPointCorrelationFunction  INFO     Correlation function computed in elapsed time 102.07 s.
[012131.38]  01-26 18:22  NaturalTwoPointEstimator     INFO     Saving /pscratch/sd/s/shengyu/galaxies/catalogs/Y3/AbacusHF-v2/Boxes/QSO/sn1p250/AbacusSummit_base_c000_ph005/mpspk/xipoles_QSO_zp1.250_DR2_v1.0.npy.
[012131.38]  01-26 18:22  compute_2pt                  INFO     Save to /pscratch/sd/s/shengyu/galaxies/catalogs/Y3/AbacusHF-v2/Boxes/QSO/sn1p250/AbacusSummit_base_c000_ph005/mpspk/xipoles_QSO_zp1.250_DR2_v1.0.npy
[012135.19]  01-26 18:22  CatalogFFTPower              INFO     Painting catalog 1 to mesh CatalogMesh(nmesh=[512 512 512], boxsize=[2000. 2000. 2000.], boxcenter=[1000.0000362  1000.00007769 1000.00003989], dtype=float64).
[012135.59]  01-26 18:22  CatalogMesh                  INFO     Slab 0 ~ 4194304 / 28374959.
[012136.71]  01-26 18:22  CatalogMesh                  INFO     Painted 4194304 out of 28374959 objects to mesh.
[012136.71]  01-26 18:22  CatalogMesh                  INFO     Slab 4194304 ~ 8388608 / 28374959.
[012137.81]  01-26 18:22  CatalogMesh                  INFO     Painted 8388608 out of 28374959 objects to mesh.
[012137.81]  01-26 18:22  CatalogMesh                  INFO     Slab 8388608 ~ 12582912 / 28374959.
[012138.91]  01-26 18:22  CatalogMesh                  INFO     Painted 12582912 out of 28374959 objects to mesh.
[012138.91]  01-26 18:22  CatalogMesh                  INFO     Slab 12582912 ~ 16777216 / 28374959.
[012140.02]  01-26 18:22  CatalogMesh                  INFO     Painted 16777216 out of 28374959 objects to mesh.
[012140.02]  01-26 18:22  CatalogMesh                  INFO     Slab 16777216 ~ 20971520 / 28374959.
[012141.13]  01-26 18:22  CatalogMesh                  INFO     Painted 20971520 out of 28374959 objects to mesh.
[012141.13]  01-26 18:22  CatalogMesh                  INFO     Slab 20971520 ~ 25165824 / 28374959.
[012142.33]  01-26 18:22  CatalogMesh                  INFO     Painted 25165824 out of 28374959 objects to mesh.
[012142.33]  01-26 18:22  CatalogMesh                  INFO     Slab 25165824 ~ 29360128 / 28374959.
[012143.37]  01-26 18:22  CatalogMesh                  INFO     Painted 28374959 out of 28374959 objects to mesh.
[012143.37]  01-26 18:22  CatalogMesh                  INFO     Running interlacing at order 3.
[012145.62]  01-26 18:22  CatalogMesh                  INFO     Slab 0 ~ 4194304 / 28374959.
[012146.71]  01-26 18:22  CatalogMesh                  INFO     Painted 4194304 out of 28374959 objects to mesh.
[012146.71]  01-26 18:22  CatalogMesh                  INFO     Slab 4194304 ~ 8388608 / 28374959.
[012147.82]  01-26 18:22  CatalogMesh                  INFO     Painted 8388608 out of 28374959 objects to mesh.
[012147.82]  01-26 18:22  CatalogMesh                  INFO     Slab 8388608 ~ 12582912 / 28374959.
[012148.92]  01-26 18:22  CatalogMesh                  INFO     Painted 12582912 out of 28374959 objects to mesh.
[012148.92]  01-26 18:22  CatalogMesh                  INFO     Slab 12582912 ~ 16777216 / 28374959.
[012150.02]  01-26 18:22  CatalogMesh                  INFO     Painted 16777216 out of 28374959 objects to mesh.
[012150.02]  01-26 18:22  CatalogMesh                  INFO     Slab 16777216 ~ 20971520 / 28374959.
[012151.12]  01-26 18:22  CatalogMesh                  INFO     Painted 20971520 out of 28374959 objects to mesh.
[012151.12]  01-26 18:22  CatalogMesh                  INFO     Slab 20971520 ~ 25165824 / 28374959.
[012152.36]  01-26 18:22  CatalogMesh                  INFO     Painted 25165824 out of 28374959 objects to mesh.
[012152.36]  01-26 18:22  CatalogMesh                  INFO     Slab 25165824 ~ 29360128 / 28374959.
[012153.41]  01-26 18:22  CatalogMesh                  INFO     Painted 28374959 out of 28374959 objects to mesh.
[012157.32]  01-26 18:22  CatalogMesh                  INFO     Slab 0 ~ 4194304 / 28374959.
[012158.44]  01-26 18:22  CatalogMesh                  INFO     Painted 4194304 out of 28374959 objects to mesh.
[012158.44]  01-26 18:22  CatalogMesh                  INFO     Slab 4194304 ~ 8388608 / 28374959.
[012159.55]  01-26 18:22  CatalogMesh                  INFO     Painted 8388608 out of 28374959 objects to mesh.
[012159.55]  01-26 18:22  CatalogMesh                  INFO     Slab 8388608 ~ 12582912 / 28374959.
[012160.66]  01-26 18:22  CatalogMesh                  INFO     Painted 12582912 out of 28374959 objects to mesh.
[012160.66]  01-26 18:22  CatalogMesh                  INFO     Slab 12582912 ~ 16777216 / 28374959.
[012161.77]  01-26 18:22  CatalogMesh                  INFO     Painted 16777216 out of 28374959 objects to mesh.
[012161.77]  01-26 18:22  CatalogMesh                  INFO     Slab 16777216 ~ 20971520 / 28374959.
[012162.88]  01-26 18:22  CatalogMesh                  INFO     Painted 20971520 out of 28374959 objects to mesh.
[012162.88]  01-26 18:22  CatalogMesh                  INFO     Slab 20971520 ~ 25165824 / 28374959.
[012164.09]  01-26 18:22  CatalogMesh                  INFO     Painted 25165824 out of 28374959 objects to mesh.
[012164.10]  01-26 18:22  CatalogMesh                  INFO     Slab 25165824 ~ 29360128 / 28374959.
[012165.15]  01-26 18:22  CatalogMesh                  INFO     Painted 28374959 out of 28374959 objects to mesh.
[012170.69]  01-26 18:23  CatalogFFTPower              INFO     Done painting catalog 1 to mesh.
[012170.69]  01-26 18:23  CatalogFFTPower              INFO     Using 400 k-bins between 0.000 and 0.400.
[012170.69]  01-26 18:23  CatalogFFTPower              INFO     Meshes prepared in elapsed time 35.50 s.
[012170.69]  01-26 18:23  CatalogFFTPower              INFO     Running mesh calculation.
[012187.91]  01-26 18:23  CatalogFFTPower              INFO     Mesh calculations performed in elapsed time 17.22 s.
[012187.91]  01-26 18:23  CatalogFFTPower              INFO     Power spectrum computed in elapsed time 52.72 s.
[012187.91]  01-26 18:23  CatalogFFTPower              INFO     Saving /pscratch/sd/s/shengyu/galaxies/catalogs/Y3/AbacusHF-v2/Boxes/QSO/sn1p250/AbacusSummit_base_c000_ph005/mpspk/pkpoles_QSO_zp1.250_DR2_v1.0.npy.
[012187.91]  01-26 18:23  compute_2pt                  INFO     Save to /pscratch/sd/s/shengyu/galaxies/catalogs/Y3/AbacusHF-v2/Boxes/QSO/sn1p250/AbacusSummit_base_c000_ph005/mpspk/pkpoles_QSO_zp1.250_DR2_v1.0.npy
[012187.91]  01-26 18:23  TwoPointCorrelationFunction  INFO     Using estimator <class 'pycorr.twopoint_estimator.NaturalTwoPointEstimator'>.
[012187.91]  01-26 18:23  TwoPointCorrelationFunction  INFO     Running auto-correlation.
[012187.91]  01-26 18:23  TwoPointCorrelationFunction  INFO     Computing two-point counts D1D2.
[012207.92]  01-26 18:23  TwoPointCorrelationFunction  INFO     Analytically computing two-point counts R1R2.
[012207.92]  01-26 18:23  TwoPointCorrelationFunction  INFO     Correlation function computed in elapsed time 20.00 s.
[012207.92]  01-26 18:23  NaturalTwoPointEstimator     INFO     Saving /pscratch/sd/s/shengyu/galaxies/catalogs/Y3/AbacusHF-v2/Boxes/QSO/sn1p250/AbacusSummit_base_c000_ph005/mpspk/mpslog_QSO_zp1.250_DR2_v1.0.npy.
[012207.92]  01-26 18:23  compute_2pt                  INFO     Save to /pscratch/sd/s/shengyu/galaxies/catalogs/Y3/AbacusHF-v2/Boxes/QSO/sn1p250/AbacusSummit_base_c000_ph005/mpspk/mpslog_QSO_zp1.250_DR2_v1.0.npy
[012207.92]  01-26 18:23  TwoPointCorrelationFunction  INFO     Using estimator <class 'pycorr.twopoint_estimator.NaturalTwoPointEstimator'>.
[012207.92]  01-26 18:23  TwoPointCorrelationFunction  INFO     Running auto-correlation.
[012207.92]  01-26 18:23  TwoPointCorrelationFunction  INFO     Computing two-point counts D1D2.
[012231.51]  01-26 18:24  TwoPointCorrelationFunction  INFO     Analytically computing two-point counts R1R2.
[012231.51]  01-26 18:24  TwoPointCorrelationFunction  INFO     Correlation function computed in elapsed time 23.59 s.
[012231.51]  01-26 18:24  NaturalTwoPointEstimator     INFO     Saving /pscratch/sd/s/shengyu/galaxies/catalogs/Y3/AbacusHF-v2/Boxes/QSO/sn1p250/AbacusSummit_base_c000_ph005/mpspk/wplog_QSO_zp1.250_DR2_v1.0.npy.
[012231.52]  01-26 18:24  compute_2pt                  INFO     Save to /pscratch/sd/s/shengyu/galaxies/catalogs/Y3/AbacusHF-v2/Boxes/QSO/sn1p250/AbacusSummit_base_c000_ph005/mpspk/wplog_QSO_zp1.250_DR2_v1.0.npy
[012231.52]  01-26 18:24  compute_2pt                  INFO     Procceed {'version': 'AbacusHF-v2', 'domain': 'cubic', 'tracer': 'QSO', 'zsnap': 1.25, 'zrange': (1.1, 1.4), 'mock_id': 6, 'use_dv': 'False'}
[012231.52]  01-26 18:24  cat_tools                    INFO     Load /pscratch/sd/s/shengyu/galaxies/catalogs/Y3/AbacusHF-v2/Boxes/QSO/sn1p250/AbacusSummit_base_c000_ph006/abacus_HF_QSO_1p250_DR2_v2.0_AbacusSummit_base_c000_ph006_base_clustering.dat.h5
[012231.52]  01-26 18:24  FileStack                    INFO     Reading /pscratch/sd/s/shengyu/galaxies/catalogs/Y3/AbacusHF-v2/Boxes/QSO/sn1p250/AbacusSummit_base_c000_ph006/abacus_HF_QSO_1p250_DR2_v2.0_AbacusSummit_base_c000_ph006_base_clustering.dat.h5.
[012232.63]  01-26 18:24  TwoPointCorrelationFunction  INFO     Using estimator <class 'pycorr.twopoint_estimator.NaturalTwoPointEstimator'>.
[012232.63]  01-26 18:24  TwoPointCorrelationFunction  INFO     Running auto-correlation.
[012232.63]  01-26 18:24  TwoPointCorrelationFunction  INFO     Computing two-point counts D1D2.
[012337.05]  01-26 18:25  TwoPointCorrelationFunction  INFO     Analytically computing two-point counts R1R2.
[012337.05]  01-26 18:25  TwoPointCorrelationFunction  INFO     Correlation function computed in elapsed time 104.43 s.
[012337.05]  01-26 18:25  NaturalTwoPointEstimator     INFO     Saving /pscratch/sd/s/shengyu/galaxies/catalogs/Y3/AbacusHF-v2/Boxes/QSO/sn1p250/AbacusSummit_base_c000_ph006/mpspk/xipoles_QSO_zp1.250_DR2_v1.0.npy.
[012337.06]  01-26 18:25  compute_2pt                  INFO     Save to /pscratch/sd/s/shengyu/galaxies/catalogs/Y3/AbacusHF-v2/Boxes/QSO/sn1p250/AbacusSummit_base_c000_ph006/mpspk/xipoles_QSO_zp1.250_DR2_v1.0.npy
[012340.89]  01-26 18:25  CatalogFFTPower              INFO     Painting catalog 1 to mesh CatalogMesh(nmesh=[512 512 512], boxsize=[2000. 2000. 2000.], boxcenter=[1000.00003877  999.99997158  999.99990837], dtype=float64).
[012341.30]  01-26 18:25  CatalogMesh                  INFO     Slab 0 ~ 4194304 / 28361884.
[012342.42]  01-26 18:25  CatalogMesh                  INFO     Painted 4194304 out of 28361884 objects to mesh.
[012342.42]  01-26 18:25  CatalogMesh                  INFO     Slab 4194304 ~ 8388608 / 28361884.
[012343.53]  01-26 18:25  CatalogMesh                  INFO     Painted 8388608 out of 28361884 objects to mesh.
[012343.53]  01-26 18:25  CatalogMesh                  INFO     Slab 8388608 ~ 12582912 / 28361884.
[012344.64]  01-26 18:25  CatalogMesh                  INFO     Painted 12582912 out of 28361884 objects to mesh.
[012344.64]  01-26 18:25  CatalogMesh                  INFO     Slab 12582912 ~ 16777216 / 28361884.
[012345.76]  01-26 18:25  CatalogMesh                  INFO     Painted 16777216 out of 28361884 objects to mesh.
[012345.76]  01-26 18:25  CatalogMesh                  INFO     Slab 16777216 ~ 20971520 / 28361884.
[012346.87]  01-26 18:25  CatalogMesh                  INFO     Painted 20971520 out of 28361884 objects to mesh.
[012346.87]  01-26 18:25  CatalogMesh                  INFO     Slab 20971520 ~ 25165824 / 28361884.
[012348.08]  01-26 18:26  CatalogMesh                  INFO     Painted 25165824 out of 28361884 objects to mesh.
[012348.08]  01-26 18:26  CatalogMesh                  INFO     Slab 25165824 ~ 29360128 / 28361884.
[012349.12]  01-26 18:26  CatalogMesh                  INFO     Painted 28361884 out of 28361884 objects to mesh.
[012349.12]  01-26 18:26  CatalogMesh                  INFO     Running interlacing at order 3.
[012351.38]  01-26 18:26  CatalogMesh                  INFO     Slab 0 ~ 4194304 / 28361884.
[012352.48]  01-26 18:26  CatalogMesh                  INFO     Painted 4194304 out of 28361884 objects to mesh.
[012352.48]  01-26 18:26  CatalogMesh                  INFO     Slab 4194304 ~ 8388608 / 28361884.
[012353.60]  01-26 18:26  CatalogMesh                  INFO     Painted 8388608 out of 28361884 objects to mesh.
[012353.60]  01-26 18:26  CatalogMesh                  INFO     Slab 8388608 ~ 12582912 / 28361884.
[012354.71]  01-26 18:26  CatalogMesh                  INFO     Painted 12582912 out of 28361884 objects to mesh.
[012354.71]  01-26 18:26  CatalogMesh                  INFO     Slab 12582912 ~ 16777216 / 28361884.
[012355.82]  01-26 18:26  CatalogMesh                  INFO     Painted 16777216 out of 28361884 objects to mesh.
[012355.82]  01-26 18:26  CatalogMesh                  INFO     Slab 16777216 ~ 20971520 / 28361884.
[012356.93]  01-26 18:26  CatalogMesh                  INFO     Painted 20971520 out of 28361884 objects to mesh.
[012356.93]  01-26 18:26  CatalogMesh                  INFO     Slab 20971520 ~ 25165824 / 28361884.
[012358.14]  01-26 18:26  CatalogMesh                  INFO     Painted 25165824 out of 28361884 objects to mesh.
[012358.14]  01-26 18:26  CatalogMesh                  INFO     Slab 25165824 ~ 29360128 / 28361884.
[012359.18]  01-26 18:26  CatalogMesh                  INFO     Painted 28361884 out of 28361884 objects to mesh.
[012362.98]  01-26 18:26  CatalogMesh                  INFO     Slab 0 ~ 4194304 / 28361884.
[012364.09]  01-26 18:26  CatalogMesh                  INFO     Painted 4194304 out of 28361884 objects to mesh.
[012364.09]  01-26 18:26  CatalogMesh                  INFO     Slab 4194304 ~ 8388608 / 28361884.
[012365.20]  01-26 18:26  CatalogMesh                  INFO     Painted 8388608 out of 28361884 objects to mesh.
[012365.20]  01-26 18:26  CatalogMesh                  INFO     Slab 8388608 ~ 12582912 / 28361884.
[012366.31]  01-26 18:26  CatalogMesh                  INFO     Painted 12582912 out of 28361884 objects to mesh.
[012366.32]  01-26 18:26  CatalogMesh                  INFO     Slab 12582912 ~ 16777216 / 28361884.
[012367.42]  01-26 18:26  CatalogMesh                  INFO     Painted 16777216 out of 28361884 objects to mesh.
[012367.42]  01-26 18:26  CatalogMesh                  INFO     Slab 16777216 ~ 20971520 / 28361884.
[012368.52]  01-26 18:26  CatalogMesh                  INFO     Painted 20971520 out of 28361884 objects to mesh.
[012368.52]  01-26 18:26  CatalogMesh                  INFO     Slab 20971520 ~ 25165824 / 28361884.
[012369.74]  01-26 18:26  CatalogMesh                  INFO     Painted 25165824 out of 28361884 objects to mesh.
[012369.74]  01-26 18:26  CatalogMesh                  INFO     Slab 25165824 ~ 29360128 / 28361884.
[012370.78]  01-26 18:26  CatalogMesh                  INFO     Painted 28361884 out of 28361884 objects to mesh.
[012376.32]  01-26 18:26  CatalogFFTPower              INFO     Done painting catalog 1 to mesh.
[012376.32]  01-26 18:26  CatalogFFTPower              INFO     Using 400 k-bins between 0.000 and 0.400.
[012376.32]  01-26 18:26  CatalogFFTPower              INFO     Meshes prepared in elapsed time 35.43 s.
[012376.32]  01-26 18:26  CatalogFFTPower              INFO     Running mesh calculation.
[012393.57]  01-26 18:26  CatalogFFTPower              INFO     Mesh calculations performed in elapsed time 17.25 s.
[012393.57]  01-26 18:26  CatalogFFTPower              INFO     Power spectrum computed in elapsed time 52.68 s.
[012393.57]  01-26 18:26  CatalogFFTPower              INFO     Saving /pscratch/sd/s/shengyu/galaxies/catalogs/Y3/AbacusHF-v2/Boxes/QSO/sn1p250/AbacusSummit_base_c000_ph006/mpspk/pkpoles_QSO_zp1.250_DR2_v1.0.npy.
[012393.58]  01-26 18:26  compute_2pt                  INFO     Save to /pscratch/sd/s/shengyu/galaxies/catalogs/Y3/AbacusHF-v2/Boxes/QSO/sn1p250/AbacusSummit_base_c000_ph006/mpspk/pkpoles_QSO_zp1.250_DR2_v1.0.npy
[012393.58]  01-26 18:26  TwoPointCorrelationFunction  INFO     Using estimator <class 'pycorr.twopoint_estimator.NaturalTwoPointEstimator'>.
[012393.58]  01-26 18:26  TwoPointCorrelationFunction  INFO     Running auto-correlation.
[012393.58]  01-26 18:26  TwoPointCorrelationFunction  INFO     Computing two-point counts D1D2.
[012416.47]  01-26 18:27  TwoPointCorrelationFunction  INFO     Analytically computing two-point counts R1R2.
[012416.47]  01-26 18:27  TwoPointCorrelationFunction  INFO     Correlation function computed in elapsed time 22.90 s.
[012416.47]  01-26 18:27  NaturalTwoPointEstimator     INFO     Saving /pscratch/sd/s/shengyu/galaxies/catalogs/Y3/AbacusHF-v2/Boxes/QSO/sn1p250/AbacusSummit_base_c000_ph006/mpspk/mpslog_QSO_zp1.250_DR2_v1.0.npy.
[012416.48]  01-26 18:27  compute_2pt                  INFO     Save to /pscratch/sd/s/shengyu/galaxies/catalogs/Y3/AbacusHF-v2/Boxes/QSO/sn1p250/AbacusSummit_base_c000_ph006/mpspk/mpslog_QSO_zp1.250_DR2_v1.0.npy
[012416.48]  01-26 18:27  TwoPointCorrelationFunction  INFO     Using estimator <class 'pycorr.twopoint_estimator.NaturalTwoPointEstimator'>.
[012416.48]  01-26 18:27  TwoPointCorrelationFunction  INFO     Running auto-correlation.
[012416.48]  01-26 18:27  TwoPointCorrelationFunction  INFO     Computing two-point counts D1D2.
[012439.82]  01-26 18:27  TwoPointCorrelationFunction  INFO     Analytically computing two-point counts R1R2.
[012439.82]  01-26 18:27  TwoPointCorrelationFunction  INFO     Correlation function computed in elapsed time 23.35 s.
[012439.83]  01-26 18:27  NaturalTwoPointEstimator     INFO     Saving /pscratch/sd/s/shengyu/galaxies/catalogs/Y3/AbacusHF-v2/Boxes/QSO/sn1p250/AbacusSummit_base_c000_ph006/mpspk/wplog_QSO_zp1.250_DR2_v1.0.npy.
[012439.83]  01-26 18:27  compute_2pt                  INFO     Save to /pscratch/sd/s/shengyu/galaxies/catalogs/Y3/AbacusHF-v2/Boxes/QSO/sn1p250/AbacusSummit_base_c000_ph006/mpspk/wplog_QSO_zp1.250_DR2_v1.0.npy
[012439.83]  01-26 18:27  compute_2pt                  INFO     Procceed {'version': 'AbacusHF-v2', 'domain': 'cubic', 'tracer': 'QSO', 'zsnap': 1.25, 'zrange': (1.1, 1.4), 'mock_id': 7, 'use_dv': 'False'}
[012439.83]  01-26 18:27  cat_tools                    INFO     Load /pscratch/sd/s/shengyu/galaxies/catalogs/Y3/AbacusHF-v2/Boxes/QSO/sn1p250/AbacusSummit_base_c000_ph007/abacus_HF_QSO_1p250_DR2_v2.0_AbacusSummit_base_c000_ph007_base_clustering.dat.h5
[012439.83]  01-26 18:27  FileStack                    INFO     Reading /pscratch/sd/s/shengyu/galaxies/catalogs/Y3/AbacusHF-v2/Boxes/QSO/sn1p250/AbacusSummit_base_c000_ph007/abacus_HF_QSO_1p250_DR2_v2.0_AbacusSummit_base_c000_ph007_base_clustering.dat.h5.
[012440.96]  01-26 18:27  TwoPointCorrelationFunction  INFO     Using estimator <class 'pycorr.twopoint_estimator.NaturalTwoPointEstimator'>.
[012440.96]  01-26 18:27  TwoPointCorrelationFunction  INFO     Running auto-correlation.
[012440.96]  01-26 18:27  TwoPointCorrelationFunction  INFO     Computing two-point counts D1D2.
[012542.39]  01-26 18:29  TwoPointCorrelationFunction  INFO     Analytically computing two-point counts R1R2.
[012542.39]  01-26 18:29  TwoPointCorrelationFunction  INFO     Correlation function computed in elapsed time 101.43 s.
[012542.39]  01-26 18:29  NaturalTwoPointEstimator     INFO     Saving /pscratch/sd/s/shengyu/galaxies/catalogs/Y3/AbacusHF-v2/Boxes/QSO/sn1p250/AbacusSummit_base_c000_ph007/mpspk/xipoles_QSO_zp1.250_DR2_v1.0.npy.
[012542.39]  01-26 18:29  compute_2pt                  INFO     Save to /pscratch/sd/s/shengyu/galaxies/catalogs/Y3/AbacusHF-v2/Boxes/QSO/sn1p250/AbacusSummit_base_c000_ph007/mpspk/xipoles_QSO_zp1.250_DR2_v1.0.npy
[012546.26]  01-26 18:29  CatalogFFTPower              INFO     Painting catalog 1 to mesh CatalogMesh(nmesh=[512 512 512], boxsize=[2000. 2000. 2000.], boxcenter=[1000.00000169  999.99999826 1000.00001277], dtype=float64).
[012546.66]  01-26 18:29  CatalogMesh                  INFO     Slab 0 ~ 4194304 / 28379665.
[012547.79]  01-26 18:29  CatalogMesh                  INFO     Painted 4194304 out of 28379665 objects to mesh.
[012547.79]  01-26 18:29  CatalogMesh                  INFO     Slab 4194304 ~ 8388608 / 28379665.
[012548.89]  01-26 18:29  CatalogMesh                  INFO     Painted 8388608 out of 28379665 objects to mesh.
[012548.90]  01-26 18:29  CatalogMesh                  INFO     Slab 8388608 ~ 12582912 / 28379665.
[012550.00]  01-26 18:29  CatalogMesh                  INFO     Painted 12582912 out of 28379665 objects to mesh.
[012550.00]  01-26 18:29  CatalogMesh                  INFO     Slab 12582912 ~ 16777216 / 28379665.
[012551.17]  01-26 18:29  CatalogMesh                  INFO     Painted 16777216 out of 28379665 objects to mesh.
[012551.17]  01-26 18:29  CatalogMesh                  INFO     Slab 16777216 ~ 20971520 / 28379665.
[012552.28]  01-26 18:29  CatalogMesh                  INFO     Painted 20971520 out of 28379665 objects to mesh.
[012552.28]  01-26 18:29  CatalogMesh                  INFO     Slab 20971520 ~ 25165824 / 28379665.
[012553.49]  01-26 18:29  CatalogMesh                  INFO     Painted 25165824 out of 28379665 objects to mesh.
[012553.49]  01-26 18:29  CatalogMesh                  INFO     Slab 25165824 ~ 29360128 / 28379665.
[012554.53]  01-26 18:29  CatalogMesh                  INFO     Painted 28379665 out of 28379665 objects to mesh.
[012554.53]  01-26 18:29  CatalogMesh                  INFO     Running interlacing at order 3.
[012556.78]  01-26 18:29  CatalogMesh                  INFO     Slab 0 ~ 4194304 / 28379665.
[012557.88]  01-26 18:29  CatalogMesh                  INFO     Painted 4194304 out of 28379665 objects to mesh.
[012557.88]  01-26 18:29  CatalogMesh                  INFO     Slab 4194304 ~ 8388608 / 28379665.
[012558.99]  01-26 18:29  CatalogMesh                  INFO     Painted 8388608 out of 28379665 objects to mesh.
[012558.99]  01-26 18:29  CatalogMesh                  INFO     Slab 8388608 ~ 12582912 / 28379665.
[012560.10]  01-26 18:29  CatalogMesh                  INFO     Painted 12582912 out of 28379665 objects to mesh.
[012560.10]  01-26 18:29  CatalogMesh                  INFO     Slab 12582912 ~ 16777216 / 28379665.
[012561.20]  01-26 18:29  CatalogMesh                  INFO     Painted 16777216 out of 28379665 objects to mesh.
[012561.21]  01-26 18:29  CatalogMesh                  INFO     Slab 16777216 ~ 20971520 / 28379665.
[012562.31]  01-26 18:29  CatalogMesh                  INFO     Painted 20971520 out of 28379665 objects to mesh.
[012562.32]  01-26 18:29  CatalogMesh                  INFO     Slab 20971520 ~ 25165824 / 28379665.
[012563.52]  01-26 18:29  CatalogMesh                  INFO     Painted 25165824 out of 28379665 objects to mesh.
[012563.52]  01-26 18:29  CatalogMesh                  INFO     Slab 25165824 ~ 29360128 / 28379665.
[012564.58]  01-26 18:29  CatalogMesh                  INFO     Painted 28379665 out of 28379665 objects to mesh.
[012568.36]  01-26 18:29  CatalogMesh                  INFO     Slab 0 ~ 4194304 / 28379665.
[012569.46]  01-26 18:29  CatalogMesh                  INFO     Painted 4194304 out of 28379665 objects to mesh.
[012569.47]  01-26 18:29  CatalogMesh                  INFO     Slab 4194304 ~ 8388608 / 28379665.
[012570.57]  01-26 18:29  CatalogMesh                  INFO     Painted 8388608 out of 28379665 objects to mesh.
[012570.57]  01-26 18:29  CatalogMesh                  INFO     Slab 8388608 ~ 12582912 / 28379665.
[012571.68]  01-26 18:29  CatalogMesh                  INFO     Painted 12582912 out of 28379665 objects to mesh.
[012571.68]  01-26 18:29  CatalogMesh                  INFO     Slab 12582912 ~ 16777216 / 28379665.
[012572.78]  01-26 18:29  CatalogMesh                  INFO     Painted 16777216 out of 28379665 objects to mesh.
[012572.78]  01-26 18:29  CatalogMesh                  INFO     Slab 16777216 ~ 20971520 / 28379665.
[012573.89]  01-26 18:29  CatalogMesh                  INFO     Painted 20971520 out of 28379665 objects to mesh.
[012573.89]  01-26 18:29  CatalogMesh                  INFO     Slab 20971520 ~ 25165824 / 28379665.
[012575.10]  01-26 18:29  CatalogMesh                  INFO     Painted 25165824 out of 28379665 objects to mesh.
[012575.10]  01-26 18:29  CatalogMesh                  INFO     Slab 25165824 ~ 29360128 / 28379665.
[012576.14]  01-26 18:29  CatalogMesh                  INFO     Painted 28379665 out of 28379665 objects to mesh.
[012581.65]  01-26 18:29  CatalogFFTPower              INFO     Done painting catalog 1 to mesh.
[012581.65]  01-26 18:29  CatalogFFTPower              INFO     Using 400 k-bins between 0.000 and 0.400.
[012581.66]  01-26 18:29  CatalogFFTPower              INFO     Meshes prepared in elapsed time 35.40 s.
[012581.66]  01-26 18:29  CatalogFFTPower              INFO     Running mesh calculation.
[012598.81]  01-26 18:30  CatalogFFTPower              INFO     Mesh calculations performed in elapsed time 17.15 s.
[012598.81]  01-26 18:30  CatalogFFTPower              INFO     Power spectrum computed in elapsed time 52.55 s.
[012598.81]  01-26 18:30  CatalogFFTPower              INFO     Saving /pscratch/sd/s/shengyu/galaxies/catalogs/Y3/AbacusHF-v2/Boxes/QSO/sn1p250/AbacusSummit_base_c000_ph007/mpspk/pkpoles_QSO_zp1.250_DR2_v1.0.npy.
[012598.82]  01-26 18:30  compute_2pt                  INFO     Save to /pscratch/sd/s/shengyu/galaxies/catalogs/Y3/AbacusHF-v2/Boxes/QSO/sn1p250/AbacusSummit_base_c000_ph007/mpspk/pkpoles_QSO_zp1.250_DR2_v1.0.npy
[012598.82]  01-26 18:30  TwoPointCorrelationFunction  INFO     Using estimator <class 'pycorr.twopoint_estimator.NaturalTwoPointEstimator'>.
[012598.82]  01-26 18:30  TwoPointCorrelationFunction  INFO     Running auto-correlation.
[012598.82]  01-26 18:30  TwoPointCorrelationFunction  INFO     Computing two-point counts D1D2.
[012621.61]  01-26 18:30  TwoPointCorrelationFunction  INFO     Analytically computing two-point counts R1R2.
[012621.61]  01-26 18:30  TwoPointCorrelationFunction  INFO     Correlation function computed in elapsed time 22.80 s.
[012621.61]  01-26 18:30  NaturalTwoPointEstimator     INFO     Saving /pscratch/sd/s/shengyu/galaxies/catalogs/Y3/AbacusHF-v2/Boxes/QSO/sn1p250/AbacusSummit_base_c000_ph007/mpspk/mpslog_QSO_zp1.250_DR2_v1.0.npy.
[012621.62]  01-26 18:30  compute_2pt                  INFO     Save to /pscratch/sd/s/shengyu/galaxies/catalogs/Y3/AbacusHF-v2/Boxes/QSO/sn1p250/AbacusSummit_base_c000_ph007/mpspk/mpslog_QSO_zp1.250_DR2_v1.0.npy
[012621.62]  01-26 18:30  TwoPointCorrelationFunction  INFO     Using estimator <class 'pycorr.twopoint_estimator.NaturalTwoPointEstimator'>.
[012621.62]  01-26 18:30  TwoPointCorrelationFunction  INFO     Running auto-correlation.
[012621.62]  01-26 18:30  TwoPointCorrelationFunction  INFO     Computing two-point counts D1D2.
[012645.35]  01-26 18:30  TwoPointCorrelationFunction  INFO     Analytically computing two-point counts R1R2.
[012645.35]  01-26 18:30  TwoPointCorrelationFunction  INFO     Correlation function computed in elapsed time 23.73 s.
[012645.35]  01-26 18:30  NaturalTwoPointEstimator     INFO     Saving /pscratch/sd/s/shengyu/galaxies/catalogs/Y3/AbacusHF-v2/Boxes/QSO/sn1p250/AbacusSummit_base_c000_ph007/mpspk/wplog_QSO_zp1.250_DR2_v1.0.npy.
[012645.35]  01-26 18:30  compute_2pt                  INFO     Save to /pscratch/sd/s/shengyu/galaxies/catalogs/Y3/AbacusHF-v2/Boxes/QSO/sn1p250/AbacusSummit_base_c000_ph007/mpspk/wplog_QSO_zp1.250_DR2_v1.0.npy
[012645.36]  01-26 18:30  compute_2pt                  INFO     Procceed {'version': 'AbacusHF-v2', 'domain': 'cubic', 'tracer': 'QSO', 'zsnap': 1.25, 'zrange': (1.1, 1.4), 'mock_id': 8, 'use_dv': 'False'}
[012645.36]  01-26 18:30  cat_tools                    INFO     Load /pscratch/sd/s/shengyu/galaxies/catalogs/Y3/AbacusHF-v2/Boxes/QSO/sn1p250/AbacusSummit_base_c000_ph008/abacus_HF_QSO_1p250_DR2_v2.0_AbacusSummit_base_c000_ph008_base_clustering.dat.h5
[012645.36]  01-26 18:30  FileStack                    INFO     Reading /pscratch/sd/s/shengyu/galaxies/catalogs/Y3/AbacusHF-v2/Boxes/QSO/sn1p250/AbacusSummit_base_c000_ph008/abacus_HF_QSO_1p250_DR2_v2.0_AbacusSummit_base_c000_ph008_base_clustering.dat.h5.
[012646.49]  01-26 18:30  TwoPointCorrelationFunction  INFO     Using estimator <class 'pycorr.twopoint_estimator.NaturalTwoPointEstimator'>.
[012646.49]  01-26 18:30  TwoPointCorrelationFunction  INFO     Running auto-correlation.
[012646.49]  01-26 18:30  TwoPointCorrelationFunction  INFO     Computing two-point counts D1D2.
[012749.91]  01-26 18:32  TwoPointCorrelationFunction  INFO     Analytically computing two-point counts R1R2.
[012749.91]  01-26 18:32  TwoPointCorrelationFunction  INFO     Correlation function computed in elapsed time 103.43 s.
[012749.91]  01-26 18:32  NaturalTwoPointEstimator     INFO     Saving /pscratch/sd/s/shengyu/galaxies/catalogs/Y3/AbacusHF-v2/Boxes/QSO/sn1p250/AbacusSummit_base_c000_ph008/mpspk/xipoles_QSO_zp1.250_DR2_v1.0.npy.
[012749.92]  01-26 18:32  compute_2pt                  INFO     Save to /pscratch/sd/s/shengyu/galaxies/catalogs/Y3/AbacusHF-v2/Boxes/QSO/sn1p250/AbacusSummit_base_c000_ph008/mpspk/xipoles_QSO_zp1.250_DR2_v1.0.npy
[012753.73]  01-26 18:32  CatalogFFTPower              INFO     Painting catalog 1 to mesh CatalogMesh(nmesh=[512 512 512], boxsize=[2000. 2000. 2000.], boxcenter=[999.999989   999.99997621 999.99994815], dtype=float64).
[012754.13]  01-26 18:32  CatalogMesh                  INFO     Slab 0 ~ 4194304 / 28339838.
[012755.26]  01-26 18:32  CatalogMesh                  INFO     Painted 4194304 out of 28339838 objects to mesh.
[012755.26]  01-26 18:32  CatalogMesh                  INFO     Slab 4194304 ~ 8388608 / 28339838.
[012756.37]  01-26 18:32  CatalogMesh                  INFO     Painted 8388608 out of 28339838 objects to mesh.
[012756.37]  01-26 18:32  CatalogMesh                  INFO     Slab 8388608 ~ 12582912 / 28339838.
[012757.48]  01-26 18:32  CatalogMesh                  INFO     Painted 12582912 out of 28339838 objects to mesh.
[012757.48]  01-26 18:32  CatalogMesh                  INFO     Slab 12582912 ~ 16777216 / 28339838.
[012758.59]  01-26 18:32  CatalogMesh                  INFO     Painted 16777216 out of 28339838 objects to mesh.
[012758.59]  01-26 18:32  CatalogMesh                  INFO     Slab 16777216 ~ 20971520 / 28339838.
[012759.70]  01-26 18:32  CatalogMesh                  INFO     Painted 20971520 out of 28339838 objects to mesh.
[012759.70]  01-26 18:32  CatalogMesh                  INFO     Slab 20971520 ~ 25165824 / 28339838.
[012760.92]  01-26 18:32  CatalogMesh                  INFO     Painted 25165824 out of 28339838 objects to mesh.
[012760.92]  01-26 18:32  CatalogMesh                  INFO     Slab 25165824 ~ 29360128 / 28339838.
[012761.95]  01-26 18:32  CatalogMesh                  INFO     Painted 28339838 out of 28339838 objects to mesh.
[012761.96]  01-26 18:32  CatalogMesh                  INFO     Running interlacing at order 3.
[012764.19]  01-26 18:32  CatalogMesh                  INFO     Slab 0 ~ 4194304 / 28339838.
[012765.30]  01-26 18:32  CatalogMesh                  INFO     Painted 4194304 out of 28339838 objects to mesh.
[012765.30]  01-26 18:32  CatalogMesh                  INFO     Slab 4194304 ~ 8388608 / 28339838.
[012766.40]  01-26 18:32  CatalogMesh                  INFO     Painted 8388608 out of 28339838 objects to mesh.
[012766.40]  01-26 18:32  CatalogMesh                  INFO     Slab 8388608 ~ 12582912 / 28339838.
[012767.51]  01-26 18:33  CatalogMesh                  INFO     Painted 12582912 out of 28339838 objects to mesh.
[012767.51]  01-26 18:33  CatalogMesh                  INFO     Slab 12582912 ~ 16777216 / 28339838.
[012768.62]  01-26 18:33  CatalogMesh                  INFO     Painted 16777216 out of 28339838 objects to mesh.
[012768.62]  01-26 18:33  CatalogMesh                  INFO     Slab 16777216 ~ 20971520 / 28339838.
[012769.73]  01-26 18:33  CatalogMesh                  INFO     Painted 20971520 out of 28339838 objects to mesh.
[012769.73]  01-26 18:33  CatalogMesh                  INFO     Slab 20971520 ~ 25165824 / 28339838.
[012770.94]  01-26 18:33  CatalogMesh                  INFO     Painted 25165824 out of 28339838 objects to mesh.
[012770.94]  01-26 18:33  CatalogMesh                  INFO     Slab 25165824 ~ 29360128 / 28339838.
[012771.97]  01-26 18:33  CatalogMesh                  INFO     Painted 28339838 out of 28339838 objects to mesh.
[012775.76]  01-26 18:33  CatalogMesh                  INFO     Slab 0 ~ 4194304 / 28339838.
[012776.87]  01-26 18:33  CatalogMesh                  INFO     Painted 4194304 out of 28339838 objects to mesh.
[012776.87]  01-26 18:33  CatalogMesh                  INFO     Slab 4194304 ~ 8388608 / 28339838.
[012777.98]  01-26 18:33  CatalogMesh                  INFO     Painted 8388608 out of 28339838 objects to mesh.
[012777.98]  01-26 18:33  CatalogMesh                  INFO     Slab 8388608 ~ 12582912 / 28339838.
[012779.09]  01-26 18:33  CatalogMesh                  INFO     Painted 12582912 out of 28339838 objects to mesh.
[012779.09]  01-26 18:33  CatalogMesh                  INFO     Slab 12582912 ~ 16777216 / 28339838.
[012780.19]  01-26 18:33  CatalogMesh                  INFO     Painted 16777216 out of 28339838 objects to mesh.
[012780.19]  01-26 18:33  CatalogMesh                  INFO     Slab 16777216 ~ 20971520 / 28339838.
[012781.30]  01-26 18:33  CatalogMesh                  INFO     Painted 20971520 out of 28339838 objects to mesh.
[012781.30]  01-26 18:33  CatalogMesh                  INFO     Slab 20971520 ~ 25165824 / 28339838.
[012782.51]  01-26 18:33  CatalogMesh                  INFO     Painted 25165824 out of 28339838 objects to mesh.
[012782.51]  01-26 18:33  CatalogMesh                  INFO     Slab 25165824 ~ 29360128 / 28339838.
[012783.54]  01-26 18:33  CatalogMesh                  INFO     Painted 28339838 out of 28339838 objects to mesh.
[012789.07]  01-26 18:33  CatalogFFTPower              INFO     Done painting catalog 1 to mesh.
[012789.07]  01-26 18:33  CatalogFFTPower              INFO     Using 400 k-bins between 0.000 and 0.400.
[012789.07]  01-26 18:33  CatalogFFTPower              INFO     Meshes prepared in elapsed time 35.34 s.
[012789.07]  01-26 18:33  CatalogFFTPower              INFO     Running mesh calculation.
[012806.22]  01-26 18:33  CatalogFFTPower              INFO     Mesh calculations performed in elapsed time 17.15 s.
[012806.22]  01-26 18:33  CatalogFFTPower              INFO     Power spectrum computed in elapsed time 52.49 s.
[012806.22]  01-26 18:33  CatalogFFTPower              INFO     Saving /pscratch/sd/s/shengyu/galaxies/catalogs/Y3/AbacusHF-v2/Boxes/QSO/sn1p250/AbacusSummit_base_c000_ph008/mpspk/pkpoles_QSO_zp1.250_DR2_v1.0.npy.
[012806.23]  01-26 18:33  compute_2pt                  INFO     Save to /pscratch/sd/s/shengyu/galaxies/catalogs/Y3/AbacusHF-v2/Boxes/QSO/sn1p250/AbacusSummit_base_c000_ph008/mpspk/pkpoles_QSO_zp1.250_DR2_v1.0.npy
[012806.23]  01-26 18:33  TwoPointCorrelationFunction  INFO     Using estimator <class 'pycorr.twopoint_estimator.NaturalTwoPointEstimator'>.
[012806.23]  01-26 18:33  TwoPointCorrelationFunction  INFO     Running auto-correlation.
[012806.23]  01-26 18:33  TwoPointCorrelationFunction  INFO     Computing two-point counts D1D2.
[012827.94]  01-26 18:34  TwoPointCorrelationFunction  INFO     Analytically computing two-point counts R1R2.
[012827.94]  01-26 18:34  TwoPointCorrelationFunction  INFO     Correlation function computed in elapsed time 21.71 s.
[012827.94]  01-26 18:34  NaturalTwoPointEstimator     INFO     Saving /pscratch/sd/s/shengyu/galaxies/catalogs/Y3/AbacusHF-v2/Boxes/QSO/sn1p250/AbacusSummit_base_c000_ph008/mpspk/mpslog_QSO_zp1.250_DR2_v1.0.npy.
[012827.95]  01-26 18:34  compute_2pt                  INFO     Save to /pscratch/sd/s/shengyu/galaxies/catalogs/Y3/AbacusHF-v2/Boxes/QSO/sn1p250/AbacusSummit_base_c000_ph008/mpspk/mpslog_QSO_zp1.250_DR2_v1.0.npy
[012827.95]  01-26 18:34  TwoPointCorrelationFunction  INFO     Using estimator <class 'pycorr.twopoint_estimator.NaturalTwoPointEstimator'>.
[012827.95]  01-26 18:34  TwoPointCorrelationFunction  INFO     Running auto-correlation.
[012827.95]  01-26 18:34  TwoPointCorrelationFunction  INFO     Computing two-point counts D1D2.
[012851.52]  01-26 18:34  TwoPointCorrelationFunction  INFO     Analytically computing two-point counts R1R2.
[012851.52]  01-26 18:34  TwoPointCorrelationFunction  INFO     Correlation function computed in elapsed time 23.57 s.
[012851.52]  01-26 18:34  NaturalTwoPointEstimator     INFO     Saving /pscratch/sd/s/shengyu/galaxies/catalogs/Y3/AbacusHF-v2/Boxes/QSO/sn1p250/AbacusSummit_base_c000_ph008/mpspk/wplog_QSO_zp1.250_DR2_v1.0.npy.
[012851.53]  01-26 18:34  compute_2pt                  INFO     Save to /pscratch/sd/s/shengyu/galaxies/catalogs/Y3/AbacusHF-v2/Boxes/QSO/sn1p250/AbacusSummit_base_c000_ph008/mpspk/wplog_QSO_zp1.250_DR2_v1.0.npy
[012851.53]  01-26 18:34  compute_2pt                  INFO     Procceed {'version': 'AbacusHF-v2', 'domain': 'cubic', 'tracer': 'QSO', 'zsnap': 1.25, 'zrange': (1.1, 1.4), 'mock_id': 9, 'use_dv': 'False'}
[012851.53]  01-26 18:34  cat_tools                    INFO     Load /pscratch/sd/s/shengyu/galaxies/catalogs/Y3/AbacusHF-v2/Boxes/QSO/sn1p250/AbacusSummit_base_c000_ph009/abacus_HF_QSO_1p250_DR2_v2.0_AbacusSummit_base_c000_ph009_base_clustering.dat.h5
[012851.53]  01-26 18:34  FileStack                    INFO     Reading /pscratch/sd/s/shengyu/galaxies/catalogs/Y3/AbacusHF-v2/Boxes/QSO/sn1p250/AbacusSummit_base_c000_ph009/abacus_HF_QSO_1p250_DR2_v2.0_AbacusSummit_base_c000_ph009_base_clustering.dat.h5.
[012852.65]  01-26 18:34  TwoPointCorrelationFunction  INFO     Using estimator <class 'pycorr.twopoint_estimator.NaturalTwoPointEstimator'>.
[012852.65]  01-26 18:34  TwoPointCorrelationFunction  INFO     Running auto-correlation.
[012852.65]  01-26 18:34  TwoPointCorrelationFunction  INFO     Computing two-point counts D1D2.
[012956.47]  01-26 18:36  TwoPointCorrelationFunction  INFO     Analytically computing two-point counts R1R2.
[012956.47]  01-26 18:36  TwoPointCorrelationFunction  INFO     Correlation function computed in elapsed time 103.82 s.
[012956.47]  01-26 18:36  NaturalTwoPointEstimator     INFO     Saving /pscratch/sd/s/shengyu/galaxies/catalogs/Y3/AbacusHF-v2/Boxes/QSO/sn1p250/AbacusSummit_base_c000_ph009/mpspk/xipoles_QSO_zp1.250_DR2_v1.0.npy.
[012956.48]  01-26 18:36  compute_2pt                  INFO     Save to /pscratch/sd/s/shengyu/galaxies/catalogs/Y3/AbacusHF-v2/Boxes/QSO/sn1p250/AbacusSummit_base_c000_ph009/mpspk/xipoles_QSO_zp1.250_DR2_v1.0.npy
[012960.30]  01-26 18:36  CatalogFFTPower              INFO     Painting catalog 1 to mesh CatalogMesh(nmesh=[512 512 512], boxsize=[2000. 2000. 2000.], boxcenter=[1000.00000057 1000.00003075  999.99988819], dtype=float64).
[012960.70]  01-26 18:36  CatalogMesh                  INFO     Slab 0 ~ 4194304 / 28334246.
[012961.83]  01-26 18:36  CatalogMesh                  INFO     Painted 4194304 out of 28334246 objects to mesh.
[012961.83]  01-26 18:36  CatalogMesh                  INFO     Slab 4194304 ~ 8388608 / 28334246.
[012962.95]  01-26 18:36  CatalogMesh                  INFO     Painted 8388608 out of 28334246 objects to mesh.
[012962.95]  01-26 18:36  CatalogMesh                  INFO     Slab 8388608 ~ 12582912 / 28334246.
[012964.05]  01-26 18:36  CatalogMesh                  INFO     Painted 12582912 out of 28334246 objects to mesh.
[012964.06]  01-26 18:36  CatalogMesh                  INFO     Slab 12582912 ~ 16777216 / 28334246.
[012965.16]  01-26 18:36  CatalogMesh                  INFO     Painted 16777216 out of 28334246 objects to mesh.
[012965.16]  01-26 18:36  CatalogMesh                  INFO     Slab 16777216 ~ 20971520 / 28334246.
[012966.27]  01-26 18:36  CatalogMesh                  INFO     Painted 20971520 out of 28334246 objects to mesh.
[012966.27]  01-26 18:36  CatalogMesh                  INFO     Slab 20971520 ~ 25165824 / 28334246.
[012967.48]  01-26 18:36  CatalogMesh                  INFO     Painted 25165824 out of 28334246 objects to mesh.
[012967.48]  01-26 18:36  CatalogMesh                  INFO     Slab 25165824 ~ 29360128 / 28334246.
[012968.50]  01-26 18:36  CatalogMesh                  INFO     Painted 28334246 out of 28334246 objects to mesh.
[012968.50]  01-26 18:36  CatalogMesh                  INFO     Running interlacing at order 3.
[012970.74]  01-26 18:36  CatalogMesh                  INFO     Slab 0 ~ 4194304 / 28334246.
[012971.84]  01-26 18:36  CatalogMesh                  INFO     Painted 4194304 out of 28334246 objects to mesh.
[012971.84]  01-26 18:36  CatalogMesh                  INFO     Slab 4194304 ~ 8388608 / 28334246.
[012972.94]  01-26 18:36  CatalogMesh                  INFO     Painted 8388608 out of 28334246 objects to mesh.
[012972.94]  01-26 18:36  CatalogMesh                  INFO     Slab 8388608 ~ 12582912 / 28334246.
[012974.05]  01-26 18:36  CatalogMesh                  INFO     Painted 12582912 out of 28334246 objects to mesh.
[012974.05]  01-26 18:36  CatalogMesh                  INFO     Slab 12582912 ~ 16777216 / 28334246.
[012975.16]  01-26 18:36  CatalogMesh                  INFO     Painted 16777216 out of 28334246 objects to mesh.
[012975.16]  01-26 18:36  CatalogMesh                  INFO     Slab 16777216 ~ 20971520 / 28334246.
[012976.27]  01-26 18:36  CatalogMesh                  INFO     Painted 20971520 out of 28334246 objects to mesh.
[012976.27]  01-26 18:36  CatalogMesh                  INFO     Slab 20971520 ~ 25165824 / 28334246.
[012977.48]  01-26 18:36  CatalogMesh                  INFO     Painted 25165824 out of 28334246 objects to mesh.
[012977.48]  01-26 18:36  CatalogMesh                  INFO     Slab 25165824 ~ 29360128 / 28334246.
[012978.51]  01-26 18:36  CatalogMesh                  INFO     Painted 28334246 out of 28334246 objects to mesh.
[012982.28]  01-26 18:36  CatalogMesh                  INFO     Slab 0 ~ 4194304 / 28334246.
[012983.38]  01-26 18:36  CatalogMesh                  INFO     Painted 4194304 out of 28334246 objects to mesh.
[012983.38]  01-26 18:36  CatalogMesh                  INFO     Slab 4194304 ~ 8388608 / 28334246.
[012984.49]  01-26 18:36  CatalogMesh                  INFO     Painted 8388608 out of 28334246 objects to mesh.
[012984.49]  01-26 18:36  CatalogMesh                  INFO     Slab 8388608 ~ 12582912 / 28334246.
[012985.60]  01-26 18:36  CatalogMesh                  INFO     Painted 12582912 out of 28334246 objects to mesh.
[012985.60]  01-26 18:36  CatalogMesh                  INFO     Slab 12582912 ~ 16777216 / 28334246.
[012986.70]  01-26 18:36  CatalogMesh                  INFO     Painted 16777216 out of 28334246 objects to mesh.
[012986.70]  01-26 18:36  CatalogMesh                  INFO     Slab 16777216 ~ 20971520 / 28334246.
[012987.82]  01-26 18:36  CatalogMesh                  INFO     Painted 20971520 out of 28334246 objects to mesh.
[012987.82]  01-26 18:36  CatalogMesh                  INFO     Slab 20971520 ~ 25165824 / 28334246.
[012989.03]  01-26 18:36  CatalogMesh                  INFO     Painted 25165824 out of 28334246 objects to mesh.
[012989.03]  01-26 18:36  CatalogMesh                  INFO     Slab 25165824 ~ 29360128 / 28334246.
[012990.06]  01-26 18:36  CatalogMesh                  INFO     Painted 28334246 out of 28334246 objects to mesh.
[012995.55]  01-26 18:36  CatalogFFTPower              INFO     Done painting catalog 1 to mesh.
[012995.55]  01-26 18:36  CatalogFFTPower              INFO     Using 400 k-bins between 0.000 and 0.400.
[012995.55]  01-26 18:36  CatalogFFTPower              INFO     Meshes prepared in elapsed time 35.25 s.
[012995.56]  01-26 18:36  CatalogFFTPower              INFO     Running mesh calculation.
[013012.61]  01-26 18:37  CatalogFFTPower              INFO     Mesh calculations performed in elapsed time 17.06 s.
[013012.61]  01-26 18:37  CatalogFFTPower              INFO     Power spectrum computed in elapsed time 52.31 s.
[013012.62]  01-26 18:37  CatalogFFTPower              INFO     Saving /pscratch/sd/s/shengyu/galaxies/catalogs/Y3/AbacusHF-v2/Boxes/QSO/sn1p250/AbacusSummit_base_c000_ph009/mpspk/pkpoles_QSO_zp1.250_DR2_v1.0.npy.
[013012.62]  01-26 18:37  compute_2pt                  INFO     Save to /pscratch/sd/s/shengyu/galaxies/catalogs/Y3/AbacusHF-v2/Boxes/QSO/sn1p250/AbacusSummit_base_c000_ph009/mpspk/pkpoles_QSO_zp1.250_DR2_v1.0.npy
[013012.62]  01-26 18:37  TwoPointCorrelationFunction  INFO     Using estimator <class 'pycorr.twopoint_estimator.NaturalTwoPointEstimator'>.
[013012.62]  01-26 18:37  TwoPointCorrelationFunction  INFO     Running auto-correlation.
[013012.62]  01-26 18:37  TwoPointCorrelationFunction  INFO     Computing two-point counts D1D2.
[013033.81]  01-26 18:37  TwoPointCorrelationFunction  INFO     Analytically computing two-point counts R1R2.
[013033.81]  01-26 18:37  TwoPointCorrelationFunction  INFO     Correlation function computed in elapsed time 21.19 s.
[013033.81]  01-26 18:37  NaturalTwoPointEstimator     INFO     Saving /pscratch/sd/s/shengyu/galaxies/catalogs/Y3/AbacusHF-v2/Boxes/QSO/sn1p250/AbacusSummit_base_c000_ph009/mpspk/mpslog_QSO_zp1.250_DR2_v1.0.npy.
[013033.82]  01-26 18:37  compute_2pt                  INFO     Save to /pscratch/sd/s/shengyu/galaxies/catalogs/Y3/AbacusHF-v2/Boxes/QSO/sn1p250/AbacusSummit_base_c000_ph009/mpspk/mpslog_QSO_zp1.250_DR2_v1.0.npy
[013033.82]  01-26 18:37  TwoPointCorrelationFunction  INFO     Using estimator <class 'pycorr.twopoint_estimator.NaturalTwoPointEstimator'>.
[013033.82]  01-26 18:37  TwoPointCorrelationFunction  INFO     Running auto-correlation.
[013033.82]  01-26 18:37  TwoPointCorrelationFunction  INFO     Computing two-point counts D1D2.
[013057.31]  01-26 18:37  TwoPointCorrelationFunction  INFO     Analytically computing two-point counts R1R2.
[013057.31]  01-26 18:37  TwoPointCorrelationFunction  INFO     Correlation function computed in elapsed time 23.49 s.
[013057.31]  01-26 18:37  NaturalTwoPointEstimator     INFO     Saving /pscratch/sd/s/shengyu/galaxies/catalogs/Y3/AbacusHF-v2/Boxes/QSO/sn1p250/AbacusSummit_base_c000_ph009/mpspk/wplog_QSO_zp1.250_DR2_v1.0.npy.
[013057.32]  01-26 18:37  compute_2pt                  INFO     Save to /pscratch/sd/s/shengyu/galaxies/catalogs/Y3/AbacusHF-v2/Boxes/QSO/sn1p250/AbacusSummit_base_c000_ph009/mpspk/wplog_QSO_zp1.250_DR2_v1.0.npy
[013057.32]  01-26 18:37  compute_2pt                  INFO     Procceed {'version': 'AbacusHF-v2', 'domain': 'cubic', 'tracer': 'QSO', 'zsnap': 1.25, 'zrange': (1.1, 1.4), 'mock_id': 10, 'use_dv': 'False'}
[013057.32]  01-26 18:37  cat_tools                    INFO     Load /pscratch/sd/s/shengyu/galaxies/catalogs/Y3/AbacusHF-v2/Boxes/QSO/sn1p250/AbacusSummit_base_c000_ph010/abacus_HF_QSO_1p250_DR2_v2.0_AbacusSummit_base_c000_ph010_base_clustering.dat.h5
[013057.32]  01-26 18:37  FileStack                    INFO     Reading /pscratch/sd/s/shengyu/galaxies/catalogs/Y3/AbacusHF-v2/Boxes/QSO/sn1p250/AbacusSummit_base_c000_ph010/abacus_HF_QSO_1p250_DR2_v2.0_AbacusSummit_base_c000_ph010_base_clustering.dat.h5.
[013058.44]  01-26 18:37  TwoPointCorrelationFunction  INFO     Using estimator <class 'pycorr.twopoint_estimator.NaturalTwoPointEstimator'>.
[013058.44]  01-26 18:37  TwoPointCorrelationFunction  INFO     Running auto-correlation.
[013058.44]  01-26 18:37  TwoPointCorrelationFunction  INFO     Computing two-point counts D1D2.
[013161.10]  01-26 18:39  TwoPointCorrelationFunction  INFO     Analytically computing two-point counts R1R2.
[013161.10]  01-26 18:39  TwoPointCorrelationFunction  INFO     Correlation function computed in elapsed time 102.67 s.
[013161.10]  01-26 18:39  NaturalTwoPointEstimator     INFO     Saving /pscratch/sd/s/shengyu/galaxies/catalogs/Y3/AbacusHF-v2/Boxes/QSO/sn1p250/AbacusSummit_base_c000_ph010/mpspk/xipoles_QSO_zp1.250_DR2_v1.0.npy.
[013161.11]  01-26 18:39  compute_2pt                  INFO     Save to /pscratch/sd/s/shengyu/galaxies/catalogs/Y3/AbacusHF-v2/Boxes/QSO/sn1p250/AbacusSummit_base_c000_ph010/mpspk/xipoles_QSO_zp1.250_DR2_v1.0.npy
[013164.97]  01-26 18:39  CatalogFFTPower              INFO     Painting catalog 1 to mesh CatalogMesh(nmesh=[512 512 512], boxsize=[2000. 2000. 2000.], boxcenter=[ 999.99995857 1000.00004309 1000.00005997], dtype=float64).
[013165.36]  01-26 18:39  CatalogMesh                  INFO     Slab 0 ~ 4194304 / 28321662.
[013166.51]  01-26 18:39  CatalogMesh                  INFO     Painted 4194304 out of 28321662 objects to mesh.
[013166.56]  01-26 18:39  CatalogMesh                  INFO     Slab 4194304 ~ 8388608 / 28321662.
[013167.67]  01-26 18:39  CatalogMesh                  INFO     Painted 8388608 out of 28321662 objects to mesh.
[013167.68]  01-26 18:39  CatalogMesh                  INFO     Slab 8388608 ~ 12582912 / 28321662.
[013168.79]  01-26 18:39  CatalogMesh                  INFO     Painted 12582912 out of 28321662 objects to mesh.
[013168.79]  01-26 18:39  CatalogMesh                  INFO     Slab 12582912 ~ 16777216 / 28321662.
[013169.90]  01-26 18:39  CatalogMesh                  INFO     Painted 16777216 out of 28321662 objects to mesh.
[013169.90]  01-26 18:39  CatalogMesh                  INFO     Slab 16777216 ~ 20971520 / 28321662.
[013171.01]  01-26 18:39  CatalogMesh                  INFO     Painted 20971520 out of 28321662 objects to mesh.
[013171.01]  01-26 18:39  CatalogMesh                  INFO     Slab 20971520 ~ 25165824 / 28321662.
[013172.22]  01-26 18:39  CatalogMesh                  INFO     Painted 25165824 out of 28321662 objects to mesh.
[013172.22]  01-26 18:39  CatalogMesh                  INFO     Slab 25165824 ~ 29360128 / 28321662.
[013173.25]  01-26 18:39  CatalogMesh                  INFO     Painted 28321662 out of 28321662 objects to mesh.
[013173.25]  01-26 18:39  CatalogMesh                  INFO     Running interlacing at order 3.
[013175.48]  01-26 18:39  CatalogMesh                  INFO     Slab 0 ~ 4194304 / 28321662.
[013176.59]  01-26 18:39  CatalogMesh                  INFO     Painted 4194304 out of 28321662 objects to mesh.
[013176.59]  01-26 18:39  CatalogMesh                  INFO     Slab 4194304 ~ 8388608 / 28321662.
[013177.70]  01-26 18:39  CatalogMesh                  INFO     Painted 8388608 out of 28321662 objects to mesh.
[013177.70]  01-26 18:39  CatalogMesh                  INFO     Slab 8388608 ~ 12582912 / 28321662.
[013178.81]  01-26 18:39  CatalogMesh                  INFO     Painted 12582912 out of 28321662 objects to mesh.
[013178.81]  01-26 18:39  CatalogMesh                  INFO     Slab 12582912 ~ 16777216 / 28321662.
[013179.92]  01-26 18:39  CatalogMesh                  INFO     Painted 16777216 out of 28321662 objects to mesh.
[013179.92]  01-26 18:39  CatalogMesh                  INFO     Slab 16777216 ~ 20971520 / 28321662.
[013181.03]  01-26 18:39  CatalogMesh                  INFO     Painted 20971520 out of 28321662 objects to mesh.
[013181.03]  01-26 18:39  CatalogMesh                  INFO     Slab 20971520 ~ 25165824 / 28321662.
[013182.24]  01-26 18:39  CatalogMesh                  INFO     Painted 25165824 out of 28321662 objects to mesh.
[013182.24]  01-26 18:39  CatalogMesh                  INFO     Slab 25165824 ~ 29360128 / 28321662.
[013183.27]  01-26 18:39  CatalogMesh                  INFO     Painted 28321662 out of 28321662 objects to mesh.
[013187.04]  01-26 18:39  CatalogMesh                  INFO     Slab 0 ~ 4194304 / 28321662.
[013188.15]  01-26 18:40  CatalogMesh                  INFO     Painted 4194304 out of 28321662 objects to mesh.
[013188.15]  01-26 18:40  CatalogMesh                  INFO     Slab 4194304 ~ 8388608 / 28321662.
[013189.25]  01-26 18:40  CatalogMesh                  INFO     Painted 8388608 out of 28321662 objects to mesh.
[013189.25]  01-26 18:40  CatalogMesh                  INFO     Slab 8388608 ~ 12582912 / 28321662.
[013190.36]  01-26 18:40  CatalogMesh                  INFO     Painted 12582912 out of 28321662 objects to mesh.
[013190.36]  01-26 18:40  CatalogMesh                  INFO     Slab 12582912 ~ 16777216 / 28321662.
[013191.47]  01-26 18:40  CatalogMesh                  INFO     Painted 16777216 out of 28321662 objects to mesh.
[013191.47]  01-26 18:40  CatalogMesh                  INFO     Slab 16777216 ~ 20971520 / 28321662.
[013192.57]  01-26 18:40  CatalogMesh                  INFO     Painted 20971520 out of 28321662 objects to mesh.
[013192.57]  01-26 18:40  CatalogMesh                  INFO     Slab 20971520 ~ 25165824 / 28321662.
[013193.78]  01-26 18:40  CatalogMesh                  INFO     Painted 25165824 out of 28321662 objects to mesh.
[013193.78]  01-26 18:40  CatalogMesh                  INFO     Slab 25165824 ~ 29360128 / 28321662.
[013194.81]  01-26 18:40  CatalogMesh                  INFO     Painted 28321662 out of 28321662 objects to mesh.
[013200.32]  01-26 18:40  CatalogFFTPower              INFO     Done painting catalog 1 to mesh.
[013200.32]  01-26 18:40  CatalogFFTPower              INFO     Using 400 k-bins between 0.000 and 0.400.
[013200.32]  01-26 18:40  CatalogFFTPower              INFO     Meshes prepared in elapsed time 35.35 s.
[013200.32]  01-26 18:40  CatalogFFTPower              INFO     Running mesh calculation.
[013217.45]  01-26 18:40  CatalogFFTPower              INFO     Mesh calculations performed in elapsed time 17.14 s.
[013217.46]  01-26 18:40  CatalogFFTPower              INFO     Power spectrum computed in elapsed time 52.49 s.
[013217.46]  01-26 18:40  CatalogFFTPower              INFO     Saving /pscratch/sd/s/shengyu/galaxies/catalogs/Y3/AbacusHF-v2/Boxes/QSO/sn1p250/AbacusSummit_base_c000_ph010/mpspk/pkpoles_QSO_zp1.250_DR2_v1.0.npy.
[013217.46]  01-26 18:40  compute_2pt                  INFO     Save to /pscratch/sd/s/shengyu/galaxies/catalogs/Y3/AbacusHF-v2/Boxes/QSO/sn1p250/AbacusSummit_base_c000_ph010/mpspk/pkpoles_QSO_zp1.250_DR2_v1.0.npy
[013217.46]  01-26 18:40  TwoPointCorrelationFunction  INFO     Using estimator <class 'pycorr.twopoint_estimator.NaturalTwoPointEstimator'>.
[013217.46]  01-26 18:40  TwoPointCorrelationFunction  INFO     Running auto-correlation.
[013217.46]  01-26 18:40  TwoPointCorrelationFunction  INFO     Computing two-point counts D1D2.
[013240.46]  01-26 18:40  TwoPointCorrelationFunction  INFO     Analytically computing two-point counts R1R2.
[013240.46]  01-26 18:40  TwoPointCorrelationFunction  INFO     Correlation function computed in elapsed time 23.00 s.
[013240.46]  01-26 18:40  NaturalTwoPointEstimator     INFO     Saving /pscratch/sd/s/shengyu/galaxies/catalogs/Y3/AbacusHF-v2/Boxes/QSO/sn1p250/AbacusSummit_base_c000_ph010/mpspk/mpslog_QSO_zp1.250_DR2_v1.0.npy.
[013240.46]  01-26 18:40  compute_2pt                  INFO     Save to /pscratch/sd/s/shengyu/galaxies/catalogs/Y3/AbacusHF-v2/Boxes/QSO/sn1p250/AbacusSummit_base_c000_ph010/mpspk/mpslog_QSO_zp1.250_DR2_v1.0.npy
[013240.46]  01-26 18:40  TwoPointCorrelationFunction  INFO     Using estimator <class 'pycorr.twopoint_estimator.NaturalTwoPointEstimator'>.
[013240.47]  01-26 18:40  TwoPointCorrelationFunction  INFO     Running auto-correlation.
[013240.47]  01-26 18:40  TwoPointCorrelationFunction  INFO     Computing two-point counts D1D2.
[013264.06]  01-26 18:41  TwoPointCorrelationFunction  INFO     Analytically computing two-point counts R1R2.
[013264.06]  01-26 18:41  TwoPointCorrelationFunction  INFO     Correlation function computed in elapsed time 23.60 s.
[013264.06]  01-26 18:41  NaturalTwoPointEstimator     INFO     Saving /pscratch/sd/s/shengyu/galaxies/catalogs/Y3/AbacusHF-v2/Boxes/QSO/sn1p250/AbacusSummit_base_c000_ph010/mpspk/wplog_QSO_zp1.250_DR2_v1.0.npy.
[013264.07]  01-26 18:41  compute_2pt                  INFO     Save to /pscratch/sd/s/shengyu/galaxies/catalogs/Y3/AbacusHF-v2/Boxes/QSO/sn1p250/AbacusSummit_base_c000_ph010/mpspk/wplog_QSO_zp1.250_DR2_v1.0.npy
[013264.07]  01-26 18:41  compute_2pt                  INFO     Procceed {'version': 'AbacusHF-v2', 'domain': 'cubic', 'tracer': 'QSO', 'zsnap': 1.25, 'zrange': (1.1, 1.4), 'mock_id': 11, 'use_dv': 'False'}
[013264.07]  01-26 18:41  cat_tools                    INFO     Load /pscratch/sd/s/shengyu/galaxies/catalogs/Y3/AbacusHF-v2/Boxes/QSO/sn1p250/AbacusSummit_base_c000_ph011/abacus_HF_QSO_1p250_DR2_v2.0_AbacusSummit_base_c000_ph011_base_clustering.dat.h5
[013264.07]  01-26 18:41  FileStack                    INFO     Reading /pscratch/sd/s/shengyu/galaxies/catalogs/Y3/AbacusHF-v2/Boxes/QSO/sn1p250/AbacusSummit_base_c000_ph011/abacus_HF_QSO_1p250_DR2_v2.0_AbacusSummit_base_c000_ph011_base_clustering.dat.h5.
[013265.18]  01-26 18:41  TwoPointCorrelationFunction  INFO     Using estimator <class 'pycorr.twopoint_estimator.NaturalTwoPointEstimator'>.
[013265.18]  01-26 18:41  TwoPointCorrelationFunction  INFO     Running auto-correlation.
[013265.18]  01-26 18:41  TwoPointCorrelationFunction  INFO     Computing two-point counts D1D2.
[013369.82]  01-26 18:43  TwoPointCorrelationFunction  INFO     Analytically computing two-point counts R1R2.
[013369.82]  01-26 18:43  TwoPointCorrelationFunction  INFO     Correlation function computed in elapsed time 104.64 s.
[013369.82]  01-26 18:43  NaturalTwoPointEstimator     INFO     Saving /pscratch/sd/s/shengyu/galaxies/catalogs/Y3/AbacusHF-v2/Boxes/QSO/sn1p250/AbacusSummit_base_c000_ph011/mpspk/xipoles_QSO_zp1.250_DR2_v1.0.npy.
[013369.82]  01-26 18:43  compute_2pt                  INFO     Save to /pscratch/sd/s/shengyu/galaxies/catalogs/Y3/AbacusHF-v2/Boxes/QSO/sn1p250/AbacusSummit_base_c000_ph011/mpspk/xipoles_QSO_zp1.250_DR2_v1.0.npy
[013373.65]  01-26 18:43  CatalogFFTPower              INFO     Painting catalog 1 to mesh CatalogMesh(nmesh=[512 512 512], boxsize=[2000. 2000. 2000.], boxcenter=[999.99999259 999.99994547 999.99996699], dtype=float64).
[013374.05]  01-26 18:43  CatalogMesh                  INFO     Slab 0 ~ 4194304 / 28332183.
[013375.17]  01-26 18:43  CatalogMesh                  INFO     Painted 4194304 out of 28332183 objects to mesh.
[013375.17]  01-26 18:43  CatalogMesh                  INFO     Slab 4194304 ~ 8388608 / 28332183.
[013376.29]  01-26 18:43  CatalogMesh                  INFO     Painted 8388608 out of 28332183 objects to mesh.
[013376.29]  01-26 18:43  CatalogMesh                  INFO     Slab 8388608 ~ 12582912 / 28332183.
[013377.40]  01-26 18:43  CatalogMesh                  INFO     Painted 12582912 out of 28332183 objects to mesh.
[013377.40]  01-26 18:43  CatalogMesh                  INFO     Slab 12582912 ~ 16777216 / 28332183.
[013378.51]  01-26 18:43  CatalogMesh                  INFO     Painted 16777216 out of 28332183 objects to mesh.
[013378.51]  01-26 18:43  CatalogMesh                  INFO     Slab 16777216 ~ 20971520 / 28332183.
[013379.63]  01-26 18:43  CatalogMesh                  INFO     Painted 20971520 out of 28332183 objects to mesh.
[013379.63]  01-26 18:43  CatalogMesh                  INFO     Slab 20971520 ~ 25165824 / 28332183.
[013380.85]  01-26 18:43  CatalogMesh                  INFO     Painted 25165824 out of 28332183 objects to mesh.
[013380.85]  01-26 18:43  CatalogMesh                  INFO     Slab 25165824 ~ 29360128 / 28332183.
[013381.88]  01-26 18:43  CatalogMesh                  INFO     Painted 28332183 out of 28332183 objects to mesh.
[013381.88]  01-26 18:43  CatalogMesh                  INFO     Running interlacing at order 3.
[013384.13]  01-26 18:43  CatalogMesh                  INFO     Slab 0 ~ 4194304 / 28332183.
[013385.25]  01-26 18:43  CatalogMesh                  INFO     Painted 4194304 out of 28332183 objects to mesh.
[013385.25]  01-26 18:43  CatalogMesh                  INFO     Slab 4194304 ~ 8388608 / 28332183.
[013386.36]  01-26 18:43  CatalogMesh                  INFO     Painted 8388608 out of 28332183 objects to mesh.
[013386.36]  01-26 18:43  CatalogMesh                  INFO     Slab 8388608 ~ 12582912 / 28332183.
[013387.48]  01-26 18:43  CatalogMesh                  INFO     Painted 12582912 out of 28332183 objects to mesh.
[013387.48]  01-26 18:43  CatalogMesh                  INFO     Slab 12582912 ~ 16777216 / 28332183.
[013388.59]  01-26 18:43  CatalogMesh                  INFO     Painted 16777216 out of 28332183 objects to mesh.
[013388.59]  01-26 18:43  CatalogMesh                  INFO     Slab 16777216 ~ 20971520 / 28332183.
[013389.70]  01-26 18:43  CatalogMesh                  INFO     Painted 20971520 out of 28332183 objects to mesh.
[013389.70]  01-26 18:43  CatalogMesh                  INFO     Slab 20971520 ~ 25165824 / 28332183.
[013390.92]  01-26 18:43  CatalogMesh                  INFO     Painted 25165824 out of 28332183 objects to mesh.
[013390.92]  01-26 18:43  CatalogMesh                  INFO     Slab 25165824 ~ 29360128 / 28332183.
[013391.95]  01-26 18:43  CatalogMesh                  INFO     Painted 28332183 out of 28332183 objects to mesh.
[013395.75]  01-26 18:43  CatalogMesh                  INFO     Slab 0 ~ 4194304 / 28332183.
[013396.85]  01-26 18:43  CatalogMesh                  INFO     Painted 4194304 out of 28332183 objects to mesh.
[013396.85]  01-26 18:43  CatalogMesh                  INFO     Slab 4194304 ~ 8388608 / 28332183.
[013397.97]  01-26 18:43  CatalogMesh                  INFO     Painted 8388608 out of 28332183 objects to mesh.
[013397.97]  01-26 18:43  CatalogMesh                  INFO     Slab 8388608 ~ 12582912 / 28332183.
[013399.08]  01-26 18:43  CatalogMesh                  INFO     Painted 12582912 out of 28332183 objects to mesh.
[013399.08]  01-26 18:43  CatalogMesh                  INFO     Slab 12582912 ~ 16777216 / 28332183.
[013400.19]  01-26 18:43  CatalogMesh                  INFO     Painted 16777216 out of 28332183 objects to mesh.
[013400.19]  01-26 18:43  CatalogMesh                  INFO     Slab 16777216 ~ 20971520 / 28332183.
[013401.31]  01-26 18:43  CatalogMesh                  INFO     Painted 20971520 out of 28332183 objects to mesh.
[013401.31]  01-26 18:43  CatalogMesh                  INFO     Slab 20971520 ~ 25165824 / 28332183.
[013402.52]  01-26 18:43  CatalogMesh                  INFO     Painted 25165824 out of 28332183 objects to mesh.
[013402.52]  01-26 18:43  CatalogMesh                  INFO     Slab 25165824 ~ 29360128 / 28332183.
[013403.55]  01-26 18:43  CatalogMesh                  INFO     Painted 28332183 out of 28332183 objects to mesh.
[013409.09]  01-26 18:43  CatalogFFTPower              INFO     Done painting catalog 1 to mesh.
[013409.10]  01-26 18:43  CatalogFFTPower              INFO     Using 400 k-bins between 0.000 and 0.400.
[013409.10]  01-26 18:43  CatalogFFTPower              INFO     Meshes prepared in elapsed time 35.44 s.
[013409.10]  01-26 18:43  CatalogFFTPower              INFO     Running mesh calculation.
[013426.29]  01-26 18:43  CatalogFFTPower              INFO     Mesh calculations performed in elapsed time 17.19 s.
[013426.29]  01-26 18:43  CatalogFFTPower              INFO     Power spectrum computed in elapsed time 52.64 s.
[013426.29]  01-26 18:43  CatalogFFTPower              INFO     Saving /pscratch/sd/s/shengyu/galaxies/catalogs/Y3/AbacusHF-v2/Boxes/QSO/sn1p250/AbacusSummit_base_c000_ph011/mpspk/pkpoles_QSO_zp1.250_DR2_v1.0.npy.
[013426.29]  01-26 18:43  compute_2pt                  INFO     Save to /pscratch/sd/s/shengyu/galaxies/catalogs/Y3/AbacusHF-v2/Boxes/QSO/sn1p250/AbacusSummit_base_c000_ph011/mpspk/pkpoles_QSO_zp1.250_DR2_v1.0.npy
[013426.29]  01-26 18:43  TwoPointCorrelationFunction  INFO     Using estimator <class 'pycorr.twopoint_estimator.NaturalTwoPointEstimator'>.
[013426.29]  01-26 18:43  TwoPointCorrelationFunction  INFO     Running auto-correlation.
[013426.29]  01-26 18:43  TwoPointCorrelationFunction  INFO     Computing two-point counts D1D2.
[013446.29]  01-26 18:44  TwoPointCorrelationFunction  INFO     Analytically computing two-point counts R1R2.
[013446.30]  01-26 18:44  TwoPointCorrelationFunction  INFO     Correlation function computed in elapsed time 20.00 s.
[013446.30]  01-26 18:44  NaturalTwoPointEstimator     INFO     Saving /pscratch/sd/s/shengyu/galaxies/catalogs/Y3/AbacusHF-v2/Boxes/QSO/sn1p250/AbacusSummit_base_c000_ph011/mpspk/mpslog_QSO_zp1.250_DR2_v1.0.npy.
[013446.30]  01-26 18:44  compute_2pt                  INFO     Save to /pscratch/sd/s/shengyu/galaxies/catalogs/Y3/AbacusHF-v2/Boxes/QSO/sn1p250/AbacusSummit_base_c000_ph011/mpspk/mpslog_QSO_zp1.250_DR2_v1.0.npy
[013446.30]  01-26 18:44  TwoPointCorrelationFunction  INFO     Using estimator <class 'pycorr.twopoint_estimator.NaturalTwoPointEstimator'>.
[013446.30]  01-26 18:44  TwoPointCorrelationFunction  INFO     Running auto-correlation.
[013446.30]  01-26 18:44  TwoPointCorrelationFunction  INFO     Computing two-point counts D1D2.
[013469.49]  01-26 18:44  TwoPointCorrelationFunction  INFO     Analytically computing two-point counts R1R2.
[013469.49]  01-26 18:44  TwoPointCorrelationFunction  INFO     Correlation function computed in elapsed time 23.19 s.
[013469.49]  01-26 18:44  NaturalTwoPointEstimator     INFO     Saving /pscratch/sd/s/shengyu/galaxies/catalogs/Y3/AbacusHF-v2/Boxes/QSO/sn1p250/AbacusSummit_base_c000_ph011/mpspk/wplog_QSO_zp1.250_DR2_v1.0.npy.
[013469.50]  01-26 18:44  compute_2pt                  INFO     Save to /pscratch/sd/s/shengyu/galaxies/catalogs/Y3/AbacusHF-v2/Boxes/QSO/sn1p250/AbacusSummit_base_c000_ph011/mpspk/wplog_QSO_zp1.250_DR2_v1.0.npy
[013469.50]  01-26 18:44  compute_2pt                  INFO     Procceed {'version': 'AbacusHF-v2', 'domain': 'cubic', 'tracer': 'QSO', 'zsnap': 1.25, 'zrange': (1.1, 1.4), 'mock_id': 12, 'use_dv': 'False'}
[013469.50]  01-26 18:44  cat_tools                    INFO     Load /pscratch/sd/s/shengyu/galaxies/catalogs/Y3/AbacusHF-v2/Boxes/QSO/sn1p250/AbacusSummit_base_c000_ph012/abacus_HF_QSO_1p250_DR2_v2.0_AbacusSummit_base_c000_ph012_base_clustering.dat.h5
[013469.50]  01-26 18:44  FileStack                    INFO     Reading /pscratch/sd/s/shengyu/galaxies/catalogs/Y3/AbacusHF-v2/Boxes/QSO/sn1p250/AbacusSummit_base_c000_ph012/abacus_HF_QSO_1p250_DR2_v2.0_AbacusSummit_base_c000_ph012_base_clustering.dat.h5.
[013470.63]  01-26 18:44  TwoPointCorrelationFunction  INFO     Using estimator <class 'pycorr.twopoint_estimator.NaturalTwoPointEstimator'>.
[013470.63]  01-26 18:44  TwoPointCorrelationFunction  INFO     Running auto-correlation.
[013470.63]  01-26 18:44  TwoPointCorrelationFunction  INFO     Computing two-point counts D1D2.
[013572.75]  01-26 18:46  TwoPointCorrelationFunction  INFO     Analytically computing two-point counts R1R2.
[013572.75]  01-26 18:46  TwoPointCorrelationFunction  INFO     Correlation function computed in elapsed time 102.12 s.
[013572.75]  01-26 18:46  NaturalTwoPointEstimator     INFO     Saving /pscratch/sd/s/shengyu/galaxies/catalogs/Y3/AbacusHF-v2/Boxes/QSO/sn1p250/AbacusSummit_base_c000_ph012/mpspk/xipoles_QSO_zp1.250_DR2_v1.0.npy.
[013572.75]  01-26 18:46  compute_2pt                  INFO     Save to /pscratch/sd/s/shengyu/galaxies/catalogs/Y3/AbacusHF-v2/Boxes/QSO/sn1p250/AbacusSummit_base_c000_ph012/mpspk/xipoles_QSO_zp1.250_DR2_v1.0.npy
[013576.55]  01-26 18:46  CatalogFFTPower              INFO     Painting catalog 1 to mesh CatalogMesh(nmesh=[512 512 512], boxsize=[2000. 2000. 2000.], boxcenter=[ 999.99993172 1000.00001807  999.99997717], dtype=float64).
[013576.95]  01-26 18:46  CatalogMesh                  INFO     Slab 0 ~ 4194304 / 28336306.
[013578.07]  01-26 18:46  CatalogMesh                  INFO     Painted 4194304 out of 28336306 objects to mesh.
[013578.07]  01-26 18:46  CatalogMesh                  INFO     Slab 4194304 ~ 8388608 / 28336306.
[013579.17]  01-26 18:46  CatalogMesh                  INFO     Painted 8388608 out of 28336306 objects to mesh.
[013579.17]  01-26 18:46  CatalogMesh                  INFO     Slab 8388608 ~ 12582912 / 28336306.
[013580.27]  01-26 18:46  CatalogMesh                  INFO     Painted 12582912 out of 28336306 objects to mesh.
[013580.27]  01-26 18:46  CatalogMesh                  INFO     Slab 12582912 ~ 16777216 / 28336306.
[013581.37]  01-26 18:46  CatalogMesh                  INFO     Painted 16777216 out of 28336306 objects to mesh.
[013581.37]  01-26 18:46  CatalogMesh                  INFO     Slab 16777216 ~ 20971520 / 28336306.
[013582.47]  01-26 18:46  CatalogMesh                  INFO     Painted 20971520 out of 28336306 objects to mesh.
[013582.47]  01-26 18:46  CatalogMesh                  INFO     Slab 20971520 ~ 25165824 / 28336306.
[013583.69]  01-26 18:46  CatalogMesh                  INFO     Painted 25165824 out of 28336306 objects to mesh.
[013583.69]  01-26 18:46  CatalogMesh                  INFO     Slab 25165824 ~ 29360128 / 28336306.
[013584.72]  01-26 18:46  CatalogMesh                  INFO     Painted 28336306 out of 28336306 objects to mesh.
[013584.72]  01-26 18:46  CatalogMesh                  INFO     Running interlacing at order 3.
[013586.94]  01-26 18:46  CatalogMesh                  INFO     Slab 0 ~ 4194304 / 28336306.
[013588.06]  01-26 18:46  CatalogMesh                  INFO     Painted 4194304 out of 28336306 objects to mesh.
[013588.06]  01-26 18:46  CatalogMesh                  INFO     Slab 4194304 ~ 8388608 / 28336306.
[013589.15]  01-26 18:46  CatalogMesh                  INFO     Painted 8388608 out of 28336306 objects to mesh.
[013589.16]  01-26 18:46  CatalogMesh                  INFO     Slab 8388608 ~ 12582912 / 28336306.
[013590.25]  01-26 18:46  CatalogMesh                  INFO     Painted 12582912 out of 28336306 objects to mesh.
[013590.25]  01-26 18:46  CatalogMesh                  INFO     Slab 12582912 ~ 16777216 / 28336306.
[013591.35]  01-26 18:46  CatalogMesh                  INFO     Painted 16777216 out of 28336306 objects to mesh.
[013591.35]  01-26 18:46  CatalogMesh                  INFO     Slab 16777216 ~ 20971520 / 28336306.
[013592.45]  01-26 18:46  CatalogMesh                  INFO     Painted 20971520 out of 28336306 objects to mesh.
[013592.45]  01-26 18:46  CatalogMesh                  INFO     Slab 20971520 ~ 25165824 / 28336306.
[013593.65]  01-26 18:46  CatalogMesh                  INFO     Painted 25165824 out of 28336306 objects to mesh.
[013593.65]  01-26 18:46  CatalogMesh                  INFO     Slab 25165824 ~ 29360128 / 28336306.
[013594.68]  01-26 18:46  CatalogMesh                  INFO     Painted 28336306 out of 28336306 objects to mesh.
[013598.42]  01-26 18:46  CatalogMesh                  INFO     Slab 0 ~ 4194304 / 28336306.
[013599.52]  01-26 18:46  CatalogMesh                  INFO     Painted 4194304 out of 28336306 objects to mesh.
[013599.52]  01-26 18:46  CatalogMesh                  INFO     Slab 4194304 ~ 8388608 / 28336306.
[013600.62]  01-26 18:46  CatalogMesh                  INFO     Painted 8388608 out of 28336306 objects to mesh.
[013600.62]  01-26 18:46  CatalogMesh                  INFO     Slab 8388608 ~ 12582912 / 28336306.
[013601.73]  01-26 18:46  CatalogMesh                  INFO     Painted 12582912 out of 28336306 objects to mesh.
[013601.73]  01-26 18:46  CatalogMesh                  INFO     Slab 12582912 ~ 16777216 / 28336306.
[013602.83]  01-26 18:46  CatalogMesh                  INFO     Painted 16777216 out of 28336306 objects to mesh.
[013602.83]  01-26 18:46  CatalogMesh                  INFO     Slab 16777216 ~ 20971520 / 28336306.
[013603.93]  01-26 18:46  CatalogMesh                  INFO     Painted 20971520 out of 28336306 objects to mesh.
[013603.93]  01-26 18:46  CatalogMesh                  INFO     Slab 20971520 ~ 25165824 / 28336306.
[013605.14]  01-26 18:46  CatalogMesh                  INFO     Painted 25165824 out of 28336306 objects to mesh.
[013605.14]  01-26 18:46  CatalogMesh                  INFO     Slab 25165824 ~ 29360128 / 28336306.
[013606.17]  01-26 18:46  CatalogMesh                  INFO     Painted 28336306 out of 28336306 objects to mesh.
[013611.65]  01-26 18:47  CatalogFFTPower              INFO     Done painting catalog 1 to mesh.
[013611.65]  01-26 18:47  CatalogFFTPower              INFO     Using 400 k-bins between 0.000 and 0.400.
[013611.65]  01-26 18:47  CatalogFFTPower              INFO     Meshes prepared in elapsed time 35.10 s.
[013611.65]  01-26 18:47  CatalogFFTPower              INFO     Running mesh calculation.
[013628.71]  01-26 18:47  CatalogFFTPower              INFO     Mesh calculations performed in elapsed time 17.06 s.
[013628.71]  01-26 18:47  CatalogFFTPower              INFO     Power spectrum computed in elapsed time 52.16 s.
[013628.72]  01-26 18:47  CatalogFFTPower              INFO     Saving /pscratch/sd/s/shengyu/galaxies/catalogs/Y3/AbacusHF-v2/Boxes/QSO/sn1p250/AbacusSummit_base_c000_ph012/mpspk/pkpoles_QSO_zp1.250_DR2_v1.0.npy.
[013628.72]  01-26 18:47  compute_2pt                  INFO     Save to /pscratch/sd/s/shengyu/galaxies/catalogs/Y3/AbacusHF-v2/Boxes/QSO/sn1p250/AbacusSummit_base_c000_ph012/mpspk/pkpoles_QSO_zp1.250_DR2_v1.0.npy
[013628.72]  01-26 18:47  TwoPointCorrelationFunction  INFO     Using estimator <class 'pycorr.twopoint_estimator.NaturalTwoPointEstimator'>.
[013628.72]  01-26 18:47  TwoPointCorrelationFunction  INFO     Running auto-correlation.
[013628.72]  01-26 18:47  TwoPointCorrelationFunction  INFO     Computing two-point counts D1D2.
[013651.47]  01-26 18:47  TwoPointCorrelationFunction  INFO     Analytically computing two-point counts R1R2.
[013651.47]  01-26 18:47  TwoPointCorrelationFunction  INFO     Correlation function computed in elapsed time 22.75 s.
[013651.47]  01-26 18:47  NaturalTwoPointEstimator     INFO     Saving /pscratch/sd/s/shengyu/galaxies/catalogs/Y3/AbacusHF-v2/Boxes/QSO/sn1p250/AbacusSummit_base_c000_ph012/mpspk/mpslog_QSO_zp1.250_DR2_v1.0.npy.
[013651.47]  01-26 18:47  compute_2pt                  INFO     Save to /pscratch/sd/s/shengyu/galaxies/catalogs/Y3/AbacusHF-v2/Boxes/QSO/sn1p250/AbacusSummit_base_c000_ph012/mpspk/mpslog_QSO_zp1.250_DR2_v1.0.npy
[013651.47]  01-26 18:47  TwoPointCorrelationFunction  INFO     Using estimator <class 'pycorr.twopoint_estimator.NaturalTwoPointEstimator'>.
[013651.47]  01-26 18:47  TwoPointCorrelationFunction  INFO     Running auto-correlation.
[013651.47]  01-26 18:47  TwoPointCorrelationFunction  INFO     Computing two-point counts D1D2.
[013674.86]  01-26 18:48  TwoPointCorrelationFunction  INFO     Analytically computing two-point counts R1R2.
[013674.86]  01-26 18:48  TwoPointCorrelationFunction  INFO     Correlation function computed in elapsed time 23.39 s.
[013674.86]  01-26 18:48  NaturalTwoPointEstimator     INFO     Saving /pscratch/sd/s/shengyu/galaxies/catalogs/Y3/AbacusHF-v2/Boxes/QSO/sn1p250/AbacusSummit_base_c000_ph012/mpspk/wplog_QSO_zp1.250_DR2_v1.0.npy.
[013674.86]  01-26 18:48  compute_2pt                  INFO     Save to /pscratch/sd/s/shengyu/galaxies/catalogs/Y3/AbacusHF-v2/Boxes/QSO/sn1p250/AbacusSummit_base_c000_ph012/mpspk/wplog_QSO_zp1.250_DR2_v1.0.npy
[013674.87]  01-26 18:48  compute_2pt                  INFO     Procceed {'version': 'AbacusHF-v2', 'domain': 'cubic', 'tracer': 'QSO', 'zsnap': 1.25, 'zrange': (1.1, 1.4), 'mock_id': 13, 'use_dv': 'False'}
[013674.87]  01-26 18:48  cat_tools                    INFO     Load /pscratch/sd/s/shengyu/galaxies/catalogs/Y3/AbacusHF-v2/Boxes/QSO/sn1p250/AbacusSummit_base_c000_ph013/abacus_HF_QSO_1p250_DR2_v2.0_AbacusSummit_base_c000_ph013_base_clustering.dat.h5
[013674.87]  01-26 18:48  FileStack                    INFO     Reading /pscratch/sd/s/shengyu/galaxies/catalogs/Y3/AbacusHF-v2/Boxes/QSO/sn1p250/AbacusSummit_base_c000_ph013/abacus_HF_QSO_1p250_DR2_v2.0_AbacusSummit_base_c000_ph013_base_clustering.dat.h5.
[013675.98]  01-26 18:48  TwoPointCorrelationFunction  INFO     Using estimator <class 'pycorr.twopoint_estimator.NaturalTwoPointEstimator'>.
[013675.98]  01-26 18:48  TwoPointCorrelationFunction  INFO     Running auto-correlation.
[013675.98]  01-26 18:48  TwoPointCorrelationFunction  INFO     Computing two-point counts D1D2.
[013776.71]  01-26 18:49  TwoPointCorrelationFunction  INFO     Analytically computing two-point counts R1R2.
[013776.71]  01-26 18:49  TwoPointCorrelationFunction  INFO     Correlation function computed in elapsed time 100.73 s.
[013776.71]  01-26 18:49  NaturalTwoPointEstimator     INFO     Saving /pscratch/sd/s/shengyu/galaxies/catalogs/Y3/AbacusHF-v2/Boxes/QSO/sn1p250/AbacusSummit_base_c000_ph013/mpspk/xipoles_QSO_zp1.250_DR2_v1.0.npy.
[013776.72]  01-26 18:49  compute_2pt                  INFO     Save to /pscratch/sd/s/shengyu/galaxies/catalogs/Y3/AbacusHF-v2/Boxes/QSO/sn1p250/AbacusSummit_base_c000_ph013/mpspk/xipoles_QSO_zp1.250_DR2_v1.0.npy
[013780.56]  01-26 18:49  CatalogFFTPower              INFO     Painting catalog 1 to mesh CatalogMesh(nmesh=[512 512 512], boxsize=[2000. 2000. 2000.], boxcenter=[ 999.99999656 1000.00004667 1000.0000278 ], dtype=float64).
[013780.96]  01-26 18:49  CatalogMesh                  INFO     Slab 0 ~ 4194304 / 28349191.
[013782.11]  01-26 18:49  CatalogMesh                  INFO     Painted 4194304 out of 28349191 objects to mesh.
[013782.11]  01-26 18:49  CatalogMesh                  INFO     Slab 4194304 ~ 8388608 / 28349191.
[013783.23]  01-26 18:49  CatalogMesh                  INFO     Painted 8388608 out of 28349191 objects to mesh.
[013783.23]  01-26 18:49  CatalogMesh                  INFO     Slab 8388608 ~ 12582912 / 28349191.
[013784.36]  01-26 18:49  CatalogMesh                  INFO     Painted 12582912 out of 28349191 objects to mesh.
[013784.36]  01-26 18:49  CatalogMesh                  INFO     Slab 12582912 ~ 16777216 / 28349191.
[013785.48]  01-26 18:49  CatalogMesh                  INFO     Painted 16777216 out of 28349191 objects to mesh.
[013785.48]  01-26 18:49  CatalogMesh                  INFO     Slab 16777216 ~ 20971520 / 28349191.
[013786.64]  01-26 18:49  CatalogMesh                  INFO     Painted 20971520 out of 28349191 objects to mesh.
[013786.64]  01-26 18:49  CatalogMesh                  INFO     Slab 20971520 ~ 25165824 / 28349191.
[013787.89]  01-26 18:50  CatalogMesh                  INFO     Painted 25165824 out of 28349191 objects to mesh.
[013787.89]  01-26 18:50  CatalogMesh                  INFO     Slab 25165824 ~ 29360128 / 28349191.
[013788.94]  01-26 18:50  CatalogMesh                  INFO     Painted 28349191 out of 28349191 objects to mesh.
[013788.94]  01-26 18:50  CatalogMesh                  INFO     Running interlacing at order 3.
[013791.18]  01-26 18:50  CatalogMesh                  INFO     Slab 0 ~ 4194304 / 28349191.
[013792.29]  01-26 18:50  CatalogMesh                  INFO     Painted 4194304 out of 28349191 objects to mesh.
[013792.29]  01-26 18:50  CatalogMesh                  INFO     Slab 4194304 ~ 8388608 / 28349191.
[013793.40]  01-26 18:50  CatalogMesh                  INFO     Painted 8388608 out of 28349191 objects to mesh.
[013793.40]  01-26 18:50  CatalogMesh                  INFO     Slab 8388608 ~ 12582912 / 28349191.
[013794.51]  01-26 18:50  CatalogMesh                  INFO     Painted 12582912 out of 28349191 objects to mesh.
[013794.51]  01-26 18:50  CatalogMesh                  INFO     Slab 12582912 ~ 16777216 / 28349191.
[013795.63]  01-26 18:50  CatalogMesh                  INFO     Painted 16777216 out of 28349191 objects to mesh.
[013795.63]  01-26 18:50  CatalogMesh                  INFO     Slab 16777216 ~ 20971520 / 28349191.
[013796.73]  01-26 18:50  CatalogMesh                  INFO     Painted 20971520 out of 28349191 objects to mesh.
[013796.73]  01-26 18:50  CatalogMesh                  INFO     Slab 20971520 ~ 25165824 / 28349191.
[013797.94]  01-26 18:50  CatalogMesh                  INFO     Painted 25165824 out of 28349191 objects to mesh.
[013797.94]  01-26 18:50  CatalogMesh                  INFO     Slab 25165824 ~ 29360128 / 28349191.
[013798.97]  01-26 18:50  CatalogMesh                  INFO     Painted 28349191 out of 28349191 objects to mesh.
[013802.73]  01-26 18:50  CatalogMesh                  INFO     Slab 0 ~ 4194304 / 28349191.
[013803.83]  01-26 18:50  CatalogMesh                  INFO     Painted 4194304 out of 28349191 objects to mesh.
[013803.83]  01-26 18:50  CatalogMesh                  INFO     Slab 4194304 ~ 8388608 / 28349191.
[013804.94]  01-26 18:50  CatalogMesh                  INFO     Painted 8388608 out of 28349191 objects to mesh.
[013804.94]  01-26 18:50  CatalogMesh                  INFO     Slab 8388608 ~ 12582912 / 28349191.
[013806.04]  01-26 18:50  CatalogMesh                  INFO     Painted 12582912 out of 28349191 objects to mesh.
[013806.04]  01-26 18:50  CatalogMesh                  INFO     Slab 12582912 ~ 16777216 / 28349191.
[013807.14]  01-26 18:50  CatalogMesh                  INFO     Painted 16777216 out of 28349191 objects to mesh.
[013807.14]  01-26 18:50  CatalogMesh                  INFO     Slab 16777216 ~ 20971520 / 28349191.
[013808.26]  01-26 18:50  CatalogMesh                  INFO     Painted 20971520 out of 28349191 objects to mesh.
[013808.26]  01-26 18:50  CatalogMesh                  INFO     Slab 20971520 ~ 25165824 / 28349191.
[013809.47]  01-26 18:50  CatalogMesh                  INFO     Painted 25165824 out of 28349191 objects to mesh.
[013809.47]  01-26 18:50  CatalogMesh                  INFO     Slab 25165824 ~ 29360128 / 28349191.
[013810.50]  01-26 18:50  CatalogMesh                  INFO     Painted 28349191 out of 28349191 objects to mesh.
[013815.99]  01-26 18:50  CatalogFFTPower              INFO     Done painting catalog 1 to mesh.
[013815.99]  01-26 18:50  CatalogFFTPower              INFO     Using 400 k-bins between 0.000 and 0.400.
[013815.99]  01-26 18:50  CatalogFFTPower              INFO     Meshes prepared in elapsed time 35.44 s.
[013815.99]  01-26 18:50  CatalogFFTPower              INFO     Running mesh calculation.
[013833.07]  01-26 18:50  CatalogFFTPower              INFO     Mesh calculations performed in elapsed time 17.07 s.
[013833.07]  01-26 18:50  CatalogFFTPower              INFO     Power spectrum computed in elapsed time 52.51 s.
[013833.07]  01-26 18:50  CatalogFFTPower              INFO     Saving /pscratch/sd/s/shengyu/galaxies/catalogs/Y3/AbacusHF-v2/Boxes/QSO/sn1p250/AbacusSummit_base_c000_ph013/mpspk/pkpoles_QSO_zp1.250_DR2_v1.0.npy.
[013833.07]  01-26 18:50  compute_2pt                  INFO     Save to /pscratch/sd/s/shengyu/galaxies/catalogs/Y3/AbacusHF-v2/Boxes/QSO/sn1p250/AbacusSummit_base_c000_ph013/mpspk/pkpoles_QSO_zp1.250_DR2_v1.0.npy
[013833.07]  01-26 18:50  TwoPointCorrelationFunction  INFO     Using estimator <class 'pycorr.twopoint_estimator.NaturalTwoPointEstimator'>.
[013833.07]  01-26 18:50  TwoPointCorrelationFunction  INFO     Running auto-correlation.
[013833.07]  01-26 18:50  TwoPointCorrelationFunction  INFO     Computing two-point counts D1D2.
[013856.11]  01-26 18:51  TwoPointCorrelationFunction  INFO     Analytically computing two-point counts R1R2.
[013856.12]  01-26 18:51  TwoPointCorrelationFunction  INFO     Correlation function computed in elapsed time 23.04 s.
[013856.12]  01-26 18:51  NaturalTwoPointEstimator     INFO     Saving /pscratch/sd/s/shengyu/galaxies/catalogs/Y3/AbacusHF-v2/Boxes/QSO/sn1p250/AbacusSummit_base_c000_ph013/mpspk/mpslog_QSO_zp1.250_DR2_v1.0.npy.
[013856.12]  01-26 18:51  compute_2pt                  INFO     Save to /pscratch/sd/s/shengyu/galaxies/catalogs/Y3/AbacusHF-v2/Boxes/QSO/sn1p250/AbacusSummit_base_c000_ph013/mpspk/mpslog_QSO_zp1.250_DR2_v1.0.npy
[013856.12]  01-26 18:51  TwoPointCorrelationFunction  INFO     Using estimator <class 'pycorr.twopoint_estimator.NaturalTwoPointEstimator'>.
[013856.12]  01-26 18:51  TwoPointCorrelationFunction  INFO     Running auto-correlation.
[013856.12]  01-26 18:51  TwoPointCorrelationFunction  INFO     Computing two-point counts D1D2.
[013879.46]  01-26 18:51  TwoPointCorrelationFunction  INFO     Analytically computing two-point counts R1R2.
[013879.46]  01-26 18:51  TwoPointCorrelationFunction  INFO     Correlation function computed in elapsed time 23.34 s.
[013879.46]  01-26 18:51  NaturalTwoPointEstimator     INFO     Saving /pscratch/sd/s/shengyu/galaxies/catalogs/Y3/AbacusHF-v2/Boxes/QSO/sn1p250/AbacusSummit_base_c000_ph013/mpspk/wplog_QSO_zp1.250_DR2_v1.0.npy.
[013879.47]  01-26 18:51  compute_2pt                  INFO     Save to /pscratch/sd/s/shengyu/galaxies/catalogs/Y3/AbacusHF-v2/Boxes/QSO/sn1p250/AbacusSummit_base_c000_ph013/mpspk/wplog_QSO_zp1.250_DR2_v1.0.npy
[013879.47]  01-26 18:51  compute_2pt                  INFO     Procceed {'version': 'AbacusHF-v2', 'domain': 'cubic', 'tracer': 'QSO', 'zsnap': 1.25, 'zrange': (1.1, 1.4), 'mock_id': 14, 'use_dv': 'False'}
[013879.47]  01-26 18:51  cat_tools                    INFO     Load /pscratch/sd/s/shengyu/galaxies/catalogs/Y3/AbacusHF-v2/Boxes/QSO/sn1p250/AbacusSummit_base_c000_ph014/abacus_HF_QSO_1p250_DR2_v2.0_AbacusSummit_base_c000_ph014_base_clustering.dat.h5
[013879.47]  01-26 18:51  FileStack                    INFO     Reading /pscratch/sd/s/shengyu/galaxies/catalogs/Y3/AbacusHF-v2/Boxes/QSO/sn1p250/AbacusSummit_base_c000_ph014/abacus_HF_QSO_1p250_DR2_v2.0_AbacusSummit_base_c000_ph014_base_clustering.dat.h5.
[013880.60]  01-26 18:51  TwoPointCorrelationFunction  INFO     Using estimator <class 'pycorr.twopoint_estimator.NaturalTwoPointEstimator'>.
[013880.60]  01-26 18:51  TwoPointCorrelationFunction  INFO     Running auto-correlation.
[013880.60]  01-26 18:51  TwoPointCorrelationFunction  INFO     Computing two-point counts D1D2.
[013983.92]  01-26 18:53  TwoPointCorrelationFunction  INFO     Analytically computing two-point counts R1R2.
[013983.93]  01-26 18:53  TwoPointCorrelationFunction  INFO     Correlation function computed in elapsed time 103.33 s.
[013983.93]  01-26 18:53  NaturalTwoPointEstimator     INFO     Saving /pscratch/sd/s/shengyu/galaxies/catalogs/Y3/AbacusHF-v2/Boxes/QSO/sn1p250/AbacusSummit_base_c000_ph014/mpspk/xipoles_QSO_zp1.250_DR2_v1.0.npy.
[013983.93]  01-26 18:53  compute_2pt                  INFO     Save to /pscratch/sd/s/shengyu/galaxies/catalogs/Y3/AbacusHF-v2/Boxes/QSO/sn1p250/AbacusSummit_base_c000_ph014/mpspk/xipoles_QSO_zp1.250_DR2_v1.0.npy
[013987.80]  01-26 18:53  CatalogFFTPower              INFO     Painting catalog 1 to mesh CatalogMesh(nmesh=[512 512 512], boxsize=[2000. 2000. 2000.], boxcenter=[ 999.99999178 1000.00003946 1000.00001132], dtype=float64).
[013988.21]  01-26 18:53  CatalogMesh                  INFO     Slab 0 ~ 4194304 / 28335917.
[013989.33]  01-26 18:53  CatalogMesh                  INFO     Painted 4194304 out of 28335917 objects to mesh.
[013989.33]  01-26 18:53  CatalogMesh                  INFO     Slab 4194304 ~ 8388608 / 28335917.
[013990.45]  01-26 18:53  CatalogMesh                  INFO     Painted 8388608 out of 28335917 objects to mesh.
[013990.45]  01-26 18:53  CatalogMesh                  INFO     Slab 8388608 ~ 12582912 / 28335917.
[013991.56]  01-26 18:53  CatalogMesh                  INFO     Painted 12582912 out of 28335917 objects to mesh.
[013991.56]  01-26 18:53  CatalogMesh                  INFO     Slab 12582912 ~ 16777216 / 28335917.
[013992.68]  01-26 18:53  CatalogMesh                  INFO     Painted 16777216 out of 28335917 objects to mesh.
[013992.68]  01-26 18:53  CatalogMesh                  INFO     Slab 16777216 ~ 20971520 / 28335917.
[013993.79]  01-26 18:53  CatalogMesh                  INFO     Painted 20971520 out of 28335917 objects to mesh.
[013993.79]  01-26 18:53  CatalogMesh                  INFO     Slab 20971520 ~ 25165824 / 28335917.
[013995.01]  01-26 18:53  CatalogMesh                  INFO     Painted 25165824 out of 28335917 objects to mesh.
[013995.01]  01-26 18:53  CatalogMesh                  INFO     Slab 25165824 ~ 29360128 / 28335917.
[013996.05]  01-26 18:53  CatalogMesh                  INFO     Painted 28335917 out of 28335917 objects to mesh.
[013996.05]  01-26 18:53  CatalogMesh                  INFO     Running interlacing at order 3.
[013998.32]  01-26 18:53  CatalogMesh                  INFO     Slab 0 ~ 4194304 / 28335917.
[013999.43]  01-26 18:53  CatalogMesh                  INFO     Painted 4194304 out of 28335917 objects to mesh.
[013999.43]  01-26 18:53  CatalogMesh                  INFO     Slab 4194304 ~ 8388608 / 28335917.
[014000.54]  01-26 18:53  CatalogMesh                  INFO     Painted 8388608 out of 28335917 objects to mesh.
[014000.54]  01-26 18:53  CatalogMesh                  INFO     Slab 8388608 ~ 12582912 / 28335917.
[014001.66]  01-26 18:53  CatalogMesh                  INFO     Painted 12582912 out of 28335917 objects to mesh.
[014001.66]  01-26 18:53  CatalogMesh                  INFO     Slab 12582912 ~ 16777216 / 28335917.
[014002.77]  01-26 18:53  CatalogMesh                  INFO     Painted 16777216 out of 28335917 objects to mesh.
[014002.77]  01-26 18:53  CatalogMesh                  INFO     Slab 16777216 ~ 20971520 / 28335917.
[014003.89]  01-26 18:53  CatalogMesh                  INFO     Painted 20971520 out of 28335917 objects to mesh.
[014003.89]  01-26 18:53  CatalogMesh                  INFO     Slab 20971520 ~ 25165824 / 28335917.
[014005.11]  01-26 18:53  CatalogMesh                  INFO     Painted 25165824 out of 28335917 objects to mesh.
[014005.11]  01-26 18:53  CatalogMesh                  INFO     Slab 25165824 ~ 29360128 / 28335917.
[014006.15]  01-26 18:53  CatalogMesh                  INFO     Painted 28335917 out of 28335917 objects to mesh.
[014009.96]  01-26 18:53  CatalogMesh                  INFO     Slab 0 ~ 4194304 / 28335917.
[014011.08]  01-26 18:53  CatalogMesh                  INFO     Painted 4194304 out of 28335917 objects to mesh.
[014011.08]  01-26 18:53  CatalogMesh                  INFO     Slab 4194304 ~ 8388608 / 28335917.
[014012.19]  01-26 18:53  CatalogMesh                  INFO     Painted 8388608 out of 28335917 objects to mesh.
[014012.19]  01-26 18:53  CatalogMesh                  INFO     Slab 8388608 ~ 12582912 / 28335917.
[014013.31]  01-26 18:53  CatalogMesh                  INFO     Painted 12582912 out of 28335917 objects to mesh.
[014013.31]  01-26 18:53  CatalogMesh                  INFO     Slab 12582912 ~ 16777216 / 28335917.
[014014.42]  01-26 18:53  CatalogMesh                  INFO     Painted 16777216 out of 28335917 objects to mesh.
[014014.42]  01-26 18:53  CatalogMesh                  INFO     Slab 16777216 ~ 20971520 / 28335917.
[014015.53]  01-26 18:53  CatalogMesh                  INFO     Painted 20971520 out of 28335917 objects to mesh.
[014015.53]  01-26 18:53  CatalogMesh                  INFO     Slab 20971520 ~ 25165824 / 28335917.
[014016.75]  01-26 18:53  CatalogMesh                  INFO     Painted 25165824 out of 28335917 objects to mesh.
[014016.75]  01-26 18:53  CatalogMesh                  INFO     Slab 25165824 ~ 29360128 / 28335917.
[014017.78]  01-26 18:53  CatalogMesh                  INFO     Painted 28335917 out of 28335917 objects to mesh.
[014023.33]  01-26 18:53  CatalogFFTPower              INFO     Done painting catalog 1 to mesh.
[014023.33]  01-26 18:53  CatalogFFTPower              INFO     Using 400 k-bins between 0.000 and 0.400.
[014023.33]  01-26 18:53  CatalogFFTPower              INFO     Meshes prepared in elapsed time 35.53 s.
[014023.33]  01-26 18:53  CatalogFFTPower              INFO     Running mesh calculation.
[014040.58]  01-26 18:54  CatalogFFTPower              INFO     Mesh calculations performed in elapsed time 17.25 s.
[014040.58]  01-26 18:54  CatalogFFTPower              INFO     Power spectrum computed in elapsed time 52.77 s.
[014040.58]  01-26 18:54  CatalogFFTPower              INFO     Saving /pscratch/sd/s/shengyu/galaxies/catalogs/Y3/AbacusHF-v2/Boxes/QSO/sn1p250/AbacusSummit_base_c000_ph014/mpspk/pkpoles_QSO_zp1.250_DR2_v1.0.npy.
[014040.58]  01-26 18:54  compute_2pt                  INFO     Save to /pscratch/sd/s/shengyu/galaxies/catalogs/Y3/AbacusHF-v2/Boxes/QSO/sn1p250/AbacusSummit_base_c000_ph014/mpspk/pkpoles_QSO_zp1.250_DR2_v1.0.npy
[014040.58]  01-26 18:54  TwoPointCorrelationFunction  INFO     Using estimator <class 'pycorr.twopoint_estimator.NaturalTwoPointEstimator'>.
[014040.58]  01-26 18:54  TwoPointCorrelationFunction  INFO     Running auto-correlation.
[014040.58]  01-26 18:54  TwoPointCorrelationFunction  INFO     Computing two-point counts D1D2.
[014062.95]  01-26 18:54  TwoPointCorrelationFunction  INFO     Analytically computing two-point counts R1R2.
[014062.95]  01-26 18:54  TwoPointCorrelationFunction  INFO     Correlation function computed in elapsed time 22.37 s.
[014062.95]  01-26 18:54  NaturalTwoPointEstimator     INFO     Saving /pscratch/sd/s/shengyu/galaxies/catalogs/Y3/AbacusHF-v2/Boxes/QSO/sn1p250/AbacusSummit_base_c000_ph014/mpspk/mpslog_QSO_zp1.250_DR2_v1.0.npy.
[014062.96]  01-26 18:54  compute_2pt                  INFO     Save to /pscratch/sd/s/shengyu/galaxies/catalogs/Y3/AbacusHF-v2/Boxes/QSO/sn1p250/AbacusSummit_base_c000_ph014/mpspk/mpslog_QSO_zp1.250_DR2_v1.0.npy
[014062.96]  01-26 18:54  TwoPointCorrelationFunction  INFO     Using estimator <class 'pycorr.twopoint_estimator.NaturalTwoPointEstimator'>.
[014062.96]  01-26 18:54  TwoPointCorrelationFunction  INFO     Running auto-correlation.
[014062.96]  01-26 18:54  TwoPointCorrelationFunction  INFO     Computing two-point counts D1D2.
[014086.39]  01-26 18:54  TwoPointCorrelationFunction  INFO     Analytically computing two-point counts R1R2.
[014086.40]  01-26 18:54  TwoPointCorrelationFunction  INFO     Correlation function computed in elapsed time 23.44 s.
[014086.40]  01-26 18:54  NaturalTwoPointEstimator     INFO     Saving /pscratch/sd/s/shengyu/galaxies/catalogs/Y3/AbacusHF-v2/Boxes/QSO/sn1p250/AbacusSummit_base_c000_ph014/mpspk/wplog_QSO_zp1.250_DR2_v1.0.npy.
[014086.40]  01-26 18:54  compute_2pt                  INFO     Save to /pscratch/sd/s/shengyu/galaxies/catalogs/Y3/AbacusHF-v2/Boxes/QSO/sn1p250/AbacusSummit_base_c000_ph014/mpspk/wplog_QSO_zp1.250_DR2_v1.0.npy
[014086.40]  01-26 18:54  compute_2pt                  INFO     Procceed {'version': 'AbacusHF-v2', 'domain': 'cubic', 'tracer': 'QSO', 'zsnap': 1.25, 'zrange': (1.1, 1.4), 'mock_id': 15, 'use_dv': 'False'}
[014086.40]  01-26 18:54  cat_tools                    INFO     Load /pscratch/sd/s/shengyu/galaxies/catalogs/Y3/AbacusHF-v2/Boxes/QSO/sn1p250/AbacusSummit_base_c000_ph015/abacus_HF_QSO_1p250_DR2_v2.0_AbacusSummit_base_c000_ph015_base_clustering.dat.h5
[014086.40]  01-26 18:54  FileStack                    INFO     Reading /pscratch/sd/s/shengyu/galaxies/catalogs/Y3/AbacusHF-v2/Boxes/QSO/sn1p250/AbacusSummit_base_c000_ph015/abacus_HF_QSO_1p250_DR2_v2.0_AbacusSummit_base_c000_ph015_base_clustering.dat.h5.
[014087.53]  01-26 18:55  TwoPointCorrelationFunction  INFO     Using estimator <class 'pycorr.twopoint_estimator.NaturalTwoPointEstimator'>.
[014087.53]  01-26 18:55  TwoPointCorrelationFunction  INFO     Running auto-correlation.
[014087.53]  01-26 18:55  TwoPointCorrelationFunction  INFO     Computing two-point counts D1D2.
[014191.02]  01-26 18:56  TwoPointCorrelationFunction  INFO     Analytically computing two-point counts R1R2.
[014191.02]  01-26 18:56  TwoPointCorrelationFunction  INFO     Correlation function computed in elapsed time 103.49 s.
[014191.02]  01-26 18:56  NaturalTwoPointEstimator     INFO     Saving /pscratch/sd/s/shengyu/galaxies/catalogs/Y3/AbacusHF-v2/Boxes/QSO/sn1p250/AbacusSummit_base_c000_ph015/mpspk/xipoles_QSO_zp1.250_DR2_v1.0.npy.
[014191.03]  01-26 18:56  compute_2pt                  INFO     Save to /pscratch/sd/s/shengyu/galaxies/catalogs/Y3/AbacusHF-v2/Boxes/QSO/sn1p250/AbacusSummit_base_c000_ph015/mpspk/xipoles_QSO_zp1.250_DR2_v1.0.npy
[014194.88]  01-26 18:56  CatalogFFTPower              INFO     Painting catalog 1 to mesh CatalogMesh(nmesh=[512 512 512], boxsize=[2000. 2000. 2000.], boxcenter=[999.99991094 999.99988464 999.99999927], dtype=float64).
[014195.28]  01-26 18:56  CatalogMesh                  INFO     Slab 0 ~ 4194304 / 28357180.
[014196.41]  01-26 18:56  CatalogMesh                  INFO     Painted 4194304 out of 28357180 objects to mesh.
[014196.41]  01-26 18:56  CatalogMesh                  INFO     Slab 4194304 ~ 8388608 / 28357180.
[014197.52]  01-26 18:56  CatalogMesh                  INFO     Painted 8388608 out of 28357180 objects to mesh.
[014197.52]  01-26 18:56  CatalogMesh                  INFO     Slab 8388608 ~ 12582912 / 28357180.
[014198.63]  01-26 18:56  CatalogMesh                  INFO     Painted 12582912 out of 28357180 objects to mesh.
[014198.63]  01-26 18:56  CatalogMesh                  INFO     Slab 12582912 ~ 16777216 / 28357180.
[014199.74]  01-26 18:56  CatalogMesh                  INFO     Painted 16777216 out of 28357180 objects to mesh.
[014199.74]  01-26 18:56  CatalogMesh                  INFO     Slab 16777216 ~ 20971520 / 28357180.
[014200.84]  01-26 18:56  CatalogMesh                  INFO     Painted 20971520 out of 28357180 objects to mesh.
[014200.84]  01-26 18:56  CatalogMesh                  INFO     Slab 20971520 ~ 25165824 / 28357180.
[014202.05]  01-26 18:56  CatalogMesh                  INFO     Painted 25165824 out of 28357180 objects to mesh.
[014202.05]  01-26 18:56  CatalogMesh                  INFO     Slab 25165824 ~ 29360128 / 28357180.
[014203.09]  01-26 18:56  CatalogMesh                  INFO     Painted 28357180 out of 28357180 objects to mesh.
[014203.09]  01-26 18:56  CatalogMesh                  INFO     Running interlacing at order 3.
[014205.32]  01-26 18:56  CatalogMesh                  INFO     Slab 0 ~ 4194304 / 28357180.
[014206.43]  01-26 18:56  CatalogMesh                  INFO     Painted 4194304 out of 28357180 objects to mesh.
[014206.43]  01-26 18:56  CatalogMesh                  INFO     Slab 4194304 ~ 8388608 / 28357180.
[014207.54]  01-26 18:57  CatalogMesh                  INFO     Painted 8388608 out of 28357180 objects to mesh.
[014207.55]  01-26 18:57  CatalogMesh                  INFO     Slab 8388608 ~ 12582912 / 28357180.
[014208.66]  01-26 18:57  CatalogMesh                  INFO     Painted 12582912 out of 28357180 objects to mesh.
[014208.66]  01-26 18:57  CatalogMesh                  INFO     Slab 12582912 ~ 16777216 / 28357180.
[014209.77]  01-26 18:57  CatalogMesh                  INFO     Painted 16777216 out of 28357180 objects to mesh.
[014209.77]  01-26 18:57  CatalogMesh                  INFO     Slab 16777216 ~ 20971520 / 28357180.
[014210.87]  01-26 18:57  CatalogMesh                  INFO     Painted 20971520 out of 28357180 objects to mesh.
[014210.87]  01-26 18:57  CatalogMesh                  INFO     Slab 20971520 ~ 25165824 / 28357180.
[014212.08]  01-26 18:57  CatalogMesh                  INFO     Painted 25165824 out of 28357180 objects to mesh.
[014212.08]  01-26 18:57  CatalogMesh                  INFO     Slab 25165824 ~ 29360128 / 28357180.
[014213.11]  01-26 18:57  CatalogMesh                  INFO     Painted 28357180 out of 28357180 objects to mesh.
[014216.88]  01-26 18:57  CatalogMesh                  INFO     Slab 0 ~ 4194304 / 28357180.
[014217.97]  01-26 18:57  CatalogMesh                  INFO     Painted 4194304 out of 28357180 objects to mesh.
[014217.97]  01-26 18:57  CatalogMesh                  INFO     Slab 4194304 ~ 8388608 / 28357180.
[014219.08]  01-26 18:57  CatalogMesh                  INFO     Painted 8388608 out of 28357180 objects to mesh.
[014219.08]  01-26 18:57  CatalogMesh                  INFO     Slab 8388608 ~ 12582912 / 28357180.
[014220.19]  01-26 18:57  CatalogMesh                  INFO     Painted 12582912 out of 28357180 objects to mesh.
[014220.19]  01-26 18:57  CatalogMesh                  INFO     Slab 12582912 ~ 16777216 / 28357180.
[014221.30]  01-26 18:57  CatalogMesh                  INFO     Painted 16777216 out of 28357180 objects to mesh.
[014221.30]  01-26 18:57  CatalogMesh                  INFO     Slab 16777216 ~ 20971520 / 28357180.
[014222.41]  01-26 18:57  CatalogMesh                  INFO     Painted 20971520 out of 28357180 objects to mesh.
[014222.41]  01-26 18:57  CatalogMesh                  INFO     Slab 20971520 ~ 25165824 / 28357180.
[014223.61]  01-26 18:57  CatalogMesh                  INFO     Painted 25165824 out of 28357180 objects to mesh.
[014223.61]  01-26 18:57  CatalogMesh                  INFO     Slab 25165824 ~ 29360128 / 28357180.
[014224.64]  01-26 18:57  CatalogMesh                  INFO     Painted 28357180 out of 28357180 objects to mesh.
[014230.14]  01-26 18:57  CatalogFFTPower              INFO     Done painting catalog 1 to mesh.
[014230.14]  01-26 18:57  CatalogFFTPower              INFO     Using 400 k-bins between 0.000 and 0.400.
[014230.14]  01-26 18:57  CatalogFFTPower              INFO     Meshes prepared in elapsed time 35.26 s.
[014230.14]  01-26 18:57  CatalogFFTPower              INFO     Running mesh calculation.
[014247.25]  01-26 18:57  CatalogFFTPower              INFO     Mesh calculations performed in elapsed time 17.11 s.
[014247.25]  01-26 18:57  CatalogFFTPower              INFO     Power spectrum computed in elapsed time 52.37 s.
[014247.25]  01-26 18:57  CatalogFFTPower              INFO     Saving /pscratch/sd/s/shengyu/galaxies/catalogs/Y3/AbacusHF-v2/Boxes/QSO/sn1p250/AbacusSummit_base_c000_ph015/mpspk/pkpoles_QSO_zp1.250_DR2_v1.0.npy.
[014247.25]  01-26 18:57  compute_2pt                  INFO     Save to /pscratch/sd/s/shengyu/galaxies/catalogs/Y3/AbacusHF-v2/Boxes/QSO/sn1p250/AbacusSummit_base_c000_ph015/mpspk/pkpoles_QSO_zp1.250_DR2_v1.0.npy
[014247.25]  01-26 18:57  TwoPointCorrelationFunction  INFO     Using estimator <class 'pycorr.twopoint_estimator.NaturalTwoPointEstimator'>.
[014247.25]  01-26 18:57  TwoPointCorrelationFunction  INFO     Running auto-correlation.
[014247.25]  01-26 18:57  TwoPointCorrelationFunction  INFO     Computing two-point counts D1D2.
[014270.17]  01-26 18:58  TwoPointCorrelationFunction  INFO     Analytically computing two-point counts R1R2.
[014270.17]  01-26 18:58  TwoPointCorrelationFunction  INFO     Correlation function computed in elapsed time 22.92 s.
[014270.17]  01-26 18:58  NaturalTwoPointEstimator     INFO     Saving /pscratch/sd/s/shengyu/galaxies/catalogs/Y3/AbacusHF-v2/Boxes/QSO/sn1p250/AbacusSummit_base_c000_ph015/mpspk/mpslog_QSO_zp1.250_DR2_v1.0.npy.
[014270.18]  01-26 18:58  compute_2pt                  INFO     Save to /pscratch/sd/s/shengyu/galaxies/catalogs/Y3/AbacusHF-v2/Boxes/QSO/sn1p250/AbacusSummit_base_c000_ph015/mpspk/mpslog_QSO_zp1.250_DR2_v1.0.npy
[014270.18]  01-26 18:58  TwoPointCorrelationFunction  INFO     Using estimator <class 'pycorr.twopoint_estimator.NaturalTwoPointEstimator'>.
[014270.18]  01-26 18:58  TwoPointCorrelationFunction  INFO     Running auto-correlation.
[014270.18]  01-26 18:58  TwoPointCorrelationFunction  INFO     Computing two-point counts D1D2.
[014293.56]  01-26 18:58  TwoPointCorrelationFunction  INFO     Analytically computing two-point counts R1R2.
[014293.56]  01-26 18:58  TwoPointCorrelationFunction  INFO     Correlation function computed in elapsed time 23.38 s.
[014293.56]  01-26 18:58  NaturalTwoPointEstimator     INFO     Saving /pscratch/sd/s/shengyu/galaxies/catalogs/Y3/AbacusHF-v2/Boxes/QSO/sn1p250/AbacusSummit_base_c000_ph015/mpspk/wplog_QSO_zp1.250_DR2_v1.0.npy.
[014293.56]  01-26 18:58  compute_2pt                  INFO     Save to /pscratch/sd/s/shengyu/galaxies/catalogs/Y3/AbacusHF-v2/Boxes/QSO/sn1p250/AbacusSummit_base_c000_ph015/mpspk/wplog_QSO_zp1.250_DR2_v1.0.npy
[014293.57]  01-26 18:58  compute_2pt                  INFO     Procceed {'version': 'AbacusHF-v2', 'domain': 'cubic', 'tracer': 'QSO', 'zsnap': 1.25, 'zrange': (1.1, 1.4), 'mock_id': 16, 'use_dv': 'False'}
[014293.57]  01-26 18:58  cat_tools                    INFO     Load /pscratch/sd/s/shengyu/galaxies/catalogs/Y3/AbacusHF-v2/Boxes/QSO/sn1p250/AbacusSummit_base_c000_ph016/abacus_HF_QSO_1p250_DR2_v2.0_AbacusSummit_base_c000_ph016_base_clustering.dat.h5
[014293.57]  01-26 18:58  FileStack                    INFO     Reading /pscratch/sd/s/shengyu/galaxies/catalogs/Y3/AbacusHF-v2/Boxes/QSO/sn1p250/AbacusSummit_base_c000_ph016/abacus_HF_QSO_1p250_DR2_v2.0_AbacusSummit_base_c000_ph016_base_clustering.dat.h5.
[014294.73]  01-26 18:58  TwoPointCorrelationFunction  INFO     Using estimator <class 'pycorr.twopoint_estimator.NaturalTwoPointEstimator'>.
[014294.73]  01-26 18:58  TwoPointCorrelationFunction  INFO     Running auto-correlation.
[014294.73]  01-26 18:58  TwoPointCorrelationFunction  INFO     Computing two-point counts D1D2.
[014396.66]  01-26 19:00  TwoPointCorrelationFunction  INFO     Analytically computing two-point counts R1R2.
[014396.66]  01-26 19:00  TwoPointCorrelationFunction  INFO     Correlation function computed in elapsed time 101.93 s.
[014396.66]  01-26 19:00  NaturalTwoPointEstimator     INFO     Saving /pscratch/sd/s/shengyu/galaxies/catalogs/Y3/AbacusHF-v2/Boxes/QSO/sn1p250/AbacusSummit_base_c000_ph016/mpspk/xipoles_QSO_zp1.250_DR2_v1.0.npy.
[014396.67]  01-26 19:00  compute_2pt                  INFO     Save to /pscratch/sd/s/shengyu/galaxies/catalogs/Y3/AbacusHF-v2/Boxes/QSO/sn1p250/AbacusSummit_base_c000_ph016/mpspk/xipoles_QSO_zp1.250_DR2_v1.0.npy
[014400.47]  01-26 19:00  CatalogFFTPower              INFO     Painting catalog 1 to mesh CatalogMesh(nmesh=[512 512 512], boxsize=[2000. 2000. 2000.], boxcenter=[ 999.99993696 1000.00001786 1000.0000295 ], dtype=float64).
[014400.87]  01-26 19:00  CatalogMesh                  INFO     Slab 0 ~ 4194304 / 28344002.
[014401.99]  01-26 19:00  CatalogMesh                  INFO     Painted 4194304 out of 28344002 objects to mesh.
[014401.99]  01-26 19:00  CatalogMesh                  INFO     Slab 4194304 ~ 8388608 / 28344002.
[014403.10]  01-26 19:00  CatalogMesh                  INFO     Painted 8388608 out of 28344002 objects to mesh.
[014403.10]  01-26 19:00  CatalogMesh                  INFO     Slab 8388608 ~ 12582912 / 28344002.
[014404.21]  01-26 19:00  CatalogMesh                  INFO     Painted 12582912 out of 28344002 objects to mesh.
[014404.22]  01-26 19:00  CatalogMesh                  INFO     Slab 12582912 ~ 16777216 / 28344002.
[014405.33]  01-26 19:00  CatalogMesh                  INFO     Painted 16777216 out of 28344002 objects to mesh.
[014405.33]  01-26 19:00  CatalogMesh                  INFO     Slab 16777216 ~ 20971520 / 28344002.
[014406.45]  01-26 19:00  CatalogMesh                  INFO     Painted 20971520 out of 28344002 objects to mesh.
[014406.45]  01-26 19:00  CatalogMesh                  INFO     Slab 20971520 ~ 25165824 / 28344002.
[014407.67]  01-26 19:00  CatalogMesh                  INFO     Painted 25165824 out of 28344002 objects to mesh.
[014407.67]  01-26 19:00  CatalogMesh                  INFO     Slab 25165824 ~ 29360128 / 28344002.
[014408.70]  01-26 19:00  CatalogMesh                  INFO     Painted 28344002 out of 28344002 objects to mesh.
[014408.71]  01-26 19:00  CatalogMesh                  INFO     Running interlacing at order 3.
[014410.95]  01-26 19:00  CatalogMesh                  INFO     Slab 0 ~ 4194304 / 28344002.
[014412.06]  01-26 19:00  CatalogMesh                  INFO     Painted 4194304 out of 28344002 objects to mesh.
[014412.06]  01-26 19:00  CatalogMesh                  INFO     Slab 4194304 ~ 8388608 / 28344002.
[014413.17]  01-26 19:00  CatalogMesh                  INFO     Painted 8388608 out of 28344002 objects to mesh.
[014413.17]  01-26 19:00  CatalogMesh                  INFO     Slab 8388608 ~ 12582912 / 28344002.
[014414.27]  01-26 19:00  CatalogMesh                  INFO     Painted 12582912 out of 28344002 objects to mesh.
[014414.28]  01-26 19:00  CatalogMesh                  INFO     Slab 12582912 ~ 16777216 / 28344002.
[014415.39]  01-26 19:00  CatalogMesh                  INFO     Painted 16777216 out of 28344002 objects to mesh.
[014415.39]  01-26 19:00  CatalogMesh                  INFO     Slab 16777216 ~ 20971520 / 28344002.
[014416.49]  01-26 19:00  CatalogMesh                  INFO     Painted 20971520 out of 28344002 objects to mesh.
[014416.49]  01-26 19:00  CatalogMesh                  INFO     Slab 20971520 ~ 25165824 / 28344002.
[014417.70]  01-26 19:00  CatalogMesh                  INFO     Painted 25165824 out of 28344002 objects to mesh.
[014417.70]  01-26 19:00  CatalogMesh                  INFO     Slab 25165824 ~ 29360128 / 28344002.
[014418.75]  01-26 19:00  CatalogMesh                  INFO     Painted 28344002 out of 28344002 objects to mesh.
[014422.53]  01-26 19:00  CatalogMesh                  INFO     Slab 0 ~ 4194304 / 28344002.
[014423.63]  01-26 19:00  CatalogMesh                  INFO     Painted 4194304 out of 28344002 objects to mesh.
[014423.63]  01-26 19:00  CatalogMesh                  INFO     Slab 4194304 ~ 8388608 / 28344002.
[014424.73]  01-26 19:00  CatalogMesh                  INFO     Painted 8388608 out of 28344002 objects to mesh.
[014424.73]  01-26 19:00  CatalogMesh                  INFO     Slab 8388608 ~ 12582912 / 28344002.
[014425.85]  01-26 19:00  CatalogMesh                  INFO     Painted 12582912 out of 28344002 objects to mesh.
[014425.85]  01-26 19:00  CatalogMesh                  INFO     Slab 12582912 ~ 16777216 / 28344002.
[014426.95]  01-26 19:00  CatalogMesh                  INFO     Painted 16777216 out of 28344002 objects to mesh.
[014426.95]  01-26 19:00  CatalogMesh                  INFO     Slab 16777216 ~ 20971520 / 28344002.
[014428.07]  01-26 19:00  CatalogMesh                  INFO     Painted 20971520 out of 28344002 objects to mesh.
[014428.07]  01-26 19:00  CatalogMesh                  INFO     Slab 20971520 ~ 25165824 / 28344002.
[014429.28]  01-26 19:00  CatalogMesh                  INFO     Painted 25165824 out of 28344002 objects to mesh.
[014429.28]  01-26 19:00  CatalogMesh                  INFO     Slab 25165824 ~ 29360128 / 28344002.
[014430.32]  01-26 19:00  CatalogMesh                  INFO     Painted 28344002 out of 28344002 objects to mesh.
[014435.87]  01-26 19:00  CatalogFFTPower              INFO     Done painting catalog 1 to mesh.
[014435.87]  01-26 19:00  CatalogFFTPower              INFO     Using 400 k-bins between 0.000 and 0.400.
[014435.87]  01-26 19:00  CatalogFFTPower              INFO     Meshes prepared in elapsed time 35.40 s.
[014435.87]  01-26 19:00  CatalogFFTPower              INFO     Running mesh calculation.
[014453.07]  01-26 19:01  CatalogFFTPower              INFO     Mesh calculations performed in elapsed time 17.20 s.
[014453.07]  01-26 19:01  CatalogFFTPower              INFO     Power spectrum computed in elapsed time 52.60 s.
[014453.07]  01-26 19:01  CatalogFFTPower              INFO     Saving /pscratch/sd/s/shengyu/galaxies/catalogs/Y3/AbacusHF-v2/Boxes/QSO/sn1p250/AbacusSummit_base_c000_ph016/mpspk/pkpoles_QSO_zp1.250_DR2_v1.0.npy.
[014453.08]  01-26 19:01  compute_2pt                  INFO     Save to /pscratch/sd/s/shengyu/galaxies/catalogs/Y3/AbacusHF-v2/Boxes/QSO/sn1p250/AbacusSummit_base_c000_ph016/mpspk/pkpoles_QSO_zp1.250_DR2_v1.0.npy
[014453.08]  01-26 19:01  TwoPointCorrelationFunction  INFO     Using estimator <class 'pycorr.twopoint_estimator.NaturalTwoPointEstimator'>.
[014453.08]  01-26 19:01  TwoPointCorrelationFunction  INFO     Running auto-correlation.
[014453.08]  01-26 19:01  TwoPointCorrelationFunction  INFO     Computing two-point counts D1D2.
[014475.77]  01-26 19:01  TwoPointCorrelationFunction  INFO     Analytically computing two-point counts R1R2.
[014475.77]  01-26 19:01  TwoPointCorrelationFunction  INFO     Correlation function computed in elapsed time 22.70 s.
[014475.77]  01-26 19:01  NaturalTwoPointEstimator     INFO     Saving /pscratch/sd/s/shengyu/galaxies/catalogs/Y3/AbacusHF-v2/Boxes/QSO/sn1p250/AbacusSummit_base_c000_ph016/mpspk/mpslog_QSO_zp1.250_DR2_v1.0.npy.
[014475.78]  01-26 19:01  compute_2pt                  INFO     Save to /pscratch/sd/s/shengyu/galaxies/catalogs/Y3/AbacusHF-v2/Boxes/QSO/sn1p250/AbacusSummit_base_c000_ph016/mpspk/mpslog_QSO_zp1.250_DR2_v1.0.npy
[014475.78]  01-26 19:01  TwoPointCorrelationFunction  INFO     Using estimator <class 'pycorr.twopoint_estimator.NaturalTwoPointEstimator'>.
[014475.78]  01-26 19:01  TwoPointCorrelationFunction  INFO     Running auto-correlation.
[014475.78]  01-26 19:01  TwoPointCorrelationFunction  INFO     Computing two-point counts D1D2.
[014499.26]  01-26 19:01  TwoPointCorrelationFunction  INFO     Analytically computing two-point counts R1R2.
[014499.27]  01-26 19:01  TwoPointCorrelationFunction  INFO     Correlation function computed in elapsed time 23.49 s.
[014499.27]  01-26 19:01  NaturalTwoPointEstimator     INFO     Saving /pscratch/sd/s/shengyu/galaxies/catalogs/Y3/AbacusHF-v2/Boxes/QSO/sn1p250/AbacusSummit_base_c000_ph016/mpspk/wplog_QSO_zp1.250_DR2_v1.0.npy.
[014499.27]  01-26 19:01  compute_2pt                  INFO     Save to /pscratch/sd/s/shengyu/galaxies/catalogs/Y3/AbacusHF-v2/Boxes/QSO/sn1p250/AbacusSummit_base_c000_ph016/mpspk/wplog_QSO_zp1.250_DR2_v1.0.npy
[014499.27]  01-26 19:01  compute_2pt                  INFO     Procceed {'version': 'AbacusHF-v2', 'domain': 'cubic', 'tracer': 'QSO', 'zsnap': 1.25, 'zrange': (1.1, 1.4), 'mock_id': 17, 'use_dv': 'False'}
[014499.27]  01-26 19:01  cat_tools                    INFO     Load /pscratch/sd/s/shengyu/galaxies/catalogs/Y3/AbacusHF-v2/Boxes/QSO/sn1p250/AbacusSummit_base_c000_ph017/abacus_HF_QSO_1p250_DR2_v2.0_AbacusSummit_base_c000_ph017_base_clustering.dat.h5
[014499.27]  01-26 19:01  FileStack                    INFO     Reading /pscratch/sd/s/shengyu/galaxies/catalogs/Y3/AbacusHF-v2/Boxes/QSO/sn1p250/AbacusSummit_base_c000_ph017/abacus_HF_QSO_1p250_DR2_v2.0_AbacusSummit_base_c000_ph017_base_clustering.dat.h5.
[014500.38]  01-26 19:01  TwoPointCorrelationFunction  INFO     Using estimator <class 'pycorr.twopoint_estimator.NaturalTwoPointEstimator'>.
[014500.39]  01-26 19:01  TwoPointCorrelationFunction  INFO     Running auto-correlation.
[014500.39]  01-26 19:01  TwoPointCorrelationFunction  INFO     Computing two-point counts D1D2.
[014600.67]  01-26 19:03  TwoPointCorrelationFunction  INFO     Analytically computing two-point counts R1R2.
[014600.67]  01-26 19:03  TwoPointCorrelationFunction  INFO     Correlation function computed in elapsed time 100.29 s.
[014600.67]  01-26 19:03  NaturalTwoPointEstimator     INFO     Saving /pscratch/sd/s/shengyu/galaxies/catalogs/Y3/AbacusHF-v2/Boxes/QSO/sn1p250/AbacusSummit_base_c000_ph017/mpspk/xipoles_QSO_zp1.250_DR2_v1.0.npy.
[014600.68]  01-26 19:03  compute_2pt                  INFO     Save to /pscratch/sd/s/shengyu/galaxies/catalogs/Y3/AbacusHF-v2/Boxes/QSO/sn1p250/AbacusSummit_base_c000_ph017/mpspk/xipoles_QSO_zp1.250_DR2_v1.0.npy
[014604.49]  01-26 19:03  CatalogFFTPower              INFO     Painting catalog 1 to mesh CatalogMesh(nmesh=[512 512 512], boxsize=[2000. 2000. 2000.], boxcenter=[1000.00000212 1000.00001838  999.99996108], dtype=float64).
[014604.89]  01-26 19:03  CatalogMesh                  INFO     Slab 0 ~ 4194304 / 28340943.
[014606.01]  01-26 19:03  CatalogMesh                  INFO     Painted 4194304 out of 28340943 objects to mesh.
[014606.01]  01-26 19:03  CatalogMesh                  INFO     Slab 4194304 ~ 8388608 / 28340943.
[014607.12]  01-26 19:03  CatalogMesh                  INFO     Painted 8388608 out of 28340943 objects to mesh.
[014607.12]  01-26 19:03  CatalogMesh                  INFO     Slab 8388608 ~ 12582912 / 28340943.
[014608.23]  01-26 19:03  CatalogMesh                  INFO     Painted 12582912 out of 28340943 objects to mesh.
[014608.23]  01-26 19:03  CatalogMesh                  INFO     Slab 12582912 ~ 16777216 / 28340943.
[014609.33]  01-26 19:03  CatalogMesh                  INFO     Painted 16777216 out of 28340943 objects to mesh.
[014609.33]  01-26 19:03  CatalogMesh                  INFO     Slab 16777216 ~ 20971520 / 28340943.
[014610.44]  01-26 19:03  CatalogMesh                  INFO     Painted 20971520 out of 28340943 objects to mesh.
[014610.44]  01-26 19:03  CatalogMesh                  INFO     Slab 20971520 ~ 25165824 / 28340943.
[014611.65]  01-26 19:03  CatalogMesh                  INFO     Painted 25165824 out of 28340943 objects to mesh.
[014611.65]  01-26 19:03  CatalogMesh                  INFO     Slab 25165824 ~ 29360128 / 28340943.
[014612.69]  01-26 19:03  CatalogMesh                  INFO     Painted 28340943 out of 28340943 objects to mesh.
[014612.69]  01-26 19:03  CatalogMesh                  INFO     Running interlacing at order 3.
[014614.95]  01-26 19:03  CatalogMesh                  INFO     Slab 0 ~ 4194304 / 28340943.
[014616.08]  01-26 19:03  CatalogMesh                  INFO     Painted 4194304 out of 28340943 objects to mesh.
[014616.08]  01-26 19:03  CatalogMesh                  INFO     Slab 4194304 ~ 8388608 / 28340943.
[014617.19]  01-26 19:03  CatalogMesh                  INFO     Painted 8388608 out of 28340943 objects to mesh.
[014617.19]  01-26 19:03  CatalogMesh                  INFO     Slab 8388608 ~ 12582912 / 28340943.
[014618.30]  01-26 19:03  CatalogMesh                  INFO     Painted 12582912 out of 28340943 objects to mesh.
[014618.30]  01-26 19:03  CatalogMesh                  INFO     Slab 12582912 ~ 16777216 / 28340943.
[014619.41]  01-26 19:03  CatalogMesh                  INFO     Painted 16777216 out of 28340943 objects to mesh.
[014619.41]  01-26 19:03  CatalogMesh                  INFO     Slab 16777216 ~ 20971520 / 28340943.
[014620.52]  01-26 19:03  CatalogMesh                  INFO     Painted 20971520 out of 28340943 objects to mesh.
[014620.52]  01-26 19:03  CatalogMesh                  INFO     Slab 20971520 ~ 25165824 / 28340943.
[014621.74]  01-26 19:03  CatalogMesh                  INFO     Painted 25165824 out of 28340943 objects to mesh.
[014621.74]  01-26 19:03  CatalogMesh                  INFO     Slab 25165824 ~ 29360128 / 28340943.
[014622.78]  01-26 19:03  CatalogMesh                  INFO     Painted 28340943 out of 28340943 objects to mesh.
[014626.58]  01-26 19:03  CatalogMesh                  INFO     Slab 0 ~ 4194304 / 28340943.
[014627.68]  01-26 19:04  CatalogMesh                  INFO     Painted 4194304 out of 28340943 objects to mesh.
[014627.68]  01-26 19:04  CatalogMesh                  INFO     Slab 4194304 ~ 8388608 / 28340943.
[014628.79]  01-26 19:04  CatalogMesh                  INFO     Painted 8388608 out of 28340943 objects to mesh.
[014628.79]  01-26 19:04  CatalogMesh                  INFO     Slab 8388608 ~ 12582912 / 28340943.
[014629.90]  01-26 19:04  CatalogMesh                  INFO     Painted 12582912 out of 28340943 objects to mesh.
[014629.90]  01-26 19:04  CatalogMesh                  INFO     Slab 12582912 ~ 16777216 / 28340943.
[014631.00]  01-26 19:04  CatalogMesh                  INFO     Painted 16777216 out of 28340943 objects to mesh.
[014631.01]  01-26 19:04  CatalogMesh                  INFO     Slab 16777216 ~ 20971520 / 28340943.
[014632.11]  01-26 19:04  CatalogMesh                  INFO     Painted 20971520 out of 28340943 objects to mesh.
[014632.11]  01-26 19:04  CatalogMesh                  INFO     Slab 20971520 ~ 25165824 / 28340943.
[014633.33]  01-26 19:04  CatalogMesh                  INFO     Painted 25165824 out of 28340943 objects to mesh.
[014633.33]  01-26 19:04  CatalogMesh                  INFO     Slab 25165824 ~ 29360128 / 28340943.
[014634.36]  01-26 19:04  CatalogMesh                  INFO     Painted 28340943 out of 28340943 objects to mesh.
[014639.90]  01-26 19:04  CatalogFFTPower              INFO     Done painting catalog 1 to mesh.
[014639.90]  01-26 19:04  CatalogFFTPower              INFO     Using 400 k-bins between 0.000 and 0.400.
[014639.90]  01-26 19:04  CatalogFFTPower              INFO     Meshes prepared in elapsed time 35.41 s.
[014639.90]  01-26 19:04  CatalogFFTPower              INFO     Running mesh calculation.
[014657.16]  01-26 19:04  CatalogFFTPower              INFO     Mesh calculations performed in elapsed time 17.26 s.
[014657.16]  01-26 19:04  CatalogFFTPower              INFO     Power spectrum computed in elapsed time 52.67 s.
[014657.16]  01-26 19:04  CatalogFFTPower              INFO     Saving /pscratch/sd/s/shengyu/galaxies/catalogs/Y3/AbacusHF-v2/Boxes/QSO/sn1p250/AbacusSummit_base_c000_ph017/mpspk/pkpoles_QSO_zp1.250_DR2_v1.0.npy.
[014657.16]  01-26 19:04  compute_2pt                  INFO     Save to /pscratch/sd/s/shengyu/galaxies/catalogs/Y3/AbacusHF-v2/Boxes/QSO/sn1p250/AbacusSummit_base_c000_ph017/mpspk/pkpoles_QSO_zp1.250_DR2_v1.0.npy
[014657.16]  01-26 19:04  TwoPointCorrelationFunction  INFO     Using estimator <class 'pycorr.twopoint_estimator.NaturalTwoPointEstimator'>.
[014657.16]  01-26 19:04  TwoPointCorrelationFunction  INFO     Running auto-correlation.
[014657.16]  01-26 19:04  TwoPointCorrelationFunction  INFO     Computing two-point counts D1D2.
[014682.03]  01-26 19:04  TwoPointCorrelationFunction  INFO     Analytically computing two-point counts R1R2.
[014682.03]  01-26 19:04  TwoPointCorrelationFunction  INFO     Correlation function computed in elapsed time 24.87 s.
[014682.03]  01-26 19:04  NaturalTwoPointEstimator     INFO     Saving /pscratch/sd/s/shengyu/galaxies/catalogs/Y3/AbacusHF-v2/Boxes/QSO/sn1p250/AbacusSummit_base_c000_ph017/mpspk/mpslog_QSO_zp1.250_DR2_v1.0.npy.
[014682.03]  01-26 19:04  compute_2pt                  INFO     Save to /pscratch/sd/s/shengyu/galaxies/catalogs/Y3/AbacusHF-v2/Boxes/QSO/sn1p250/AbacusSummit_base_c000_ph017/mpspk/mpslog_QSO_zp1.250_DR2_v1.0.npy
[014682.03]  01-26 19:04  TwoPointCorrelationFunction  INFO     Using estimator <class 'pycorr.twopoint_estimator.NaturalTwoPointEstimator'>.
[014682.03]  01-26 19:04  TwoPointCorrelationFunction  INFO     Running auto-correlation.
[014682.03]  01-26 19:04  TwoPointCorrelationFunction  INFO     Computing two-point counts D1D2.
[014705.52]  01-26 19:05  TwoPointCorrelationFunction  INFO     Analytically computing two-point counts R1R2.
[014705.52]  01-26 19:05  TwoPointCorrelationFunction  INFO     Correlation function computed in elapsed time 23.49 s.
[014705.52]  01-26 19:05  NaturalTwoPointEstimator     INFO     Saving /pscratch/sd/s/shengyu/galaxies/catalogs/Y3/AbacusHF-v2/Boxes/QSO/sn1p250/AbacusSummit_base_c000_ph017/mpspk/wplog_QSO_zp1.250_DR2_v1.0.npy.
[014705.52]  01-26 19:05  compute_2pt                  INFO     Save to /pscratch/sd/s/shengyu/galaxies/catalogs/Y3/AbacusHF-v2/Boxes/QSO/sn1p250/AbacusSummit_base_c000_ph017/mpspk/wplog_QSO_zp1.250_DR2_v1.0.npy
[014705.53]  01-26 19:05  compute_2pt                  INFO     Procceed {'version': 'AbacusHF-v2', 'domain': 'cubic', 'tracer': 'QSO', 'zsnap': 1.25, 'zrange': (1.1, 1.4), 'mock_id': 18, 'use_dv': 'False'}
[014705.53]  01-26 19:05  cat_tools                    INFO     Load /pscratch/sd/s/shengyu/galaxies/catalogs/Y3/AbacusHF-v2/Boxes/QSO/sn1p250/AbacusSummit_base_c000_ph018/abacus_HF_QSO_1p250_DR2_v2.0_AbacusSummit_base_c000_ph018_base_clustering.dat.h5
[014705.53]  01-26 19:05  FileStack                    INFO     Reading /pscratch/sd/s/shengyu/galaxies/catalogs/Y3/AbacusHF-v2/Boxes/QSO/sn1p250/AbacusSummit_base_c000_ph018/abacus_HF_QSO_1p250_DR2_v2.0_AbacusSummit_base_c000_ph018_base_clustering.dat.h5.
[014706.64]  01-26 19:05  TwoPointCorrelationFunction  INFO     Using estimator <class 'pycorr.twopoint_estimator.NaturalTwoPointEstimator'>.
[014706.64]  01-26 19:05  TwoPointCorrelationFunction  INFO     Running auto-correlation.
[014706.64]  01-26 19:05  TwoPointCorrelationFunction  INFO     Computing two-point counts D1D2.
[014808.44]  01-26 19:07  TwoPointCorrelationFunction  INFO     Analytically computing two-point counts R1R2.
[014808.44]  01-26 19:07  TwoPointCorrelationFunction  INFO     Correlation function computed in elapsed time 101.80 s.
[014808.44]  01-26 19:07  NaturalTwoPointEstimator     INFO     Saving /pscratch/sd/s/shengyu/galaxies/catalogs/Y3/AbacusHF-v2/Boxes/QSO/sn1p250/AbacusSummit_base_c000_ph018/mpspk/xipoles_QSO_zp1.250_DR2_v1.0.npy.
[014808.45]  01-26 19:07  compute_2pt                  INFO     Save to /pscratch/sd/s/shengyu/galaxies/catalogs/Y3/AbacusHF-v2/Boxes/QSO/sn1p250/AbacusSummit_base_c000_ph018/mpspk/xipoles_QSO_zp1.250_DR2_v1.0.npy
[014812.25]  01-26 19:07  CatalogFFTPower              INFO     Painting catalog 1 to mesh CatalogMesh(nmesh=[512 512 512], boxsize=[2000. 2000. 2000.], boxcenter=[999.99999604 999.99999552 999.99999979], dtype=float64).
[014812.65]  01-26 19:07  CatalogMesh                  INFO     Slab 0 ~ 4194304 / 28338967.
[014813.77]  01-26 19:07  CatalogMesh                  INFO     Painted 4194304 out of 28338967 objects to mesh.
[014813.77]  01-26 19:07  CatalogMesh                  INFO     Slab 4194304 ~ 8388608 / 28338967.
[014814.88]  01-26 19:07  CatalogMesh                  INFO     Painted 8388608 out of 28338967 objects to mesh.
[014814.88]  01-26 19:07  CatalogMesh                  INFO     Slab 8388608 ~ 12582912 / 28338967.
[014815.99]  01-26 19:07  CatalogMesh                  INFO     Painted 12582912 out of 28338967 objects to mesh.
[014815.99]  01-26 19:07  CatalogMesh                  INFO     Slab 12582912 ~ 16777216 / 28338967.
[014817.11]  01-26 19:07  CatalogMesh                  INFO     Painted 16777216 out of 28338967 objects to mesh.
[014817.11]  01-26 19:07  CatalogMesh                  INFO     Slab 16777216 ~ 20971520 / 28338967.
[014818.22]  01-26 19:07  CatalogMesh                  INFO     Painted 20971520 out of 28338967 objects to mesh.
[014818.22]  01-26 19:07  CatalogMesh                  INFO     Slab 20971520 ~ 25165824 / 28338967.
[014819.43]  01-26 19:07  CatalogMesh                  INFO     Painted 25165824 out of 28338967 objects to mesh.
[014819.43]  01-26 19:07  CatalogMesh                  INFO     Slab 25165824 ~ 29360128 / 28338967.
[014820.47]  01-26 19:07  CatalogMesh                  INFO     Painted 28338967 out of 28338967 objects to mesh.
[014820.47]  01-26 19:07  CatalogMesh                  INFO     Running interlacing at order 3.
[014822.72]  01-26 19:07  CatalogMesh                  INFO     Slab 0 ~ 4194304 / 28338967.
[014823.83]  01-26 19:07  CatalogMesh                  INFO     Painted 4194304 out of 28338967 objects to mesh.
[014823.83]  01-26 19:07  CatalogMesh                  INFO     Slab 4194304 ~ 8388608 / 28338967.
[014824.94]  01-26 19:07  CatalogMesh                  INFO     Painted 8388608 out of 28338967 objects to mesh.
[014824.94]  01-26 19:07  CatalogMesh                  INFO     Slab 8388608 ~ 12582912 / 28338967.
[014826.05]  01-26 19:07  CatalogMesh                  INFO     Painted 12582912 out of 28338967 objects to mesh.
[014826.05]  01-26 19:07  CatalogMesh                  INFO     Slab 12582912 ~ 16777216 / 28338967.
[014827.16]  01-26 19:07  CatalogMesh                  INFO     Painted 16777216 out of 28338967 objects to mesh.
[014827.16]  01-26 19:07  CatalogMesh                  INFO     Slab 16777216 ~ 20971520 / 28338967.
[014828.32]  01-26 19:07  CatalogMesh                  INFO     Painted 20971520 out of 28338967 objects to mesh.
[014828.32]  01-26 19:07  CatalogMesh                  INFO     Slab 20971520 ~ 25165824 / 28338967.
[014829.59]  01-26 19:07  CatalogMesh                  INFO     Painted 25165824 out of 28338967 objects to mesh.
[014829.59]  01-26 19:07  CatalogMesh                  INFO     Slab 25165824 ~ 29360128 / 28338967.
[014830.67]  01-26 19:07  CatalogMesh                  INFO     Painted 28338967 out of 28338967 objects to mesh.
[014834.46]  01-26 19:07  CatalogMesh                  INFO     Slab 0 ~ 4194304 / 28338967.
[014835.56]  01-26 19:07  CatalogMesh                  INFO     Painted 4194304 out of 28338967 objects to mesh.
[014835.56]  01-26 19:07  CatalogMesh                  INFO     Slab 4194304 ~ 8388608 / 28338967.
[014836.67]  01-26 19:07  CatalogMesh                  INFO     Painted 8388608 out of 28338967 objects to mesh.
[014836.67]  01-26 19:07  CatalogMesh                  INFO     Slab 8388608 ~ 12582912 / 28338967.
[014837.78]  01-26 19:07  CatalogMesh                  INFO     Painted 12582912 out of 28338967 objects to mesh.
[014837.78]  01-26 19:07  CatalogMesh                  INFO     Slab 12582912 ~ 16777216 / 28338967.
[014838.89]  01-26 19:07  CatalogMesh                  INFO     Painted 16777216 out of 28338967 objects to mesh.
[014838.89]  01-26 19:07  CatalogMesh                  INFO     Slab 16777216 ~ 20971520 / 28338967.
[014840.00]  01-26 19:07  CatalogMesh                  INFO     Painted 20971520 out of 28338967 objects to mesh.
[014840.00]  01-26 19:07  CatalogMesh                  INFO     Slab 20971520 ~ 25165824 / 28338967.
[014841.21]  01-26 19:07  CatalogMesh                  INFO     Painted 25165824 out of 28338967 objects to mesh.
[014841.21]  01-26 19:07  CatalogMesh                  INFO     Slab 25165824 ~ 29360128 / 28338967.
[014842.26]  01-26 19:07  CatalogMesh                  INFO     Painted 28338967 out of 28338967 objects to mesh.
[014847.80]  01-26 19:07  CatalogFFTPower              INFO     Done painting catalog 1 to mesh.
[014847.80]  01-26 19:07  CatalogFFTPower              INFO     Using 400 k-bins between 0.000 and 0.400.
[014847.80]  01-26 19:07  CatalogFFTPower              INFO     Meshes prepared in elapsed time 35.55 s.
[014847.80]  01-26 19:07  CatalogFFTPower              INFO     Running mesh calculation.
[014865.06]  01-26 19:07  CatalogFFTPower              INFO     Mesh calculations performed in elapsed time 17.26 s.
[014865.06]  01-26 19:07  CatalogFFTPower              INFO     Power spectrum computed in elapsed time 52.81 s.
[014865.06]  01-26 19:07  CatalogFFTPower              INFO     Saving /pscratch/sd/s/shengyu/galaxies/catalogs/Y3/AbacusHF-v2/Boxes/QSO/sn1p250/AbacusSummit_base_c000_ph018/mpspk/pkpoles_QSO_zp1.250_DR2_v1.0.npy.
[014865.06]  01-26 19:07  compute_2pt                  INFO     Save to /pscratch/sd/s/shengyu/galaxies/catalogs/Y3/AbacusHF-v2/Boxes/QSO/sn1p250/AbacusSummit_base_c000_ph018/mpspk/pkpoles_QSO_zp1.250_DR2_v1.0.npy
[014865.06]  01-26 19:07  TwoPointCorrelationFunction  INFO     Using estimator <class 'pycorr.twopoint_estimator.NaturalTwoPointEstimator'>.
[014865.06]  01-26 19:07  TwoPointCorrelationFunction  INFO     Running auto-correlation.
[014865.06]  01-26 19:07  TwoPointCorrelationFunction  INFO     Computing two-point counts D1D2.
[014884.87]  01-26 19:08  TwoPointCorrelationFunction  INFO     Analytically computing two-point counts R1R2.
[014884.87]  01-26 19:08  TwoPointCorrelationFunction  INFO     Correlation function computed in elapsed time 19.80 s.
[014884.87]  01-26 19:08  NaturalTwoPointEstimator     INFO     Saving /pscratch/sd/s/shengyu/galaxies/catalogs/Y3/AbacusHF-v2/Boxes/QSO/sn1p250/AbacusSummit_base_c000_ph018/mpspk/mpslog_QSO_zp1.250_DR2_v1.0.npy.
[014884.87]  01-26 19:08  compute_2pt                  INFO     Save to /pscratch/sd/s/shengyu/galaxies/catalogs/Y3/AbacusHF-v2/Boxes/QSO/sn1p250/AbacusSummit_base_c000_ph018/mpspk/mpslog_QSO_zp1.250_DR2_v1.0.npy
[014884.87]  01-26 19:08  TwoPointCorrelationFunction  INFO     Using estimator <class 'pycorr.twopoint_estimator.NaturalTwoPointEstimator'>.
[014884.87]  01-26 19:08  TwoPointCorrelationFunction  INFO     Running auto-correlation.
[014884.87]  01-26 19:08  TwoPointCorrelationFunction  INFO     Computing two-point counts D1D2.
[014908.56]  01-26 19:08  TwoPointCorrelationFunction  INFO     Analytically computing two-point counts R1R2.
[014908.56]  01-26 19:08  TwoPointCorrelationFunction  INFO     Correlation function computed in elapsed time 23.69 s.
[014908.56]  01-26 19:08  NaturalTwoPointEstimator     INFO     Saving /pscratch/sd/s/shengyu/galaxies/catalogs/Y3/AbacusHF-v2/Boxes/QSO/sn1p250/AbacusSummit_base_c000_ph018/mpspk/wplog_QSO_zp1.250_DR2_v1.0.npy.
[014908.57]  01-26 19:08  compute_2pt                  INFO     Save to /pscratch/sd/s/shengyu/galaxies/catalogs/Y3/AbacusHF-v2/Boxes/QSO/sn1p250/AbacusSummit_base_c000_ph018/mpspk/wplog_QSO_zp1.250_DR2_v1.0.npy
[014908.57]  01-26 19:08  compute_2pt                  INFO     Procceed {'version': 'AbacusHF-v2', 'domain': 'cubic', 'tracer': 'QSO', 'zsnap': 1.25, 'zrange': (1.1, 1.4), 'mock_id': 19, 'use_dv': 'False'}
[014908.57]  01-26 19:08  cat_tools                    INFO     Load /pscratch/sd/s/shengyu/galaxies/catalogs/Y3/AbacusHF-v2/Boxes/QSO/sn1p250/AbacusSummit_base_c000_ph019/abacus_HF_QSO_1p250_DR2_v2.0_AbacusSummit_base_c000_ph019_base_clustering.dat.h5
[014908.57]  01-26 19:08  FileStack                    INFO     Reading /pscratch/sd/s/shengyu/galaxies/catalogs/Y3/AbacusHF-v2/Boxes/QSO/sn1p250/AbacusSummit_base_c000_ph019/abacus_HF_QSO_1p250_DR2_v2.0_AbacusSummit_base_c000_ph019_base_clustering.dat.h5.
[014909.70]  01-26 19:08  TwoPointCorrelationFunction  INFO     Using estimator <class 'pycorr.twopoint_estimator.NaturalTwoPointEstimator'>.
[014909.70]  01-26 19:08  TwoPointCorrelationFunction  INFO     Running auto-correlation.
[014909.70]  01-26 19:08  TwoPointCorrelationFunction  INFO     Computing two-point counts D1D2.
[015014.93]  01-26 19:10  TwoPointCorrelationFunction  INFO     Analytically computing two-point counts R1R2.
[015014.94]  01-26 19:10  TwoPointCorrelationFunction  INFO     Correlation function computed in elapsed time 105.23 s.
[015014.94]  01-26 19:10  NaturalTwoPointEstimator     INFO     Saving /pscratch/sd/s/shengyu/galaxies/catalogs/Y3/AbacusHF-v2/Boxes/QSO/sn1p250/AbacusSummit_base_c000_ph019/mpspk/xipoles_QSO_zp1.250_DR2_v1.0.npy.
[015014.94]  01-26 19:10  compute_2pt                  INFO     Save to /pscratch/sd/s/shengyu/galaxies/catalogs/Y3/AbacusHF-v2/Boxes/QSO/sn1p250/AbacusSummit_base_c000_ph019/mpspk/xipoles_QSO_zp1.250_DR2_v1.0.npy
[015018.75]  01-26 19:10  CatalogFFTPower              INFO     Painting catalog 1 to mesh CatalogMesh(nmesh=[512 512 512], boxsize=[2000. 2000. 2000.], boxcenter=[999.99995125 999.99998838 999.99993421], dtype=float64).
[015019.15]  01-26 19:10  CatalogMesh                  INFO     Slab 0 ~ 4194304 / 28330389.
[015020.28]  01-26 19:10  CatalogMesh                  INFO     Painted 4194304 out of 28330389 objects to mesh.
[015020.28]  01-26 19:10  CatalogMesh                  INFO     Slab 4194304 ~ 8388608 / 28330389.
[015021.39]  01-26 19:10  CatalogMesh                  INFO     Painted 8388608 out of 28330389 objects to mesh.
[015021.39]  01-26 19:10  CatalogMesh                  INFO     Slab 8388608 ~ 12582912 / 28330389.
[015022.51]  01-26 19:10  CatalogMesh                  INFO     Painted 12582912 out of 28330389 objects to mesh.
[015022.51]  01-26 19:10  CatalogMesh                  INFO     Slab 12582912 ~ 16777216 / 28330389.
[015023.61]  01-26 19:10  CatalogMesh                  INFO     Painted 16777216 out of 28330389 objects to mesh.
[015023.61]  01-26 19:10  CatalogMesh                  INFO     Slab 16777216 ~ 20971520 / 28330389.
[015024.72]  01-26 19:10  CatalogMesh                  INFO     Painted 20971520 out of 28330389 objects to mesh.
[015024.72]  01-26 19:10  CatalogMesh                  INFO     Slab 20971520 ~ 25165824 / 28330389.
[015025.94]  01-26 19:10  CatalogMesh                  INFO     Painted 25165824 out of 28330389 objects to mesh.
[015025.94]  01-26 19:10  CatalogMesh                  INFO     Slab 25165824 ~ 29360128 / 28330389.
[015026.97]  01-26 19:10  CatalogMesh                  INFO     Painted 28330389 out of 28330389 objects to mesh.
[015026.97]  01-26 19:10  CatalogMesh                  INFO     Running interlacing at order 3.
[015029.21]  01-26 19:10  CatalogMesh                  INFO     Slab 0 ~ 4194304 / 28330389.
[015030.32]  01-26 19:10  CatalogMesh                  INFO     Painted 4194304 out of 28330389 objects to mesh.
[015030.32]  01-26 19:10  CatalogMesh                  INFO     Slab 4194304 ~ 8388608 / 28330389.
[015031.42]  01-26 19:10  CatalogMesh                  INFO     Painted 8388608 out of 28330389 objects to mesh.
[015031.42]  01-26 19:10  CatalogMesh                  INFO     Slab 8388608 ~ 12582912 / 28330389.
[015032.53]  01-26 19:10  CatalogMesh                  INFO     Painted 12582912 out of 28330389 objects to mesh.
[015032.53]  01-26 19:10  CatalogMesh                  INFO     Slab 12582912 ~ 16777216 / 28330389.
[015033.64]  01-26 19:10  CatalogMesh                  INFO     Painted 16777216 out of 28330389 objects to mesh.
[015033.65]  01-26 19:10  CatalogMesh                  INFO     Slab 16777216 ~ 20971520 / 28330389.
[015034.76]  01-26 19:10  CatalogMesh                  INFO     Painted 20971520 out of 28330389 objects to mesh.
[015034.76]  01-26 19:10  CatalogMesh                  INFO     Slab 20971520 ~ 25165824 / 28330389.
[015035.97]  01-26 19:10  CatalogMesh                  INFO     Painted 25165824 out of 28330389 objects to mesh.
[015035.97]  01-26 19:10  CatalogMesh                  INFO     Slab 25165824 ~ 29360128 / 28330389.
[015037.00]  01-26 19:10  CatalogMesh                  INFO     Painted 28330389 out of 28330389 objects to mesh.
[015040.78]  01-26 19:10  CatalogMesh                  INFO     Slab 0 ~ 4194304 / 28330389.
[015041.89]  01-26 19:10  CatalogMesh                  INFO     Painted 4194304 out of 28330389 objects to mesh.
[015041.89]  01-26 19:10  CatalogMesh                  INFO     Slab 4194304 ~ 8388608 / 28330389.
[015043.00]  01-26 19:10  CatalogMesh                  INFO     Painted 8388608 out of 28330389 objects to mesh.
[015043.00]  01-26 19:10  CatalogMesh                  INFO     Slab 8388608 ~ 12582912 / 28330389.
[015044.11]  01-26 19:10  CatalogMesh                  INFO     Painted 12582912 out of 28330389 objects to mesh.
[015044.11]  01-26 19:10  CatalogMesh                  INFO     Slab 12582912 ~ 16777216 / 28330389.
[015045.22]  01-26 19:10  CatalogMesh                  INFO     Painted 16777216 out of 28330389 objects to mesh.
[015045.22]  01-26 19:10  CatalogMesh                  INFO     Slab 16777216 ~ 20971520 / 28330389.
[015046.33]  01-26 19:10  CatalogMesh                  INFO     Painted 20971520 out of 28330389 objects to mesh.
[015046.33]  01-26 19:10  CatalogMesh                  INFO     Slab 20971520 ~ 25165824 / 28330389.
[015047.55]  01-26 19:11  CatalogMesh                  INFO     Painted 25165824 out of 28330389 objects to mesh.
[015047.55]  01-26 19:11  CatalogMesh                  INFO     Slab 25165824 ~ 29360128 / 28330389.
[015048.59]  01-26 19:11  CatalogMesh                  INFO     Painted 28330389 out of 28330389 objects to mesh.
[015054.14]  01-26 19:11  CatalogFFTPower              INFO     Done painting catalog 1 to mesh.
[015054.14]  01-26 19:11  CatalogFFTPower              INFO     Using 400 k-bins between 0.000 and 0.400.
[015054.14]  01-26 19:11  CatalogFFTPower              INFO     Meshes prepared in elapsed time 35.39 s.
[015054.14]  01-26 19:11  CatalogFFTPower              INFO     Running mesh calculation.
[015071.41]  01-26 19:11  CatalogFFTPower              INFO     Mesh calculations performed in elapsed time 17.27 s.
[015071.41]  01-26 19:11  CatalogFFTPower              INFO     Power spectrum computed in elapsed time 52.67 s.
[015071.42]  01-26 19:11  CatalogFFTPower              INFO     Saving /pscratch/sd/s/shengyu/galaxies/catalogs/Y3/AbacusHF-v2/Boxes/QSO/sn1p250/AbacusSummit_base_c000_ph019/mpspk/pkpoles_QSO_zp1.250_DR2_v1.0.npy.
[015071.42]  01-26 19:11  compute_2pt                  INFO     Save to /pscratch/sd/s/shengyu/galaxies/catalogs/Y3/AbacusHF-v2/Boxes/QSO/sn1p250/AbacusSummit_base_c000_ph019/mpspk/pkpoles_QSO_zp1.250_DR2_v1.0.npy
[015071.42]  01-26 19:11  TwoPointCorrelationFunction  INFO     Using estimator <class 'pycorr.twopoint_estimator.NaturalTwoPointEstimator'>.
[015071.42]  01-26 19:11  TwoPointCorrelationFunction  INFO     Running auto-correlation.
[015071.42]  01-26 19:11  TwoPointCorrelationFunction  INFO     Computing two-point counts D1D2.
[015095.54]  01-26 19:11  TwoPointCorrelationFunction  INFO     Analytically computing two-point counts R1R2.
[015095.55]  01-26 19:11  TwoPointCorrelationFunction  INFO     Correlation function computed in elapsed time 24.13 s.
[015095.55]  01-26 19:11  NaturalTwoPointEstimator     INFO     Saving /pscratch/sd/s/shengyu/galaxies/catalogs/Y3/AbacusHF-v2/Boxes/QSO/sn1p250/AbacusSummit_base_c000_ph019/mpspk/mpslog_QSO_zp1.250_DR2_v1.0.npy.
[015095.55]  01-26 19:11  compute_2pt                  INFO     Save to /pscratch/sd/s/shengyu/galaxies/catalogs/Y3/AbacusHF-v2/Boxes/QSO/sn1p250/AbacusSummit_base_c000_ph019/mpspk/mpslog_QSO_zp1.250_DR2_v1.0.npy
[015095.55]  01-26 19:11  TwoPointCorrelationFunction  INFO     Using estimator <class 'pycorr.twopoint_estimator.NaturalTwoPointEstimator'>.
[015095.55]  01-26 19:11  TwoPointCorrelationFunction  INFO     Running auto-correlation.
[015095.55]  01-26 19:11  TwoPointCorrelationFunction  INFO     Computing two-point counts D1D2.
[015118.86]  01-26 19:12  TwoPointCorrelationFunction  INFO     Analytically computing two-point counts R1R2.
[015118.86]  01-26 19:12  TwoPointCorrelationFunction  INFO     Correlation function computed in elapsed time 23.31 s.
[015118.86]  01-26 19:12  NaturalTwoPointEstimator     INFO     Saving /pscratch/sd/s/shengyu/galaxies/catalogs/Y3/AbacusHF-v2/Boxes/QSO/sn1p250/AbacusSummit_base_c000_ph019/mpspk/wplog_QSO_zp1.250_DR2_v1.0.npy.
[015118.86]  01-26 19:12  compute_2pt                  INFO     Save to /pscratch/sd/s/shengyu/galaxies/catalogs/Y3/AbacusHF-v2/Boxes/QSO/sn1p250/AbacusSummit_base_c000_ph019/mpspk/wplog_QSO_zp1.250_DR2_v1.0.npy
[015118.87]  01-26 19:12  compute_2pt                  INFO     Procceed {'version': 'AbacusHF-v2', 'domain': 'cubic', 'tracer': 'QSO', 'zsnap': 1.25, 'zrange': (1.1, 1.4), 'mock_id': 20, 'use_dv': 'False'}
[015118.87]  01-26 19:12  cat_tools                    INFO     Load /pscratch/sd/s/shengyu/galaxies/catalogs/Y3/AbacusHF-v2/Boxes/QSO/sn1p250/AbacusSummit_base_c000_ph020/abacus_HF_QSO_1p250_DR2_v2.0_AbacusSummit_base_c000_ph020_base_clustering.dat.h5
[015118.87]  01-26 19:12  FileStack                    INFO     Reading /pscratch/sd/s/shengyu/galaxies/catalogs/Y3/AbacusHF-v2/Boxes/QSO/sn1p250/AbacusSummit_base_c000_ph020/abacus_HF_QSO_1p250_DR2_v2.0_AbacusSummit_base_c000_ph020_base_clustering.dat.h5.
[015119.99]  01-26 19:12  TwoPointCorrelationFunction  INFO     Using estimator <class 'pycorr.twopoint_estimator.NaturalTwoPointEstimator'>.
[015119.99]  01-26 19:12  TwoPointCorrelationFunction  INFO     Running auto-correlation.
[015119.99]  01-26 19:12  TwoPointCorrelationFunction  INFO     Computing two-point counts D1D2.
[015224.97]  01-26 19:13  TwoPointCorrelationFunction  INFO     Analytically computing two-point counts R1R2.
[015224.97]  01-26 19:13  TwoPointCorrelationFunction  INFO     Correlation function computed in elapsed time 104.98 s.
[015224.97]  01-26 19:13  NaturalTwoPointEstimator     INFO     Saving /pscratch/sd/s/shengyu/galaxies/catalogs/Y3/AbacusHF-v2/Boxes/QSO/sn1p250/AbacusSummit_base_c000_ph020/mpspk/xipoles_QSO_zp1.250_DR2_v1.0.npy.
[015224.98]  01-26 19:13  compute_2pt                  INFO     Save to /pscratch/sd/s/shengyu/galaxies/catalogs/Y3/AbacusHF-v2/Boxes/QSO/sn1p250/AbacusSummit_base_c000_ph020/mpspk/xipoles_QSO_zp1.250_DR2_v1.0.npy
[015228.79]  01-26 19:14  CatalogFFTPower              INFO     Painting catalog 1 to mesh CatalogMesh(nmesh=[512 512 512], boxsize=[2000. 2000. 2000.], boxcenter=[1000.00001319  999.99999356  999.99997929], dtype=float64).
[015229.19]  01-26 19:14  CatalogMesh                  INFO     Slab 0 ~ 4194304 / 28344747.
[015230.30]  01-26 19:14  CatalogMesh                  INFO     Painted 4194304 out of 28344747 objects to mesh.
[015230.30]  01-26 19:14  CatalogMesh                  INFO     Slab 4194304 ~ 8388608 / 28344747.
[015231.40]  01-26 19:14  CatalogMesh                  INFO     Painted 8388608 out of 28344747 objects to mesh.
[015231.40]  01-26 19:14  CatalogMesh                  INFO     Slab 8388608 ~ 12582912 / 28344747.
[015232.51]  01-26 19:14  CatalogMesh                  INFO     Painted 12582912 out of 28344747 objects to mesh.
[015232.51]  01-26 19:14  CatalogMesh                  INFO     Slab 12582912 ~ 16777216 / 28344747.
[015233.61]  01-26 19:14  CatalogMesh                  INFO     Painted 16777216 out of 28344747 objects to mesh.
[015233.61]  01-26 19:14  CatalogMesh                  INFO     Slab 16777216 ~ 20971520 / 28344747.
[015234.71]  01-26 19:14  CatalogMesh                  INFO     Painted 20971520 out of 28344747 objects to mesh.
[015234.71]  01-26 19:14  CatalogMesh                  INFO     Slab 20971520 ~ 25165824 / 28344747.
[015235.92]  01-26 19:14  CatalogMesh                  INFO     Painted 25165824 out of 28344747 objects to mesh.
[015235.92]  01-26 19:14  CatalogMesh                  INFO     Slab 25165824 ~ 29360128 / 28344747.
[015236.94]  01-26 19:14  CatalogMesh                  INFO     Painted 28344747 out of 28344747 objects to mesh.
[015236.94]  01-26 19:14  CatalogMesh                  INFO     Running interlacing at order 3.
[015239.17]  01-26 19:14  CatalogMesh                  INFO     Slab 0 ~ 4194304 / 28344747.
[015240.26]  01-26 19:14  CatalogMesh                  INFO     Painted 4194304 out of 28344747 objects to mesh.
[015240.26]  01-26 19:14  CatalogMesh                  INFO     Slab 4194304 ~ 8388608 / 28344747.
[015241.36]  01-26 19:14  CatalogMesh                  INFO     Painted 8388608 out of 28344747 objects to mesh.
[015241.36]  01-26 19:14  CatalogMesh                  INFO     Slab 8388608 ~ 12582912 / 28344747.
[015242.46]  01-26 19:14  CatalogMesh                  INFO     Painted 12582912 out of 28344747 objects to mesh.
[015242.46]  01-26 19:14  CatalogMesh                  INFO     Slab 12582912 ~ 16777216 / 28344747.
[015243.56]  01-26 19:14  CatalogMesh                  INFO     Painted 16777216 out of 28344747 objects to mesh.
[015243.56]  01-26 19:14  CatalogMesh                  INFO     Slab 16777216 ~ 20971520 / 28344747.
[015244.65]  01-26 19:14  CatalogMesh                  INFO     Painted 20971520 out of 28344747 objects to mesh.
[015244.65]  01-26 19:14  CatalogMesh                  INFO     Slab 20971520 ~ 25165824 / 28344747.
[015245.90]  01-26 19:14  CatalogMesh                  INFO     Painted 25165824 out of 28344747 objects to mesh.
[015245.90]  01-26 19:14  CatalogMesh                  INFO     Slab 25165824 ~ 29360128 / 28344747.
[015246.93]  01-26 19:14  CatalogMesh                  INFO     Painted 28344747 out of 28344747 objects to mesh.
[015250.67]  01-26 19:14  CatalogMesh                  INFO     Slab 0 ~ 4194304 / 28344747.
[015251.78]  01-26 19:14  CatalogMesh                  INFO     Painted 4194304 out of 28344747 objects to mesh.
[015251.78]  01-26 19:14  CatalogMesh                  INFO     Slab 4194304 ~ 8388608 / 28344747.
[015252.88]  01-26 19:14  CatalogMesh                  INFO     Painted 8388608 out of 28344747 objects to mesh.
[015252.88]  01-26 19:14  CatalogMesh                  INFO     Slab 8388608 ~ 12582912 / 28344747.
[015253.98]  01-26 19:14  CatalogMesh                  INFO     Painted 12582912 out of 28344747 objects to mesh.
[015253.98]  01-26 19:14  CatalogMesh                  INFO     Slab 12582912 ~ 16777216 / 28344747.
[015255.08]  01-26 19:14  CatalogMesh                  INFO     Painted 16777216 out of 28344747 objects to mesh.
[015255.08]  01-26 19:14  CatalogMesh                  INFO     Slab 16777216 ~ 20971520 / 28344747.
[015256.17]  01-26 19:14  CatalogMesh                  INFO     Painted 20971520 out of 28344747 objects to mesh.
[015256.17]  01-26 19:14  CatalogMesh                  INFO     Slab 20971520 ~ 25165824 / 28344747.
[015257.37]  01-26 19:14  CatalogMesh                  INFO     Painted 25165824 out of 28344747 objects to mesh.
[015257.37]  01-26 19:14  CatalogMesh                  INFO     Slab 25165824 ~ 29360128 / 28344747.
[015258.40]  01-26 19:14  CatalogMesh                  INFO     Painted 28344747 out of 28344747 objects to mesh.
[015263.88]  01-26 19:14  CatalogFFTPower              INFO     Done painting catalog 1 to mesh.
[015263.88]  01-26 19:14  CatalogFFTPower              INFO     Using 400 k-bins between 0.000 and 0.400.
[015263.88]  01-26 19:14  CatalogFFTPower              INFO     Meshes prepared in elapsed time 35.09 s.
[015263.88]  01-26 19:14  CatalogFFTPower              INFO     Running mesh calculation.
[015280.84]  01-26 19:14  CatalogFFTPower              INFO     Mesh calculations performed in elapsed time 16.96 s.
[015280.84]  01-26 19:14  CatalogFFTPower              INFO     Power spectrum computed in elapsed time 52.04 s.
[015280.84]  01-26 19:14  CatalogFFTPower              INFO     Saving /pscratch/sd/s/shengyu/galaxies/catalogs/Y3/AbacusHF-v2/Boxes/QSO/sn1p250/AbacusSummit_base_c000_ph020/mpspk/pkpoles_QSO_zp1.250_DR2_v1.0.npy.
[015280.84]  01-26 19:14  compute_2pt                  INFO     Save to /pscratch/sd/s/shengyu/galaxies/catalogs/Y3/AbacusHF-v2/Boxes/QSO/sn1p250/AbacusSummit_base_c000_ph020/mpspk/pkpoles_QSO_zp1.250_DR2_v1.0.npy
[015280.84]  01-26 19:14  TwoPointCorrelationFunction  INFO     Using estimator <class 'pycorr.twopoint_estimator.NaturalTwoPointEstimator'>.
[015280.84]  01-26 19:14  TwoPointCorrelationFunction  INFO     Running auto-correlation.
[015280.84]  01-26 19:14  TwoPointCorrelationFunction  INFO     Computing two-point counts D1D2.
[015300.96]  01-26 19:15  TwoPointCorrelationFunction  INFO     Analytically computing two-point counts R1R2.
[015300.96]  01-26 19:15  TwoPointCorrelationFunction  INFO     Correlation function computed in elapsed time 20.12 s.
[015300.96]  01-26 19:15  NaturalTwoPointEstimator     INFO     Saving /pscratch/sd/s/shengyu/galaxies/catalogs/Y3/AbacusHF-v2/Boxes/QSO/sn1p250/AbacusSummit_base_c000_ph020/mpspk/mpslog_QSO_zp1.250_DR2_v1.0.npy.
[015300.97]  01-26 19:15  compute_2pt                  INFO     Save to /pscratch/sd/s/shengyu/galaxies/catalogs/Y3/AbacusHF-v2/Boxes/QSO/sn1p250/AbacusSummit_base_c000_ph020/mpspk/mpslog_QSO_zp1.250_DR2_v1.0.npy
[015300.97]  01-26 19:15  TwoPointCorrelationFunction  INFO     Using estimator <class 'pycorr.twopoint_estimator.NaturalTwoPointEstimator'>.
[015300.97]  01-26 19:15  TwoPointCorrelationFunction  INFO     Running auto-correlation.
[015300.97]  01-26 19:15  TwoPointCorrelationFunction  INFO     Computing two-point counts D1D2.
[015324.25]  01-26 19:15  TwoPointCorrelationFunction  INFO     Analytically computing two-point counts R1R2.
[015324.25]  01-26 19:15  TwoPointCorrelationFunction  INFO     Correlation function computed in elapsed time 23.28 s.
[015324.25]  01-26 19:15  NaturalTwoPointEstimator     INFO     Saving /pscratch/sd/s/shengyu/galaxies/catalogs/Y3/AbacusHF-v2/Boxes/QSO/sn1p250/AbacusSummit_base_c000_ph020/mpspk/wplog_QSO_zp1.250_DR2_v1.0.npy.
[015324.25]  01-26 19:15  compute_2pt                  INFO     Save to /pscratch/sd/s/shengyu/galaxies/catalogs/Y3/AbacusHF-v2/Boxes/QSO/sn1p250/AbacusSummit_base_c000_ph020/mpspk/wplog_QSO_zp1.250_DR2_v1.0.npy
[015324.25]  01-26 19:15  compute_2pt                  INFO     Procceed {'version': 'AbacusHF-v2', 'domain': 'cubic', 'tracer': 'QSO', 'zsnap': 1.25, 'zrange': (1.1, 1.4), 'mock_id': 21, 'use_dv': 'False'}
[015324.25]  01-26 19:15  cat_tools                    INFO     Load /pscratch/sd/s/shengyu/galaxies/catalogs/Y3/AbacusHF-v2/Boxes/QSO/sn1p250/AbacusSummit_base_c000_ph021/abacus_HF_QSO_1p250_DR2_v2.0_AbacusSummit_base_c000_ph021_base_clustering.dat.h5
[015324.25]  01-26 19:15  FileStack                    INFO     Reading /pscratch/sd/s/shengyu/galaxies/catalogs/Y3/AbacusHF-v2/Boxes/QSO/sn1p250/AbacusSummit_base_c000_ph021/abacus_HF_QSO_1p250_DR2_v2.0_AbacusSummit_base_c000_ph021_base_clustering.dat.h5.
[015325.37]  01-26 19:15  TwoPointCorrelationFunction  INFO     Using estimator <class 'pycorr.twopoint_estimator.NaturalTwoPointEstimator'>.
[015325.37]  01-26 19:15  TwoPointCorrelationFunction  INFO     Running auto-correlation.
[015325.37]  01-26 19:15  TwoPointCorrelationFunction  INFO     Computing two-point counts D1D2.
[015428.39]  01-26 19:17  TwoPointCorrelationFunction  INFO     Analytically computing two-point counts R1R2.
[015428.39]  01-26 19:17  TwoPointCorrelationFunction  INFO     Correlation function computed in elapsed time 103.02 s.
[015428.39]  01-26 19:17  NaturalTwoPointEstimator     INFO     Saving /pscratch/sd/s/shengyu/galaxies/catalogs/Y3/AbacusHF-v2/Boxes/QSO/sn1p250/AbacusSummit_base_c000_ph021/mpspk/xipoles_QSO_zp1.250_DR2_v1.0.npy.
[015428.40]  01-26 19:17  compute_2pt                  INFO     Save to /pscratch/sd/s/shengyu/galaxies/catalogs/Y3/AbacusHF-v2/Boxes/QSO/sn1p250/AbacusSummit_base_c000_ph021/mpspk/xipoles_QSO_zp1.250_DR2_v1.0.npy
[015432.20]  01-26 19:17  CatalogFFTPower              INFO     Painting catalog 1 to mesh CatalogMesh(nmesh=[512 512 512], boxsize=[2000. 2000. 2000.], boxcenter=[ 999.99999514 1000.00005724 1000.00000137], dtype=float64).
[015432.61]  01-26 19:17  CatalogMesh                  INFO     Slab 0 ~ 4194304 / 28359999.
[015433.73]  01-26 19:17  CatalogMesh                  INFO     Painted 4194304 out of 28359999 objects to mesh.
[015433.73]  01-26 19:17  CatalogMesh                  INFO     Slab 4194304 ~ 8388608 / 28359999.
[015434.84]  01-26 19:17  CatalogMesh                  INFO     Painted 8388608 out of 28359999 objects to mesh.
[015434.84]  01-26 19:17  CatalogMesh                  INFO     Slab 8388608 ~ 12582912 / 28359999.
[015435.95]  01-26 19:17  CatalogMesh                  INFO     Painted 12582912 out of 28359999 objects to mesh.
[015435.95]  01-26 19:17  CatalogMesh                  INFO     Slab 12582912 ~ 16777216 / 28359999.
[015437.06]  01-26 19:17  CatalogMesh                  INFO     Painted 16777216 out of 28359999 objects to mesh.
[015437.06]  01-26 19:17  CatalogMesh                  INFO     Slab 16777216 ~ 20971520 / 28359999.
[015438.16]  01-26 19:17  CatalogMesh                  INFO     Painted 20971520 out of 28359999 objects to mesh.
[015438.16]  01-26 19:17  CatalogMesh                  INFO     Slab 20971520 ~ 25165824 / 28359999.
[015439.37]  01-26 19:17  CatalogMesh                  INFO     Painted 25165824 out of 28359999 objects to mesh.
[015439.37]  01-26 19:17  CatalogMesh                  INFO     Slab 25165824 ~ 29360128 / 28359999.
[015440.40]  01-26 19:17  CatalogMesh                  INFO     Painted 28359999 out of 28359999 objects to mesh.
[015440.41]  01-26 19:17  CatalogMesh                  INFO     Running interlacing at order 3.
[015442.65]  01-26 19:17  CatalogMesh                  INFO     Slab 0 ~ 4194304 / 28359999.
[015443.75]  01-26 19:17  CatalogMesh                  INFO     Painted 4194304 out of 28359999 objects to mesh.
[015443.75]  01-26 19:17  CatalogMesh                  INFO     Slab 4194304 ~ 8388608 / 28359999.
[015444.86]  01-26 19:17  CatalogMesh                  INFO     Painted 8388608 out of 28359999 objects to mesh.
[015444.86]  01-26 19:17  CatalogMesh                  INFO     Slab 8388608 ~ 12582912 / 28359999.
[015445.99]  01-26 19:17  CatalogMesh                  INFO     Painted 12582912 out of 28359999 objects to mesh.
[015445.99]  01-26 19:17  CatalogMesh                  INFO     Slab 12582912 ~ 16777216 / 28359999.
[015447.10]  01-26 19:17  CatalogMesh                  INFO     Painted 16777216 out of 28359999 objects to mesh.
[015447.10]  01-26 19:17  CatalogMesh                  INFO     Slab 16777216 ~ 20971520 / 28359999.
[015448.25]  01-26 19:17  CatalogMesh                  INFO     Painted 20971520 out of 28359999 objects to mesh.
[015448.26]  01-26 19:17  CatalogMesh                  INFO     Slab 20971520 ~ 25165824 / 28359999.
[015449.52]  01-26 19:17  CatalogMesh                  INFO     Painted 25165824 out of 28359999 objects to mesh.
[015449.52]  01-26 19:17  CatalogMesh                  INFO     Slab 25165824 ~ 29360128 / 28359999.
[015450.58]  01-26 19:17  CatalogMesh                  INFO     Painted 28359999 out of 28359999 objects to mesh.
[015454.42]  01-26 19:17  CatalogMesh                  INFO     Slab 0 ~ 4194304 / 28359999.
[015455.51]  01-26 19:17  CatalogMesh                  INFO     Painted 4194304 out of 28359999 objects to mesh.
[015455.51]  01-26 19:17  CatalogMesh                  INFO     Slab 4194304 ~ 8388608 / 28359999.
[015456.61]  01-26 19:17  CatalogMesh                  INFO     Painted 8388608 out of 28359999 objects to mesh.
[015456.61]  01-26 19:17  CatalogMesh                  INFO     Slab 8388608 ~ 12582912 / 28359999.
[015457.71]  01-26 19:17  CatalogMesh                  INFO     Painted 12582912 out of 28359999 objects to mesh.
[015457.71]  01-26 19:17  CatalogMesh                  INFO     Slab 12582912 ~ 16777216 / 28359999.
[015458.81]  01-26 19:17  CatalogMesh                  INFO     Painted 16777216 out of 28359999 objects to mesh.
[015458.87]  01-26 19:17  CatalogMesh                  INFO     Slab 16777216 ~ 20971520 / 28359999.
[015459.96]  01-26 19:17  CatalogMesh                  INFO     Painted 20971520 out of 28359999 objects to mesh.
[015459.96]  01-26 19:17  CatalogMesh                  INFO     Slab 20971520 ~ 25165824 / 28359999.
[015461.17]  01-26 19:17  CatalogMesh                  INFO     Painted 25165824 out of 28359999 objects to mesh.
[015461.17]  01-26 19:17  CatalogMesh                  INFO     Slab 25165824 ~ 29360128 / 28359999.
[015462.20]  01-26 19:17  CatalogMesh                  INFO     Painted 28359999 out of 28359999 objects to mesh.
[015467.67]  01-26 19:18  CatalogFFTPower              INFO     Done painting catalog 1 to mesh.
[015467.67]  01-26 19:18  CatalogFFTPower              INFO     Using 400 k-bins between 0.000 and 0.400.
[015467.67]  01-26 19:18  CatalogFFTPower              INFO     Meshes prepared in elapsed time 35.48 s.
[015467.67]  01-26 19:18  CatalogFFTPower              INFO     Running mesh calculation.
[015484.70]  01-26 19:18  CatalogFFTPower              INFO     Mesh calculations performed in elapsed time 17.03 s.
[015484.70]  01-26 19:18  CatalogFFTPower              INFO     Power spectrum computed in elapsed time 52.51 s.
[015484.71]  01-26 19:18  CatalogFFTPower              INFO     Saving /pscratch/sd/s/shengyu/galaxies/catalogs/Y3/AbacusHF-v2/Boxes/QSO/sn1p250/AbacusSummit_base_c000_ph021/mpspk/pkpoles_QSO_zp1.250_DR2_v1.0.npy.
[015484.71]  01-26 19:18  compute_2pt                  INFO     Save to /pscratch/sd/s/shengyu/galaxies/catalogs/Y3/AbacusHF-v2/Boxes/QSO/sn1p250/AbacusSummit_base_c000_ph021/mpspk/pkpoles_QSO_zp1.250_DR2_v1.0.npy
[015484.71]  01-26 19:18  TwoPointCorrelationFunction  INFO     Using estimator <class 'pycorr.twopoint_estimator.NaturalTwoPointEstimator'>.
[015484.71]  01-26 19:18  TwoPointCorrelationFunction  INFO     Running auto-correlation.
[015484.71]  01-26 19:18  TwoPointCorrelationFunction  INFO     Computing two-point counts D1D2.
[015504.71]  01-26 19:18  TwoPointCorrelationFunction  INFO     Analytically computing two-point counts R1R2.
[015504.71]  01-26 19:18  TwoPointCorrelationFunction  INFO     Correlation function computed in elapsed time 20.00 s.
[015504.71]  01-26 19:18  NaturalTwoPointEstimator     INFO     Saving /pscratch/sd/s/shengyu/galaxies/catalogs/Y3/AbacusHF-v2/Boxes/QSO/sn1p250/AbacusSummit_base_c000_ph021/mpspk/mpslog_QSO_zp1.250_DR2_v1.0.npy.
[015504.71]  01-26 19:18  compute_2pt                  INFO     Save to /pscratch/sd/s/shengyu/galaxies/catalogs/Y3/AbacusHF-v2/Boxes/QSO/sn1p250/AbacusSummit_base_c000_ph021/mpspk/mpslog_QSO_zp1.250_DR2_v1.0.npy
[015504.71]  01-26 19:18  TwoPointCorrelationFunction  INFO     Using estimator <class 'pycorr.twopoint_estimator.NaturalTwoPointEstimator'>.
[015504.71]  01-26 19:18  TwoPointCorrelationFunction  INFO     Running auto-correlation.
[015504.71]  01-26 19:18  TwoPointCorrelationFunction  INFO     Computing two-point counts D1D2.
[015528.14]  01-26 19:19  TwoPointCorrelationFunction  INFO     Analytically computing two-point counts R1R2.
[015528.14]  01-26 19:19  TwoPointCorrelationFunction  INFO     Correlation function computed in elapsed time 23.42 s.
[015528.14]  01-26 19:19  NaturalTwoPointEstimator     INFO     Saving /pscratch/sd/s/shengyu/galaxies/catalogs/Y3/AbacusHF-v2/Boxes/QSO/sn1p250/AbacusSummit_base_c000_ph021/mpspk/wplog_QSO_zp1.250_DR2_v1.0.npy.
[015528.14]  01-26 19:19  compute_2pt                  INFO     Save to /pscratch/sd/s/shengyu/galaxies/catalogs/Y3/AbacusHF-v2/Boxes/QSO/sn1p250/AbacusSummit_base_c000_ph021/mpspk/wplog_QSO_zp1.250_DR2_v1.0.npy
[015528.14]  01-26 19:19  compute_2pt                  INFO     Procceed {'version': 'AbacusHF-v2', 'domain': 'cubic', 'tracer': 'QSO', 'zsnap': 1.25, 'zrange': (1.1, 1.4), 'mock_id': 22, 'use_dv': 'False'}
[015528.15]  01-26 19:19  cat_tools                    INFO     Load /pscratch/sd/s/shengyu/galaxies/catalogs/Y3/AbacusHF-v2/Boxes/QSO/sn1p250/AbacusSummit_base_c000_ph022/abacus_HF_QSO_1p250_DR2_v2.0_AbacusSummit_base_c000_ph022_base_clustering.dat.h5
[015528.15]  01-26 19:19  FileStack                    INFO     Reading /pscratch/sd/s/shengyu/galaxies/catalogs/Y3/AbacusHF-v2/Boxes/QSO/sn1p250/AbacusSummit_base_c000_ph022/abacus_HF_QSO_1p250_DR2_v2.0_AbacusSummit_base_c000_ph022_base_clustering.dat.h5.
[015529.27]  01-26 19:19  TwoPointCorrelationFunction  INFO     Using estimator <class 'pycorr.twopoint_estimator.NaturalTwoPointEstimator'>.
[015529.27]  01-26 19:19  TwoPointCorrelationFunction  INFO     Running auto-correlation.
[015529.27]  01-26 19:19  TwoPointCorrelationFunction  INFO     Computing two-point counts D1D2.
[015633.43]  01-26 19:20  TwoPointCorrelationFunction  INFO     Analytically computing two-point counts R1R2.
[015633.44]  01-26 19:20  TwoPointCorrelationFunction  INFO     Correlation function computed in elapsed time 104.17 s.
[015633.44]  01-26 19:20  NaturalTwoPointEstimator     INFO     Saving /pscratch/sd/s/shengyu/galaxies/catalogs/Y3/AbacusHF-v2/Boxes/QSO/sn1p250/AbacusSummit_base_c000_ph022/mpspk/xipoles_QSO_zp1.250_DR2_v1.0.npy.
[015633.44]  01-26 19:20  compute_2pt                  INFO     Save to /pscratch/sd/s/shengyu/galaxies/catalogs/Y3/AbacusHF-v2/Boxes/QSO/sn1p250/AbacusSummit_base_c000_ph022/mpspk/xipoles_QSO_zp1.250_DR2_v1.0.npy
[015637.24]  01-26 19:20  CatalogFFTPower              INFO     Painting catalog 1 to mesh CatalogMesh(nmesh=[512 512 512], boxsize=[2000. 2000. 2000.], boxcenter=[1000.0000275  1000.00000684  999.99997537], dtype=float64).
[015637.64]  01-26 19:20  CatalogMesh                  INFO     Slab 0 ~ 4194304 / 28363320.
[015638.76]  01-26 19:20  CatalogMesh                  INFO     Painted 4194304 out of 28363320 objects to mesh.
[015638.76]  01-26 19:20  CatalogMesh                  INFO     Slab 4194304 ~ 8388608 / 28363320.
[015639.87]  01-26 19:20  CatalogMesh                  INFO     Painted 8388608 out of 28363320 objects to mesh.
[015639.87]  01-26 19:20  CatalogMesh                  INFO     Slab 8388608 ~ 12582912 / 28363320.
[015640.99]  01-26 19:20  CatalogMesh                  INFO     Painted 12582912 out of 28363320 objects to mesh.
[015640.99]  01-26 19:20  CatalogMesh                  INFO     Slab 12582912 ~ 16777216 / 28363320.
[015642.08]  01-26 19:20  CatalogMesh                  INFO     Painted 16777216 out of 28363320 objects to mesh.
[015642.09]  01-26 19:20  CatalogMesh                  INFO     Slab 16777216 ~ 20971520 / 28363320.
[015643.18]  01-26 19:20  CatalogMesh                  INFO     Painted 20971520 out of 28363320 objects to mesh.
[015643.18]  01-26 19:20  CatalogMesh                  INFO     Slab 20971520 ~ 25165824 / 28363320.
[015644.39]  01-26 19:20  CatalogMesh                  INFO     Painted 25165824 out of 28363320 objects to mesh.
[015644.39]  01-26 19:20  CatalogMesh                  INFO     Slab 25165824 ~ 29360128 / 28363320.
[015645.42]  01-26 19:20  CatalogMesh                  INFO     Painted 28363320 out of 28363320 objects to mesh.
[015645.42]  01-26 19:20  CatalogMesh                  INFO     Running interlacing at order 3.
[015647.66]  01-26 19:21  CatalogMesh                  INFO     Slab 0 ~ 4194304 / 28363320.
[015648.76]  01-26 19:21  CatalogMesh                  INFO     Painted 4194304 out of 28363320 objects to mesh.
[015648.76]  01-26 19:21  CatalogMesh                  INFO     Slab 4194304 ~ 8388608 / 28363320.
[015649.86]  01-26 19:21  CatalogMesh                  INFO     Painted 8388608 out of 28363320 objects to mesh.
[015649.86]  01-26 19:21  CatalogMesh                  INFO     Slab 8388608 ~ 12582912 / 28363320.
[015650.96]  01-26 19:21  CatalogMesh                  INFO     Painted 12582912 out of 28363320 objects to mesh.
[015650.96]  01-26 19:21  CatalogMesh                  INFO     Slab 12582912 ~ 16777216 / 28363320.
[015652.06]  01-26 19:21  CatalogMesh                  INFO     Painted 16777216 out of 28363320 objects to mesh.
[015652.06]  01-26 19:21  CatalogMesh                  INFO     Slab 16777216 ~ 20971520 / 28363320.
[015653.16]  01-26 19:21  CatalogMesh                  INFO     Painted 20971520 out of 28363320 objects to mesh.
[015653.16]  01-26 19:21  CatalogMesh                  INFO     Slab 20971520 ~ 25165824 / 28363320.
[015654.37]  01-26 19:21  CatalogMesh                  INFO     Painted 25165824 out of 28363320 objects to mesh.
[015654.37]  01-26 19:21  CatalogMesh                  INFO     Slab 25165824 ~ 29360128 / 28363320.
[015655.40]  01-26 19:21  CatalogMesh                  INFO     Painted 28363320 out of 28363320 objects to mesh.
[015659.17]  01-26 19:21  CatalogMesh                  INFO     Slab 0 ~ 4194304 / 28363320.
[015660.27]  01-26 19:21  CatalogMesh                  INFO     Painted 4194304 out of 28363320 objects to mesh.
[015660.27]  01-26 19:21  CatalogMesh                  INFO     Slab 4194304 ~ 8388608 / 28363320.
[015661.37]  01-26 19:21  CatalogMesh                  INFO     Painted 8388608 out of 28363320 objects to mesh.
[015661.37]  01-26 19:21  CatalogMesh                  INFO     Slab 8388608 ~ 12582912 / 28363320.
[015662.47]  01-26 19:21  CatalogMesh                  INFO     Painted 12582912 out of 28363320 objects to mesh.
[015662.47]  01-26 19:21  CatalogMesh                  INFO     Slab 12582912 ~ 16777216 / 28363320.
[015663.57]  01-26 19:21  CatalogMesh                  INFO     Painted 16777216 out of 28363320 objects to mesh.
[015663.57]  01-26 19:21  CatalogMesh                  INFO     Slab 16777216 ~ 20971520 / 28363320.
[015664.67]  01-26 19:21  CatalogMesh                  INFO     Painted 20971520 out of 28363320 objects to mesh.
[015664.67]  01-26 19:21  CatalogMesh                  INFO     Slab 20971520 ~ 25165824 / 28363320.
[015665.88]  01-26 19:21  CatalogMesh                  INFO     Painted 25165824 out of 28363320 objects to mesh.
[015665.88]  01-26 19:21  CatalogMesh                  INFO     Slab 25165824 ~ 29360128 / 28363320.
[015666.92]  01-26 19:21  CatalogMesh                  INFO     Painted 28363320 out of 28363320 objects to mesh.
[015672.39]  01-26 19:21  CatalogFFTPower              INFO     Done painting catalog 1 to mesh.
[015672.39]  01-26 19:21  CatalogFFTPower              INFO     Using 400 k-bins between 0.000 and 0.400.
[015672.39]  01-26 19:21  CatalogFFTPower              INFO     Meshes prepared in elapsed time 35.15 s.
[015672.39]  01-26 19:21  CatalogFFTPower              INFO     Running mesh calculation.
[015689.54]  01-26 19:21  CatalogFFTPower              INFO     Mesh calculations performed in elapsed time 17.15 s.
[015689.55]  01-26 19:21  CatalogFFTPower              INFO     Power spectrum computed in elapsed time 52.30 s.
[015689.55]  01-26 19:21  CatalogFFTPower              INFO     Saving /pscratch/sd/s/shengyu/galaxies/catalogs/Y3/AbacusHF-v2/Boxes/QSO/sn1p250/AbacusSummit_base_c000_ph022/mpspk/pkpoles_QSO_zp1.250_DR2_v1.0.npy.
[015689.55]  01-26 19:21  compute_2pt                  INFO     Save to /pscratch/sd/s/shengyu/galaxies/catalogs/Y3/AbacusHF-v2/Boxes/QSO/sn1p250/AbacusSummit_base_c000_ph022/mpspk/pkpoles_QSO_zp1.250_DR2_v1.0.npy
[015689.55]  01-26 19:21  TwoPointCorrelationFunction  INFO     Using estimator <class 'pycorr.twopoint_estimator.NaturalTwoPointEstimator'>.
[015689.55]  01-26 19:21  TwoPointCorrelationFunction  INFO     Running auto-correlation.
[015689.55]  01-26 19:21  TwoPointCorrelationFunction  INFO     Computing two-point counts D1D2.
[015712.41]  01-26 19:22  TwoPointCorrelationFunction  INFO     Analytically computing two-point counts R1R2.
[015712.41]  01-26 19:22  TwoPointCorrelationFunction  INFO     Correlation function computed in elapsed time 22.86 s.
[015712.41]  01-26 19:22  NaturalTwoPointEstimator     INFO     Saving /pscratch/sd/s/shengyu/galaxies/catalogs/Y3/AbacusHF-v2/Boxes/QSO/sn1p250/AbacusSummit_base_c000_ph022/mpspk/mpslog_QSO_zp1.250_DR2_v1.0.npy.
[015712.42]  01-26 19:22  compute_2pt                  INFO     Save to /pscratch/sd/s/shengyu/galaxies/catalogs/Y3/AbacusHF-v2/Boxes/QSO/sn1p250/AbacusSummit_base_c000_ph022/mpspk/mpslog_QSO_zp1.250_DR2_v1.0.npy
[015712.42]  01-26 19:22  TwoPointCorrelationFunction  INFO     Using estimator <class 'pycorr.twopoint_estimator.NaturalTwoPointEstimator'>.
[015712.42]  01-26 19:22  TwoPointCorrelationFunction  INFO     Running auto-correlation.
[015712.42]  01-26 19:22  TwoPointCorrelationFunction  INFO     Computing two-point counts D1D2.
[015735.78]  01-26 19:22  TwoPointCorrelationFunction  INFO     Analytically computing two-point counts R1R2.
[015735.78]  01-26 19:22  TwoPointCorrelationFunction  INFO     Correlation function computed in elapsed time 23.37 s.
[015735.78]  01-26 19:22  NaturalTwoPointEstimator     INFO     Saving /pscratch/sd/s/shengyu/galaxies/catalogs/Y3/AbacusHF-v2/Boxes/QSO/sn1p250/AbacusSummit_base_c000_ph022/mpspk/wplog_QSO_zp1.250_DR2_v1.0.npy.
[015735.79]  01-26 19:22  compute_2pt                  INFO     Save to /pscratch/sd/s/shengyu/galaxies/catalogs/Y3/AbacusHF-v2/Boxes/QSO/sn1p250/AbacusSummit_base_c000_ph022/mpspk/wplog_QSO_zp1.250_DR2_v1.0.npy
[015735.79]  01-26 19:22  compute_2pt                  INFO     Procceed {'version': 'AbacusHF-v2', 'domain': 'cubic', 'tracer': 'QSO', 'zsnap': 1.25, 'zrange': (1.1, 1.4), 'mock_id': 23, 'use_dv': 'False'}
[015735.79]  01-26 19:22  cat_tools                    INFO     Load /pscratch/sd/s/shengyu/galaxies/catalogs/Y3/AbacusHF-v2/Boxes/QSO/sn1p250/AbacusSummit_base_c000_ph023/abacus_HF_QSO_1p250_DR2_v2.0_AbacusSummit_base_c000_ph023_base_clustering.dat.h5
[015735.79]  01-26 19:22  FileStack                    INFO     Reading /pscratch/sd/s/shengyu/galaxies/catalogs/Y3/AbacusHF-v2/Boxes/QSO/sn1p250/AbacusSummit_base_c000_ph023/abacus_HF_QSO_1p250_DR2_v2.0_AbacusSummit_base_c000_ph023_base_clustering.dat.h5.
[015736.90]  01-26 19:22  TwoPointCorrelationFunction  INFO     Using estimator <class 'pycorr.twopoint_estimator.NaturalTwoPointEstimator'>.
[015736.90]  01-26 19:22  TwoPointCorrelationFunction  INFO     Running auto-correlation.
[015736.90]  01-26 19:22  TwoPointCorrelationFunction  INFO     Computing two-point counts D1D2.
[015841.03]  01-26 19:24  TwoPointCorrelationFunction  INFO     Analytically computing two-point counts R1R2.
[015841.03]  01-26 19:24  TwoPointCorrelationFunction  INFO     Correlation function computed in elapsed time 104.13 s.
[015841.03]  01-26 19:24  NaturalTwoPointEstimator     INFO     Saving /pscratch/sd/s/shengyu/galaxies/catalogs/Y3/AbacusHF-v2/Boxes/QSO/sn1p250/AbacusSummit_base_c000_ph023/mpspk/xipoles_QSO_zp1.250_DR2_v1.0.npy.
[015841.04]  01-26 19:24  compute_2pt                  INFO     Save to /pscratch/sd/s/shengyu/galaxies/catalogs/Y3/AbacusHF-v2/Boxes/QSO/sn1p250/AbacusSummit_base_c000_ph023/mpspk/xipoles_QSO_zp1.250_DR2_v1.0.npy
[015844.86]  01-26 19:24  CatalogFFTPower              INFO     Painting catalog 1 to mesh CatalogMesh(nmesh=[512 512 512], boxsize=[2000. 2000. 2000.], boxcenter=[1000.00013732  999.99991486 1000.00008683], dtype=float64).
[015845.26]  01-26 19:24  CatalogMesh                  INFO     Slab 0 ~ 4194304 / 28368515.
[015846.38]  01-26 19:24  CatalogMesh                  INFO     Painted 4194304 out of 28368515 objects to mesh.
[015846.39]  01-26 19:24  CatalogMesh                  INFO     Slab 4194304 ~ 8388608 / 28368515.
[015847.49]  01-26 19:24  CatalogMesh                  INFO     Painted 8388608 out of 28368515 objects to mesh.
[015847.49]  01-26 19:24  CatalogMesh                  INFO     Slab 8388608 ~ 12582912 / 28368515.
[015848.60]  01-26 19:24  CatalogMesh                  INFO     Painted 12582912 out of 28368515 objects to mesh.
[015848.60]  01-26 19:24  CatalogMesh                  INFO     Slab 12582912 ~ 16777216 / 28368515.
[015849.71]  01-26 19:24  CatalogMesh                  INFO     Painted 16777216 out of 28368515 objects to mesh.
[015849.71]  01-26 19:24  CatalogMesh                  INFO     Slab 16777216 ~ 20971520 / 28368515.
[015850.81]  01-26 19:24  CatalogMesh                  INFO     Painted 20971520 out of 28368515 objects to mesh.
[015850.81]  01-26 19:24  CatalogMesh                  INFO     Slab 20971520 ~ 25165824 / 28368515.
[015852.02]  01-26 19:24  CatalogMesh                  INFO     Painted 25165824 out of 28368515 objects to mesh.
[015852.02]  01-26 19:24  CatalogMesh                  INFO     Slab 25165824 ~ 29360128 / 28368515.
[015853.06]  01-26 19:24  CatalogMesh                  INFO     Painted 28368515 out of 28368515 objects to mesh.
[015853.06]  01-26 19:24  CatalogMesh                  INFO     Running interlacing at order 3.
[015855.32]  01-26 19:24  CatalogMesh                  INFO     Slab 0 ~ 4194304 / 28368515.
[015856.42]  01-26 19:24  CatalogMesh                  INFO     Painted 4194304 out of 28368515 objects to mesh.
[015856.43]  01-26 19:24  CatalogMesh                  INFO     Slab 4194304 ~ 8388608 / 28368515.
[015857.53]  01-26 19:24  CatalogMesh                  INFO     Painted 8388608 out of 28368515 objects to mesh.
[015857.53]  01-26 19:24  CatalogMesh                  INFO     Slab 8388608 ~ 12582912 / 28368515.
[015858.64]  01-26 19:24  CatalogMesh                  INFO     Painted 12582912 out of 28368515 objects to mesh.
[015858.64]  01-26 19:24  CatalogMesh                  INFO     Slab 12582912 ~ 16777216 / 28368515.
[015859.74]  01-26 19:24  CatalogMesh                  INFO     Painted 16777216 out of 28368515 objects to mesh.
[015859.74]  01-26 19:24  CatalogMesh                  INFO     Slab 16777216 ~ 20971520 / 28368515.
[015860.84]  01-26 19:24  CatalogMesh                  INFO     Painted 20971520 out of 28368515 objects to mesh.
[015860.84]  01-26 19:24  CatalogMesh                  INFO     Slab 20971520 ~ 25165824 / 28368515.
[015862.05]  01-26 19:24  CatalogMesh                  INFO     Painted 25165824 out of 28368515 objects to mesh.
[015862.05]  01-26 19:24  CatalogMesh                  INFO     Slab 25165824 ~ 29360128 / 28368515.
[015863.08]  01-26 19:24  CatalogMesh                  INFO     Painted 28368515 out of 28368515 objects to mesh.
[015866.83]  01-26 19:24  CatalogMesh                  INFO     Slab 0 ~ 4194304 / 28368515.
[015867.92]  01-26 19:24  CatalogMesh                  INFO     Painted 4194304 out of 28368515 objects to mesh.
[015867.93]  01-26 19:24  CatalogMesh                  INFO     Slab 4194304 ~ 8388608 / 28368515.
[015869.03]  01-26 19:24  CatalogMesh                  INFO     Painted 8388608 out of 28368515 objects to mesh.
[015869.03]  01-26 19:24  CatalogMesh                  INFO     Slab 8388608 ~ 12582912 / 28368515.
[015870.12]  01-26 19:24  CatalogMesh                  INFO     Painted 12582912 out of 28368515 objects to mesh.
[015870.13]  01-26 19:24  CatalogMesh                  INFO     Slab 12582912 ~ 16777216 / 28368515.
[015871.23]  01-26 19:24  CatalogMesh                  INFO     Painted 16777216 out of 28368515 objects to mesh.
[015871.23]  01-26 19:24  CatalogMesh                  INFO     Slab 16777216 ~ 20971520 / 28368515.
[015872.33]  01-26 19:24  CatalogMesh                  INFO     Painted 20971520 out of 28368515 objects to mesh.
[015872.33]  01-26 19:24  CatalogMesh                  INFO     Slab 20971520 ~ 25165824 / 28368515.
[015873.53]  01-26 19:24  CatalogMesh                  INFO     Painted 25165824 out of 28368515 objects to mesh.
[015873.53]  01-26 19:24  CatalogMesh                  INFO     Slab 25165824 ~ 29360128 / 28368515.
[015874.56]  01-26 19:24  CatalogMesh                  INFO     Painted 28368515 out of 28368515 objects to mesh.
[015880.05]  01-26 19:24  CatalogFFTPower              INFO     Done painting catalog 1 to mesh.
[015880.05]  01-26 19:24  CatalogFFTPower              INFO     Using 400 k-bins between 0.000 and 0.400.
[015880.05]  01-26 19:24  CatalogFFTPower              INFO     Meshes prepared in elapsed time 35.20 s.
[015880.05]  01-26 19:24  CatalogFFTPower              INFO     Running mesh calculation.
[015897.08]  01-26 19:25  CatalogFFTPower              INFO     Mesh calculations performed in elapsed time 17.03 s.
[015897.08]  01-26 19:25  CatalogFFTPower              INFO     Power spectrum computed in elapsed time 52.23 s.
[015897.08]  01-26 19:25  CatalogFFTPower              INFO     Saving /pscratch/sd/s/shengyu/galaxies/catalogs/Y3/AbacusHF-v2/Boxes/QSO/sn1p250/AbacusSummit_base_c000_ph023/mpspk/pkpoles_QSO_zp1.250_DR2_v1.0.npy.
[015897.09]  01-26 19:25  compute_2pt                  INFO     Save to /pscratch/sd/s/shengyu/galaxies/catalogs/Y3/AbacusHF-v2/Boxes/QSO/sn1p250/AbacusSummit_base_c000_ph023/mpspk/pkpoles_QSO_zp1.250_DR2_v1.0.npy
[015897.09]  01-26 19:25  TwoPointCorrelationFunction  INFO     Using estimator <class 'pycorr.twopoint_estimator.NaturalTwoPointEstimator'>.
[015897.09]  01-26 19:25  TwoPointCorrelationFunction  INFO     Running auto-correlation.
[015897.09]  01-26 19:25  TwoPointCorrelationFunction  INFO     Computing two-point counts D1D2.
[015917.31]  01-26 19:25  TwoPointCorrelationFunction  INFO     Analytically computing two-point counts R1R2.
[015917.31]  01-26 19:25  TwoPointCorrelationFunction  INFO     Correlation function computed in elapsed time 20.22 s.
[015917.31]  01-26 19:25  NaturalTwoPointEstimator     INFO     Saving /pscratch/sd/s/shengyu/galaxies/catalogs/Y3/AbacusHF-v2/Boxes/QSO/sn1p250/AbacusSummit_base_c000_ph023/mpspk/mpslog_QSO_zp1.250_DR2_v1.0.npy.
[015917.31]  01-26 19:25  compute_2pt                  INFO     Save to /pscratch/sd/s/shengyu/galaxies/catalogs/Y3/AbacusHF-v2/Boxes/QSO/sn1p250/AbacusSummit_base_c000_ph023/mpspk/mpslog_QSO_zp1.250_DR2_v1.0.npy
[015917.31]  01-26 19:25  TwoPointCorrelationFunction  INFO     Using estimator <class 'pycorr.twopoint_estimator.NaturalTwoPointEstimator'>.
[015917.31]  01-26 19:25  TwoPointCorrelationFunction  INFO     Running auto-correlation.
[015917.31]  01-26 19:25  TwoPointCorrelationFunction  INFO     Computing two-point counts D1D2.
[015940.78]  01-26 19:25  TwoPointCorrelationFunction  INFO     Analytically computing two-point counts R1R2.
[015940.79]  01-26 19:25  TwoPointCorrelationFunction  INFO     Correlation function computed in elapsed time 23.48 s.
[015940.79]  01-26 19:25  NaturalTwoPointEstimator     INFO     Saving /pscratch/sd/s/shengyu/galaxies/catalogs/Y3/AbacusHF-v2/Boxes/QSO/sn1p250/AbacusSummit_base_c000_ph023/mpspk/wplog_QSO_zp1.250_DR2_v1.0.npy.
[015940.80]  01-26 19:25  compute_2pt                  INFO     Save to /pscratch/sd/s/shengyu/galaxies/catalogs/Y3/AbacusHF-v2/Boxes/QSO/sn1p250/AbacusSummit_base_c000_ph023/mpspk/wplog_QSO_zp1.250_DR2_v1.0.npy
[015940.80]  01-26 19:25  compute_2pt                  INFO     Procceed {'version': 'AbacusHF-v2', 'domain': 'cubic', 'tracer': 'QSO', 'zsnap': 1.25, 'zrange': (1.1, 1.4), 'mock_id': 24, 'use_dv': 'False'}
[015940.80]  01-26 19:25  cat_tools                    INFO     Load /pscratch/sd/s/shengyu/galaxies/catalogs/Y3/AbacusHF-v2/Boxes/QSO/sn1p250/AbacusSummit_base_c000_ph024/abacus_HF_QSO_1p250_DR2_v2.0_AbacusSummit_base_c000_ph024_base_clustering.dat.h5
[015940.80]  01-26 19:25  FileStack                    INFO     Reading /pscratch/sd/s/shengyu/galaxies/catalogs/Y3/AbacusHF-v2/Boxes/QSO/sn1p250/AbacusSummit_base_c000_ph024/abacus_HF_QSO_1p250_DR2_v2.0_AbacusSummit_base_c000_ph024_base_clustering.dat.h5.
[015941.92]  01-26 19:25  TwoPointCorrelationFunction  INFO     Using estimator <class 'pycorr.twopoint_estimator.NaturalTwoPointEstimator'>.
[015941.92]  01-26 19:25  TwoPointCorrelationFunction  INFO     Running auto-correlation.
[015941.92]  01-26 19:25  TwoPointCorrelationFunction  INFO     Computing two-point counts D1D2.
[016048.63]  01-26 19:27  TwoPointCorrelationFunction  INFO     Analytically computing two-point counts R1R2.
[016048.63]  01-26 19:27  TwoPointCorrelationFunction  INFO     Correlation function computed in elapsed time 106.71 s.
[016048.63]  01-26 19:27  NaturalTwoPointEstimator     INFO     Saving /pscratch/sd/s/shengyu/galaxies/catalogs/Y3/AbacusHF-v2/Boxes/QSO/sn1p250/AbacusSummit_base_c000_ph024/mpspk/xipoles_QSO_zp1.250_DR2_v1.0.npy.
[016048.63]  01-26 19:27  compute_2pt                  INFO     Save to /pscratch/sd/s/shengyu/galaxies/catalogs/Y3/AbacusHF-v2/Boxes/QSO/sn1p250/AbacusSummit_base_c000_ph024/mpspk/xipoles_QSO_zp1.250_DR2_v1.0.npy
[016052.44]  01-26 19:27  CatalogFFTPower              INFO     Painting catalog 1 to mesh CatalogMesh(nmesh=[512 512 512], boxsize=[2000. 2000. 2000.], boxcenter=[ 999.99994904  999.99997246 1000.00012232], dtype=float64).
[016052.84]  01-26 19:27  CatalogMesh                  INFO     Slab 0 ~ 4194304 / 28380792.
[016053.96]  01-26 19:27  CatalogMesh                  INFO     Painted 4194304 out of 28380792 objects to mesh.
[016053.96]  01-26 19:27  CatalogMesh                  INFO     Slab 4194304 ~ 8388608 / 28380792.
[016055.06]  01-26 19:27  CatalogMesh                  INFO     Painted 8388608 out of 28380792 objects to mesh.
[016055.06]  01-26 19:27  CatalogMesh                  INFO     Slab 8388608 ~ 12582912 / 28380792.
[016056.17]  01-26 19:27  CatalogMesh                  INFO     Painted 12582912 out of 28380792 objects to mesh.
[016056.17]  01-26 19:27  CatalogMesh                  INFO     Slab 12582912 ~ 16777216 / 28380792.
[016057.28]  01-26 19:27  CatalogMesh                  INFO     Painted 16777216 out of 28380792 objects to mesh.
[016057.28]  01-26 19:27  CatalogMesh                  INFO     Slab 16777216 ~ 20971520 / 28380792.
[016058.39]  01-26 19:27  CatalogMesh                  INFO     Painted 20971520 out of 28380792 objects to mesh.
[016058.39]  01-26 19:27  CatalogMesh                  INFO     Slab 20971520 ~ 25165824 / 28380792.
[016059.59]  01-26 19:27  CatalogMesh                  INFO     Painted 25165824 out of 28380792 objects to mesh.
[016059.59]  01-26 19:27  CatalogMesh                  INFO     Slab 25165824 ~ 29360128 / 28380792.
[016060.63]  01-26 19:27  CatalogMesh                  INFO     Painted 28380792 out of 28380792 objects to mesh.
[016060.64]  01-26 19:27  CatalogMesh                  INFO     Running interlacing at order 3.
[016062.87]  01-26 19:27  CatalogMesh                  INFO     Slab 0 ~ 4194304 / 28380792.
[016063.98]  01-26 19:27  CatalogMesh                  INFO     Painted 4194304 out of 28380792 objects to mesh.
[016063.98]  01-26 19:27  CatalogMesh                  INFO     Slab 4194304 ~ 8388608 / 28380792.
[016065.08]  01-26 19:27  CatalogMesh                  INFO     Painted 8388608 out of 28380792 objects to mesh.
[016065.08]  01-26 19:27  CatalogMesh                  INFO     Slab 8388608 ~ 12582912 / 28380792.
[016066.19]  01-26 19:27  CatalogMesh                  INFO     Painted 12582912 out of 28380792 objects to mesh.
[016066.19]  01-26 19:27  CatalogMesh                  INFO     Slab 12582912 ~ 16777216 / 28380792.
[016067.29]  01-26 19:28  CatalogMesh                  INFO     Painted 16777216 out of 28380792 objects to mesh.
[016067.29]  01-26 19:28  CatalogMesh                  INFO     Slab 16777216 ~ 20971520 / 28380792.
[016068.39]  01-26 19:28  CatalogMesh                  INFO     Painted 20971520 out of 28380792 objects to mesh.
[016068.39]  01-26 19:28  CatalogMesh                  INFO     Slab 20971520 ~ 25165824 / 28380792.
[016069.59]  01-26 19:28  CatalogMesh                  INFO     Painted 25165824 out of 28380792 objects to mesh.
[016069.60]  01-26 19:28  CatalogMesh                  INFO     Slab 25165824 ~ 29360128 / 28380792.
[016070.65]  01-26 19:28  CatalogMesh                  INFO     Painted 28380792 out of 28380792 objects to mesh.
[016074.41]  01-26 19:28  CatalogMesh                  INFO     Slab 0 ~ 4194304 / 28380792.
[016075.52]  01-26 19:28  CatalogMesh                  INFO     Painted 4194304 out of 28380792 objects to mesh.
[016075.52]  01-26 19:28  CatalogMesh                  INFO     Slab 4194304 ~ 8388608 / 28380792.
[016076.63]  01-26 19:28  CatalogMesh                  INFO     Painted 8388608 out of 28380792 objects to mesh.
[016076.63]  01-26 19:28  CatalogMesh                  INFO     Slab 8388608 ~ 12582912 / 28380792.
[016077.74]  01-26 19:28  CatalogMesh                  INFO     Painted 12582912 out of 28380792 objects to mesh.
[016077.74]  01-26 19:28  CatalogMesh                  INFO     Slab 12582912 ~ 16777216 / 28380792.
[016078.84]  01-26 19:28  CatalogMesh                  INFO     Painted 16777216 out of 28380792 objects to mesh.
[016078.84]  01-26 19:28  CatalogMesh                  INFO     Slab 16777216 ~ 20971520 / 28380792.
[016079.95]  01-26 19:28  CatalogMesh                  INFO     Painted 20971520 out of 28380792 objects to mesh.
[016079.95]  01-26 19:28  CatalogMesh                  INFO     Slab 20971520 ~ 25165824 / 28380792.
[016081.15]  01-26 19:28  CatalogMesh                  INFO     Painted 25165824 out of 28380792 objects to mesh.
[016081.15]  01-26 19:28  CatalogMesh                  INFO     Slab 25165824 ~ 29360128 / 28380792.
[016082.19]  01-26 19:28  CatalogMesh                  INFO     Painted 28380792 out of 28380792 objects to mesh.
[016087.69]  01-26 19:28  CatalogFFTPower              INFO     Done painting catalog 1 to mesh.
[016087.69]  01-26 19:28  CatalogFFTPower              INFO     Using 400 k-bins between 0.000 and 0.400.
[016087.69]  01-26 19:28  CatalogFFTPower              INFO     Meshes prepared in elapsed time 35.25 s.
[016087.69]  01-26 19:28  CatalogFFTPower              INFO     Running mesh calculation.
[016104.80]  01-26 19:28  CatalogFFTPower              INFO     Mesh calculations performed in elapsed time 17.11 s.
[016104.80]  01-26 19:28  CatalogFFTPower              INFO     Power spectrum computed in elapsed time 52.36 s.
[016104.81]  01-26 19:28  CatalogFFTPower              INFO     Saving /pscratch/sd/s/shengyu/galaxies/catalogs/Y3/AbacusHF-v2/Boxes/QSO/sn1p250/AbacusSummit_base_c000_ph024/mpspk/pkpoles_QSO_zp1.250_DR2_v1.0.npy.
[016104.81]  01-26 19:28  compute_2pt                  INFO     Save to /pscratch/sd/s/shengyu/galaxies/catalogs/Y3/AbacusHF-v2/Boxes/QSO/sn1p250/AbacusSummit_base_c000_ph024/mpspk/pkpoles_QSO_zp1.250_DR2_v1.0.npy
[016104.81]  01-26 19:28  TwoPointCorrelationFunction  INFO     Using estimator <class 'pycorr.twopoint_estimator.NaturalTwoPointEstimator'>.
[016104.81]  01-26 19:28  TwoPointCorrelationFunction  INFO     Running auto-correlation.
[016104.81]  01-26 19:28  TwoPointCorrelationFunction  INFO     Computing two-point counts D1D2.
[016126.64]  01-26 19:28  TwoPointCorrelationFunction  INFO     Analytically computing two-point counts R1R2.
[016126.64]  01-26 19:28  TwoPointCorrelationFunction  INFO     Correlation function computed in elapsed time 21.83 s.
[016126.64]  01-26 19:28  NaturalTwoPointEstimator     INFO     Saving /pscratch/sd/s/shengyu/galaxies/catalogs/Y3/AbacusHF-v2/Boxes/QSO/sn1p250/AbacusSummit_base_c000_ph024/mpspk/mpslog_QSO_zp1.250_DR2_v1.0.npy.
[016126.64]  01-26 19:28  compute_2pt                  INFO     Save to /pscratch/sd/s/shengyu/galaxies/catalogs/Y3/AbacusHF-v2/Boxes/QSO/sn1p250/AbacusSummit_base_c000_ph024/mpspk/mpslog_QSO_zp1.250_DR2_v1.0.npy
[016126.64]  01-26 19:28  TwoPointCorrelationFunction  INFO     Using estimator <class 'pycorr.twopoint_estimator.NaturalTwoPointEstimator'>.
[016126.64]  01-26 19:28  TwoPointCorrelationFunction  INFO     Running auto-correlation.
[016126.64]  01-26 19:28  TwoPointCorrelationFunction  INFO     Computing two-point counts D1D2.
[016149.95]  01-26 19:29  TwoPointCorrelationFunction  INFO     Analytically computing two-point counts R1R2.
[016149.95]  01-26 19:29  TwoPointCorrelationFunction  INFO     Correlation function computed in elapsed time 23.31 s.
[016149.95]  01-26 19:29  NaturalTwoPointEstimator     INFO     Saving /pscratch/sd/s/shengyu/galaxies/catalogs/Y3/AbacusHF-v2/Boxes/QSO/sn1p250/AbacusSummit_base_c000_ph024/mpspk/wplog_QSO_zp1.250_DR2_v1.0.npy.
[016149.95]  01-26 19:29  compute_2pt                  INFO     Save to /pscratch/sd/s/shengyu/galaxies/catalogs/Y3/AbacusHF-v2/Boxes/QSO/sn1p250/AbacusSummit_base_c000_ph024/mpspk/wplog_QSO_zp1.250_DR2_v1.0.npy
[016149.96]  01-26 19:29  compute_2pt                  INFO     Procceed {'version': 'AbacusHF-v2', 'domain': 'cubic', 'tracer': 'QSO', 'zsnap': 1.55, 'zrange': (1.4, 1.7), 'mock_id': 0, 'use_dv': 'False'}
[016149.96]  01-26 19:29  cat_tools                    INFO     Load /pscratch/sd/s/shengyu/galaxies/catalogs/Y3/AbacusHF-v2/Boxes/QSO/sn1p550/AbacusSummit_base_c000_ph000/abacus_HF_QSO_1p550_DR2_v2.0_AbacusSummit_base_c000_ph000_base_clustering.dat.h5
[016149.96]  01-26 19:29  FileStack                    INFO     Reading /pscratch/sd/s/shengyu/galaxies/catalogs/Y3/AbacusHF-v2/Boxes/QSO/sn1p550/AbacusSummit_base_c000_ph000/abacus_HF_QSO_1p550_DR2_v2.0_AbacusSummit_base_c000_ph000_base_clustering.dat.h5.
[016150.88]  01-26 19:29  TwoPointCorrelationFunction  INFO     Using estimator <class 'pycorr.twopoint_estimator.NaturalTwoPointEstimator'>.
[016150.88]  01-26 19:29  TwoPointCorrelationFunction  INFO     Running auto-correlation.
[016150.88]  01-26 19:29  TwoPointCorrelationFunction  INFO     Computing two-point counts D1D2.
[016221.79]  01-26 19:30  TwoPointCorrelationFunction  INFO     Analytically computing two-point counts R1R2.
[016221.79]  01-26 19:30  TwoPointCorrelationFunction  INFO     Correlation function computed in elapsed time 70.91 s.
[016221.79]  01-26 19:30  NaturalTwoPointEstimator     INFO     Saving /pscratch/sd/s/shengyu/galaxies/catalogs/Y3/AbacusHF-v2/Boxes/QSO/sn1p550/AbacusSummit_base_c000_ph000/mpspk/xipoles_QSO_zp1.550_DR2_v1.0.npy.
[016221.80]  01-26 19:30  compute_2pt                  INFO     Save to /pscratch/sd/s/shengyu/galaxies/catalogs/Y3/AbacusHF-v2/Boxes/QSO/sn1p550/AbacusSummit_base_c000_ph000/mpspk/xipoles_QSO_zp1.550_DR2_v1.0.npy
[016224.94]  01-26 19:30  CatalogFFTPower              INFO     Painting catalog 1 to mesh CatalogMesh(nmesh=[512 512 512], boxsize=[2000. 2000. 2000.], boxcenter=[1000.00001268  999.9998731   999.99999745], dtype=float64).
[016225.29]  01-26 19:30  CatalogMesh                  INFO     Slab 0 ~ 4194304 / 23373217.
[016226.43]  01-26 19:30  CatalogMesh                  INFO     Painted 4194304 out of 23373217 objects to mesh.
[016226.43]  01-26 19:30  CatalogMesh                  INFO     Slab 4194304 ~ 8388608 / 23373217.
[016227.56]  01-26 19:30  CatalogMesh                  INFO     Painted 8388608 out of 23373217 objects to mesh.
[016227.56]  01-26 19:30  CatalogMesh                  INFO     Slab 8388608 ~ 12582912 / 23373217.
[016228.69]  01-26 19:30  CatalogMesh                  INFO     Painted 12582912 out of 23373217 objects to mesh.
[016228.69]  01-26 19:30  CatalogMesh                  INFO     Slab 12582912 ~ 16777216 / 23373217.
[016229.81]  01-26 19:30  CatalogMesh                  INFO     Painted 16777216 out of 23373217 objects to mesh.
[016229.81]  01-26 19:30  CatalogMesh                  INFO     Slab 16777216 ~ 20971520 / 23373217.
[016231.01]  01-26 19:30  CatalogMesh                  INFO     Painted 20971520 out of 23373217 objects to mesh.
[016231.01]  01-26 19:30  CatalogMesh                  INFO     Slab 20971520 ~ 25165824 / 23373217.
[016231.86]  01-26 19:30  CatalogMesh                  INFO     Painted 23373217 out of 23373217 objects to mesh.
[016231.86]  01-26 19:30  CatalogMesh                  INFO     Running interlacing at order 3.
[016234.05]  01-26 19:30  CatalogMesh                  INFO     Slab 0 ~ 4194304 / 23373217.
[016235.17]  01-26 19:30  CatalogMesh                  INFO     Painted 4194304 out of 23373217 objects to mesh.
[016235.17]  01-26 19:30  CatalogMesh                  INFO     Slab 4194304 ~ 8388608 / 23373217.
[016236.30]  01-26 19:30  CatalogMesh                  INFO     Painted 8388608 out of 23373217 objects to mesh.
[016236.30]  01-26 19:30  CatalogMesh                  INFO     Slab 8388608 ~ 12582912 / 23373217.
[016237.43]  01-26 19:30  CatalogMesh                  INFO     Painted 12582912 out of 23373217 objects to mesh.
[016237.43]  01-26 19:30  CatalogMesh                  INFO     Slab 12582912 ~ 16777216 / 23373217.
[016238.55]  01-26 19:30  CatalogMesh                  INFO     Painted 16777216 out of 23373217 objects to mesh.
[016238.55]  01-26 19:30  CatalogMesh                  INFO     Slab 16777216 ~ 20971520 / 23373217.
[016239.75]  01-26 19:30  CatalogMesh                  INFO     Painted 20971520 out of 23373217 objects to mesh.
[016239.75]  01-26 19:30  CatalogMesh                  INFO     Slab 20971520 ~ 25165824 / 23373217.
[016240.58]  01-26 19:30  CatalogMesh                  INFO     Painted 23373217 out of 23373217 objects to mesh.
[016244.33]  01-26 19:30  CatalogMesh                  INFO     Slab 0 ~ 4194304 / 23373217.
[016245.45]  01-26 19:30  CatalogMesh                  INFO     Painted 4194304 out of 23373217 objects to mesh.
[016245.45]  01-26 19:30  CatalogMesh                  INFO     Slab 4194304 ~ 8388608 / 23373217.
[016246.58]  01-26 19:30  CatalogMesh                  INFO     Painted 8388608 out of 23373217 objects to mesh.
[016246.58]  01-26 19:30  CatalogMesh                  INFO     Slab 8388608 ~ 12582912 / 23373217.
[016247.71]  01-26 19:31  CatalogMesh                  INFO     Painted 12582912 out of 23373217 objects to mesh.
[016247.71]  01-26 19:31  CatalogMesh                  INFO     Slab 12582912 ~ 16777216 / 23373217.
[016248.84]  01-26 19:31  CatalogMesh                  INFO     Painted 16777216 out of 23373217 objects to mesh.
[016248.84]  01-26 19:31  CatalogMesh                  INFO     Slab 16777216 ~ 20971520 / 23373217.
[016250.04]  01-26 19:31  CatalogMesh                  INFO     Painted 20971520 out of 23373217 objects to mesh.
[016250.04]  01-26 19:31  CatalogMesh                  INFO     Slab 20971520 ~ 25165824 / 23373217.
[016250.87]  01-26 19:31  CatalogMesh                  INFO     Painted 23373217 out of 23373217 objects to mesh.
[016256.39]  01-26 19:31  CatalogFFTPower              INFO     Done painting catalog 1 to mesh.
[016256.39]  01-26 19:31  CatalogFFTPower              INFO     Using 400 k-bins between 0.000 and 0.400.
[016256.40]  01-26 19:31  CatalogFFTPower              INFO     Meshes prepared in elapsed time 31.46 s.
[016256.40]  01-26 19:31  CatalogFFTPower              INFO     Running mesh calculation.
[016273.49]  01-26 19:31  CatalogFFTPower              INFO     Mesh calculations performed in elapsed time 17.10 s.
[016273.49]  01-26 19:31  CatalogFFTPower              INFO     Power spectrum computed in elapsed time 48.56 s.
[016273.50]  01-26 19:31  CatalogFFTPower              INFO     Saving /pscratch/sd/s/shengyu/galaxies/catalogs/Y3/AbacusHF-v2/Boxes/QSO/sn1p550/AbacusSummit_base_c000_ph000/mpspk/pkpoles_QSO_zp1.550_DR2_v1.0.npy.
[016273.50]  01-26 19:31  compute_2pt                  INFO     Save to /pscratch/sd/s/shengyu/galaxies/catalogs/Y3/AbacusHF-v2/Boxes/QSO/sn1p550/AbacusSummit_base_c000_ph000/mpspk/pkpoles_QSO_zp1.550_DR2_v1.0.npy
[016273.50]  01-26 19:31  TwoPointCorrelationFunction  INFO     Using estimator <class 'pycorr.twopoint_estimator.NaturalTwoPointEstimator'>.
[016273.50]  01-26 19:31  TwoPointCorrelationFunction  INFO     Running auto-correlation.
[016273.50]  01-26 19:31  TwoPointCorrelationFunction  INFO     Computing two-point counts D1D2.
[016287.10]  01-26 19:31  TwoPointCorrelationFunction  INFO     Analytically computing two-point counts R1R2.
[016287.11]  01-26 19:31  TwoPointCorrelationFunction  INFO     Correlation function computed in elapsed time 13.61 s.
[016287.11]  01-26 19:31  NaturalTwoPointEstimator     INFO     Saving /pscratch/sd/s/shengyu/galaxies/catalogs/Y3/AbacusHF-v2/Boxes/QSO/sn1p550/AbacusSummit_base_c000_ph000/mpspk/mpslog_QSO_zp1.550_DR2_v1.0.npy.
[016287.11]  01-26 19:31  compute_2pt                  INFO     Save to /pscratch/sd/s/shengyu/galaxies/catalogs/Y3/AbacusHF-v2/Boxes/QSO/sn1p550/AbacusSummit_base_c000_ph000/mpspk/mpslog_QSO_zp1.550_DR2_v1.0.npy
[016287.11]  01-26 19:31  TwoPointCorrelationFunction  INFO     Using estimator <class 'pycorr.twopoint_estimator.NaturalTwoPointEstimator'>.
[016287.11]  01-26 19:31  TwoPointCorrelationFunction  INFO     Running auto-correlation.
[016287.11]  01-26 19:31  TwoPointCorrelationFunction  INFO     Computing two-point counts D1D2.
[016306.44]  01-26 19:31  TwoPointCorrelationFunction  INFO     Analytically computing two-point counts R1R2.
[016306.44]  01-26 19:31  TwoPointCorrelationFunction  INFO     Correlation function computed in elapsed time 19.33 s.
[016306.44]  01-26 19:31  NaturalTwoPointEstimator     INFO     Saving /pscratch/sd/s/shengyu/galaxies/catalogs/Y3/AbacusHF-v2/Boxes/QSO/sn1p550/AbacusSummit_base_c000_ph000/mpspk/wplog_QSO_zp1.550_DR2_v1.0.npy.
[016306.44]  01-26 19:31  compute_2pt                  INFO     Save to /pscratch/sd/s/shengyu/galaxies/catalogs/Y3/AbacusHF-v2/Boxes/QSO/sn1p550/AbacusSummit_base_c000_ph000/mpspk/wplog_QSO_zp1.550_DR2_v1.0.npy
[016306.44]  01-26 19:31  compute_2pt                  INFO     Procceed {'version': 'AbacusHF-v2', 'domain': 'cubic', 'tracer': 'QSO', 'zsnap': 1.55, 'zrange': (1.4, 1.7), 'mock_id': 1, 'use_dv': 'False'}
[016306.44]  01-26 19:31  cat_tools                    INFO     Load /pscratch/sd/s/shengyu/galaxies/catalogs/Y3/AbacusHF-v2/Boxes/QSO/sn1p550/AbacusSummit_base_c000_ph001/abacus_HF_QSO_1p550_DR2_v2.0_AbacusSummit_base_c000_ph001_base_clustering.dat.h5
[016306.45]  01-26 19:31  FileStack                    INFO     Reading /pscratch/sd/s/shengyu/galaxies/catalogs/Y3/AbacusHF-v2/Boxes/QSO/sn1p550/AbacusSummit_base_c000_ph001/abacus_HF_QSO_1p550_DR2_v2.0_AbacusSummit_base_c000_ph001_base_clustering.dat.h5.
[016307.36]  01-26 19:32  TwoPointCorrelationFunction  INFO     Using estimator <class 'pycorr.twopoint_estimator.NaturalTwoPointEstimator'>.
[016307.36]  01-26 19:32  TwoPointCorrelationFunction  INFO     Running auto-correlation.
[016307.36]  01-26 19:32  TwoPointCorrelationFunction  INFO     Computing two-point counts D1D2.
[016379.18]  01-26 19:33  TwoPointCorrelationFunction  INFO     Analytically computing two-point counts R1R2.
[016379.19]  01-26 19:33  TwoPointCorrelationFunction  INFO     Correlation function computed in elapsed time 71.83 s.
[016379.19]  01-26 19:33  NaturalTwoPointEstimator     INFO     Saving /pscratch/sd/s/shengyu/galaxies/catalogs/Y3/AbacusHF-v2/Boxes/QSO/sn1p550/AbacusSummit_base_c000_ph001/mpspk/xipoles_QSO_zp1.550_DR2_v1.0.npy.
[016379.19]  01-26 19:33  compute_2pt                  INFO     Save to /pscratch/sd/s/shengyu/galaxies/catalogs/Y3/AbacusHF-v2/Boxes/QSO/sn1p550/AbacusSummit_base_c000_ph001/mpspk/xipoles_QSO_zp1.550_DR2_v1.0.npy
[016382.32]  01-26 19:33  CatalogFFTPower              INFO     Painting catalog 1 to mesh CatalogMesh(nmesh=[512 512 512], boxsize=[2000. 2000. 2000.], boxcenter=[ 999.99995821 1000.00008014 1000.00001124], dtype=float64).
[016382.67]  01-26 19:33  CatalogMesh                  INFO     Slab 0 ~ 4194304 / 23350861.
[016383.80]  01-26 19:33  CatalogMesh                  INFO     Painted 4194304 out of 23350861 objects to mesh.
[016383.80]  01-26 19:33  CatalogMesh                  INFO     Slab 4194304 ~ 8388608 / 23350861.
[016384.92]  01-26 19:33  CatalogMesh                  INFO     Painted 8388608 out of 23350861 objects to mesh.
[016384.92]  01-26 19:33  CatalogMesh                  INFO     Slab 8388608 ~ 12582912 / 23350861.
[016386.04]  01-26 19:33  CatalogMesh                  INFO     Painted 12582912 out of 23350861 objects to mesh.
[016386.05]  01-26 19:33  CatalogMesh                  INFO     Slab 12582912 ~ 16777216 / 23350861.
[016387.16]  01-26 19:33  CatalogMesh                  INFO     Painted 16777216 out of 23350861 objects to mesh.
[016387.16]  01-26 19:33  CatalogMesh                  INFO     Slab 16777216 ~ 20971520 / 23350861.
[016388.36]  01-26 19:33  CatalogMesh                  INFO     Painted 20971520 out of 23350861 objects to mesh.
[016388.36]  01-26 19:33  CatalogMesh                  INFO     Slab 20971520 ~ 25165824 / 23350861.
[016389.18]  01-26 19:33  CatalogMesh                  INFO     Painted 23350861 out of 23350861 objects to mesh.
[016389.18]  01-26 19:33  CatalogMesh                  INFO     Running interlacing at order 3.
[016391.38]  01-26 19:33  CatalogMesh                  INFO     Slab 0 ~ 4194304 / 23350861.
[016392.49]  01-26 19:33  CatalogMesh                  INFO     Painted 4194304 out of 23350861 objects to mesh.
[016392.49]  01-26 19:33  CatalogMesh                  INFO     Slab 4194304 ~ 8388608 / 23350861.
[016393.61]  01-26 19:33  CatalogMesh                  INFO     Painted 8388608 out of 23350861 objects to mesh.
[016393.61]  01-26 19:33  CatalogMesh                  INFO     Slab 8388608 ~ 12582912 / 23350861.
[016394.73]  01-26 19:33  CatalogMesh                  INFO     Painted 12582912 out of 23350861 objects to mesh.
[016394.73]  01-26 19:33  CatalogMesh                  INFO     Slab 12582912 ~ 16777216 / 23350861.
[016395.85]  01-26 19:33  CatalogMesh                  INFO     Painted 16777216 out of 23350861 objects to mesh.
[016395.85]  01-26 19:33  CatalogMesh                  INFO     Slab 16777216 ~ 20971520 / 23350861.
[016397.05]  01-26 19:33  CatalogMesh                  INFO     Painted 20971520 out of 23350861 objects to mesh.
[016397.05]  01-26 19:33  CatalogMesh                  INFO     Slab 20971520 ~ 25165824 / 23350861.
[016397.87]  01-26 19:33  CatalogMesh                  INFO     Painted 23350861 out of 23350861 objects to mesh.
[016401.60]  01-26 19:33  CatalogMesh                  INFO     Slab 0 ~ 4194304 / 23350861.
[016402.72]  01-26 19:33  CatalogMesh                  INFO     Painted 4194304 out of 23350861 objects to mesh.
[016402.72]  01-26 19:33  CatalogMesh                  INFO     Slab 4194304 ~ 8388608 / 23350861.
[016403.85]  01-26 19:33  CatalogMesh                  INFO     Painted 8388608 out of 23350861 objects to mesh.
[016403.85]  01-26 19:33  CatalogMesh                  INFO     Slab 8388608 ~ 12582912 / 23350861.
[016404.97]  01-26 19:33  CatalogMesh                  INFO     Painted 12582912 out of 23350861 objects to mesh.
[016404.97]  01-26 19:33  CatalogMesh                  INFO     Slab 12582912 ~ 16777216 / 23350861.
[016406.09]  01-26 19:33  CatalogMesh                  INFO     Painted 16777216 out of 23350861 objects to mesh.
[016406.09]  01-26 19:33  CatalogMesh                  INFO     Slab 16777216 ~ 20971520 / 23350861.
[016407.29]  01-26 19:33  CatalogMesh                  INFO     Painted 20971520 out of 23350861 objects to mesh.
[016407.29]  01-26 19:33  CatalogMesh                  INFO     Slab 20971520 ~ 25165824 / 23350861.
[016408.10]  01-26 19:33  CatalogMesh                  INFO     Painted 23350861 out of 23350861 objects to mesh.
[016413.57]  01-26 19:33  CatalogFFTPower              INFO     Done painting catalog 1 to mesh.
[016413.57]  01-26 19:33  CatalogFFTPower              INFO     Using 400 k-bins between 0.000 and 0.400.
[016413.57]  01-26 19:33  CatalogFFTPower              INFO     Meshes prepared in elapsed time 31.25 s.
[016413.57]  01-26 19:33  CatalogFFTPower              INFO     Running mesh calculation.
[016430.58]  01-26 19:34  CatalogFFTPower              INFO     Mesh calculations performed in elapsed time 17.01 s.
[016430.58]  01-26 19:34  CatalogFFTPower              INFO     Power spectrum computed in elapsed time 48.26 s.
[016430.59]  01-26 19:34  CatalogFFTPower              INFO     Saving /pscratch/sd/s/shengyu/galaxies/catalogs/Y3/AbacusHF-v2/Boxes/QSO/sn1p550/AbacusSummit_base_c000_ph001/mpspk/pkpoles_QSO_zp1.550_DR2_v1.0.npy.
[016430.59]  01-26 19:34  compute_2pt                  INFO     Save to /pscratch/sd/s/shengyu/galaxies/catalogs/Y3/AbacusHF-v2/Boxes/QSO/sn1p550/AbacusSummit_base_c000_ph001/mpspk/pkpoles_QSO_zp1.550_DR2_v1.0.npy
[016430.59]  01-26 19:34  TwoPointCorrelationFunction  INFO     Using estimator <class 'pycorr.twopoint_estimator.NaturalTwoPointEstimator'>.
[016430.59]  01-26 19:34  TwoPointCorrelationFunction  INFO     Running auto-correlation.
[016430.59]  01-26 19:34  TwoPointCorrelationFunction  INFO     Computing two-point counts D1D2.
[016447.04]  01-26 19:34  TwoPointCorrelationFunction  INFO     Analytically computing two-point counts R1R2.
[016447.04]  01-26 19:34  TwoPointCorrelationFunction  INFO     Correlation function computed in elapsed time 16.45 s.
[016447.04]  01-26 19:34  NaturalTwoPointEstimator     INFO     Saving /pscratch/sd/s/shengyu/galaxies/catalogs/Y3/AbacusHF-v2/Boxes/QSO/sn1p550/AbacusSummit_base_c000_ph001/mpspk/mpslog_QSO_zp1.550_DR2_v1.0.npy.
[016447.04]  01-26 19:34  compute_2pt                  INFO     Save to /pscratch/sd/s/shengyu/galaxies/catalogs/Y3/AbacusHF-v2/Boxes/QSO/sn1p550/AbacusSummit_base_c000_ph001/mpspk/mpslog_QSO_zp1.550_DR2_v1.0.npy
[016447.04]  01-26 19:34  TwoPointCorrelationFunction  INFO     Using estimator <class 'pycorr.twopoint_estimator.NaturalTwoPointEstimator'>.
[016447.04]  01-26 19:34  TwoPointCorrelationFunction  INFO     Running auto-correlation.
[016447.04]  01-26 19:34  TwoPointCorrelationFunction  INFO     Computing two-point counts D1D2.
[016466.43]  01-26 19:34  TwoPointCorrelationFunction  INFO     Analytically computing two-point counts R1R2.
[016466.43]  01-26 19:34  TwoPointCorrelationFunction  INFO     Correlation function computed in elapsed time 19.39 s.
[016466.43]  01-26 19:34  NaturalTwoPointEstimator     INFO     Saving /pscratch/sd/s/shengyu/galaxies/catalogs/Y3/AbacusHF-v2/Boxes/QSO/sn1p550/AbacusSummit_base_c000_ph001/mpspk/wplog_QSO_zp1.550_DR2_v1.0.npy.
[016466.44]  01-26 19:34  compute_2pt                  INFO     Save to /pscratch/sd/s/shengyu/galaxies/catalogs/Y3/AbacusHF-v2/Boxes/QSO/sn1p550/AbacusSummit_base_c000_ph001/mpspk/wplog_QSO_zp1.550_DR2_v1.0.npy
[016466.44]  01-26 19:34  compute_2pt                  INFO     Procceed {'version': 'AbacusHF-v2', 'domain': 'cubic', 'tracer': 'QSO', 'zsnap': 1.55, 'zrange': (1.4, 1.7), 'mock_id': 2, 'use_dv': 'False'}
[016466.44]  01-26 19:34  cat_tools                    INFO     Load /pscratch/sd/s/shengyu/galaxies/catalogs/Y3/AbacusHF-v2/Boxes/QSO/sn1p550/AbacusSummit_base_c000_ph002/abacus_HF_QSO_1p550_DR2_v2.0_AbacusSummit_base_c000_ph002_base_clustering.dat.h5
[016466.44]  01-26 19:34  FileStack                    INFO     Reading /pscratch/sd/s/shengyu/galaxies/catalogs/Y3/AbacusHF-v2/Boxes/QSO/sn1p550/AbacusSummit_base_c000_ph002/abacus_HF_QSO_1p550_DR2_v2.0_AbacusSummit_base_c000_ph002_base_clustering.dat.h5.
[016467.35]  01-26 19:34  TwoPointCorrelationFunction  INFO     Using estimator <class 'pycorr.twopoint_estimator.NaturalTwoPointEstimator'>.
[016467.35]  01-26 19:34  TwoPointCorrelationFunction  INFO     Running auto-correlation.
[016467.35]  01-26 19:34  TwoPointCorrelationFunction  INFO     Computing two-point counts D1D2.
[016538.39]  01-26 19:35  TwoPointCorrelationFunction  INFO     Analytically computing two-point counts R1R2.
[016538.39]  01-26 19:35  TwoPointCorrelationFunction  INFO     Correlation function computed in elapsed time 71.04 s.
[016538.39]  01-26 19:35  NaturalTwoPointEstimator     INFO     Saving /pscratch/sd/s/shengyu/galaxies/catalogs/Y3/AbacusHF-v2/Boxes/QSO/sn1p550/AbacusSummit_base_c000_ph002/mpspk/xipoles_QSO_zp1.550_DR2_v1.0.npy.
[016538.40]  01-26 19:35  compute_2pt                  INFO     Save to /pscratch/sd/s/shengyu/galaxies/catalogs/Y3/AbacusHF-v2/Boxes/QSO/sn1p550/AbacusSummit_base_c000_ph002/mpspk/xipoles_QSO_zp1.550_DR2_v1.0.npy
[016541.53]  01-26 19:35  CatalogFFTPower              INFO     Painting catalog 1 to mesh CatalogMesh(nmesh=[512 512 512], boxsize=[2000. 2000. 2000.], boxcenter=[999.99999259 999.99998898 999.99996909], dtype=float64).
[016541.88]  01-26 19:35  CatalogMesh                  INFO     Slab 0 ~ 4194304 / 23334069.
[016543.02]  01-26 19:35  CatalogMesh                  INFO     Painted 4194304 out of 23334069 objects to mesh.
[016543.02]  01-26 19:35  CatalogMesh                  INFO     Slab 4194304 ~ 8388608 / 23334069.
[016544.14]  01-26 19:35  CatalogMesh                  INFO     Painted 8388608 out of 23334069 objects to mesh.
[016544.14]  01-26 19:35  CatalogMesh                  INFO     Slab 8388608 ~ 12582912 / 23334069.
[016545.26]  01-26 19:35  CatalogMesh                  INFO     Painted 12582912 out of 23334069 objects to mesh.
[016545.26]  01-26 19:35  CatalogMesh                  INFO     Slab 12582912 ~ 16777216 / 23334069.
[016546.38]  01-26 19:35  CatalogMesh                  INFO     Painted 16777216 out of 23334069 objects to mesh.
[016546.38]  01-26 19:35  CatalogMesh                  INFO     Slab 16777216 ~ 20971520 / 23334069.
[016547.58]  01-26 19:36  CatalogMesh                  INFO     Painted 20971520 out of 23334069 objects to mesh.
[016547.58]  01-26 19:36  CatalogMesh                  INFO     Slab 20971520 ~ 25165824 / 23334069.
[016548.40]  01-26 19:36  CatalogMesh                  INFO     Painted 23334069 out of 23334069 objects to mesh.
[016548.40]  01-26 19:36  CatalogMesh                  INFO     Running interlacing at order 3.
[016550.57]  01-26 19:36  CatalogMesh                  INFO     Slab 0 ~ 4194304 / 23334069.
[016551.69]  01-26 19:36  CatalogMesh                  INFO     Painted 4194304 out of 23334069 objects to mesh.
[016551.69]  01-26 19:36  CatalogMesh                  INFO     Slab 4194304 ~ 8388608 / 23334069.
[016552.81]  01-26 19:36  CatalogMesh                  INFO     Painted 8388608 out of 23334069 objects to mesh.
[016552.81]  01-26 19:36  CatalogMesh                  INFO     Slab 8388608 ~ 12582912 / 23334069.
[016553.93]  01-26 19:36  CatalogMesh                  INFO     Painted 12582912 out of 23334069 objects to mesh.
[016553.93]  01-26 19:36  CatalogMesh                  INFO     Slab 12582912 ~ 16777216 / 23334069.
[016555.07]  01-26 19:36  CatalogMesh                  INFO     Painted 16777216 out of 23334069 objects to mesh.
[016555.07]  01-26 19:36  CatalogMesh                  INFO     Slab 16777216 ~ 20971520 / 23334069.
[016556.27]  01-26 19:36  CatalogMesh                  INFO     Painted 20971520 out of 23334069 objects to mesh.
[016556.27]  01-26 19:36  CatalogMesh                  INFO     Slab 20971520 ~ 25165824 / 23334069.
[016557.08]  01-26 19:36  CatalogMesh                  INFO     Painted 23334069 out of 23334069 objects to mesh.
[016560.78]  01-26 19:36  CatalogMesh                  INFO     Slab 0 ~ 4194304 / 23334069.
[016561.90]  01-26 19:36  CatalogMesh                  INFO     Painted 4194304 out of 23334069 objects to mesh.
[016561.90]  01-26 19:36  CatalogMesh                  INFO     Slab 4194304 ~ 8388608 / 23334069.
[016563.02]  01-26 19:36  CatalogMesh                  INFO     Painted 8388608 out of 23334069 objects to mesh.
[016563.02]  01-26 19:36  CatalogMesh                  INFO     Slab 8388608 ~ 12582912 / 23334069.
[016564.14]  01-26 19:36  CatalogMesh                  INFO     Painted 12582912 out of 23334069 objects to mesh.
[016564.14]  01-26 19:36  CatalogMesh                  INFO     Slab 12582912 ~ 16777216 / 23334069.
[016565.25]  01-26 19:36  CatalogMesh                  INFO     Painted 16777216 out of 23334069 objects to mesh.
[016565.25]  01-26 19:36  CatalogMesh                  INFO     Slab 16777216 ~ 20971520 / 23334069.
[016566.46]  01-26 19:36  CatalogMesh                  INFO     Painted 20971520 out of 23334069 objects to mesh.
[016566.46]  01-26 19:36  CatalogMesh                  INFO     Slab 20971520 ~ 25165824 / 23334069.
[016567.27]  01-26 19:36  CatalogMesh                  INFO     Painted 23334069 out of 23334069 objects to mesh.
[016572.74]  01-26 19:36  CatalogFFTPower              INFO     Done painting catalog 1 to mesh.
[016572.74]  01-26 19:36  CatalogFFTPower              INFO     Using 400 k-bins between 0.000 and 0.400.
[016572.74]  01-26 19:36  CatalogFFTPower              INFO     Meshes prepared in elapsed time 31.21 s.
[016572.74]  01-26 19:36  CatalogFFTPower              INFO     Running mesh calculation.
[016589.76]  01-26 19:36  CatalogFFTPower              INFO     Mesh calculations performed in elapsed time 17.03 s.
[016589.76]  01-26 19:36  CatalogFFTPower              INFO     Power spectrum computed in elapsed time 48.24 s.
[016589.77]  01-26 19:36  CatalogFFTPower              INFO     Saving /pscratch/sd/s/shengyu/galaxies/catalogs/Y3/AbacusHF-v2/Boxes/QSO/sn1p550/AbacusSummit_base_c000_ph002/mpspk/pkpoles_QSO_zp1.550_DR2_v1.0.npy.
[016589.77]  01-26 19:36  compute_2pt                  INFO     Save to /pscratch/sd/s/shengyu/galaxies/catalogs/Y3/AbacusHF-v2/Boxes/QSO/sn1p550/AbacusSummit_base_c000_ph002/mpspk/pkpoles_QSO_zp1.550_DR2_v1.0.npy
[016589.77]  01-26 19:36  TwoPointCorrelationFunction  INFO     Using estimator <class 'pycorr.twopoint_estimator.NaturalTwoPointEstimator'>.
[016589.77]  01-26 19:36  TwoPointCorrelationFunction  INFO     Running auto-correlation.
[016589.77]  01-26 19:36  TwoPointCorrelationFunction  INFO     Computing two-point counts D1D2.
[016605.45]  01-26 19:36  TwoPointCorrelationFunction  INFO     Analytically computing two-point counts R1R2.
[016605.45]  01-26 19:36  TwoPointCorrelationFunction  INFO     Correlation function computed in elapsed time 15.68 s.
[016605.45]  01-26 19:36  NaturalTwoPointEstimator     INFO     Saving /pscratch/sd/s/shengyu/galaxies/catalogs/Y3/AbacusHF-v2/Boxes/QSO/sn1p550/AbacusSummit_base_c000_ph002/mpspk/mpslog_QSO_zp1.550_DR2_v1.0.npy.
[016605.45]  01-26 19:36  compute_2pt                  INFO     Save to /pscratch/sd/s/shengyu/galaxies/catalogs/Y3/AbacusHF-v2/Boxes/QSO/sn1p550/AbacusSummit_base_c000_ph002/mpspk/mpslog_QSO_zp1.550_DR2_v1.0.npy
[016605.45]  01-26 19:36  TwoPointCorrelationFunction  INFO     Using estimator <class 'pycorr.twopoint_estimator.NaturalTwoPointEstimator'>.
[016605.45]  01-26 19:36  TwoPointCorrelationFunction  INFO     Running auto-correlation.
[016605.45]  01-26 19:36  TwoPointCorrelationFunction  INFO     Computing two-point counts D1D2.
[016624.90]  01-26 19:37  TwoPointCorrelationFunction  INFO     Analytically computing two-point counts R1R2.
[016624.90]  01-26 19:37  TwoPointCorrelationFunction  INFO     Correlation function computed in elapsed time 19.44 s.
[016624.90]  01-26 19:37  NaturalTwoPointEstimator     INFO     Saving /pscratch/sd/s/shengyu/galaxies/catalogs/Y3/AbacusHF-v2/Boxes/QSO/sn1p550/AbacusSummit_base_c000_ph002/mpspk/wplog_QSO_zp1.550_DR2_v1.0.npy.
[016624.90]  01-26 19:37  compute_2pt                  INFO     Save to /pscratch/sd/s/shengyu/galaxies/catalogs/Y3/AbacusHF-v2/Boxes/QSO/sn1p550/AbacusSummit_base_c000_ph002/mpspk/wplog_QSO_zp1.550_DR2_v1.0.npy
[016624.90]  01-26 19:37  compute_2pt                  INFO     Procceed {'version': 'AbacusHF-v2', 'domain': 'cubic', 'tracer': 'QSO', 'zsnap': 1.55, 'zrange': (1.4, 1.7), 'mock_id': 3, 'use_dv': 'False'}
[016624.90]  01-26 19:37  cat_tools                    INFO     Load /pscratch/sd/s/shengyu/galaxies/catalogs/Y3/AbacusHF-v2/Boxes/QSO/sn1p550/AbacusSummit_base_c000_ph003/abacus_HF_QSO_1p550_DR2_v2.0_AbacusSummit_base_c000_ph003_base_clustering.dat.h5
[016624.90]  01-26 19:37  FileStack                    INFO     Reading /pscratch/sd/s/shengyu/galaxies/catalogs/Y3/AbacusHF-v2/Boxes/QSO/sn1p550/AbacusSummit_base_c000_ph003/abacus_HF_QSO_1p550_DR2_v2.0_AbacusSummit_base_c000_ph003_base_clustering.dat.h5.
[016625.82]  01-26 19:37  TwoPointCorrelationFunction  INFO     Using estimator <class 'pycorr.twopoint_estimator.NaturalTwoPointEstimator'>.
[016625.82]  01-26 19:37  TwoPointCorrelationFunction  INFO     Running auto-correlation.
[016625.82]  01-26 19:37  TwoPointCorrelationFunction  INFO     Computing two-point counts D1D2.
[016696.73]  01-26 19:38  TwoPointCorrelationFunction  INFO     Analytically computing two-point counts R1R2.
[016696.73]  01-26 19:38  TwoPointCorrelationFunction  INFO     Correlation function computed in elapsed time 70.91 s.
[016696.73]  01-26 19:38  NaturalTwoPointEstimator     INFO     Saving /pscratch/sd/s/shengyu/galaxies/catalogs/Y3/AbacusHF-v2/Boxes/QSO/sn1p550/AbacusSummit_base_c000_ph003/mpspk/xipoles_QSO_zp1.550_DR2_v1.0.npy.
[016696.73]  01-26 19:38  compute_2pt                  INFO     Save to /pscratch/sd/s/shengyu/galaxies/catalogs/Y3/AbacusHF-v2/Boxes/QSO/sn1p550/AbacusSummit_base_c000_ph003/mpspk/xipoles_QSO_zp1.550_DR2_v1.0.npy
[016699.89]  01-26 19:38  CatalogFFTPower              INFO     Painting catalog 1 to mesh CatalogMesh(nmesh=[512 512 512], boxsize=[2000. 2000. 2000.], boxcenter=[ 999.99999835 1000.00011706 1000.00001082], dtype=float64).
[016700.24]  01-26 19:38  CatalogMesh                  INFO     Slab 0 ~ 4194304 / 23389363.
[016701.39]  01-26 19:38  CatalogMesh                  INFO     Painted 4194304 out of 23389363 objects to mesh.
[016701.39]  01-26 19:38  CatalogMesh                  INFO     Slab 4194304 ~ 8388608 / 23389363.
[016702.52]  01-26 19:38  CatalogMesh                  INFO     Painted 8388608 out of 23389363 objects to mesh.
[016702.52]  01-26 19:38  CatalogMesh                  INFO     Slab 8388608 ~ 12582912 / 23389363.
[016703.64]  01-26 19:38  CatalogMesh                  INFO     Painted 12582912 out of 23389363 objects to mesh.
[016703.64]  01-26 19:38  CatalogMesh                  INFO     Slab 12582912 ~ 16777216 / 23389363.
[016704.78]  01-26 19:38  CatalogMesh                  INFO     Painted 16777216 out of 23389363 objects to mesh.
[016704.78]  01-26 19:38  CatalogMesh                  INFO     Slab 16777216 ~ 20971520 / 23389363.
[016705.98]  01-26 19:38  CatalogMesh                  INFO     Painted 20971520 out of 23389363 objects to mesh.
[016705.98]  01-26 19:38  CatalogMesh                  INFO     Slab 20971520 ~ 25165824 / 23389363.
[016706.82]  01-26 19:38  CatalogMesh                  INFO     Painted 23389363 out of 23389363 objects to mesh.
[016706.82]  01-26 19:38  CatalogMesh                  INFO     Running interlacing at order 3.
[016709.01]  01-26 19:38  CatalogMesh                  INFO     Slab 0 ~ 4194304 / 23389363.
[016710.14]  01-26 19:38  CatalogMesh                  INFO     Painted 4194304 out of 23389363 objects to mesh.
[016710.14]  01-26 19:38  CatalogMesh                  INFO     Slab 4194304 ~ 8388608 / 23389363.
[016711.26]  01-26 19:38  CatalogMesh                  INFO     Painted 8388608 out of 23389363 objects to mesh.
[016711.26]  01-26 19:38  CatalogMesh                  INFO     Slab 8388608 ~ 12582912 / 23389363.
[016712.39]  01-26 19:38  CatalogMesh                  INFO     Painted 12582912 out of 23389363 objects to mesh.
[016712.39]  01-26 19:38  CatalogMesh                  INFO     Slab 12582912 ~ 16777216 / 23389363.
[016713.52]  01-26 19:38  CatalogMesh                  INFO     Painted 16777216 out of 23389363 objects to mesh.
[016713.52]  01-26 19:38  CatalogMesh                  INFO     Slab 16777216 ~ 20971520 / 23389363.
[016714.72]  01-26 19:38  CatalogMesh                  INFO     Painted 20971520 out of 23389363 objects to mesh.
[016714.72]  01-26 19:38  CatalogMesh                  INFO     Slab 20971520 ~ 25165824 / 23389363.
[016715.55]  01-26 19:38  CatalogMesh                  INFO     Painted 23389363 out of 23389363 objects to mesh.
[016719.26]  01-26 19:38  CatalogMesh                  INFO     Slab 0 ~ 4194304 / 23389363.
[016720.39]  01-26 19:38  CatalogMesh                  INFO     Painted 4194304 out of 23389363 objects to mesh.
[016720.39]  01-26 19:38  CatalogMesh                  INFO     Slab 4194304 ~ 8388608 / 23389363.
[016721.52]  01-26 19:38  CatalogMesh                  INFO     Painted 8388608 out of 23389363 objects to mesh.
[016721.52]  01-26 19:38  CatalogMesh                  INFO     Slab 8388608 ~ 12582912 / 23389363.
[016722.65]  01-26 19:38  CatalogMesh                  INFO     Painted 12582912 out of 23389363 objects to mesh.
[016722.65]  01-26 19:38  CatalogMesh                  INFO     Slab 12582912 ~ 16777216 / 23389363.
[016723.77]  01-26 19:38  CatalogMesh                  INFO     Painted 16777216 out of 23389363 objects to mesh.
[016723.77]  01-26 19:38  CatalogMesh                  INFO     Slab 16777216 ~ 20971520 / 23389363.
[016724.97]  01-26 19:38  CatalogMesh                  INFO     Painted 20971520 out of 23389363 objects to mesh.
[016724.97]  01-26 19:38  CatalogMesh                  INFO     Slab 20971520 ~ 25165824 / 23389363.
[016725.80]  01-26 19:38  CatalogMesh                  INFO     Painted 23389363 out of 23389363 objects to mesh.
[016731.31]  01-26 19:39  CatalogFFTPower              INFO     Done painting catalog 1 to mesh.
[016731.31]  01-26 19:39  CatalogFFTPower              INFO     Using 400 k-bins between 0.000 and 0.400.
[016731.31]  01-26 19:39  CatalogFFTPower              INFO     Meshes prepared in elapsed time 31.43 s.
[016731.31]  01-26 19:39  CatalogFFTPower              INFO     Running mesh calculation.
[016748.44]  01-26 19:39  CatalogFFTPower              INFO     Mesh calculations performed in elapsed time 17.13 s.
[016748.44]  01-26 19:39  CatalogFFTPower              INFO     Power spectrum computed in elapsed time 48.55 s.
[016748.44]  01-26 19:39  CatalogFFTPower              INFO     Saving /pscratch/sd/s/shengyu/galaxies/catalogs/Y3/AbacusHF-v2/Boxes/QSO/sn1p550/AbacusSummit_base_c000_ph003/mpspk/pkpoles_QSO_zp1.550_DR2_v1.0.npy.
[016748.45]  01-26 19:39  compute_2pt                  INFO     Save to /pscratch/sd/s/shengyu/galaxies/catalogs/Y3/AbacusHF-v2/Boxes/QSO/sn1p550/AbacusSummit_base_c000_ph003/mpspk/pkpoles_QSO_zp1.550_DR2_v1.0.npy
[016748.45]  01-26 19:39  TwoPointCorrelationFunction  INFO     Using estimator <class 'pycorr.twopoint_estimator.NaturalTwoPointEstimator'>.
[016748.45]  01-26 19:39  TwoPointCorrelationFunction  INFO     Running auto-correlation.
[016748.45]  01-26 19:39  TwoPointCorrelationFunction  INFO     Computing two-point counts D1D2.
[016762.09]  01-26 19:39  TwoPointCorrelationFunction  INFO     Analytically computing two-point counts R1R2.
[016762.09]  01-26 19:39  TwoPointCorrelationFunction  INFO     Correlation function computed in elapsed time 13.65 s.
[016762.09]  01-26 19:39  NaturalTwoPointEstimator     INFO     Saving /pscratch/sd/s/shengyu/galaxies/catalogs/Y3/AbacusHF-v2/Boxes/QSO/sn1p550/AbacusSummit_base_c000_ph003/mpspk/mpslog_QSO_zp1.550_DR2_v1.0.npy.
[016762.10]  01-26 19:39  compute_2pt                  INFO     Save to /pscratch/sd/s/shengyu/galaxies/catalogs/Y3/AbacusHF-v2/Boxes/QSO/sn1p550/AbacusSummit_base_c000_ph003/mpspk/mpslog_QSO_zp1.550_DR2_v1.0.npy
[016762.10]  01-26 19:39  TwoPointCorrelationFunction  INFO     Using estimator <class 'pycorr.twopoint_estimator.NaturalTwoPointEstimator'>.
[016762.10]  01-26 19:39  TwoPointCorrelationFunction  INFO     Running auto-correlation.
[016762.10]  01-26 19:39  TwoPointCorrelationFunction  INFO     Computing two-point counts D1D2.
[016781.53]  01-26 19:39  TwoPointCorrelationFunction  INFO     Analytically computing two-point counts R1R2.
[016781.53]  01-26 19:39  TwoPointCorrelationFunction  INFO     Correlation function computed in elapsed time 19.43 s.
[016781.53]  01-26 19:39  NaturalTwoPointEstimator     INFO     Saving /pscratch/sd/s/shengyu/galaxies/catalogs/Y3/AbacusHF-v2/Boxes/QSO/sn1p550/AbacusSummit_base_c000_ph003/mpspk/wplog_QSO_zp1.550_DR2_v1.0.npy.
[016781.53]  01-26 19:39  compute_2pt                  INFO     Save to /pscratch/sd/s/shengyu/galaxies/catalogs/Y3/AbacusHF-v2/Boxes/QSO/sn1p550/AbacusSummit_base_c000_ph003/mpspk/wplog_QSO_zp1.550_DR2_v1.0.npy
[016781.54]  01-26 19:39  compute_2pt                  INFO     Procceed {'version': 'AbacusHF-v2', 'domain': 'cubic', 'tracer': 'QSO', 'zsnap': 1.55, 'zrange': (1.4, 1.7), 'mock_id': 4, 'use_dv': 'False'}
[016781.54]  01-26 19:39  cat_tools                    INFO     Load /pscratch/sd/s/shengyu/galaxies/catalogs/Y3/AbacusHF-v2/Boxes/QSO/sn1p550/AbacusSummit_base_c000_ph004/abacus_HF_QSO_1p550_DR2_v2.0_AbacusSummit_base_c000_ph004_base_clustering.dat.h5
[016781.54]  01-26 19:39  FileStack                    INFO     Reading /pscratch/sd/s/shengyu/galaxies/catalogs/Y3/AbacusHF-v2/Boxes/QSO/sn1p550/AbacusSummit_base_c000_ph004/abacus_HF_QSO_1p550_DR2_v2.0_AbacusSummit_base_c000_ph004_base_clustering.dat.h5.
[016782.46]  01-26 19:39  TwoPointCorrelationFunction  INFO     Using estimator <class 'pycorr.twopoint_estimator.NaturalTwoPointEstimator'>.
[016782.46]  01-26 19:39  TwoPointCorrelationFunction  INFO     Running auto-correlation.
[016782.46]  01-26 19:39  TwoPointCorrelationFunction  INFO     Computing two-point counts D1D2.
[016852.78]  01-26 19:41  TwoPointCorrelationFunction  INFO     Analytically computing two-point counts R1R2.
[016852.78]  01-26 19:41  TwoPointCorrelationFunction  INFO     Correlation function computed in elapsed time 70.32 s.
[016852.78]  01-26 19:41  NaturalTwoPointEstimator     INFO     Saving /pscratch/sd/s/shengyu/galaxies/catalogs/Y3/AbacusHF-v2/Boxes/QSO/sn1p550/AbacusSummit_base_c000_ph004/mpspk/xipoles_QSO_zp1.550_DR2_v1.0.npy.
[016852.79]  01-26 19:41  compute_2pt                  INFO     Save to /pscratch/sd/s/shengyu/galaxies/catalogs/Y3/AbacusHF-v2/Boxes/QSO/sn1p550/AbacusSummit_base_c000_ph004/mpspk/xipoles_QSO_zp1.550_DR2_v1.0.npy
[016855.96]  01-26 19:41  CatalogFFTPower              INFO     Painting catalog 1 to mesh CatalogMesh(nmesh=[512 512 512], boxsize=[2000. 2000. 2000.], boxcenter=[1000.00005383 1000.0000043   999.99999421], dtype=float64).
[016856.32]  01-26 19:41  CatalogMesh                  INFO     Slab 0 ~ 4194304 / 23397894.
[016857.46]  01-26 19:41  CatalogMesh                  INFO     Painted 4194304 out of 23397894 objects to mesh.
[016857.46]  01-26 19:41  CatalogMesh                  INFO     Slab 4194304 ~ 8388608 / 23397894.
[016858.58]  01-26 19:41  CatalogMesh                  INFO     Painted 8388608 out of 23397894 objects to mesh.
[016858.58]  01-26 19:41  CatalogMesh                  INFO     Slab 8388608 ~ 12582912 / 23397894.
[016859.71]  01-26 19:41  CatalogMesh                  INFO     Painted 12582912 out of 23397894 objects to mesh.
[016859.71]  01-26 19:41  CatalogMesh                  INFO     Slab 12582912 ~ 16777216 / 23397894.
[016860.84]  01-26 19:41  CatalogMesh                  INFO     Painted 16777216 out of 23397894 objects to mesh.
[016860.84]  01-26 19:41  CatalogMesh                  INFO     Slab 16777216 ~ 20971520 / 23397894.
[016862.05]  01-26 19:41  CatalogMesh                  INFO     Painted 20971520 out of 23397894 objects to mesh.
[016862.05]  01-26 19:41  CatalogMesh                  INFO     Slab 20971520 ~ 25165824 / 23397894.
[016862.89]  01-26 19:41  CatalogMesh                  INFO     Painted 23397894 out of 23397894 objects to mesh.
[016862.89]  01-26 19:41  CatalogMesh                  INFO     Running interlacing at order 3.
[016865.08]  01-26 19:41  CatalogMesh                  INFO     Slab 0 ~ 4194304 / 23397894.
[016866.20]  01-26 19:41  CatalogMesh                  INFO     Painted 4194304 out of 23397894 objects to mesh.
[016866.20]  01-26 19:41  CatalogMesh                  INFO     Slab 4194304 ~ 8388608 / 23397894.
[016867.33]  01-26 19:41  CatalogMesh                  INFO     Painted 8388608 out of 23397894 objects to mesh.
[016867.33]  01-26 19:41  CatalogMesh                  INFO     Slab 8388608 ~ 12582912 / 23397894.
[016868.46]  01-26 19:41  CatalogMesh                  INFO     Painted 12582912 out of 23397894 objects to mesh.
[016868.46]  01-26 19:41  CatalogMesh                  INFO     Slab 12582912 ~ 16777216 / 23397894.
[016869.59]  01-26 19:41  CatalogMesh                  INFO     Painted 16777216 out of 23397894 objects to mesh.
[016869.59]  01-26 19:41  CatalogMesh                  INFO     Slab 16777216 ~ 20971520 / 23397894.
[016870.79]  01-26 19:41  CatalogMesh                  INFO     Painted 20971520 out of 23397894 objects to mesh.
[016870.79]  01-26 19:41  CatalogMesh                  INFO     Slab 20971520 ~ 25165824 / 23397894.
[016871.62]  01-26 19:41  CatalogMesh                  INFO     Painted 23397894 out of 23397894 objects to mesh.
[016875.35]  01-26 19:41  CatalogMesh                  INFO     Slab 0 ~ 4194304 / 23397894.
[016876.48]  01-26 19:41  CatalogMesh                  INFO     Painted 4194304 out of 23397894 objects to mesh.
[016876.48]  01-26 19:41  CatalogMesh                  INFO     Slab 4194304 ~ 8388608 / 23397894.
[016877.60]  01-26 19:41  CatalogMesh                  INFO     Painted 8388608 out of 23397894 objects to mesh.
[016877.60]  01-26 19:41  CatalogMesh                  INFO     Slab 8388608 ~ 12582912 / 23397894.
[016878.72]  01-26 19:41  CatalogMesh                  INFO     Painted 12582912 out of 23397894 objects to mesh.
[016878.72]  01-26 19:41  CatalogMesh                  INFO     Slab 12582912 ~ 16777216 / 23397894.
[016879.85]  01-26 19:41  CatalogMesh                  INFO     Painted 16777216 out of 23397894 objects to mesh.
[016879.85]  01-26 19:41  CatalogMesh                  INFO     Slab 16777216 ~ 20971520 / 23397894.
[016881.06]  01-26 19:41  CatalogMesh                  INFO     Painted 20971520 out of 23397894 objects to mesh.
[016881.06]  01-26 19:41  CatalogMesh                  INFO     Slab 20971520 ~ 25165824 / 23397894.
[016881.89]  01-26 19:41  CatalogMesh                  INFO     Painted 23397894 out of 23397894 objects to mesh.
[016887.39]  01-26 19:41  CatalogFFTPower              INFO     Done painting catalog 1 to mesh.
[016887.39]  01-26 19:41  CatalogFFTPower              INFO     Using 400 k-bins between 0.000 and 0.400.
[016887.39]  01-26 19:41  CatalogFFTPower              INFO     Meshes prepared in elapsed time 31.43 s.
[016887.39]  01-26 19:41  CatalogFFTPower              INFO     Running mesh calculation.
[016904.51]  01-26 19:41  CatalogFFTPower              INFO     Mesh calculations performed in elapsed time 17.12 s.
[016904.51]  01-26 19:41  CatalogFFTPower              INFO     Power spectrum computed in elapsed time 48.55 s.
[016904.52]  01-26 19:41  CatalogFFTPower              INFO     Saving /pscratch/sd/s/shengyu/galaxies/catalogs/Y3/AbacusHF-v2/Boxes/QSO/sn1p550/AbacusSummit_base_c000_ph004/mpspk/pkpoles_QSO_zp1.550_DR2_v1.0.npy.
[016904.52]  01-26 19:41  compute_2pt                  INFO     Save to /pscratch/sd/s/shengyu/galaxies/catalogs/Y3/AbacusHF-v2/Boxes/QSO/sn1p550/AbacusSummit_base_c000_ph004/mpspk/pkpoles_QSO_zp1.550_DR2_v1.0.npy
[016904.52]  01-26 19:41  TwoPointCorrelationFunction  INFO     Using estimator <class 'pycorr.twopoint_estimator.NaturalTwoPointEstimator'>.
[016904.52]  01-26 19:41  TwoPointCorrelationFunction  INFO     Running auto-correlation.
[016904.52]  01-26 19:41  TwoPointCorrelationFunction  INFO     Computing two-point counts D1D2.
[016920.91]  01-26 19:42  TwoPointCorrelationFunction  INFO     Analytically computing two-point counts R1R2.
[016920.91]  01-26 19:42  TwoPointCorrelationFunction  INFO     Correlation function computed in elapsed time 16.39 s.
[016920.91]  01-26 19:42  NaturalTwoPointEstimator     INFO     Saving /pscratch/sd/s/shengyu/galaxies/catalogs/Y3/AbacusHF-v2/Boxes/QSO/sn1p550/AbacusSummit_base_c000_ph004/mpspk/mpslog_QSO_zp1.550_DR2_v1.0.npy.
[016920.91]  01-26 19:42  compute_2pt                  INFO     Save to /pscratch/sd/s/shengyu/galaxies/catalogs/Y3/AbacusHF-v2/Boxes/QSO/sn1p550/AbacusSummit_base_c000_ph004/mpspk/mpslog_QSO_zp1.550_DR2_v1.0.npy
[016920.91]  01-26 19:42  TwoPointCorrelationFunction  INFO     Using estimator <class 'pycorr.twopoint_estimator.NaturalTwoPointEstimator'>.
[016920.91]  01-26 19:42  TwoPointCorrelationFunction  INFO     Running auto-correlation.
[016920.91]  01-26 19:42  TwoPointCorrelationFunction  INFO     Computing two-point counts D1D2.
[016940.24]  01-26 19:42  TwoPointCorrelationFunction  INFO     Analytically computing two-point counts R1R2.
[016940.24]  01-26 19:42  TwoPointCorrelationFunction  INFO     Correlation function computed in elapsed time 19.33 s.
[016940.24]  01-26 19:42  NaturalTwoPointEstimator     INFO     Saving /pscratch/sd/s/shengyu/galaxies/catalogs/Y3/AbacusHF-v2/Boxes/QSO/sn1p550/AbacusSummit_base_c000_ph004/mpspk/wplog_QSO_zp1.550_DR2_v1.0.npy.
[016940.24]  01-26 19:42  compute_2pt                  INFO     Save to /pscratch/sd/s/shengyu/galaxies/catalogs/Y3/AbacusHF-v2/Boxes/QSO/sn1p550/AbacusSummit_base_c000_ph004/mpspk/wplog_QSO_zp1.550_DR2_v1.0.npy
[016940.25]  01-26 19:42  compute_2pt                  INFO     Procceed {'version': 'AbacusHF-v2', 'domain': 'cubic', 'tracer': 'QSO', 'zsnap': 1.55, 'zrange': (1.4, 1.7), 'mock_id': 5, 'use_dv': 'False'}
[016940.25]  01-26 19:42  cat_tools                    INFO     Load /pscratch/sd/s/shengyu/galaxies/catalogs/Y3/AbacusHF-v2/Boxes/QSO/sn1p550/AbacusSummit_base_c000_ph005/abacus_HF_QSO_1p550_DR2_v2.0_AbacusSummit_base_c000_ph005_base_clustering.dat.h5
[016940.25]  01-26 19:42  FileStack                    INFO     Reading /pscratch/sd/s/shengyu/galaxies/catalogs/Y3/AbacusHF-v2/Boxes/QSO/sn1p550/AbacusSummit_base_c000_ph005/abacus_HF_QSO_1p550_DR2_v2.0_AbacusSummit_base_c000_ph005_base_clustering.dat.h5.
[016941.16]  01-26 19:42  TwoPointCorrelationFunction  INFO     Using estimator <class 'pycorr.twopoint_estimator.NaturalTwoPointEstimator'>.
[016941.16]  01-26 19:42  TwoPointCorrelationFunction  INFO     Running auto-correlation.
[016941.16]  01-26 19:42  TwoPointCorrelationFunction  INFO     Computing two-point counts D1D2.
[017009.86]  01-26 19:43  TwoPointCorrelationFunction  INFO     Analytically computing two-point counts R1R2.
[017009.86]  01-26 19:43  TwoPointCorrelationFunction  INFO     Correlation function computed in elapsed time 68.70 s.
[017009.86]  01-26 19:43  NaturalTwoPointEstimator     INFO     Saving /pscratch/sd/s/shengyu/galaxies/catalogs/Y3/AbacusHF-v2/Boxes/QSO/sn1p550/AbacusSummit_base_c000_ph005/mpspk/xipoles_QSO_zp1.550_DR2_v1.0.npy.
[017009.87]  01-26 19:43  compute_2pt                  INFO     Save to /pscratch/sd/s/shengyu/galaxies/catalogs/Y3/AbacusHF-v2/Boxes/QSO/sn1p550/AbacusSummit_base_c000_ph005/mpspk/xipoles_QSO_zp1.550_DR2_v1.0.npy
[017013.04]  01-26 19:43  CatalogFFTPower              INFO     Painting catalog 1 to mesh CatalogMesh(nmesh=[512 512 512], boxsize=[2000. 2000. 2000.], boxcenter=[1000.000057   1000.00003359 1000.00000929], dtype=float64).
[017013.39]  01-26 19:43  CatalogMesh                  INFO     Slab 0 ~ 4194304 / 23361330.
[017014.56]  01-26 19:43  CatalogMesh                  INFO     Painted 4194304 out of 23361330 objects to mesh.
[017014.56]  01-26 19:43  CatalogMesh                  INFO     Slab 4194304 ~ 8388608 / 23361330.
[017015.75]  01-26 19:43  CatalogMesh                  INFO     Painted 8388608 out of 23361330 objects to mesh.
[017015.75]  01-26 19:43  CatalogMesh                  INFO     Slab 8388608 ~ 12582912 / 23361330.
[017016.93]  01-26 19:43  CatalogMesh                  INFO     Painted 12582912 out of 23361330 objects to mesh.
[017016.93]  01-26 19:43  CatalogMesh                  INFO     Slab 12582912 ~ 16777216 / 23361330.
[017018.08]  01-26 19:43  CatalogMesh                  INFO     Painted 16777216 out of 23361330 objects to mesh.
[017018.08]  01-26 19:43  CatalogMesh                  INFO     Slab 16777216 ~ 20971520 / 23361330.
[017019.30]  01-26 19:43  CatalogMesh                  INFO     Painted 20971520 out of 23361330 objects to mesh.
[017019.30]  01-26 19:43  CatalogMesh                  INFO     Slab 20971520 ~ 25165824 / 23361330.
[017020.12]  01-26 19:43  CatalogMesh                  INFO     Painted 23361330 out of 23361330 objects to mesh.
[017020.12]  01-26 19:43  CatalogMesh                  INFO     Running interlacing at order 3.
[017022.30]  01-26 19:43  CatalogMesh                  INFO     Slab 0 ~ 4194304 / 23361330.
[017023.42]  01-26 19:43  CatalogMesh                  INFO     Painted 4194304 out of 23361330 objects to mesh.
[017023.42]  01-26 19:43  CatalogMesh                  INFO     Slab 4194304 ~ 8388608 / 23361330.
[017024.55]  01-26 19:43  CatalogMesh                  INFO     Painted 8388608 out of 23361330 objects to mesh.
[017024.55]  01-26 19:43  CatalogMesh                  INFO     Slab 8388608 ~ 12582912 / 23361330.
[017025.67]  01-26 19:43  CatalogMesh                  INFO     Painted 12582912 out of 23361330 objects to mesh.
[017025.67]  01-26 19:43  CatalogMesh                  INFO     Slab 12582912 ~ 16777216 / 23361330.
[017026.79]  01-26 19:43  CatalogMesh                  INFO     Painted 16777216 out of 23361330 objects to mesh.
[017026.79]  01-26 19:43  CatalogMesh                  INFO     Slab 16777216 ~ 20971520 / 23361330.
[017027.99]  01-26 19:44  CatalogMesh                  INFO     Painted 20971520 out of 23361330 objects to mesh.
[017027.99]  01-26 19:44  CatalogMesh                  INFO     Slab 20971520 ~ 25165824 / 23361330.
[017028.81]  01-26 19:44  CatalogMesh                  INFO     Painted 23361330 out of 23361330 objects to mesh.
[017032.52]  01-26 19:44  CatalogMesh                  INFO     Slab 0 ~ 4194304 / 23361330.
[017033.64]  01-26 19:44  CatalogMesh                  INFO     Painted 4194304 out of 23361330 objects to mesh.
[017033.64]  01-26 19:44  CatalogMesh                  INFO     Slab 4194304 ~ 8388608 / 23361330.
[017034.77]  01-26 19:44  CatalogMesh                  INFO     Painted 8388608 out of 23361330 objects to mesh.
[017034.77]  01-26 19:44  CatalogMesh                  INFO     Slab 8388608 ~ 12582912 / 23361330.
[017035.90]  01-26 19:44  CatalogMesh                  INFO     Painted 12582912 out of 23361330 objects to mesh.
[017035.90]  01-26 19:44  CatalogMesh                  INFO     Slab 12582912 ~ 16777216 / 23361330.
[017037.03]  01-26 19:44  CatalogMesh                  INFO     Painted 16777216 out of 23361330 objects to mesh.
[017037.03]  01-26 19:44  CatalogMesh                  INFO     Slab 16777216 ~ 20971520 / 23361330.
[017038.23]  01-26 19:44  CatalogMesh                  INFO     Painted 20971520 out of 23361330 objects to mesh.
[017038.23]  01-26 19:44  CatalogMesh                  INFO     Slab 20971520 ~ 25165824 / 23361330.
[017039.05]  01-26 19:44  CatalogMesh                  INFO     Painted 23361330 out of 23361330 objects to mesh.
[017044.57]  01-26 19:44  CatalogFFTPower              INFO     Done painting catalog 1 to mesh.
[017044.57]  01-26 19:44  CatalogFFTPower              INFO     Using 400 k-bins between 0.000 and 0.400.
[017044.57]  01-26 19:44  CatalogFFTPower              INFO     Meshes prepared in elapsed time 31.53 s.
[017044.57]  01-26 19:44  CatalogFFTPower              INFO     Running mesh calculation.
[017061.72]  01-26 19:44  CatalogFFTPower              INFO     Mesh calculations performed in elapsed time 17.16 s.
[017061.72]  01-26 19:44  CatalogFFTPower              INFO     Power spectrum computed in elapsed time 48.68 s.
[017061.72]  01-26 19:44  CatalogFFTPower              INFO     Saving /pscratch/sd/s/shengyu/galaxies/catalogs/Y3/AbacusHF-v2/Boxes/QSO/sn1p550/AbacusSummit_base_c000_ph005/mpspk/pkpoles_QSO_zp1.550_DR2_v1.0.npy.
[017061.73]  01-26 19:44  compute_2pt                  INFO     Save to /pscratch/sd/s/shengyu/galaxies/catalogs/Y3/AbacusHF-v2/Boxes/QSO/sn1p550/AbacusSummit_base_c000_ph005/mpspk/pkpoles_QSO_zp1.550_DR2_v1.0.npy
[017061.73]  01-26 19:44  TwoPointCorrelationFunction  INFO     Using estimator <class 'pycorr.twopoint_estimator.NaturalTwoPointEstimator'>.
[017061.73]  01-26 19:44  TwoPointCorrelationFunction  INFO     Running auto-correlation.
[017061.73]  01-26 19:44  TwoPointCorrelationFunction  INFO     Computing two-point counts D1D2.
[017076.77]  01-26 19:44  TwoPointCorrelationFunction  INFO     Analytically computing two-point counts R1R2.
[017076.77]  01-26 19:44  TwoPointCorrelationFunction  INFO     Correlation function computed in elapsed time 15.05 s.
[017076.77]  01-26 19:44  NaturalTwoPointEstimator     INFO     Saving /pscratch/sd/s/shengyu/galaxies/catalogs/Y3/AbacusHF-v2/Boxes/QSO/sn1p550/AbacusSummit_base_c000_ph005/mpspk/mpslog_QSO_zp1.550_DR2_v1.0.npy.
[017076.78]  01-26 19:44  compute_2pt                  INFO     Save to /pscratch/sd/s/shengyu/galaxies/catalogs/Y3/AbacusHF-v2/Boxes/QSO/sn1p550/AbacusSummit_base_c000_ph005/mpspk/mpslog_QSO_zp1.550_DR2_v1.0.npy
[017076.78]  01-26 19:44  TwoPointCorrelationFunction  INFO     Using estimator <class 'pycorr.twopoint_estimator.NaturalTwoPointEstimator'>.
[017076.78]  01-26 19:44  TwoPointCorrelationFunction  INFO     Running auto-correlation.
[017076.78]  01-26 19:44  TwoPointCorrelationFunction  INFO     Computing two-point counts D1D2.
[017096.14]  01-26 19:45  TwoPointCorrelationFunction  INFO     Analytically computing two-point counts R1R2.
[017096.14]  01-26 19:45  TwoPointCorrelationFunction  INFO     Correlation function computed in elapsed time 19.36 s.
[017096.14]  01-26 19:45  NaturalTwoPointEstimator     INFO     Saving /pscratch/sd/s/shengyu/galaxies/catalogs/Y3/AbacusHF-v2/Boxes/QSO/sn1p550/AbacusSummit_base_c000_ph005/mpspk/wplog_QSO_zp1.550_DR2_v1.0.npy.
[017096.14]  01-26 19:45  compute_2pt                  INFO     Save to /pscratch/sd/s/shengyu/galaxies/catalogs/Y3/AbacusHF-v2/Boxes/QSO/sn1p550/AbacusSummit_base_c000_ph005/mpspk/wplog_QSO_zp1.550_DR2_v1.0.npy
[017096.14]  01-26 19:45  compute_2pt                  INFO     Procceed {'version': 'AbacusHF-v2', 'domain': 'cubic', 'tracer': 'QSO', 'zsnap': 1.55, 'zrange': (1.4, 1.7), 'mock_id': 6, 'use_dv': 'False'}
[017096.14]  01-26 19:45  cat_tools                    INFO     Load /pscratch/sd/s/shengyu/galaxies/catalogs/Y3/AbacusHF-v2/Boxes/QSO/sn1p550/AbacusSummit_base_c000_ph006/abacus_HF_QSO_1p550_DR2_v2.0_AbacusSummit_base_c000_ph006_base_clustering.dat.h5
[017096.15]  01-26 19:45  FileStack                    INFO     Reading /pscratch/sd/s/shengyu/galaxies/catalogs/Y3/AbacusHF-v2/Boxes/QSO/sn1p550/AbacusSummit_base_c000_ph006/abacus_HF_QSO_1p550_DR2_v2.0_AbacusSummit_base_c000_ph006_base_clustering.dat.h5.
[017097.07]  01-26 19:45  TwoPointCorrelationFunction  INFO     Using estimator <class 'pycorr.twopoint_estimator.NaturalTwoPointEstimator'>.
[017097.07]  01-26 19:45  TwoPointCorrelationFunction  INFO     Running auto-correlation.
[017097.07]  01-26 19:45  TwoPointCorrelationFunction  INFO     Computing two-point counts D1D2.
[017165.95]  01-26 19:46  TwoPointCorrelationFunction  INFO     Analytically computing two-point counts R1R2.
[017165.95]  01-26 19:46  TwoPointCorrelationFunction  INFO     Correlation function computed in elapsed time 68.88 s.
[017165.95]  01-26 19:46  NaturalTwoPointEstimator     INFO     Saving /pscratch/sd/s/shengyu/galaxies/catalogs/Y3/AbacusHF-v2/Boxes/QSO/sn1p550/AbacusSummit_base_c000_ph006/mpspk/xipoles_QSO_zp1.550_DR2_v1.0.npy.
[017165.96]  01-26 19:46  compute_2pt                  INFO     Save to /pscratch/sd/s/shengyu/galaxies/catalogs/Y3/AbacusHF-v2/Boxes/QSO/sn1p550/AbacusSummit_base_c000_ph006/mpspk/xipoles_QSO_zp1.550_DR2_v1.0.npy
[017169.12]  01-26 19:46  CatalogFFTPower              INFO     Painting catalog 1 to mesh CatalogMesh(nmesh=[512 512 512], boxsize=[2000. 2000. 2000.], boxcenter=[ 999.99991173 1000.00003791  999.99995416], dtype=float64).
[017169.47]  01-26 19:46  CatalogMesh                  INFO     Slab 0 ~ 4194304 / 23389270.
[017170.61]  01-26 19:46  CatalogMesh                  INFO     Painted 4194304 out of 23389270 objects to mesh.
[017170.61]  01-26 19:46  CatalogMesh                  INFO     Slab 4194304 ~ 8388608 / 23389270.
[017171.74]  01-26 19:46  CatalogMesh                  INFO     Painted 8388608 out of 23389270 objects to mesh.
[017171.74]  01-26 19:46  CatalogMesh                  INFO     Slab 8388608 ~ 12582912 / 23389270.
[017172.86]  01-26 19:46  CatalogMesh                  INFO     Painted 12582912 out of 23389270 objects to mesh.
[017172.86]  01-26 19:46  CatalogMesh                  INFO     Slab 12582912 ~ 16777216 / 23389270.
[017173.98]  01-26 19:46  CatalogMesh                  INFO     Painted 16777216 out of 23389270 objects to mesh.
[017173.98]  01-26 19:46  CatalogMesh                  INFO     Slab 16777216 ~ 20971520 / 23389270.
[017175.18]  01-26 19:46  CatalogMesh                  INFO     Painted 20971520 out of 23389270 objects to mesh.
[017175.18]  01-26 19:46  CatalogMesh                  INFO     Slab 20971520 ~ 25165824 / 23389270.
[017176.02]  01-26 19:46  CatalogMesh                  INFO     Painted 23389270 out of 23389270 objects to mesh.
[017176.02]  01-26 19:46  CatalogMesh                  INFO     Running interlacing at order 3.
[017178.19]  01-26 19:46  CatalogMesh                  INFO     Slab 0 ~ 4194304 / 23389270.
[017179.32]  01-26 19:46  CatalogMesh                  INFO     Painted 4194304 out of 23389270 objects to mesh.
[017179.32]  01-26 19:46  CatalogMesh                  INFO     Slab 4194304 ~ 8388608 / 23389270.
[017180.44]  01-26 19:46  CatalogMesh                  INFO     Painted 8388608 out of 23389270 objects to mesh.
[017180.44]  01-26 19:46  CatalogMesh                  INFO     Slab 8388608 ~ 12582912 / 23389270.
[017181.57]  01-26 19:46  CatalogMesh                  INFO     Painted 12582912 out of 23389270 objects to mesh.
[017181.57]  01-26 19:46  CatalogMesh                  INFO     Slab 12582912 ~ 16777216 / 23389270.
[017182.70]  01-26 19:46  CatalogMesh                  INFO     Painted 16777216 out of 23389270 objects to mesh.
[017182.70]  01-26 19:46  CatalogMesh                  INFO     Slab 16777216 ~ 20971520 / 23389270.
[017183.90]  01-26 19:46  CatalogMesh                  INFO     Painted 20971520 out of 23389270 objects to mesh.
[017183.90]  01-26 19:46  CatalogMesh                  INFO     Slab 20971520 ~ 25165824 / 23389270.
[017184.73]  01-26 19:46  CatalogMesh                  INFO     Painted 23389270 out of 23389270 objects to mesh.
[017188.45]  01-26 19:46  CatalogMesh                  INFO     Slab 0 ~ 4194304 / 23389270.
[017189.57]  01-26 19:46  CatalogMesh                  INFO     Painted 4194304 out of 23389270 objects to mesh.
[017189.57]  01-26 19:46  CatalogMesh                  INFO     Slab 4194304 ~ 8388608 / 23389270.
[017190.69]  01-26 19:46  CatalogMesh                  INFO     Painted 8388608 out of 23389270 objects to mesh.
[017190.69]  01-26 19:46  CatalogMesh                  INFO     Slab 8388608 ~ 12582912 / 23389270.
[017191.81]  01-26 19:46  CatalogMesh                  INFO     Painted 12582912 out of 23389270 objects to mesh.
[017191.81]  01-26 19:46  CatalogMesh                  INFO     Slab 12582912 ~ 16777216 / 23389270.
[017192.93]  01-26 19:46  CatalogMesh                  INFO     Painted 16777216 out of 23389270 objects to mesh.
[017192.93]  01-26 19:46  CatalogMesh                  INFO     Slab 16777216 ~ 20971520 / 23389270.
[017194.14]  01-26 19:46  CatalogMesh                  INFO     Painted 20971520 out of 23389270 objects to mesh.
[017194.14]  01-26 19:46  CatalogMesh                  INFO     Slab 20971520 ~ 25165824 / 23389270.
[017194.96]  01-26 19:46  CatalogMesh                  INFO     Painted 23389270 out of 23389270 objects to mesh.
[017200.47]  01-26 19:46  CatalogFFTPower              INFO     Done painting catalog 1 to mesh.
[017200.47]  01-26 19:46  CatalogFFTPower              INFO     Using 400 k-bins between 0.000 and 0.400.
[017200.47]  01-26 19:46  CatalogFFTPower              INFO     Meshes prepared in elapsed time 31.35 s.
[017200.47]  01-26 19:46  CatalogFFTPower              INFO     Running mesh calculation.
[017217.54]  01-26 19:47  CatalogFFTPower              INFO     Mesh calculations performed in elapsed time 17.07 s.
[017217.54]  01-26 19:47  CatalogFFTPower              INFO     Power spectrum computed in elapsed time 48.42 s.
[017217.54]  01-26 19:47  CatalogFFTPower              INFO     Saving /pscratch/sd/s/shengyu/galaxies/catalogs/Y3/AbacusHF-v2/Boxes/QSO/sn1p550/AbacusSummit_base_c000_ph006/mpspk/pkpoles_QSO_zp1.550_DR2_v1.0.npy.
[017217.54]  01-26 19:47  compute_2pt                  INFO     Save to /pscratch/sd/s/shengyu/galaxies/catalogs/Y3/AbacusHF-v2/Boxes/QSO/sn1p550/AbacusSummit_base_c000_ph006/mpspk/pkpoles_QSO_zp1.550_DR2_v1.0.npy
[017217.54]  01-26 19:47  TwoPointCorrelationFunction  INFO     Using estimator <class 'pycorr.twopoint_estimator.NaturalTwoPointEstimator'>.
[017217.54]  01-26 19:47  TwoPointCorrelationFunction  INFO     Running auto-correlation.
[017217.54]  01-26 19:47  TwoPointCorrelationFunction  INFO     Computing two-point counts D1D2.
[017232.82]  01-26 19:47  TwoPointCorrelationFunction  INFO     Analytically computing two-point counts R1R2.
[017232.82]  01-26 19:47  TwoPointCorrelationFunction  INFO     Correlation function computed in elapsed time 15.28 s.
[017232.83]  01-26 19:47  NaturalTwoPointEstimator     INFO     Saving /pscratch/sd/s/shengyu/galaxies/catalogs/Y3/AbacusHF-v2/Boxes/QSO/sn1p550/AbacusSummit_base_c000_ph006/mpspk/mpslog_QSO_zp1.550_DR2_v1.0.npy.
[017232.83]  01-26 19:47  compute_2pt                  INFO     Save to /pscratch/sd/s/shengyu/galaxies/catalogs/Y3/AbacusHF-v2/Boxes/QSO/sn1p550/AbacusSummit_base_c000_ph006/mpspk/mpslog_QSO_zp1.550_DR2_v1.0.npy
[017232.83]  01-26 19:47  TwoPointCorrelationFunction  INFO     Using estimator <class 'pycorr.twopoint_estimator.NaturalTwoPointEstimator'>.
[017232.83]  01-26 19:47  TwoPointCorrelationFunction  INFO     Running auto-correlation.
[017232.83]  01-26 19:47  TwoPointCorrelationFunction  INFO     Computing two-point counts D1D2.
[017252.31]  01-26 19:47  TwoPointCorrelationFunction  INFO     Analytically computing two-point counts R1R2.
[017252.32]  01-26 19:47  TwoPointCorrelationFunction  INFO     Correlation function computed in elapsed time 19.49 s.
[017252.32]  01-26 19:47  NaturalTwoPointEstimator     INFO     Saving /pscratch/sd/s/shengyu/galaxies/catalogs/Y3/AbacusHF-v2/Boxes/QSO/sn1p550/AbacusSummit_base_c000_ph006/mpspk/wplog_QSO_zp1.550_DR2_v1.0.npy.
[017252.32]  01-26 19:47  compute_2pt                  INFO     Save to /pscratch/sd/s/shengyu/galaxies/catalogs/Y3/AbacusHF-v2/Boxes/QSO/sn1p550/AbacusSummit_base_c000_ph006/mpspk/wplog_QSO_zp1.550_DR2_v1.0.npy
[017252.32]  01-26 19:47  compute_2pt                  INFO     Procceed {'version': 'AbacusHF-v2', 'domain': 'cubic', 'tracer': 'QSO', 'zsnap': 1.55, 'zrange': (1.4, 1.7), 'mock_id': 7, 'use_dv': 'False'}
[017252.32]  01-26 19:47  cat_tools                    INFO     Load /pscratch/sd/s/shengyu/galaxies/catalogs/Y3/AbacusHF-v2/Boxes/QSO/sn1p550/AbacusSummit_base_c000_ph007/abacus_HF_QSO_1p550_DR2_v2.0_AbacusSummit_base_c000_ph007_base_clustering.dat.h5
[017252.32]  01-26 19:47  FileStack                    INFO     Reading /pscratch/sd/s/shengyu/galaxies/catalogs/Y3/AbacusHF-v2/Boxes/QSO/sn1p550/AbacusSummit_base_c000_ph007/abacus_HF_QSO_1p550_DR2_v2.0_AbacusSummit_base_c000_ph007_base_clustering.dat.h5.
[017253.25]  01-26 19:47  TwoPointCorrelationFunction  INFO     Using estimator <class 'pycorr.twopoint_estimator.NaturalTwoPointEstimator'>.
[017253.25]  01-26 19:47  TwoPointCorrelationFunction  INFO     Running auto-correlation.
[017253.25]  01-26 19:47  TwoPointCorrelationFunction  INFO     Computing two-point counts D1D2.
[017323.91]  01-26 19:48  TwoPointCorrelationFunction  INFO     Analytically computing two-point counts R1R2.
[017323.91]  01-26 19:48  TwoPointCorrelationFunction  INFO     Correlation function computed in elapsed time 70.66 s.
[017323.91]  01-26 19:48  NaturalTwoPointEstimator     INFO     Saving /pscratch/sd/s/shengyu/galaxies/catalogs/Y3/AbacusHF-v2/Boxes/QSO/sn1p550/AbacusSummit_base_c000_ph007/mpspk/xipoles_QSO_zp1.550_DR2_v1.0.npy.
[017323.91]  01-26 19:48  compute_2pt                  INFO     Save to /pscratch/sd/s/shengyu/galaxies/catalogs/Y3/AbacusHF-v2/Boxes/QSO/sn1p550/AbacusSummit_base_c000_ph007/mpspk/xipoles_QSO_zp1.550_DR2_v1.0.npy
[017327.08]  01-26 19:48  CatalogFFTPower              INFO     Painting catalog 1 to mesh CatalogMesh(nmesh=[512 512 512], boxsize=[2000. 2000. 2000.], boxcenter=[ 999.99998402  999.99998922 1000.00001841], dtype=float64).
[017327.43]  01-26 19:49  CatalogMesh                  INFO     Slab 0 ~ 4194304 / 23401997.
[017328.57]  01-26 19:49  CatalogMesh                  INFO     Painted 4194304 out of 23401997 objects to mesh.
[017328.57]  01-26 19:49  CatalogMesh                  INFO     Slab 4194304 ~ 8388608 / 23401997.
[017329.70]  01-26 19:49  CatalogMesh                  INFO     Painted 8388608 out of 23401997 objects to mesh.
[017329.70]  01-26 19:49  CatalogMesh                  INFO     Slab 8388608 ~ 12582912 / 23401997.
[017330.83]  01-26 19:49  CatalogMesh                  INFO     Painted 12582912 out of 23401997 objects to mesh.
[017330.83]  01-26 19:49  CatalogMesh                  INFO     Slab 12582912 ~ 16777216 / 23401997.
[017331.96]  01-26 19:49  CatalogMesh                  INFO     Painted 16777216 out of 23401997 objects to mesh.
[017331.96]  01-26 19:49  CatalogMesh                  INFO     Slab 16777216 ~ 20971520 / 23401997.
[017333.16]  01-26 19:49  CatalogMesh                  INFO     Painted 20971520 out of 23401997 objects to mesh.
[017333.16]  01-26 19:49  CatalogMesh                  INFO     Slab 20971520 ~ 25165824 / 23401997.
[017334.00]  01-26 19:49  CatalogMesh                  INFO     Painted 23401997 out of 23401997 objects to mesh.
[017334.00]  01-26 19:49  CatalogMesh                  INFO     Running interlacing at order 3.
[017336.20]  01-26 19:49  CatalogMesh                  INFO     Slab 0 ~ 4194304 / 23401997.
[017337.32]  01-26 19:49  CatalogMesh                  INFO     Painted 4194304 out of 23401997 objects to mesh.
[017337.32]  01-26 19:49  CatalogMesh                  INFO     Slab 4194304 ~ 8388608 / 23401997.
[017338.45]  01-26 19:49  CatalogMesh                  INFO     Painted 8388608 out of 23401997 objects to mesh.
[017338.45]  01-26 19:49  CatalogMesh                  INFO     Slab 8388608 ~ 12582912 / 23401997.
[017339.57]  01-26 19:49  CatalogMesh                  INFO     Painted 12582912 out of 23401997 objects to mesh.
[017339.57]  01-26 19:49  CatalogMesh                  INFO     Slab 12582912 ~ 16777216 / 23401997.
[017340.70]  01-26 19:49  CatalogMesh                  INFO     Painted 16777216 out of 23401997 objects to mesh.
[017340.70]  01-26 19:49  CatalogMesh                  INFO     Slab 16777216 ~ 20971520 / 23401997.
[017341.90]  01-26 19:49  CatalogMesh                  INFO     Painted 20971520 out of 23401997 objects to mesh.
[017341.90]  01-26 19:49  CatalogMesh                  INFO     Slab 20971520 ~ 25165824 / 23401997.
[017342.73]  01-26 19:49  CatalogMesh                  INFO     Painted 23401997 out of 23401997 objects to mesh.
[017346.47]  01-26 19:49  CatalogMesh                  INFO     Slab 0 ~ 4194304 / 23401997.
[017347.59]  01-26 19:49  CatalogMesh                  INFO     Painted 4194304 out of 23401997 objects to mesh.
[017347.59]  01-26 19:49  CatalogMesh                  INFO     Slab 4194304 ~ 8388608 / 23401997.
[017348.72]  01-26 19:49  CatalogMesh                  INFO     Painted 8388608 out of 23401997 objects to mesh.
[017348.72]  01-26 19:49  CatalogMesh                  INFO     Slab 8388608 ~ 12582912 / 23401997.
[017349.85]  01-26 19:49  CatalogMesh                  INFO     Painted 12582912 out of 23401997 objects to mesh.
[017349.85]  01-26 19:49  CatalogMesh                  INFO     Slab 12582912 ~ 16777216 / 23401997.
[017350.98]  01-26 19:49  CatalogMesh                  INFO     Painted 16777216 out of 23401997 objects to mesh.
[017350.98]  01-26 19:49  CatalogMesh                  INFO     Slab 16777216 ~ 20971520 / 23401997.
[017352.18]  01-26 19:49  CatalogMesh                  INFO     Painted 20971520 out of 23401997 objects to mesh.
[017352.18]  01-26 19:49  CatalogMesh                  INFO     Slab 20971520 ~ 25165824 / 23401997.
[017353.02]  01-26 19:49  CatalogMesh                  INFO     Painted 23401997 out of 23401997 objects to mesh.
[017358.53]  01-26 19:49  CatalogFFTPower              INFO     Done painting catalog 1 to mesh.
[017358.53]  01-26 19:49  CatalogFFTPower              INFO     Using 400 k-bins between 0.000 and 0.400.
[017358.53]  01-26 19:49  CatalogFFTPower              INFO     Meshes prepared in elapsed time 31.45 s.
[017358.53]  01-26 19:49  CatalogFFTPower              INFO     Running mesh calculation.
[017375.72]  01-26 19:49  CatalogFFTPower              INFO     Mesh calculations performed in elapsed time 17.19 s.
[017375.72]  01-26 19:49  CatalogFFTPower              INFO     Power spectrum computed in elapsed time 48.64 s.
[017375.72]  01-26 19:49  CatalogFFTPower              INFO     Saving /pscratch/sd/s/shengyu/galaxies/catalogs/Y3/AbacusHF-v2/Boxes/QSO/sn1p550/AbacusSummit_base_c000_ph007/mpspk/pkpoles_QSO_zp1.550_DR2_v1.0.npy.
[017375.72]  01-26 19:49  compute_2pt                  INFO     Save to /pscratch/sd/s/shengyu/galaxies/catalogs/Y3/AbacusHF-v2/Boxes/QSO/sn1p550/AbacusSummit_base_c000_ph007/mpspk/pkpoles_QSO_zp1.550_DR2_v1.0.npy
[017375.72]  01-26 19:49  TwoPointCorrelationFunction  INFO     Using estimator <class 'pycorr.twopoint_estimator.NaturalTwoPointEstimator'>.
[017375.72]  01-26 19:49  TwoPointCorrelationFunction  INFO     Running auto-correlation.
[017375.72]  01-26 19:49  TwoPointCorrelationFunction  INFO     Computing two-point counts D1D2.
[017391.21]  01-26 19:50  TwoPointCorrelationFunction  INFO     Analytically computing two-point counts R1R2.
[017391.21]  01-26 19:50  TwoPointCorrelationFunction  INFO     Correlation function computed in elapsed time 15.49 s.
[017391.21]  01-26 19:50  NaturalTwoPointEstimator     INFO     Saving /pscratch/sd/s/shengyu/galaxies/catalogs/Y3/AbacusHF-v2/Boxes/QSO/sn1p550/AbacusSummit_base_c000_ph007/mpspk/mpslog_QSO_zp1.550_DR2_v1.0.npy.
[017391.21]  01-26 19:50  compute_2pt                  INFO     Save to /pscratch/sd/s/shengyu/galaxies/catalogs/Y3/AbacusHF-v2/Boxes/QSO/sn1p550/AbacusSummit_base_c000_ph007/mpspk/mpslog_QSO_zp1.550_DR2_v1.0.npy
[017391.22]  01-26 19:50  TwoPointCorrelationFunction  INFO     Using estimator <class 'pycorr.twopoint_estimator.NaturalTwoPointEstimator'>.
[017391.22]  01-26 19:50  TwoPointCorrelationFunction  INFO     Running auto-correlation.
[017391.22]  01-26 19:50  TwoPointCorrelationFunction  INFO     Computing two-point counts D1D2.
[017410.40]  01-26 19:50  TwoPointCorrelationFunction  INFO     Analytically computing two-point counts R1R2.
[017410.40]  01-26 19:50  TwoPointCorrelationFunction  INFO     Correlation function computed in elapsed time 19.19 s.
[017410.40]  01-26 19:50  NaturalTwoPointEstimator     INFO     Saving /pscratch/sd/s/shengyu/galaxies/catalogs/Y3/AbacusHF-v2/Boxes/QSO/sn1p550/AbacusSummit_base_c000_ph007/mpspk/wplog_QSO_zp1.550_DR2_v1.0.npy.
[017410.41]  01-26 19:50  compute_2pt                  INFO     Save to /pscratch/sd/s/shengyu/galaxies/catalogs/Y3/AbacusHF-v2/Boxes/QSO/sn1p550/AbacusSummit_base_c000_ph007/mpspk/wplog_QSO_zp1.550_DR2_v1.0.npy
[017410.41]  01-26 19:50  compute_2pt                  INFO     Procceed {'version': 'AbacusHF-v2', 'domain': 'cubic', 'tracer': 'QSO', 'zsnap': 1.55, 'zrange': (1.4, 1.7), 'mock_id': 8, 'use_dv': 'False'}
[017410.41]  01-26 19:50  cat_tools                    INFO     Load /pscratch/sd/s/shengyu/galaxies/catalogs/Y3/AbacusHF-v2/Boxes/QSO/sn1p550/AbacusSummit_base_c000_ph008/abacus_HF_QSO_1p550_DR2_v2.0_AbacusSummit_base_c000_ph008_base_clustering.dat.h5
[017410.41]  01-26 19:50  FileStack                    INFO     Reading /pscratch/sd/s/shengyu/galaxies/catalogs/Y3/AbacusHF-v2/Boxes/QSO/sn1p550/AbacusSummit_base_c000_ph008/abacus_HF_QSO_1p550_DR2_v2.0_AbacusSummit_base_c000_ph008_base_clustering.dat.h5.
[017411.39]  01-26 19:50  TwoPointCorrelationFunction  INFO     Using estimator <class 'pycorr.twopoint_estimator.NaturalTwoPointEstimator'>.
[017411.39]  01-26 19:50  TwoPointCorrelationFunction  INFO     Running auto-correlation.
[017411.39]  01-26 19:50  TwoPointCorrelationFunction  INFO     Computing two-point counts D1D2.
[017481.15]  01-26 19:51  TwoPointCorrelationFunction  INFO     Analytically computing two-point counts R1R2.
[017481.15]  01-26 19:51  TwoPointCorrelationFunction  INFO     Correlation function computed in elapsed time 69.76 s.
[017481.15]  01-26 19:51  NaturalTwoPointEstimator     INFO     Saving /pscratch/sd/s/shengyu/galaxies/catalogs/Y3/AbacusHF-v2/Boxes/QSO/sn1p550/AbacusSummit_base_c000_ph008/mpspk/xipoles_QSO_zp1.550_DR2_v1.0.npy.
[017481.16]  01-26 19:51  compute_2pt                  INFO     Save to /pscratch/sd/s/shengyu/galaxies/catalogs/Y3/AbacusHF-v2/Boxes/QSO/sn1p550/AbacusSummit_base_c000_ph008/mpspk/xipoles_QSO_zp1.550_DR2_v1.0.npy
[017484.32]  01-26 19:51  CatalogFFTPower              INFO     Painting catalog 1 to mesh CatalogMesh(nmesh=[512 512 512], boxsize=[2000. 2000. 2000.], boxcenter=[ 999.99999596 1000.00000533 1000.00000465], dtype=float64).
[017484.67]  01-26 19:51  CatalogMesh                  INFO     Slab 0 ~ 4194304 / 23356790.
[017485.84]  01-26 19:51  CatalogMesh                  INFO     Painted 4194304 out of 23356790 objects to mesh.
[017485.84]  01-26 19:51  CatalogMesh                  INFO     Slab 4194304 ~ 8388608 / 23356790.
[017486.97]  01-26 19:51  CatalogMesh                  INFO     Painted 8388608 out of 23356790 objects to mesh.
[017486.97]  01-26 19:51  CatalogMesh                  INFO     Slab 8388608 ~ 12582912 / 23356790.
[017488.09]  01-26 19:51  CatalogMesh                  INFO     Painted 12582912 out of 23356790 objects to mesh.
[017488.09]  01-26 19:51  CatalogMesh                  INFO     Slab 12582912 ~ 16777216 / 23356790.
[017489.22]  01-26 19:51  CatalogMesh                  INFO     Painted 16777216 out of 23356790 objects to mesh.
[017489.22]  01-26 19:51  CatalogMesh                  INFO     Slab 16777216 ~ 20971520 / 23356790.
[017490.42]  01-26 19:51  CatalogMesh                  INFO     Painted 20971520 out of 23356790 objects to mesh.
[017490.43]  01-26 19:51  CatalogMesh                  INFO     Slab 20971520 ~ 25165824 / 23356790.
[017491.24]  01-26 19:51  CatalogMesh                  INFO     Painted 23356790 out of 23356790 objects to mesh.
[017491.24]  01-26 19:51  CatalogMesh                  INFO     Running interlacing at order 3.
[017493.41]  01-26 19:51  CatalogMesh                  INFO     Slab 0 ~ 4194304 / 23356790.
[017494.54]  01-26 19:51  CatalogMesh                  INFO     Painted 4194304 out of 23356790 objects to mesh.
[017494.54]  01-26 19:51  CatalogMesh                  INFO     Slab 4194304 ~ 8388608 / 23356790.
[017495.66]  01-26 19:51  CatalogMesh                  INFO     Painted 8388608 out of 23356790 objects to mesh.
[017495.66]  01-26 19:51  CatalogMesh                  INFO     Slab 8388608 ~ 12582912 / 23356790.
[017496.79]  01-26 19:51  CatalogMesh                  INFO     Painted 12582912 out of 23356790 objects to mesh.
[017496.79]  01-26 19:51  CatalogMesh                  INFO     Slab 12582912 ~ 16777216 / 23356790.
[017497.91]  01-26 19:51  CatalogMesh                  INFO     Painted 16777216 out of 23356790 objects to mesh.
[017497.91]  01-26 19:51  CatalogMesh                  INFO     Slab 16777216 ~ 20971520 / 23356790.
[017499.11]  01-26 19:51  CatalogMesh                  INFO     Painted 20971520 out of 23356790 objects to mesh.
[017499.11]  01-26 19:51  CatalogMesh                  INFO     Slab 20971520 ~ 25165824 / 23356790.
[017499.93]  01-26 19:51  CatalogMesh                  INFO     Painted 23356790 out of 23356790 objects to mesh.
[017503.65]  01-26 19:51  CatalogMesh                  INFO     Slab 0 ~ 4194304 / 23356790.
[017504.78]  01-26 19:51  CatalogMesh                  INFO     Painted 4194304 out of 23356790 objects to mesh.
[017504.78]  01-26 19:51  CatalogMesh                  INFO     Slab 4194304 ~ 8388608 / 23356790.
[017505.91]  01-26 19:51  CatalogMesh                  INFO     Painted 8388608 out of 23356790 objects to mesh.
[017505.91]  01-26 19:51  CatalogMesh                  INFO     Slab 8388608 ~ 12582912 / 23356790.
[017507.04]  01-26 19:51  CatalogMesh                  INFO     Painted 12582912 out of 23356790 objects to mesh.
[017507.04]  01-26 19:51  CatalogMesh                  INFO     Slab 12582912 ~ 16777216 / 23356790.
[017508.17]  01-26 19:52  CatalogMesh                  INFO     Painted 16777216 out of 23356790 objects to mesh.
[017508.17]  01-26 19:52  CatalogMesh                  INFO     Slab 16777216 ~ 20971520 / 23356790.
[017509.38]  01-26 19:52  CatalogMesh                  INFO     Painted 20971520 out of 23356790 objects to mesh.
[017509.38]  01-26 19:52  CatalogMesh                  INFO     Slab 20971520 ~ 25165824 / 23356790.
[017510.20]  01-26 19:52  CatalogMesh                  INFO     Painted 23356790 out of 23356790 objects to mesh.
[017515.70]  01-26 19:52  CatalogFFTPower              INFO     Done painting catalog 1 to mesh.
[017515.70]  01-26 19:52  CatalogFFTPower              INFO     Using 400 k-bins between 0.000 and 0.400.
[017515.70]  01-26 19:52  CatalogFFTPower              INFO     Meshes prepared in elapsed time 31.38 s.
[017515.70]  01-26 19:52  CatalogFFTPower              INFO     Running mesh calculation.
[017532.78]  01-26 19:52  CatalogFFTPower              INFO     Mesh calculations performed in elapsed time 17.08 s.
[017532.79]  01-26 19:52  CatalogFFTPower              INFO     Power spectrum computed in elapsed time 48.46 s.
[017532.79]  01-26 19:52  CatalogFFTPower              INFO     Saving /pscratch/sd/s/shengyu/galaxies/catalogs/Y3/AbacusHF-v2/Boxes/QSO/sn1p550/AbacusSummit_base_c000_ph008/mpspk/pkpoles_QSO_zp1.550_DR2_v1.0.npy.
[017532.79]  01-26 19:52  compute_2pt                  INFO     Save to /pscratch/sd/s/shengyu/galaxies/catalogs/Y3/AbacusHF-v2/Boxes/QSO/sn1p550/AbacusSummit_base_c000_ph008/mpspk/pkpoles_QSO_zp1.550_DR2_v1.0.npy
[017532.79]  01-26 19:52  TwoPointCorrelationFunction  INFO     Using estimator <class 'pycorr.twopoint_estimator.NaturalTwoPointEstimator'>.
[017532.79]  01-26 19:52  TwoPointCorrelationFunction  INFO     Running auto-correlation.
[017532.79]  01-26 19:52  TwoPointCorrelationFunction  INFO     Computing two-point counts D1D2.
[017546.98]  01-26 19:52  TwoPointCorrelationFunction  INFO     Analytically computing two-point counts R1R2.
[017546.98]  01-26 19:52  TwoPointCorrelationFunction  INFO     Correlation function computed in elapsed time 14.19 s.
[017546.98]  01-26 19:52  NaturalTwoPointEstimator     INFO     Saving /pscratch/sd/s/shengyu/galaxies/catalogs/Y3/AbacusHF-v2/Boxes/QSO/sn1p550/AbacusSummit_base_c000_ph008/mpspk/mpslog_QSO_zp1.550_DR2_v1.0.npy.
[017546.98]  01-26 19:52  compute_2pt                  INFO     Save to /pscratch/sd/s/shengyu/galaxies/catalogs/Y3/AbacusHF-v2/Boxes/QSO/sn1p550/AbacusSummit_base_c000_ph008/mpspk/mpslog_QSO_zp1.550_DR2_v1.0.npy
[017546.98]  01-26 19:52  TwoPointCorrelationFunction  INFO     Using estimator <class 'pycorr.twopoint_estimator.NaturalTwoPointEstimator'>.
[017546.98]  01-26 19:52  TwoPointCorrelationFunction  INFO     Running auto-correlation.
[017546.98]  01-26 19:52  TwoPointCorrelationFunction  INFO     Computing two-point counts D1D2.
[017566.51]  01-26 19:52  TwoPointCorrelationFunction  INFO     Analytically computing two-point counts R1R2.
[017566.51]  01-26 19:52  TwoPointCorrelationFunction  INFO     Correlation function computed in elapsed time 19.53 s.
[017566.51]  01-26 19:52  NaturalTwoPointEstimator     INFO     Saving /pscratch/sd/s/shengyu/galaxies/catalogs/Y3/AbacusHF-v2/Boxes/QSO/sn1p550/AbacusSummit_base_c000_ph008/mpspk/wplog_QSO_zp1.550_DR2_v1.0.npy.
[017566.52]  01-26 19:52  compute_2pt                  INFO     Save to /pscratch/sd/s/shengyu/galaxies/catalogs/Y3/AbacusHF-v2/Boxes/QSO/sn1p550/AbacusSummit_base_c000_ph008/mpspk/wplog_QSO_zp1.550_DR2_v1.0.npy
[017566.52]  01-26 19:52  compute_2pt                  INFO     Procceed {'version': 'AbacusHF-v2', 'domain': 'cubic', 'tracer': 'QSO', 'zsnap': 1.55, 'zrange': (1.4, 1.7), 'mock_id': 9, 'use_dv': 'False'}
[017566.52]  01-26 19:52  cat_tools                    INFO     Load /pscratch/sd/s/shengyu/galaxies/catalogs/Y3/AbacusHF-v2/Boxes/QSO/sn1p550/AbacusSummit_base_c000_ph009/abacus_HF_QSO_1p550_DR2_v2.0_AbacusSummit_base_c000_ph009_base_clustering.dat.h5
[017566.52]  01-26 19:52  FileStack                    INFO     Reading /pscratch/sd/s/shengyu/galaxies/catalogs/Y3/AbacusHF-v2/Boxes/QSO/sn1p550/AbacusSummit_base_c000_ph009/abacus_HF_QSO_1p550_DR2_v2.0_AbacusSummit_base_c000_ph009_base_clustering.dat.h5.
[017567.50]  01-26 19:53  TwoPointCorrelationFunction  INFO     Using estimator <class 'pycorr.twopoint_estimator.NaturalTwoPointEstimator'>.
[017567.50]  01-26 19:53  TwoPointCorrelationFunction  INFO     Running auto-correlation.
[017567.50]  01-26 19:53  TwoPointCorrelationFunction  INFO     Computing two-point counts D1D2.
[017636.82]  01-26 19:54  TwoPointCorrelationFunction  INFO     Analytically computing two-point counts R1R2.
[017636.83]  01-26 19:54  TwoPointCorrelationFunction  INFO     Correlation function computed in elapsed time 69.33 s.
[017636.83]  01-26 19:54  NaturalTwoPointEstimator     INFO     Saving /pscratch/sd/s/shengyu/galaxies/catalogs/Y3/AbacusHF-v2/Boxes/QSO/sn1p550/AbacusSummit_base_c000_ph009/mpspk/xipoles_QSO_zp1.550_DR2_v1.0.npy.
[017636.84]  01-26 19:54  compute_2pt                  INFO     Save to /pscratch/sd/s/shengyu/galaxies/catalogs/Y3/AbacusHF-v2/Boxes/QSO/sn1p550/AbacusSummit_base_c000_ph009/mpspk/xipoles_QSO_zp1.550_DR2_v1.0.npy
[017639.97]  01-26 19:54  CatalogFFTPower              INFO     Painting catalog 1 to mesh CatalogMesh(nmesh=[512 512 512], boxsize=[2000. 2000. 2000.], boxcenter=[1000.00003269  999.99998144  999.99998518], dtype=float64).
[017640.33]  01-26 19:54  CatalogMesh                  INFO     Slab 0 ~ 4194304 / 23346806.
[017641.47]  01-26 19:54  CatalogMesh                  INFO     Painted 4194304 out of 23346806 objects to mesh.
[017641.47]  01-26 19:54  CatalogMesh                  INFO     Slab 4194304 ~ 8388608 / 23346806.
[017642.59]  01-26 19:54  CatalogMesh                  INFO     Painted 8388608 out of 23346806 objects to mesh.
[017642.59]  01-26 19:54  CatalogMesh                  INFO     Slab 8388608 ~ 12582912 / 23346806.
[017643.71]  01-26 19:54  CatalogMesh                  INFO     Painted 12582912 out of 23346806 objects to mesh.
[017643.71]  01-26 19:54  CatalogMesh                  INFO     Slab 12582912 ~ 16777216 / 23346806.
[017644.82]  01-26 19:54  CatalogMesh                  INFO     Painted 16777216 out of 23346806 objects to mesh.
[017644.82]  01-26 19:54  CatalogMesh                  INFO     Slab 16777216 ~ 20971520 / 23346806.
[017646.02]  01-26 19:54  CatalogMesh                  INFO     Painted 20971520 out of 23346806 objects to mesh.
[017646.02]  01-26 19:54  CatalogMesh                  INFO     Slab 20971520 ~ 25165824 / 23346806.
[017646.86]  01-26 19:54  CatalogMesh                  INFO     Painted 23346806 out of 23346806 objects to mesh.
[017646.86]  01-26 19:54  CatalogMesh                  INFO     Running interlacing at order 3.
[017649.04]  01-26 19:54  CatalogMesh                  INFO     Slab 0 ~ 4194304 / 23346806.
[017650.17]  01-26 19:54  CatalogMesh                  INFO     Painted 4194304 out of 23346806 objects to mesh.
[017650.17]  01-26 19:54  CatalogMesh                  INFO     Slab 4194304 ~ 8388608 / 23346806.
[017651.29]  01-26 19:54  CatalogMesh                  INFO     Painted 8388608 out of 23346806 objects to mesh.
[017651.29]  01-26 19:54  CatalogMesh                  INFO     Slab 8388608 ~ 12582912 / 23346806.
[017652.41]  01-26 19:54  CatalogMesh                  INFO     Painted 12582912 out of 23346806 objects to mesh.
[017652.41]  01-26 19:54  CatalogMesh                  INFO     Slab 12582912 ~ 16777216 / 23346806.
[017653.53]  01-26 19:54  CatalogMesh                  INFO     Painted 16777216 out of 23346806 objects to mesh.
[017653.53]  01-26 19:54  CatalogMesh                  INFO     Slab 16777216 ~ 20971520 / 23346806.
[017654.73]  01-26 19:54  CatalogMesh                  INFO     Painted 20971520 out of 23346806 objects to mesh.
[017654.73]  01-26 19:54  CatalogMesh                  INFO     Slab 20971520 ~ 25165824 / 23346806.
[017655.54]  01-26 19:54  CatalogMesh                  INFO     Painted 23346806 out of 23346806 objects to mesh.
[017659.27]  01-26 19:54  CatalogMesh                  INFO     Slab 0 ~ 4194304 / 23346806.
[017660.39]  01-26 19:54  CatalogMesh                  INFO     Painted 4194304 out of 23346806 objects to mesh.
[017660.39]  01-26 19:54  CatalogMesh                  INFO     Slab 4194304 ~ 8388608 / 23346806.
[017661.52]  01-26 19:54  CatalogMesh                  INFO     Painted 8388608 out of 23346806 objects to mesh.
[017661.52]  01-26 19:54  CatalogMesh                  INFO     Slab 8388608 ~ 12582912 / 23346806.
[017662.65]  01-26 19:54  CatalogMesh                  INFO     Painted 12582912 out of 23346806 objects to mesh.
[017662.65]  01-26 19:54  CatalogMesh                  INFO     Slab 12582912 ~ 16777216 / 23346806.
[017663.77]  01-26 19:54  CatalogMesh                  INFO     Painted 16777216 out of 23346806 objects to mesh.
[017663.77]  01-26 19:54  CatalogMesh                  INFO     Slab 16777216 ~ 20971520 / 23346806.
[017664.97]  01-26 19:54  CatalogMesh                  INFO     Painted 20971520 out of 23346806 objects to mesh.
[017664.97]  01-26 19:54  CatalogMesh                  INFO     Slab 20971520 ~ 25165824 / 23346806.
[017665.79]  01-26 19:54  CatalogMesh                  INFO     Painted 23346806 out of 23346806 objects to mesh.
[017671.27]  01-26 19:54  CatalogFFTPower              INFO     Done painting catalog 1 to mesh.
[017671.27]  01-26 19:54  CatalogFFTPower              INFO     Using 400 k-bins between 0.000 and 0.400.
[017671.27]  01-26 19:54  CatalogFFTPower              INFO     Meshes prepared in elapsed time 31.30 s.
[017671.27]  01-26 19:54  CatalogFFTPower              INFO     Running mesh calculation.
[017688.38]  01-26 19:55  CatalogFFTPower              INFO     Mesh calculations performed in elapsed time 17.11 s.
[017688.38]  01-26 19:55  CatalogFFTPower              INFO     Power spectrum computed in elapsed time 48.41 s.
[017688.38]  01-26 19:55  CatalogFFTPower              INFO     Saving /pscratch/sd/s/shengyu/galaxies/catalogs/Y3/AbacusHF-v2/Boxes/QSO/sn1p550/AbacusSummit_base_c000_ph009/mpspk/pkpoles_QSO_zp1.550_DR2_v1.0.npy.
[017688.38]  01-26 19:55  compute_2pt                  INFO     Save to /pscratch/sd/s/shengyu/galaxies/catalogs/Y3/AbacusHF-v2/Boxes/QSO/sn1p550/AbacusSummit_base_c000_ph009/mpspk/pkpoles_QSO_zp1.550_DR2_v1.0.npy
[017688.38]  01-26 19:55  TwoPointCorrelationFunction  INFO     Using estimator <class 'pycorr.twopoint_estimator.NaturalTwoPointEstimator'>.
[017688.38]  01-26 19:55  TwoPointCorrelationFunction  INFO     Running auto-correlation.
[017688.38]  01-26 19:55  TwoPointCorrelationFunction  INFO     Computing two-point counts D1D2.
[017703.72]  01-26 19:55  TwoPointCorrelationFunction  INFO     Analytically computing two-point counts R1R2.
[017703.72]  01-26 19:55  TwoPointCorrelationFunction  INFO     Correlation function computed in elapsed time 15.33 s.
[017703.72]  01-26 19:55  NaturalTwoPointEstimator     INFO     Saving /pscratch/sd/s/shengyu/galaxies/catalogs/Y3/AbacusHF-v2/Boxes/QSO/sn1p550/AbacusSummit_base_c000_ph009/mpspk/mpslog_QSO_zp1.550_DR2_v1.0.npy.
[017703.72]  01-26 19:55  compute_2pt                  INFO     Save to /pscratch/sd/s/shengyu/galaxies/catalogs/Y3/AbacusHF-v2/Boxes/QSO/sn1p550/AbacusSummit_base_c000_ph009/mpspk/mpslog_QSO_zp1.550_DR2_v1.0.npy
[017703.72]  01-26 19:55  TwoPointCorrelationFunction  INFO     Using estimator <class 'pycorr.twopoint_estimator.NaturalTwoPointEstimator'>.
[017703.72]  01-26 19:55  TwoPointCorrelationFunction  INFO     Running auto-correlation.
[017703.72]  01-26 19:55  TwoPointCorrelationFunction  INFO     Computing two-point counts D1D2.
[017722.95]  01-26 19:55  TwoPointCorrelationFunction  INFO     Analytically computing two-point counts R1R2.
[017722.95]  01-26 19:55  TwoPointCorrelationFunction  INFO     Correlation function computed in elapsed time 19.23 s.
[017722.95]  01-26 19:55  NaturalTwoPointEstimator     INFO     Saving /pscratch/sd/s/shengyu/galaxies/catalogs/Y3/AbacusHF-v2/Boxes/QSO/sn1p550/AbacusSummit_base_c000_ph009/mpspk/wplog_QSO_zp1.550_DR2_v1.0.npy.
[017722.96]  01-26 19:55  compute_2pt                  INFO     Save to /pscratch/sd/s/shengyu/galaxies/catalogs/Y3/AbacusHF-v2/Boxes/QSO/sn1p550/AbacusSummit_base_c000_ph009/mpspk/wplog_QSO_zp1.550_DR2_v1.0.npy
[017722.96]  01-26 19:55  compute_2pt                  INFO     Procceed {'version': 'AbacusHF-v2', 'domain': 'cubic', 'tracer': 'QSO', 'zsnap': 1.55, 'zrange': (1.4, 1.7), 'mock_id': 10, 'use_dv': 'False'}
[017722.96]  01-26 19:55  cat_tools                    INFO     Load /pscratch/sd/s/shengyu/galaxies/catalogs/Y3/AbacusHF-v2/Boxes/QSO/sn1p550/AbacusSummit_base_c000_ph010/abacus_HF_QSO_1p550_DR2_v2.0_AbacusSummit_base_c000_ph010_base_clustering.dat.h5
[017722.96]  01-26 19:55  FileStack                    INFO     Reading /pscratch/sd/s/shengyu/galaxies/catalogs/Y3/AbacusHF-v2/Boxes/QSO/sn1p550/AbacusSummit_base_c000_ph010/abacus_HF_QSO_1p550_DR2_v2.0_AbacusSummit_base_c000_ph010_base_clustering.dat.h5.
[017723.89]  01-26 19:55  TwoPointCorrelationFunction  INFO     Using estimator <class 'pycorr.twopoint_estimator.NaturalTwoPointEstimator'>.
[017723.89]  01-26 19:55  TwoPointCorrelationFunction  INFO     Running auto-correlation.
[017723.89]  01-26 19:55  TwoPointCorrelationFunction  INFO     Computing two-point counts D1D2.
[017796.73]  01-26 19:56  TwoPointCorrelationFunction  INFO     Analytically computing two-point counts R1R2.
[017796.73]  01-26 19:56  TwoPointCorrelationFunction  INFO     Correlation function computed in elapsed time 72.85 s.
[017796.74]  01-26 19:56  NaturalTwoPointEstimator     INFO     Saving /pscratch/sd/s/shengyu/galaxies/catalogs/Y3/AbacusHF-v2/Boxes/QSO/sn1p550/AbacusSummit_base_c000_ph010/mpspk/xipoles_QSO_zp1.550_DR2_v1.0.npy.
[017796.74]  01-26 19:56  compute_2pt                  INFO     Save to /pscratch/sd/s/shengyu/galaxies/catalogs/Y3/AbacusHF-v2/Boxes/QSO/sn1p550/AbacusSummit_base_c000_ph010/mpspk/xipoles_QSO_zp1.550_DR2_v1.0.npy
[017799.88]  01-26 19:56  CatalogFFTPower              INFO     Painting catalog 1 to mesh CatalogMesh(nmesh=[512 512 512], boxsize=[2000. 2000. 2000.], boxcenter=[ 999.99998341 1000.00003628  999.99997527], dtype=float64).
[017800.23]  01-26 19:56  CatalogMesh                  INFO     Slab 0 ~ 4194304 / 23407114.
[017801.38]  01-26 19:56  CatalogMesh                  INFO     Painted 4194304 out of 23407114 objects to mesh.
[017801.38]  01-26 19:56  CatalogMesh                  INFO     Slab 4194304 ~ 8388608 / 23407114.
[017802.50]  01-26 19:56  CatalogMesh                  INFO     Painted 8388608 out of 23407114 objects to mesh.
[017802.50]  01-26 19:56  CatalogMesh                  INFO     Slab 8388608 ~ 12582912 / 23407114.
[017803.62]  01-26 19:56  CatalogMesh                  INFO     Painted 12582912 out of 23407114 objects to mesh.
[017803.62]  01-26 19:56  CatalogMesh                  INFO     Slab 12582912 ~ 16777216 / 23407114.
[017804.74]  01-26 19:56  CatalogMesh                  INFO     Painted 16777216 out of 23407114 objects to mesh.
[017804.74]  01-26 19:56  CatalogMesh                  INFO     Slab 16777216 ~ 20971520 / 23407114.
[017805.94]  01-26 19:56  CatalogMesh                  INFO     Painted 20971520 out of 23407114 objects to mesh.
[017805.94]  01-26 19:56  CatalogMesh                  INFO     Slab 20971520 ~ 25165824 / 23407114.
[017806.77]  01-26 19:56  CatalogMesh                  INFO     Painted 23407114 out of 23407114 objects to mesh.
[017806.77]  01-26 19:56  CatalogMesh                  INFO     Running interlacing at order 3.
[017808.94]  01-26 19:57  CatalogMesh                  INFO     Slab 0 ~ 4194304 / 23407114.
[017810.07]  01-26 19:57  CatalogMesh                  INFO     Painted 4194304 out of 23407114 objects to mesh.
[017810.07]  01-26 19:57  CatalogMesh                  INFO     Slab 4194304 ~ 8388608 / 23407114.
[017811.19]  01-26 19:57  CatalogMesh                  INFO     Painted 8388608 out of 23407114 objects to mesh.
[017811.19]  01-26 19:57  CatalogMesh                  INFO     Slab 8388608 ~ 12582912 / 23407114.
[017812.31]  01-26 19:57  CatalogMesh                  INFO     Painted 12582912 out of 23407114 objects to mesh.
[017812.31]  01-26 19:57  CatalogMesh                  INFO     Slab 12582912 ~ 16777216 / 23407114.
[017813.42]  01-26 19:57  CatalogMesh                  INFO     Painted 16777216 out of 23407114 objects to mesh.
[017813.42]  01-26 19:57  CatalogMesh                  INFO     Slab 16777216 ~ 20971520 / 23407114.
[017814.62]  01-26 19:57  CatalogMesh                  INFO     Painted 20971520 out of 23407114 objects to mesh.
[017814.62]  01-26 19:57  CatalogMesh                  INFO     Slab 20971520 ~ 25165824 / 23407114.
[017815.45]  01-26 19:57  CatalogMesh                  INFO     Painted 23407114 out of 23407114 objects to mesh.
[017819.16]  01-26 19:57  CatalogMesh                  INFO     Slab 0 ~ 4194304 / 23407114.
[017820.28]  01-26 19:57  CatalogMesh                  INFO     Painted 4194304 out of 23407114 objects to mesh.
[017820.28]  01-26 19:57  CatalogMesh                  INFO     Slab 4194304 ~ 8388608 / 23407114.
[017821.39]  01-26 19:57  CatalogMesh                  INFO     Painted 8388608 out of 23407114 objects to mesh.
[017821.39]  01-26 19:57  CatalogMesh                  INFO     Slab 8388608 ~ 12582912 / 23407114.
[017822.52]  01-26 19:57  CatalogMesh                  INFO     Painted 12582912 out of 23407114 objects to mesh.
[017822.52]  01-26 19:57  CatalogMesh                  INFO     Slab 12582912 ~ 16777216 / 23407114.
[017823.64]  01-26 19:57  CatalogMesh                  INFO     Painted 16777216 out of 23407114 objects to mesh.
[017823.64]  01-26 19:57  CatalogMesh                  INFO     Slab 16777216 ~ 20971520 / 23407114.
[017824.83]  01-26 19:57  CatalogMesh                  INFO     Painted 20971520 out of 23407114 objects to mesh.
[017824.83]  01-26 19:57  CatalogMesh                  INFO     Slab 20971520 ~ 25165824 / 23407114.
[017825.66]  01-26 19:57  CatalogMesh                  INFO     Painted 23407114 out of 23407114 objects to mesh.
[017831.13]  01-26 19:57  CatalogFFTPower              INFO     Done painting catalog 1 to mesh.
[017831.13]  01-26 19:57  CatalogFFTPower              INFO     Using 400 k-bins between 0.000 and 0.400.
[017831.13]  01-26 19:57  CatalogFFTPower              INFO     Meshes prepared in elapsed time 31.25 s.
[017831.13]  01-26 19:57  CatalogFFTPower              INFO     Running mesh calculation.
[017848.18]  01-26 19:57  CatalogFFTPower              INFO     Mesh calculations performed in elapsed time 17.05 s.
[017848.18]  01-26 19:57  CatalogFFTPower              INFO     Power spectrum computed in elapsed time 48.29 s.
[017848.18]  01-26 19:57  CatalogFFTPower              INFO     Saving /pscratch/sd/s/shengyu/galaxies/catalogs/Y3/AbacusHF-v2/Boxes/QSO/sn1p550/AbacusSummit_base_c000_ph010/mpspk/pkpoles_QSO_zp1.550_DR2_v1.0.npy.
[017848.18]  01-26 19:57  compute_2pt                  INFO     Save to /pscratch/sd/s/shengyu/galaxies/catalogs/Y3/AbacusHF-v2/Boxes/QSO/sn1p550/AbacusSummit_base_c000_ph010/mpspk/pkpoles_QSO_zp1.550_DR2_v1.0.npy
[017848.18]  01-26 19:57  TwoPointCorrelationFunction  INFO     Using estimator <class 'pycorr.twopoint_estimator.NaturalTwoPointEstimator'>.
[017848.18]  01-26 19:57  TwoPointCorrelationFunction  INFO     Running auto-correlation.
[017848.18]  01-26 19:57  TwoPointCorrelationFunction  INFO     Computing two-point counts D1D2.
[017863.71]  01-26 19:57  TwoPointCorrelationFunction  INFO     Analytically computing two-point counts R1R2.
[017863.71]  01-26 19:57  TwoPointCorrelationFunction  INFO     Correlation function computed in elapsed time 15.53 s.
[017863.71]  01-26 19:57  NaturalTwoPointEstimator     INFO     Saving /pscratch/sd/s/shengyu/galaxies/catalogs/Y3/AbacusHF-v2/Boxes/QSO/sn1p550/AbacusSummit_base_c000_ph010/mpspk/mpslog_QSO_zp1.550_DR2_v1.0.npy.
[017863.72]  01-26 19:57  compute_2pt                  INFO     Save to /pscratch/sd/s/shengyu/galaxies/catalogs/Y3/AbacusHF-v2/Boxes/QSO/sn1p550/AbacusSummit_base_c000_ph010/mpspk/mpslog_QSO_zp1.550_DR2_v1.0.npy
[017863.72]  01-26 19:57  TwoPointCorrelationFunction  INFO     Using estimator <class 'pycorr.twopoint_estimator.NaturalTwoPointEstimator'>.
[017863.72]  01-26 19:57  TwoPointCorrelationFunction  INFO     Running auto-correlation.
[017863.72]  01-26 19:57  TwoPointCorrelationFunction  INFO     Computing two-point counts D1D2.
[017883.11]  01-26 19:58  TwoPointCorrelationFunction  INFO     Analytically computing two-point counts R1R2.
[017883.11]  01-26 19:58  TwoPointCorrelationFunction  INFO     Correlation function computed in elapsed time 19.39 s.
[017883.11]  01-26 19:58  NaturalTwoPointEstimator     INFO     Saving /pscratch/sd/s/shengyu/galaxies/catalogs/Y3/AbacusHF-v2/Boxes/QSO/sn1p550/AbacusSummit_base_c000_ph010/mpspk/wplog_QSO_zp1.550_DR2_v1.0.npy.
[017883.11]  01-26 19:58  compute_2pt                  INFO     Save to /pscratch/sd/s/shengyu/galaxies/catalogs/Y3/AbacusHF-v2/Boxes/QSO/sn1p550/AbacusSummit_base_c000_ph010/mpspk/wplog_QSO_zp1.550_DR2_v1.0.npy
[017883.12]  01-26 19:58  compute_2pt                  INFO     Procceed {'version': 'AbacusHF-v2', 'domain': 'cubic', 'tracer': 'QSO', 'zsnap': 1.55, 'zrange': (1.4, 1.7), 'mock_id': 11, 'use_dv': 'False'}
[017883.12]  01-26 19:58  cat_tools                    INFO     Load /pscratch/sd/s/shengyu/galaxies/catalogs/Y3/AbacusHF-v2/Boxes/QSO/sn1p550/AbacusSummit_base_c000_ph011/abacus_HF_QSO_1p550_DR2_v2.0_AbacusSummit_base_c000_ph011_base_clustering.dat.h5
[017883.12]  01-26 19:58  FileStack                    INFO     Reading /pscratch/sd/s/shengyu/galaxies/catalogs/Y3/AbacusHF-v2/Boxes/QSO/sn1p550/AbacusSummit_base_c000_ph011/abacus_HF_QSO_1p550_DR2_v2.0_AbacusSummit_base_c000_ph011_base_clustering.dat.h5.
[017884.04]  01-26 19:58  TwoPointCorrelationFunction  INFO     Using estimator <class 'pycorr.twopoint_estimator.NaturalTwoPointEstimator'>.
[017884.04]  01-26 19:58  TwoPointCorrelationFunction  INFO     Running auto-correlation.
[017884.04]  01-26 19:58  TwoPointCorrelationFunction  INFO     Computing two-point counts D1D2.
[017954.38]  01-26 19:59  TwoPointCorrelationFunction  INFO     Analytically computing two-point counts R1R2.
[017954.39]  01-26 19:59  TwoPointCorrelationFunction  INFO     Correlation function computed in elapsed time 70.34 s.
[017954.39]  01-26 19:59  NaturalTwoPointEstimator     INFO     Saving /pscratch/sd/s/shengyu/galaxies/catalogs/Y3/AbacusHF-v2/Boxes/QSO/sn1p550/AbacusSummit_base_c000_ph011/mpspk/xipoles_QSO_zp1.550_DR2_v1.0.npy.
[017954.39]  01-26 19:59  compute_2pt                  INFO     Save to /pscratch/sd/s/shengyu/galaxies/catalogs/Y3/AbacusHF-v2/Boxes/QSO/sn1p550/AbacusSummit_base_c000_ph011/mpspk/xipoles_QSO_zp1.550_DR2_v1.0.npy
[017957.54]  01-26 19:59  CatalogFFTPower              INFO     Painting catalog 1 to mesh CatalogMesh(nmesh=[512 512 512], boxsize=[2000. 2000. 2000.], boxcenter=[ 999.99999919 1000.00000433  999.99999666], dtype=float64).
[017957.89]  01-26 19:59  CatalogMesh                  INFO     Slab 0 ~ 4194304 / 23408669.
[017959.02]  01-26 19:59  CatalogMesh                  INFO     Painted 4194304 out of 23408669 objects to mesh.
[017959.02]  01-26 19:59  CatalogMesh                  INFO     Slab 4194304 ~ 8388608 / 23408669.
[017960.14]  01-26 19:59  CatalogMesh                  INFO     Painted 8388608 out of 23408669 objects to mesh.
[017960.14]  01-26 19:59  CatalogMesh                  INFO     Slab 8388608 ~ 12582912 / 23408669.
[017961.27]  01-26 19:59  CatalogMesh                  INFO     Painted 12582912 out of 23408669 objects to mesh.
[017961.28]  01-26 19:59  CatalogMesh                  INFO     Slab 12582912 ~ 16777216 / 23408669.
[017962.40]  01-26 19:59  CatalogMesh                  INFO     Painted 16777216 out of 23408669 objects to mesh.
[017962.40]  01-26 19:59  CatalogMesh                  INFO     Slab 16777216 ~ 20971520 / 23408669.
[017963.60]  01-26 19:59  CatalogMesh                  INFO     Painted 20971520 out of 23408669 objects to mesh.
[017963.60]  01-26 19:59  CatalogMesh                  INFO     Slab 20971520 ~ 25165824 / 23408669.
[017964.43]  01-26 19:59  CatalogMesh                  INFO     Painted 23408669 out of 23408669 objects to mesh.
[017964.43]  01-26 19:59  CatalogMesh                  INFO     Running interlacing at order 3.
[017966.62]  01-26 19:59  CatalogMesh                  INFO     Slab 0 ~ 4194304 / 23408669.
[017967.74]  01-26 19:59  CatalogMesh                  INFO     Painted 4194304 out of 23408669 objects to mesh.
[017967.74]  01-26 19:59  CatalogMesh                  INFO     Slab 4194304 ~ 8388608 / 23408669.
[017968.86]  01-26 19:59  CatalogMesh                  INFO     Painted 8388608 out of 23408669 objects to mesh.
[017968.86]  01-26 19:59  CatalogMesh                  INFO     Slab 8388608 ~ 12582912 / 23408669.
[017969.99]  01-26 19:59  CatalogMesh                  INFO     Painted 12582912 out of 23408669 objects to mesh.
[017969.99]  01-26 19:59  CatalogMesh                  INFO     Slab 12582912 ~ 16777216 / 23408669.
[017971.11]  01-26 19:59  CatalogMesh                  INFO     Painted 16777216 out of 23408669 objects to mesh.
[017971.11]  01-26 19:59  CatalogMesh                  INFO     Slab 16777216 ~ 20971520 / 23408669.
[017972.31]  01-26 19:59  CatalogMesh                  INFO     Painted 20971520 out of 23408669 objects to mesh.
[017972.31]  01-26 19:59  CatalogMesh                  INFO     Slab 20971520 ~ 25165824 / 23408669.
[017973.15]  01-26 19:59  CatalogMesh                  INFO     Painted 23408669 out of 23408669 objects to mesh.
[017976.87]  01-26 19:59  CatalogMesh                  INFO     Slab 0 ~ 4194304 / 23408669.
[017977.98]  01-26 19:59  CatalogMesh                  INFO     Painted 4194304 out of 23408669 objects to mesh.
[017977.98]  01-26 19:59  CatalogMesh                  INFO     Slab 4194304 ~ 8388608 / 23408669.
[017979.10]  01-26 19:59  CatalogMesh                  INFO     Painted 8388608 out of 23408669 objects to mesh.
[017979.10]  01-26 19:59  CatalogMesh                  INFO     Slab 8388608 ~ 12582912 / 23408669.
[017980.22]  01-26 19:59  CatalogMesh                  INFO     Painted 12582912 out of 23408669 objects to mesh.
[017980.22]  01-26 19:59  CatalogMesh                  INFO     Slab 12582912 ~ 16777216 / 23408669.
[017981.35]  01-26 19:59  CatalogMesh                  INFO     Painted 16777216 out of 23408669 objects to mesh.
[017981.35]  01-26 19:59  CatalogMesh                  INFO     Slab 16777216 ~ 20971520 / 23408669.
[017982.54]  01-26 19:59  CatalogMesh                  INFO     Painted 20971520 out of 23408669 objects to mesh.
[017982.54]  01-26 19:59  CatalogMesh                  INFO     Slab 20971520 ~ 25165824 / 23408669.
[017983.38]  01-26 19:59  CatalogMesh                  INFO     Painted 23408669 out of 23408669 objects to mesh.
[017988.87]  01-26 20:00  CatalogFFTPower              INFO     Done painting catalog 1 to mesh.
[017988.87]  01-26 20:00  CatalogFFTPower              INFO     Using 400 k-bins between 0.000 and 0.400.
[017988.87]  01-26 20:00  CatalogFFTPower              INFO     Meshes prepared in elapsed time 31.34 s.
[017988.87]  01-26 20:00  CatalogFFTPower              INFO     Running mesh calculation.
[018006.02]  01-26 20:00  CatalogFFTPower              INFO     Mesh calculations performed in elapsed time 17.15 s.
[018006.02]  01-26 20:00  CatalogFFTPower              INFO     Power spectrum computed in elapsed time 48.49 s.
[018006.03]  01-26 20:00  CatalogFFTPower              INFO     Saving /pscratch/sd/s/shengyu/galaxies/catalogs/Y3/AbacusHF-v2/Boxes/QSO/sn1p550/AbacusSummit_base_c000_ph011/mpspk/pkpoles_QSO_zp1.550_DR2_v1.0.npy.
[018006.03]  01-26 20:00  compute_2pt                  INFO     Save to /pscratch/sd/s/shengyu/galaxies/catalogs/Y3/AbacusHF-v2/Boxes/QSO/sn1p550/AbacusSummit_base_c000_ph011/mpspk/pkpoles_QSO_zp1.550_DR2_v1.0.npy
[018006.03]  01-26 20:00  TwoPointCorrelationFunction  INFO     Using estimator <class 'pycorr.twopoint_estimator.NaturalTwoPointEstimator'>.
[018006.03]  01-26 20:00  TwoPointCorrelationFunction  INFO     Running auto-correlation.
[018006.03]  01-26 20:00  TwoPointCorrelationFunction  INFO     Computing two-point counts D1D2.
[018021.62]  01-26 20:00  TwoPointCorrelationFunction  INFO     Analytically computing two-point counts R1R2.
[018021.63]  01-26 20:00  TwoPointCorrelationFunction  INFO     Correlation function computed in elapsed time 15.60 s.
[018021.63]  01-26 20:00  NaturalTwoPointEstimator     INFO     Saving /pscratch/sd/s/shengyu/galaxies/catalogs/Y3/AbacusHF-v2/Boxes/QSO/sn1p550/AbacusSummit_base_c000_ph011/mpspk/mpslog_QSO_zp1.550_DR2_v1.0.npy.
[018021.63]  01-26 20:00  compute_2pt                  INFO     Save to /pscratch/sd/s/shengyu/galaxies/catalogs/Y3/AbacusHF-v2/Boxes/QSO/sn1p550/AbacusSummit_base_c000_ph011/mpspk/mpslog_QSO_zp1.550_DR2_v1.0.npy
[018021.63]  01-26 20:00  TwoPointCorrelationFunction  INFO     Using estimator <class 'pycorr.twopoint_estimator.NaturalTwoPointEstimator'>.
[018021.63]  01-26 20:00  TwoPointCorrelationFunction  INFO     Running auto-correlation.
[018021.63]  01-26 20:00  TwoPointCorrelationFunction  INFO     Computing two-point counts D1D2.
[018040.82]  01-26 20:00  TwoPointCorrelationFunction  INFO     Analytically computing two-point counts R1R2.
[018040.82]  01-26 20:00  TwoPointCorrelationFunction  INFO     Correlation function computed in elapsed time 19.19 s.
[018040.82]  01-26 20:00  NaturalTwoPointEstimator     INFO     Saving /pscratch/sd/s/shengyu/galaxies/catalogs/Y3/AbacusHF-v2/Boxes/QSO/sn1p550/AbacusSummit_base_c000_ph011/mpspk/wplog_QSO_zp1.550_DR2_v1.0.npy.
[018040.82]  01-26 20:00  compute_2pt                  INFO     Save to /pscratch/sd/s/shengyu/galaxies/catalogs/Y3/AbacusHF-v2/Boxes/QSO/sn1p550/AbacusSummit_base_c000_ph011/mpspk/wplog_QSO_zp1.550_DR2_v1.0.npy
[018040.82]  01-26 20:00  compute_2pt                  INFO     Procceed {'version': 'AbacusHF-v2', 'domain': 'cubic', 'tracer': 'QSO', 'zsnap': 1.55, 'zrange': (1.4, 1.7), 'mock_id': 12, 'use_dv': 'False'}
[018040.82]  01-26 20:00  cat_tools                    INFO     Load /pscratch/sd/s/shengyu/galaxies/catalogs/Y3/AbacusHF-v2/Boxes/QSO/sn1p550/AbacusSummit_base_c000_ph012/abacus_HF_QSO_1p550_DR2_v2.0_AbacusSummit_base_c000_ph012_base_clustering.dat.h5
[018040.82]  01-26 20:00  FileStack                    INFO     Reading /pscratch/sd/s/shengyu/galaxies/catalogs/Y3/AbacusHF-v2/Boxes/QSO/sn1p550/AbacusSummit_base_c000_ph012/abacus_HF_QSO_1p550_DR2_v2.0_AbacusSummit_base_c000_ph012_base_clustering.dat.h5.
[018041.74]  01-26 20:00  TwoPointCorrelationFunction  INFO     Using estimator <class 'pycorr.twopoint_estimator.NaturalTwoPointEstimator'>.
[018041.74]  01-26 20:00  TwoPointCorrelationFunction  INFO     Running auto-correlation.
[018041.74]  01-26 20:00  TwoPointCorrelationFunction  INFO     Computing two-point counts D1D2.
[018113.79]  01-26 20:02  TwoPointCorrelationFunction  INFO     Analytically computing two-point counts R1R2.
[018113.79]  01-26 20:02  TwoPointCorrelationFunction  INFO     Correlation function computed in elapsed time 72.05 s.
[018113.79]  01-26 20:02  NaturalTwoPointEstimator     INFO     Saving /pscratch/sd/s/shengyu/galaxies/catalogs/Y3/AbacusHF-v2/Boxes/QSO/sn1p550/AbacusSummit_base_c000_ph012/mpspk/xipoles_QSO_zp1.550_DR2_v1.0.npy.
[018113.79]  01-26 20:02  compute_2pt                  INFO     Save to /pscratch/sd/s/shengyu/galaxies/catalogs/Y3/AbacusHF-v2/Boxes/QSO/sn1p550/AbacusSummit_base_c000_ph012/mpspk/xipoles_QSO_zp1.550_DR2_v1.0.npy
[018116.93]  01-26 20:02  CatalogFFTPower              INFO     Painting catalog 1 to mesh CatalogMesh(nmesh=[512 512 512], boxsize=[2000. 2000. 2000.], boxcenter=[1000.00003146  999.9999169   999.9999945 ], dtype=float64).
[018117.28]  01-26 20:02  CatalogMesh                  INFO     Slab 0 ~ 4194304 / 23341005.
[018118.41]  01-26 20:02  CatalogMesh                  INFO     Painted 4194304 out of 23341005 objects to mesh.
[018118.41]  01-26 20:02  CatalogMesh                  INFO     Slab 4194304 ~ 8388608 / 23341005.
[018119.54]  01-26 20:02  CatalogMesh                  INFO     Painted 8388608 out of 23341005 objects to mesh.
[018119.54]  01-26 20:02  CatalogMesh                  INFO     Slab 8388608 ~ 12582912 / 23341005.
[018120.66]  01-26 20:02  CatalogMesh                  INFO     Painted 12582912 out of 23341005 objects to mesh.
[018120.66]  01-26 20:02  CatalogMesh                  INFO     Slab 12582912 ~ 16777216 / 23341005.
[018121.78]  01-26 20:02  CatalogMesh                  INFO     Painted 16777216 out of 23341005 objects to mesh.
[018121.78]  01-26 20:02  CatalogMesh                  INFO     Slab 16777216 ~ 20971520 / 23341005.
[018122.99]  01-26 20:02  CatalogMesh                  INFO     Painted 20971520 out of 23341005 objects to mesh.
[018122.99]  01-26 20:02  CatalogMesh                  INFO     Slab 20971520 ~ 25165824 / 23341005.
[018123.80]  01-26 20:02  CatalogMesh                  INFO     Painted 23341005 out of 23341005 objects to mesh.
[018123.80]  01-26 20:02  CatalogMesh                  INFO     Running interlacing at order 3.
[018125.98]  01-26 20:02  CatalogMesh                  INFO     Slab 0 ~ 4194304 / 23341005.
[018127.10]  01-26 20:02  CatalogMesh                  INFO     Painted 4194304 out of 23341005 objects to mesh.
[018127.10]  01-26 20:02  CatalogMesh                  INFO     Slab 4194304 ~ 8388608 / 23341005.
[018128.22]  01-26 20:02  CatalogMesh                  INFO     Painted 8388608 out of 23341005 objects to mesh.
[018128.22]  01-26 20:02  CatalogMesh                  INFO     Slab 8388608 ~ 12582912 / 23341005.
[018129.34]  01-26 20:02  CatalogMesh                  INFO     Painted 12582912 out of 23341005 objects to mesh.
[018129.34]  01-26 20:02  CatalogMesh                  INFO     Slab 12582912 ~ 16777216 / 23341005.
[018130.45]  01-26 20:02  CatalogMesh                  INFO     Painted 16777216 out of 23341005 objects to mesh.
[018130.45]  01-26 20:02  CatalogMesh                  INFO     Slab 16777216 ~ 20971520 / 23341005.
[018131.65]  01-26 20:02  CatalogMesh                  INFO     Painted 20971520 out of 23341005 objects to mesh.
[018131.65]  01-26 20:02  CatalogMesh                  INFO     Slab 20971520 ~ 25165824 / 23341005.
[018132.46]  01-26 20:02  CatalogMesh                  INFO     Painted 23341005 out of 23341005 objects to mesh.
[018136.16]  01-26 20:02  CatalogMesh                  INFO     Slab 0 ~ 4194304 / 23341005.
[018137.29]  01-26 20:02  CatalogMesh                  INFO     Painted 4194304 out of 23341005 objects to mesh.
[018137.29]  01-26 20:02  CatalogMesh                  INFO     Slab 4194304 ~ 8388608 / 23341005.
[018138.41]  01-26 20:02  CatalogMesh                  INFO     Painted 8388608 out of 23341005 objects to mesh.
[018138.41]  01-26 20:02  CatalogMesh                  INFO     Slab 8388608 ~ 12582912 / 23341005.
[018139.53]  01-26 20:02  CatalogMesh                  INFO     Painted 12582912 out of 23341005 objects to mesh.
[018139.53]  01-26 20:02  CatalogMesh                  INFO     Slab 12582912 ~ 16777216 / 23341005.
[018140.65]  01-26 20:02  CatalogMesh                  INFO     Painted 16777216 out of 23341005 objects to mesh.
[018140.65]  01-26 20:02  CatalogMesh                  INFO     Slab 16777216 ~ 20971520 / 23341005.
[018141.85]  01-26 20:02  CatalogMesh                  INFO     Painted 20971520 out of 23341005 objects to mesh.
[018141.85]  01-26 20:02  CatalogMesh                  INFO     Slab 20971520 ~ 25165824 / 23341005.
[018142.66]  01-26 20:02  CatalogMesh                  INFO     Painted 23341005 out of 23341005 objects to mesh.
[018148.12]  01-26 20:02  CatalogFFTPower              INFO     Done painting catalog 1 to mesh.
[018148.12]  01-26 20:02  CatalogFFTPower              INFO     Using 400 k-bins between 0.000 and 0.400.
[018148.12]  01-26 20:02  CatalogFFTPower              INFO     Meshes prepared in elapsed time 31.19 s.
[018148.12]  01-26 20:02  CatalogFFTPower              INFO     Running mesh calculation.
[018165.22]  01-26 20:02  CatalogFFTPower              INFO     Mesh calculations performed in elapsed time 17.10 s.
[018165.22]  01-26 20:02  CatalogFFTPower              INFO     Power spectrum computed in elapsed time 48.29 s.
[018165.22]  01-26 20:02  CatalogFFTPower              INFO     Saving /pscratch/sd/s/shengyu/galaxies/catalogs/Y3/AbacusHF-v2/Boxes/QSO/sn1p550/AbacusSummit_base_c000_ph012/mpspk/pkpoles_QSO_zp1.550_DR2_v1.0.npy.
[018165.23]  01-26 20:02  compute_2pt                  INFO     Save to /pscratch/sd/s/shengyu/galaxies/catalogs/Y3/AbacusHF-v2/Boxes/QSO/sn1p550/AbacusSummit_base_c000_ph012/mpspk/pkpoles_QSO_zp1.550_DR2_v1.0.npy
[018165.23]  01-26 20:02  TwoPointCorrelationFunction  INFO     Using estimator <class 'pycorr.twopoint_estimator.NaturalTwoPointEstimator'>.
[018165.23]  01-26 20:02  TwoPointCorrelationFunction  INFO     Running auto-correlation.
[018165.23]  01-26 20:02  TwoPointCorrelationFunction  INFO     Computing two-point counts D1D2.
[018179.53]  01-26 20:03  TwoPointCorrelationFunction  INFO     Analytically computing two-point counts R1R2.
[018179.53]  01-26 20:03  TwoPointCorrelationFunction  INFO     Correlation function computed in elapsed time 14.30 s.
[018179.53]  01-26 20:03  NaturalTwoPointEstimator     INFO     Saving /pscratch/sd/s/shengyu/galaxies/catalogs/Y3/AbacusHF-v2/Boxes/QSO/sn1p550/AbacusSummit_base_c000_ph012/mpspk/mpslog_QSO_zp1.550_DR2_v1.0.npy.
[018179.53]  01-26 20:03  compute_2pt                  INFO     Save to /pscratch/sd/s/shengyu/galaxies/catalogs/Y3/AbacusHF-v2/Boxes/QSO/sn1p550/AbacusSummit_base_c000_ph012/mpspk/mpslog_QSO_zp1.550_DR2_v1.0.npy
[018179.54]  01-26 20:03  TwoPointCorrelationFunction  INFO     Using estimator <class 'pycorr.twopoint_estimator.NaturalTwoPointEstimator'>.
[018179.54]  01-26 20:03  TwoPointCorrelationFunction  INFO     Running auto-correlation.
[018179.54]  01-26 20:03  TwoPointCorrelationFunction  INFO     Computing two-point counts D1D2.
[018198.87]  01-26 20:03  TwoPointCorrelationFunction  INFO     Analytically computing two-point counts R1R2.
[018198.87]  01-26 20:03  TwoPointCorrelationFunction  INFO     Correlation function computed in elapsed time 19.33 s.
[018198.87]  01-26 20:03  NaturalTwoPointEstimator     INFO     Saving /pscratch/sd/s/shengyu/galaxies/catalogs/Y3/AbacusHF-v2/Boxes/QSO/sn1p550/AbacusSummit_base_c000_ph012/mpspk/wplog_QSO_zp1.550_DR2_v1.0.npy.
[018198.87]  01-26 20:03  compute_2pt                  INFO     Save to /pscratch/sd/s/shengyu/galaxies/catalogs/Y3/AbacusHF-v2/Boxes/QSO/sn1p550/AbacusSummit_base_c000_ph012/mpspk/wplog_QSO_zp1.550_DR2_v1.0.npy
[018198.87]  01-26 20:03  compute_2pt                  INFO     Procceed {'version': 'AbacusHF-v2', 'domain': 'cubic', 'tracer': 'QSO', 'zsnap': 1.55, 'zrange': (1.4, 1.7), 'mock_id': 13, 'use_dv': 'False'}
[018198.88]  01-26 20:03  cat_tools                    INFO     Load /pscratch/sd/s/shengyu/galaxies/catalogs/Y3/AbacusHF-v2/Boxes/QSO/sn1p550/AbacusSummit_base_c000_ph013/abacus_HF_QSO_1p550_DR2_v2.0_AbacusSummit_base_c000_ph013_base_clustering.dat.h5
[018198.88]  01-26 20:03  FileStack                    INFO     Reading /pscratch/sd/s/shengyu/galaxies/catalogs/Y3/AbacusHF-v2/Boxes/QSO/sn1p550/AbacusSummit_base_c000_ph013/abacus_HF_QSO_1p550_DR2_v2.0_AbacusSummit_base_c000_ph013_base_clustering.dat.h5.
[018199.79]  01-26 20:03  TwoPointCorrelationFunction  INFO     Using estimator <class 'pycorr.twopoint_estimator.NaturalTwoPointEstimator'>.
[018199.79]  01-26 20:03  TwoPointCorrelationFunction  INFO     Running auto-correlation.
[018199.79]  01-26 20:03  TwoPointCorrelationFunction  INFO     Computing two-point counts D1D2.
[018271.00]  01-26 20:04  TwoPointCorrelationFunction  INFO     Analytically computing two-point counts R1R2.
[018271.01]  01-26 20:04  TwoPointCorrelationFunction  INFO     Correlation function computed in elapsed time 71.21 s.
[018271.01]  01-26 20:04  NaturalTwoPointEstimator     INFO     Saving /pscratch/sd/s/shengyu/galaxies/catalogs/Y3/AbacusHF-v2/Boxes/QSO/sn1p550/AbacusSummit_base_c000_ph013/mpspk/xipoles_QSO_zp1.550_DR2_v1.0.npy.
[018271.01]  01-26 20:04  compute_2pt                  INFO     Save to /pscratch/sd/s/shengyu/galaxies/catalogs/Y3/AbacusHF-v2/Boxes/QSO/sn1p550/AbacusSummit_base_c000_ph013/mpspk/xipoles_QSO_zp1.550_DR2_v1.0.npy
[018274.16]  01-26 20:04  CatalogFFTPower              INFO     Painting catalog 1 to mesh CatalogMesh(nmesh=[512 512 512], boxsize=[2000. 2000. 2000.], boxcenter=[ 999.99999683  999.99995669 1000.00014069], dtype=float64).
[018274.51]  01-26 20:04  CatalogMesh                  INFO     Slab 0 ~ 4194304 / 23374921.
[018275.65]  01-26 20:04  CatalogMesh                  INFO     Painted 4194304 out of 23374921 objects to mesh.
[018275.65]  01-26 20:04  CatalogMesh                  INFO     Slab 4194304 ~ 8388608 / 23374921.
[018276.78]  01-26 20:04  CatalogMesh                  INFO     Painted 8388608 out of 23374921 objects to mesh.
[018276.78]  01-26 20:04  CatalogMesh                  INFO     Slab 8388608 ~ 12582912 / 23374921.
[018277.91]  01-26 20:04  CatalogMesh                  INFO     Painted 12582912 out of 23374921 objects to mesh.
[018277.91]  01-26 20:04  CatalogMesh                  INFO     Slab 12582912 ~ 16777216 / 23374921.
[018279.02]  01-26 20:04  CatalogMesh                  INFO     Painted 16777216 out of 23374921 objects to mesh.
[018279.02]  01-26 20:04  CatalogMesh                  INFO     Slab 16777216 ~ 20971520 / 23374921.
[018280.22]  01-26 20:04  CatalogMesh                  INFO     Painted 20971520 out of 23374921 objects to mesh.
[018280.22]  01-26 20:04  CatalogMesh                  INFO     Slab 20971520 ~ 25165824 / 23374921.
[018281.04]  01-26 20:04  CatalogMesh                  INFO     Painted 23374921 out of 23374921 objects to mesh.
[018281.05]  01-26 20:04  CatalogMesh                  INFO     Running interlacing at order 3.
[018283.22]  01-26 20:04  CatalogMesh                  INFO     Slab 0 ~ 4194304 / 23374921.
[018284.34]  01-26 20:04  CatalogMesh                  INFO     Painted 4194304 out of 23374921 objects to mesh.
[018284.34]  01-26 20:04  CatalogMesh                  INFO     Slab 4194304 ~ 8388608 / 23374921.
[018285.48]  01-26 20:04  CatalogMesh                  INFO     Painted 8388608 out of 23374921 objects to mesh.
[018285.48]  01-26 20:04  CatalogMesh                  INFO     Slab 8388608 ~ 12582912 / 23374921.
[018286.60]  01-26 20:04  CatalogMesh                  INFO     Painted 12582912 out of 23374921 objects to mesh.
[018286.60]  01-26 20:04  CatalogMesh                  INFO     Slab 12582912 ~ 16777216 / 23374921.
[018287.71]  01-26 20:05  CatalogMesh                  INFO     Painted 16777216 out of 23374921 objects to mesh.
[018287.71]  01-26 20:05  CatalogMesh                  INFO     Slab 16777216 ~ 20971520 / 23374921.
[018288.91]  01-26 20:05  CatalogMesh                  INFO     Painted 20971520 out of 23374921 objects to mesh.
[018288.91]  01-26 20:05  CatalogMesh                  INFO     Slab 20971520 ~ 25165824 / 23374921.
[018289.73]  01-26 20:05  CatalogMesh                  INFO     Painted 23374921 out of 23374921 objects to mesh.
[018293.43]  01-26 20:05  CatalogMesh                  INFO     Slab 0 ~ 4194304 / 23374921.
[018294.55]  01-26 20:05  CatalogMesh                  INFO     Painted 4194304 out of 23374921 objects to mesh.
[018294.55]  01-26 20:05  CatalogMesh                  INFO     Slab 4194304 ~ 8388608 / 23374921.
[018295.67]  01-26 20:05  CatalogMesh                  INFO     Painted 8388608 out of 23374921 objects to mesh.
[018295.67]  01-26 20:05  CatalogMesh                  INFO     Slab 8388608 ~ 12582912 / 23374921.
[018296.79]  01-26 20:05  CatalogMesh                  INFO     Painted 12582912 out of 23374921 objects to mesh.
[018296.79]  01-26 20:05  CatalogMesh                  INFO     Slab 12582912 ~ 16777216 / 23374921.
[018297.91]  01-26 20:05  CatalogMesh                  INFO     Painted 16777216 out of 23374921 objects to mesh.
[018297.92]  01-26 20:05  CatalogMesh                  INFO     Slab 16777216 ~ 20971520 / 23374921.
[018299.11]  01-26 20:05  CatalogMesh                  INFO     Painted 20971520 out of 23374921 objects to mesh.
[018299.11]  01-26 20:05  CatalogMesh                  INFO     Slab 20971520 ~ 25165824 / 23374921.
[018299.93]  01-26 20:05  CatalogMesh                  INFO     Painted 23374921 out of 23374921 objects to mesh.
[018305.42]  01-26 20:05  CatalogFFTPower              INFO     Done painting catalog 1 to mesh.
[018305.42]  01-26 20:05  CatalogFFTPower              INFO     Using 400 k-bins between 0.000 and 0.400.
[018305.42]  01-26 20:05  CatalogFFTPower              INFO     Meshes prepared in elapsed time 31.26 s.
[018305.42]  01-26 20:05  CatalogFFTPower              INFO     Running mesh calculation.
[018322.50]  01-26 20:05  CatalogFFTPower              INFO     Mesh calculations performed in elapsed time 17.08 s.
[018322.50]  01-26 20:05  CatalogFFTPower              INFO     Power spectrum computed in elapsed time 48.33 s.
[018322.50]  01-26 20:05  CatalogFFTPower              INFO     Saving /pscratch/sd/s/shengyu/galaxies/catalogs/Y3/AbacusHF-v2/Boxes/QSO/sn1p550/AbacusSummit_base_c000_ph013/mpspk/pkpoles_QSO_zp1.550_DR2_v1.0.npy.
[018322.52]  01-26 20:05  compute_2pt                  INFO     Save to /pscratch/sd/s/shengyu/galaxies/catalogs/Y3/AbacusHF-v2/Boxes/QSO/sn1p550/AbacusSummit_base_c000_ph013/mpspk/pkpoles_QSO_zp1.550_DR2_v1.0.npy
[018322.52]  01-26 20:05  TwoPointCorrelationFunction  INFO     Using estimator <class 'pycorr.twopoint_estimator.NaturalTwoPointEstimator'>.
[018322.52]  01-26 20:05  TwoPointCorrelationFunction  INFO     Running auto-correlation.
[018322.52]  01-26 20:05  TwoPointCorrelationFunction  INFO     Computing two-point counts D1D2.
[018339.37]  01-26 20:05  TwoPointCorrelationFunction  INFO     Analytically computing two-point counts R1R2.
[018339.37]  01-26 20:05  TwoPointCorrelationFunction  INFO     Correlation function computed in elapsed time 16.85 s.
[018339.37]  01-26 20:05  NaturalTwoPointEstimator     INFO     Saving /pscratch/sd/s/shengyu/galaxies/catalogs/Y3/AbacusHF-v2/Boxes/QSO/sn1p550/AbacusSummit_base_c000_ph013/mpspk/mpslog_QSO_zp1.550_DR2_v1.0.npy.
[018339.37]  01-26 20:05  compute_2pt                  INFO     Save to /pscratch/sd/s/shengyu/galaxies/catalogs/Y3/AbacusHF-v2/Boxes/QSO/sn1p550/AbacusSummit_base_c000_ph013/mpspk/mpslog_QSO_zp1.550_DR2_v1.0.npy
[018339.37]  01-26 20:05  TwoPointCorrelationFunction  INFO     Using estimator <class 'pycorr.twopoint_estimator.NaturalTwoPointEstimator'>.
[018339.37]  01-26 20:05  TwoPointCorrelationFunction  INFO     Running auto-correlation.
[018339.37]  01-26 20:05  TwoPointCorrelationFunction  INFO     Computing two-point counts D1D2.
[018358.52]  01-26 20:06  TwoPointCorrelationFunction  INFO     Analytically computing two-point counts R1R2.
[018358.52]  01-26 20:06  TwoPointCorrelationFunction  INFO     Correlation function computed in elapsed time 19.15 s.
[018358.52]  01-26 20:06  NaturalTwoPointEstimator     INFO     Saving /pscratch/sd/s/shengyu/galaxies/catalogs/Y3/AbacusHF-v2/Boxes/QSO/sn1p550/AbacusSummit_base_c000_ph013/mpspk/wplog_QSO_zp1.550_DR2_v1.0.npy.
[018358.52]  01-26 20:06  compute_2pt                  INFO     Save to /pscratch/sd/s/shengyu/galaxies/catalogs/Y3/AbacusHF-v2/Boxes/QSO/sn1p550/AbacusSummit_base_c000_ph013/mpspk/wplog_QSO_zp1.550_DR2_v1.0.npy
[018358.52]  01-26 20:06  compute_2pt                  INFO     Procceed {'version': 'AbacusHF-v2', 'domain': 'cubic', 'tracer': 'QSO', 'zsnap': 1.55, 'zrange': (1.4, 1.7), 'mock_id': 14, 'use_dv': 'False'}
[018358.52]  01-26 20:06  cat_tools                    INFO     Load /pscratch/sd/s/shengyu/galaxies/catalogs/Y3/AbacusHF-v2/Boxes/QSO/sn1p550/AbacusSummit_base_c000_ph014/abacus_HF_QSO_1p550_DR2_v2.0_AbacusSummit_base_c000_ph014_base_clustering.dat.h5
[018358.52]  01-26 20:06  FileStack                    INFO     Reading /pscratch/sd/s/shengyu/galaxies/catalogs/Y3/AbacusHF-v2/Boxes/QSO/sn1p550/AbacusSummit_base_c000_ph014/abacus_HF_QSO_1p550_DR2_v2.0_AbacusSummit_base_c000_ph014_base_clustering.dat.h5.
[018359.46]  01-26 20:06  TwoPointCorrelationFunction  INFO     Using estimator <class 'pycorr.twopoint_estimator.NaturalTwoPointEstimator'>.
[018359.46]  01-26 20:06  TwoPointCorrelationFunction  INFO     Running auto-correlation.
[018359.46]  01-26 20:06  TwoPointCorrelationFunction  INFO     Computing two-point counts D1D2.
[018430.88]  01-26 20:07  TwoPointCorrelationFunction  INFO     Analytically computing two-point counts R1R2.
[018430.88]  01-26 20:07  TwoPointCorrelationFunction  INFO     Correlation function computed in elapsed time 71.43 s.
[018430.88]  01-26 20:07  NaturalTwoPointEstimator     INFO     Saving /pscratch/sd/s/shengyu/galaxies/catalogs/Y3/AbacusHF-v2/Boxes/QSO/sn1p550/AbacusSummit_base_c000_ph014/mpspk/xipoles_QSO_zp1.550_DR2_v1.0.npy.
[018430.89]  01-26 20:07  compute_2pt                  INFO     Save to /pscratch/sd/s/shengyu/galaxies/catalogs/Y3/AbacusHF-v2/Boxes/QSO/sn1p550/AbacusSummit_base_c000_ph014/mpspk/xipoles_QSO_zp1.550_DR2_v1.0.npy
[018434.18]  01-26 20:07  CatalogFFTPower              INFO     Painting catalog 1 to mesh CatalogMesh(nmesh=[512 512 512], boxsize=[2000. 2000. 2000.], boxcenter=[1000.00003088 1000.00001471  999.99996281], dtype=float64).
[018434.54]  01-26 20:07  CatalogMesh                  INFO     Slab 0 ~ 4194304 / 23354539.
[018435.68]  01-26 20:07  CatalogMesh                  INFO     Painted 4194304 out of 23354539 objects to mesh.
[018435.68]  01-26 20:07  CatalogMesh                  INFO     Slab 4194304 ~ 8388608 / 23354539.
[018436.81]  01-26 20:07  CatalogMesh                  INFO     Painted 8388608 out of 23354539 objects to mesh.
[018436.81]  01-26 20:07  CatalogMesh                  INFO     Slab 8388608 ~ 12582912 / 23354539.
[018437.93]  01-26 20:07  CatalogMesh                  INFO     Painted 12582912 out of 23354539 objects to mesh.
[018437.93]  01-26 20:07  CatalogMesh                  INFO     Slab 12582912 ~ 16777216 / 23354539.
[018439.06]  01-26 20:07  CatalogMesh                  INFO     Painted 16777216 out of 23354539 objects to mesh.
[018439.06]  01-26 20:07  CatalogMesh                  INFO     Slab 16777216 ~ 20971520 / 23354539.
[018440.26]  01-26 20:07  CatalogMesh                  INFO     Painted 20971520 out of 23354539 objects to mesh.
[018440.26]  01-26 20:07  CatalogMesh                  INFO     Slab 20971520 ~ 25165824 / 23354539.
[018441.08]  01-26 20:07  CatalogMesh                  INFO     Painted 23354539 out of 23354539 objects to mesh.
[018441.08]  01-26 20:07  CatalogMesh                  INFO     Running interlacing at order 3.
[018443.26]  01-26 20:07  CatalogMesh                  INFO     Slab 0 ~ 4194304 / 23354539.
[018444.40]  01-26 20:07  CatalogMesh                  INFO     Painted 4194304 out of 23354539 objects to mesh.
[018444.40]  01-26 20:07  CatalogMesh                  INFO     Slab 4194304 ~ 8388608 / 23354539.
[018445.53]  01-26 20:07  CatalogMesh                  INFO     Painted 8388608 out of 23354539 objects to mesh.
[018445.53]  01-26 20:07  CatalogMesh                  INFO     Slab 8388608 ~ 12582912 / 23354539.
[018446.65]  01-26 20:07  CatalogMesh                  INFO     Painted 12582912 out of 23354539 objects to mesh.
[018446.65]  01-26 20:07  CatalogMesh                  INFO     Slab 12582912 ~ 16777216 / 23354539.
[018447.78]  01-26 20:07  CatalogMesh                  INFO     Painted 16777216 out of 23354539 objects to mesh.
[018447.78]  01-26 20:07  CatalogMesh                  INFO     Slab 16777216 ~ 20971520 / 23354539.
[018448.98]  01-26 20:07  CatalogMesh                  INFO     Painted 20971520 out of 23354539 objects to mesh.
[018448.98]  01-26 20:07  CatalogMesh                  INFO     Slab 20971520 ~ 25165824 / 23354539.
[018449.80]  01-26 20:07  CatalogMesh                  INFO     Painted 23354539 out of 23354539 objects to mesh.
[018453.52]  01-26 20:07  CatalogMesh                  INFO     Slab 0 ~ 4194304 / 23354539.
[018454.64]  01-26 20:07  CatalogMesh                  INFO     Painted 4194304 out of 23354539 objects to mesh.
[018454.64]  01-26 20:07  CatalogMesh                  INFO     Slab 4194304 ~ 8388608 / 23354539.
[018455.77]  01-26 20:07  CatalogMesh                  INFO     Painted 8388608 out of 23354539 objects to mesh.
[018455.77]  01-26 20:07  CatalogMesh                  INFO     Slab 8388608 ~ 12582912 / 23354539.
[018456.90]  01-26 20:07  CatalogMesh                  INFO     Painted 12582912 out of 23354539 objects to mesh.
[018456.90]  01-26 20:07  CatalogMesh                  INFO     Slab 12582912 ~ 16777216 / 23354539.
[018458.03]  01-26 20:07  CatalogMesh                  INFO     Painted 16777216 out of 23354539 objects to mesh.
[018458.03]  01-26 20:07  CatalogMesh                  INFO     Slab 16777216 ~ 20971520 / 23354539.
[018459.24]  01-26 20:07  CatalogMesh                  INFO     Painted 20971520 out of 23354539 objects to mesh.
[018459.24]  01-26 20:07  CatalogMesh                  INFO     Slab 20971520 ~ 25165824 / 23354539.
[018460.06]  01-26 20:07  CatalogMesh                  INFO     Painted 23354539 out of 23354539 objects to mesh.
[018465.58]  01-26 20:07  CatalogFFTPower              INFO     Done painting catalog 1 to mesh.
[018465.58]  01-26 20:07  CatalogFFTPower              INFO     Using 400 k-bins between 0.000 and 0.400.
[018465.58]  01-26 20:07  CatalogFFTPower              INFO     Meshes prepared in elapsed time 31.40 s.
[018465.58]  01-26 20:07  CatalogFFTPower              INFO     Running mesh calculation.
[018482.74]  01-26 20:08  CatalogFFTPower              INFO     Mesh calculations performed in elapsed time 17.16 s.
[018482.74]  01-26 20:08  CatalogFFTPower              INFO     Power spectrum computed in elapsed time 48.56 s.
[018482.74]  01-26 20:08  CatalogFFTPower              INFO     Saving /pscratch/sd/s/shengyu/galaxies/catalogs/Y3/AbacusHF-v2/Boxes/QSO/sn1p550/AbacusSummit_base_c000_ph014/mpspk/pkpoles_QSO_zp1.550_DR2_v1.0.npy.
[018482.75]  01-26 20:08  compute_2pt                  INFO     Save to /pscratch/sd/s/shengyu/galaxies/catalogs/Y3/AbacusHF-v2/Boxes/QSO/sn1p550/AbacusSummit_base_c000_ph014/mpspk/pkpoles_QSO_zp1.550_DR2_v1.0.npy
[018482.75]  01-26 20:08  TwoPointCorrelationFunction  INFO     Using estimator <class 'pycorr.twopoint_estimator.NaturalTwoPointEstimator'>.
[018482.75]  01-26 20:08  TwoPointCorrelationFunction  INFO     Running auto-correlation.
[018482.75]  01-26 20:08  TwoPointCorrelationFunction  INFO     Computing two-point counts D1D2.
[018499.06]  01-26 20:08  TwoPointCorrelationFunction  INFO     Analytically computing two-point counts R1R2.
[018499.06]  01-26 20:08  TwoPointCorrelationFunction  INFO     Correlation function computed in elapsed time 16.31 s.
[018499.06]  01-26 20:08  NaturalTwoPointEstimator     INFO     Saving /pscratch/sd/s/shengyu/galaxies/catalogs/Y3/AbacusHF-v2/Boxes/QSO/sn1p550/AbacusSummit_base_c000_ph014/mpspk/mpslog_QSO_zp1.550_DR2_v1.0.npy.
[018499.06]  01-26 20:08  compute_2pt                  INFO     Save to /pscratch/sd/s/shengyu/galaxies/catalogs/Y3/AbacusHF-v2/Boxes/QSO/sn1p550/AbacusSummit_base_c000_ph014/mpspk/mpslog_QSO_zp1.550_DR2_v1.0.npy
[018499.06]  01-26 20:08  TwoPointCorrelationFunction  INFO     Using estimator <class 'pycorr.twopoint_estimator.NaturalTwoPointEstimator'>.
[018499.06]  01-26 20:08  TwoPointCorrelationFunction  INFO     Running auto-correlation.
[018499.06]  01-26 20:08  TwoPointCorrelationFunction  INFO     Computing two-point counts D1D2.
[018518.41]  01-26 20:08  TwoPointCorrelationFunction  INFO     Analytically computing two-point counts R1R2.
[018518.41]  01-26 20:08  TwoPointCorrelationFunction  INFO     Correlation function computed in elapsed time 19.35 s.
[018518.41]  01-26 20:08  NaturalTwoPointEstimator     INFO     Saving /pscratch/sd/s/shengyu/galaxies/catalogs/Y3/AbacusHF-v2/Boxes/QSO/sn1p550/AbacusSummit_base_c000_ph014/mpspk/wplog_QSO_zp1.550_DR2_v1.0.npy.
[018518.42]  01-26 20:08  compute_2pt                  INFO     Save to /pscratch/sd/s/shengyu/galaxies/catalogs/Y3/AbacusHF-v2/Boxes/QSO/sn1p550/AbacusSummit_base_c000_ph014/mpspk/wplog_QSO_zp1.550_DR2_v1.0.npy
[018518.42]  01-26 20:08  compute_2pt                  INFO     Procceed {'version': 'AbacusHF-v2', 'domain': 'cubic', 'tracer': 'QSO', 'zsnap': 1.55, 'zrange': (1.4, 1.7), 'mock_id': 15, 'use_dv': 'False'}
[018518.42]  01-26 20:08  cat_tools                    INFO     Load /pscratch/sd/s/shengyu/galaxies/catalogs/Y3/AbacusHF-v2/Boxes/QSO/sn1p550/AbacusSummit_base_c000_ph015/abacus_HF_QSO_1p550_DR2_v2.0_AbacusSummit_base_c000_ph015_base_clustering.dat.h5
[018518.42]  01-26 20:08  FileStack                    INFO     Reading /pscratch/sd/s/shengyu/galaxies/catalogs/Y3/AbacusHF-v2/Boxes/QSO/sn1p550/AbacusSummit_base_c000_ph015/abacus_HF_QSO_1p550_DR2_v2.0_AbacusSummit_base_c000_ph015_base_clustering.dat.h5.
[018519.34]  01-26 20:08  TwoPointCorrelationFunction  INFO     Using estimator <class 'pycorr.twopoint_estimator.NaturalTwoPointEstimator'>.
[018519.34]  01-26 20:08  TwoPointCorrelationFunction  INFO     Running auto-correlation.
[018519.34]  01-26 20:08  TwoPointCorrelationFunction  INFO     Computing two-point counts D1D2.
[018588.61]  01-26 20:10  TwoPointCorrelationFunction  INFO     Analytically computing two-point counts R1R2.
[018588.61]  01-26 20:10  TwoPointCorrelationFunction  INFO     Correlation function computed in elapsed time 69.27 s.
[018588.61]  01-26 20:10  NaturalTwoPointEstimator     INFO     Saving /pscratch/sd/s/shengyu/galaxies/catalogs/Y3/AbacusHF-v2/Boxes/QSO/sn1p550/AbacusSummit_base_c000_ph015/mpspk/xipoles_QSO_zp1.550_DR2_v1.0.npy.
[018588.62]  01-26 20:10  compute_2pt                  INFO     Save to /pscratch/sd/s/shengyu/galaxies/catalogs/Y3/AbacusHF-v2/Boxes/QSO/sn1p550/AbacusSummit_base_c000_ph015/mpspk/xipoles_QSO_zp1.550_DR2_v1.0.npy
[018591.77]  01-26 20:10  CatalogFFTPower              INFO     Painting catalog 1 to mesh CatalogMesh(nmesh=[512 512 512], boxsize=[2000. 2000. 2000.], boxcenter=[1000.00001764  999.99998068 1000.00005516], dtype=float64).
[018592.12]  01-26 20:10  CatalogMesh                  INFO     Slab 0 ~ 4194304 / 23358353.
[018593.27]  01-26 20:10  CatalogMesh                  INFO     Painted 4194304 out of 23358353 objects to mesh.
[018593.27]  01-26 20:10  CatalogMesh                  INFO     Slab 4194304 ~ 8388608 / 23358353.
[018594.40]  01-26 20:10  CatalogMesh                  INFO     Painted 8388608 out of 23358353 objects to mesh.
[018594.40]  01-26 20:10  CatalogMesh                  INFO     Slab 8388608 ~ 12582912 / 23358353.
[018595.54]  01-26 20:10  CatalogMesh                  INFO     Painted 12582912 out of 23358353 objects to mesh.
[018595.54]  01-26 20:10  CatalogMesh                  INFO     Slab 12582912 ~ 16777216 / 23358353.
[018596.68]  01-26 20:10  CatalogMesh                  INFO     Painted 16777216 out of 23358353 objects to mesh.
[018596.68]  01-26 20:10  CatalogMesh                  INFO     Slab 16777216 ~ 20971520 / 23358353.
[018597.89]  01-26 20:10  CatalogMesh                  INFO     Painted 20971520 out of 23358353 objects to mesh.
[018597.89]  01-26 20:10  CatalogMesh                  INFO     Slab 20971520 ~ 25165824 / 23358353.
[018598.71]  01-26 20:10  CatalogMesh                  INFO     Painted 23358353 out of 23358353 objects to mesh.
[018598.71]  01-26 20:10  CatalogMesh                  INFO     Running interlacing at order 3.
[018600.89]  01-26 20:10  CatalogMesh                  INFO     Slab 0 ~ 4194304 / 23358353.
[018602.01]  01-26 20:10  CatalogMesh                  INFO     Painted 4194304 out of 23358353 objects to mesh.
[018602.01]  01-26 20:10  CatalogMesh                  INFO     Slab 4194304 ~ 8388608 / 23358353.
[018603.14]  01-26 20:10  CatalogMesh                  INFO     Painted 8388608 out of 23358353 objects to mesh.
[018603.14]  01-26 20:10  CatalogMesh                  INFO     Slab 8388608 ~ 12582912 / 23358353.
[018604.27]  01-26 20:10  CatalogMesh                  INFO     Painted 12582912 out of 23358353 objects to mesh.
[018604.27]  01-26 20:10  CatalogMesh                  INFO     Slab 12582912 ~ 16777216 / 23358353.
[018605.39]  01-26 20:10  CatalogMesh                  INFO     Painted 16777216 out of 23358353 objects to mesh.
[018605.39]  01-26 20:10  CatalogMesh                  INFO     Slab 16777216 ~ 20971520 / 23358353.
[018606.60]  01-26 20:10  CatalogMesh                  INFO     Painted 20971520 out of 23358353 objects to mesh.
[018606.60]  01-26 20:10  CatalogMesh                  INFO     Slab 20971520 ~ 25165824 / 23358353.
[018607.42]  01-26 20:10  CatalogMesh                  INFO     Painted 23358353 out of 23358353 objects to mesh.
[018611.16]  01-26 20:10  CatalogMesh                  INFO     Slab 0 ~ 4194304 / 23358353.
[018612.28]  01-26 20:10  CatalogMesh                  INFO     Painted 4194304 out of 23358353 objects to mesh.
[018612.28]  01-26 20:10  CatalogMesh                  INFO     Slab 4194304 ~ 8388608 / 23358353.
[018613.41]  01-26 20:10  CatalogMesh                  INFO     Painted 8388608 out of 23358353 objects to mesh.
[018613.41]  01-26 20:10  CatalogMesh                  INFO     Slab 8388608 ~ 12582912 / 23358353.
[018614.54]  01-26 20:10  CatalogMesh                  INFO     Painted 12582912 out of 23358353 objects to mesh.
[018614.54]  01-26 20:10  CatalogMesh                  INFO     Slab 12582912 ~ 16777216 / 23358353.
[018615.66]  01-26 20:10  CatalogMesh                  INFO     Painted 16777216 out of 23358353 objects to mesh.
[018615.66]  01-26 20:10  CatalogMesh                  INFO     Slab 16777216 ~ 20971520 / 23358353.
[018616.87]  01-26 20:10  CatalogMesh                  INFO     Painted 20971520 out of 23358353 objects to mesh.
[018616.87]  01-26 20:10  CatalogMesh                  INFO     Slab 20971520 ~ 25165824 / 23358353.
[018617.69]  01-26 20:10  CatalogMesh                  INFO     Painted 23358353 out of 23358353 objects to mesh.
[018623.20]  01-26 20:10  CatalogFFTPower              INFO     Done painting catalog 1 to mesh.
[018623.21]  01-26 20:10  CatalogFFTPower              INFO     Using 400 k-bins between 0.000 and 0.400.
[018623.21]  01-26 20:10  CatalogFFTPower              INFO     Meshes prepared in elapsed time 31.44 s.
[018623.21]  01-26 20:10  CatalogFFTPower              INFO     Running mesh calculation.
[018640.33]  01-26 20:10  CatalogFFTPower              INFO     Mesh calculations performed in elapsed time 17.12 s.
[018640.33]  01-26 20:10  CatalogFFTPower              INFO     Power spectrum computed in elapsed time 48.56 s.
[018640.33]  01-26 20:10  CatalogFFTPower              INFO     Saving /pscratch/sd/s/shengyu/galaxies/catalogs/Y3/AbacusHF-v2/Boxes/QSO/sn1p550/AbacusSummit_base_c000_ph015/mpspk/pkpoles_QSO_zp1.550_DR2_v1.0.npy.
[018640.33]  01-26 20:10  compute_2pt                  INFO     Save to /pscratch/sd/s/shengyu/galaxies/catalogs/Y3/AbacusHF-v2/Boxes/QSO/sn1p550/AbacusSummit_base_c000_ph015/mpspk/pkpoles_QSO_zp1.550_DR2_v1.0.npy
[018640.33]  01-26 20:10  TwoPointCorrelationFunction  INFO     Using estimator <class 'pycorr.twopoint_estimator.NaturalTwoPointEstimator'>.
[018640.33]  01-26 20:10  TwoPointCorrelationFunction  INFO     Running auto-correlation.
[018640.33]  01-26 20:10  TwoPointCorrelationFunction  INFO     Computing two-point counts D1D2.
[018657.21]  01-26 20:11  TwoPointCorrelationFunction  INFO     Analytically computing two-point counts R1R2.
[018657.21]  01-26 20:11  TwoPointCorrelationFunction  INFO     Correlation function computed in elapsed time 16.88 s.
[018657.21]  01-26 20:11  NaturalTwoPointEstimator     INFO     Saving /pscratch/sd/s/shengyu/galaxies/catalogs/Y3/AbacusHF-v2/Boxes/QSO/sn1p550/AbacusSummit_base_c000_ph015/mpspk/mpslog_QSO_zp1.550_DR2_v1.0.npy.
[018657.22]  01-26 20:11  compute_2pt                  INFO     Save to /pscratch/sd/s/shengyu/galaxies/catalogs/Y3/AbacusHF-v2/Boxes/QSO/sn1p550/AbacusSummit_base_c000_ph015/mpspk/mpslog_QSO_zp1.550_DR2_v1.0.npy
[018657.22]  01-26 20:11  TwoPointCorrelationFunction  INFO     Using estimator <class 'pycorr.twopoint_estimator.NaturalTwoPointEstimator'>.
[018657.22]  01-26 20:11  TwoPointCorrelationFunction  INFO     Running auto-correlation.
[018657.22]  01-26 20:11  TwoPointCorrelationFunction  INFO     Computing two-point counts D1D2.
[018676.30]  01-26 20:11  TwoPointCorrelationFunction  INFO     Analytically computing two-point counts R1R2.
[018676.30]  01-26 20:11  TwoPointCorrelationFunction  INFO     Correlation function computed in elapsed time 19.08 s.
[018676.30]  01-26 20:11  NaturalTwoPointEstimator     INFO     Saving /pscratch/sd/s/shengyu/galaxies/catalogs/Y3/AbacusHF-v2/Boxes/QSO/sn1p550/AbacusSummit_base_c000_ph015/mpspk/wplog_QSO_zp1.550_DR2_v1.0.npy.
[018676.30]  01-26 20:11  compute_2pt                  INFO     Save to /pscratch/sd/s/shengyu/galaxies/catalogs/Y3/AbacusHF-v2/Boxes/QSO/sn1p550/AbacusSummit_base_c000_ph015/mpspk/wplog_QSO_zp1.550_DR2_v1.0.npy
[018676.31]  01-26 20:11  compute_2pt                  INFO     Procceed {'version': 'AbacusHF-v2', 'domain': 'cubic', 'tracer': 'QSO', 'zsnap': 1.55, 'zrange': (1.4, 1.7), 'mock_id': 16, 'use_dv': 'False'}
[018676.31]  01-26 20:11  cat_tools                    INFO     Load /pscratch/sd/s/shengyu/galaxies/catalogs/Y3/AbacusHF-v2/Boxes/QSO/sn1p550/AbacusSummit_base_c000_ph016/abacus_HF_QSO_1p550_DR2_v2.0_AbacusSummit_base_c000_ph016_base_clustering.dat.h5
[018676.31]  01-26 20:11  FileStack                    INFO     Reading /pscratch/sd/s/shengyu/galaxies/catalogs/Y3/AbacusHF-v2/Boxes/QSO/sn1p550/AbacusSummit_base_c000_ph016/abacus_HF_QSO_1p550_DR2_v2.0_AbacusSummit_base_c000_ph016_base_clustering.dat.h5.
[018677.23]  01-26 20:11  TwoPointCorrelationFunction  INFO     Using estimator <class 'pycorr.twopoint_estimator.NaturalTwoPointEstimator'>.
[018677.23]  01-26 20:11  TwoPointCorrelationFunction  INFO     Running auto-correlation.
[018677.23]  01-26 20:11  TwoPointCorrelationFunction  INFO     Computing two-point counts D1D2.
[018747.08]  01-26 20:12  TwoPointCorrelationFunction  INFO     Analytically computing two-point counts R1R2.
[018747.08]  01-26 20:12  TwoPointCorrelationFunction  INFO     Correlation function computed in elapsed time 69.85 s.
[018747.08]  01-26 20:12  NaturalTwoPointEstimator     INFO     Saving /pscratch/sd/s/shengyu/galaxies/catalogs/Y3/AbacusHF-v2/Boxes/QSO/sn1p550/AbacusSummit_base_c000_ph016/mpspk/xipoles_QSO_zp1.550_DR2_v1.0.npy.
[018747.08]  01-26 20:12  compute_2pt                  INFO     Save to /pscratch/sd/s/shengyu/galaxies/catalogs/Y3/AbacusHF-v2/Boxes/QSO/sn1p550/AbacusSummit_base_c000_ph016/mpspk/xipoles_QSO_zp1.550_DR2_v1.0.npy
[018750.21]  01-26 20:12  CatalogFFTPower              INFO     Painting catalog 1 to mesh CatalogMesh(nmesh=[512 512 512], boxsize=[2000. 2000. 2000.], boxcenter=[1000.00000199 1000.00000102 1000.00002203], dtype=float64).
[018750.57]  01-26 20:12  CatalogMesh                  INFO     Slab 0 ~ 4194304 / 23369586.
[018751.70]  01-26 20:12  CatalogMesh                  INFO     Painted 4194304 out of 23369586 objects to mesh.
[018751.70]  01-26 20:12  CatalogMesh                  INFO     Slab 4194304 ~ 8388608 / 23369586.
[018752.82]  01-26 20:12  CatalogMesh                  INFO     Painted 8388608 out of 23369586 objects to mesh.
[018752.82]  01-26 20:12  CatalogMesh                  INFO     Slab 8388608 ~ 12582912 / 23369586.
[018753.95]  01-26 20:12  CatalogMesh                  INFO     Painted 12582912 out of 23369586 objects to mesh.
[018753.95]  01-26 20:12  CatalogMesh                  INFO     Slab 12582912 ~ 16777216 / 23369586.
[018755.06]  01-26 20:12  CatalogMesh                  INFO     Painted 16777216 out of 23369586 objects to mesh.
[018755.07]  01-26 20:12  CatalogMesh                  INFO     Slab 16777216 ~ 20971520 / 23369586.
[018756.26]  01-26 20:12  CatalogMesh                  INFO     Painted 20971520 out of 23369586 objects to mesh.
[018756.26]  01-26 20:12  CatalogMesh                  INFO     Slab 20971520 ~ 25165824 / 23369586.
[018757.09]  01-26 20:12  CatalogMesh                  INFO     Painted 23369586 out of 23369586 objects to mesh.
[018757.09]  01-26 20:12  CatalogMesh                  INFO     Running interlacing at order 3.
[018759.26]  01-26 20:12  CatalogMesh                  INFO     Slab 0 ~ 4194304 / 23369586.
[018760.37]  01-26 20:12  CatalogMesh                  INFO     Painted 4194304 out of 23369586 objects to mesh.
[018760.37]  01-26 20:12  CatalogMesh                  INFO     Slab 4194304 ~ 8388608 / 23369586.
[018761.49]  01-26 20:12  CatalogMesh                  INFO     Painted 8388608 out of 23369586 objects to mesh.
[018761.49]  01-26 20:12  CatalogMesh                  INFO     Slab 8388608 ~ 12582912 / 23369586.
[018762.61]  01-26 20:12  CatalogMesh                  INFO     Painted 12582912 out of 23369586 objects to mesh.
[018762.61]  01-26 20:12  CatalogMesh                  INFO     Slab 12582912 ~ 16777216 / 23369586.
[018763.74]  01-26 20:12  CatalogMesh                  INFO     Painted 16777216 out of 23369586 objects to mesh.
[018763.74]  01-26 20:12  CatalogMesh                  INFO     Slab 16777216 ~ 20971520 / 23369586.
[018764.94]  01-26 20:12  CatalogMesh                  INFO     Painted 20971520 out of 23369586 objects to mesh.
[018764.94]  01-26 20:12  CatalogMesh                  INFO     Slab 20971520 ~ 25165824 / 23369586.
[018765.76]  01-26 20:12  CatalogMesh                  INFO     Painted 23369586 out of 23369586 objects to mesh.
[018769.48]  01-26 20:13  CatalogMesh                  INFO     Slab 0 ~ 4194304 / 23369586.
[018770.60]  01-26 20:13  CatalogMesh                  INFO     Painted 4194304 out of 23369586 objects to mesh.
[018770.60]  01-26 20:13  CatalogMesh                  INFO     Slab 4194304 ~ 8388608 / 23369586.
[018771.72]  01-26 20:13  CatalogMesh                  INFO     Painted 8388608 out of 23369586 objects to mesh.
[018771.72]  01-26 20:13  CatalogMesh                  INFO     Slab 8388608 ~ 12582912 / 23369586.
[018772.84]  01-26 20:13  CatalogMesh                  INFO     Painted 12582912 out of 23369586 objects to mesh.
[018772.84]  01-26 20:13  CatalogMesh                  INFO     Slab 12582912 ~ 16777216 / 23369586.
[018773.95]  01-26 20:13  CatalogMesh                  INFO     Painted 16777216 out of 23369586 objects to mesh.
[018773.95]  01-26 20:13  CatalogMesh                  INFO     Slab 16777216 ~ 20971520 / 23369586.
[018775.15]  01-26 20:13  CatalogMesh                  INFO     Painted 20971520 out of 23369586 objects to mesh.
[018775.15]  01-26 20:13  CatalogMesh                  INFO     Slab 20971520 ~ 25165824 / 23369586.
[018775.97]  01-26 20:13  CatalogMesh                  INFO     Painted 23369586 out of 23369586 objects to mesh.
[018781.47]  01-26 20:13  CatalogFFTPower              INFO     Done painting catalog 1 to mesh.
[018781.47]  01-26 20:13  CatalogFFTPower              INFO     Using 400 k-bins between 0.000 and 0.400.
[018781.47]  01-26 20:13  CatalogFFTPower              INFO     Meshes prepared in elapsed time 31.25 s.
[018781.47]  01-26 20:13  CatalogFFTPower              INFO     Running mesh calculation.
[018798.52]  01-26 20:13  CatalogFFTPower              INFO     Mesh calculations performed in elapsed time 17.05 s.
[018798.52]  01-26 20:13  CatalogFFTPower              INFO     Power spectrum computed in elapsed time 48.31 s.
[018798.52]  01-26 20:13  CatalogFFTPower              INFO     Saving /pscratch/sd/s/shengyu/galaxies/catalogs/Y3/AbacusHF-v2/Boxes/QSO/sn1p550/AbacusSummit_base_c000_ph016/mpspk/pkpoles_QSO_zp1.550_DR2_v1.0.npy.
[018798.52]  01-26 20:13  compute_2pt                  INFO     Save to /pscratch/sd/s/shengyu/galaxies/catalogs/Y3/AbacusHF-v2/Boxes/QSO/sn1p550/AbacusSummit_base_c000_ph016/mpspk/pkpoles_QSO_zp1.550_DR2_v1.0.npy
[018798.53]  01-26 20:13  TwoPointCorrelationFunction  INFO     Using estimator <class 'pycorr.twopoint_estimator.NaturalTwoPointEstimator'>.
[018798.53]  01-26 20:13  TwoPointCorrelationFunction  INFO     Running auto-correlation.
[018798.53]  01-26 20:13  TwoPointCorrelationFunction  INFO     Computing two-point counts D1D2.
[018812.78]  01-26 20:13  TwoPointCorrelationFunction  INFO     Analytically computing two-point counts R1R2.
[018812.78]  01-26 20:13  TwoPointCorrelationFunction  INFO     Correlation function computed in elapsed time 14.26 s.
[018812.78]  01-26 20:13  NaturalTwoPointEstimator     INFO     Saving /pscratch/sd/s/shengyu/galaxies/catalogs/Y3/AbacusHF-v2/Boxes/QSO/sn1p550/AbacusSummit_base_c000_ph016/mpspk/mpslog_QSO_zp1.550_DR2_v1.0.npy.
[018812.79]  01-26 20:13  compute_2pt                  INFO     Save to /pscratch/sd/s/shengyu/galaxies/catalogs/Y3/AbacusHF-v2/Boxes/QSO/sn1p550/AbacusSummit_base_c000_ph016/mpspk/mpslog_QSO_zp1.550_DR2_v1.0.npy
[018812.79]  01-26 20:13  TwoPointCorrelationFunction  INFO     Using estimator <class 'pycorr.twopoint_estimator.NaturalTwoPointEstimator'>.
[018812.79]  01-26 20:13  TwoPointCorrelationFunction  INFO     Running auto-correlation.
[018812.79]  01-26 20:13  TwoPointCorrelationFunction  INFO     Computing two-point counts D1D2.
[018831.94]  01-26 20:14  TwoPointCorrelationFunction  INFO     Analytically computing two-point counts R1R2.
[018831.95]  01-26 20:14  TwoPointCorrelationFunction  INFO     Correlation function computed in elapsed time 19.16 s.
[018831.95]  01-26 20:14  NaturalTwoPointEstimator     INFO     Saving /pscratch/sd/s/shengyu/galaxies/catalogs/Y3/AbacusHF-v2/Boxes/QSO/sn1p550/AbacusSummit_base_c000_ph016/mpspk/wplog_QSO_zp1.550_DR2_v1.0.npy.
[018831.96]  01-26 20:14  compute_2pt                  INFO     Save to /pscratch/sd/s/shengyu/galaxies/catalogs/Y3/AbacusHF-v2/Boxes/QSO/sn1p550/AbacusSummit_base_c000_ph016/mpspk/wplog_QSO_zp1.550_DR2_v1.0.npy
[018831.96]  01-26 20:14  compute_2pt                  INFO     Procceed {'version': 'AbacusHF-v2', 'domain': 'cubic', 'tracer': 'QSO', 'zsnap': 1.55, 'zrange': (1.4, 1.7), 'mock_id': 17, 'use_dv': 'False'}
[018831.96]  01-26 20:14  cat_tools                    INFO     Load /pscratch/sd/s/shengyu/galaxies/catalogs/Y3/AbacusHF-v2/Boxes/QSO/sn1p550/AbacusSummit_base_c000_ph017/abacus_HF_QSO_1p550_DR2_v2.0_AbacusSummit_base_c000_ph017_base_clustering.dat.h5
[018831.96]  01-26 20:14  FileStack                    INFO     Reading /pscratch/sd/s/shengyu/galaxies/catalogs/Y3/AbacusHF-v2/Boxes/QSO/sn1p550/AbacusSummit_base_c000_ph017/abacus_HF_QSO_1p550_DR2_v2.0_AbacusSummit_base_c000_ph017_base_clustering.dat.h5.
[018832.88]  01-26 20:14  TwoPointCorrelationFunction  INFO     Using estimator <class 'pycorr.twopoint_estimator.NaturalTwoPointEstimator'>.
[018832.95]  01-26 20:14  TwoPointCorrelationFunction  INFO     Running auto-correlation.
[018832.95]  01-26 20:14  TwoPointCorrelationFunction  INFO     Computing two-point counts D1D2.
[018902.78]  01-26 20:15  TwoPointCorrelationFunction  INFO     Analytically computing two-point counts R1R2.
[018902.78]  01-26 20:15  TwoPointCorrelationFunction  INFO     Correlation function computed in elapsed time 69.90 s.
[018902.78]  01-26 20:15  NaturalTwoPointEstimator     INFO     Saving /pscratch/sd/s/shengyu/galaxies/catalogs/Y3/AbacusHF-v2/Boxes/QSO/sn1p550/AbacusSummit_base_c000_ph017/mpspk/xipoles_QSO_zp1.550_DR2_v1.0.npy.
[018902.79]  01-26 20:15  compute_2pt                  INFO     Save to /pscratch/sd/s/shengyu/galaxies/catalogs/Y3/AbacusHF-v2/Boxes/QSO/sn1p550/AbacusSummit_base_c000_ph017/mpspk/xipoles_QSO_zp1.550_DR2_v1.0.npy
[018905.92]  01-26 20:15  CatalogFFTPower              INFO     Painting catalog 1 to mesh CatalogMesh(nmesh=[512 512 512], boxsize=[2000. 2000. 2000.], boxcenter=[999.99994952 999.99997772 999.99996135], dtype=float64).
[018906.28]  01-26 20:15  CatalogMesh                  INFO     Slab 0 ~ 4194304 / 23354632.
[018907.40]  01-26 20:15  CatalogMesh                  INFO     Painted 4194304 out of 23354632 objects to mesh.
[018907.40]  01-26 20:15  CatalogMesh                  INFO     Slab 4194304 ~ 8388608 / 23354632.
[018908.52]  01-26 20:15  CatalogMesh                  INFO     Painted 8388608 out of 23354632 objects to mesh.
[018908.53]  01-26 20:15  CatalogMesh                  INFO     Slab 8388608 ~ 12582912 / 23354632.
[018909.65]  01-26 20:15  CatalogMesh                  INFO     Painted 12582912 out of 23354632 objects to mesh.
[018909.65]  01-26 20:15  CatalogMesh                  INFO     Slab 12582912 ~ 16777216 / 23354632.
[018910.78]  01-26 20:15  CatalogMesh                  INFO     Painted 16777216 out of 23354632 objects to mesh.
[018910.78]  01-26 20:15  CatalogMesh                  INFO     Slab 16777216 ~ 20971520 / 23354632.
[018911.97]  01-26 20:15  CatalogMesh                  INFO     Painted 20971520 out of 23354632 objects to mesh.
[018911.97]  01-26 20:15  CatalogMesh                  INFO     Slab 20971520 ~ 25165824 / 23354632.
[018912.79]  01-26 20:15  CatalogMesh                  INFO     Painted 23354632 out of 23354632 objects to mesh.
[018912.79]  01-26 20:15  CatalogMesh                  INFO     Running interlacing at order 3.
[018914.97]  01-26 20:15  CatalogMesh                  INFO     Slab 0 ~ 4194304 / 23354632.
[018916.08]  01-26 20:15  CatalogMesh                  INFO     Painted 4194304 out of 23354632 objects to mesh.
[018916.08]  01-26 20:15  CatalogMesh                  INFO     Slab 4194304 ~ 8388608 / 23354632.
[018917.20]  01-26 20:15  CatalogMesh                  INFO     Painted 8388608 out of 23354632 objects to mesh.
[018917.20]  01-26 20:15  CatalogMesh                  INFO     Slab 8388608 ~ 12582912 / 23354632.
[018918.33]  01-26 20:15  CatalogMesh                  INFO     Painted 12582912 out of 23354632 objects to mesh.
[018918.33]  01-26 20:15  CatalogMesh                  INFO     Slab 12582912 ~ 16777216 / 23354632.
[018919.45]  01-26 20:15  CatalogMesh                  INFO     Painted 16777216 out of 23354632 objects to mesh.
[018919.45]  01-26 20:15  CatalogMesh                  INFO     Slab 16777216 ~ 20971520 / 23354632.
[018920.65]  01-26 20:15  CatalogMesh                  INFO     Painted 20971520 out of 23354632 objects to mesh.
[018920.65]  01-26 20:15  CatalogMesh                  INFO     Slab 20971520 ~ 25165824 / 23354632.
[018921.46]  01-26 20:15  CatalogMesh                  INFO     Painted 23354632 out of 23354632 objects to mesh.
[018925.19]  01-26 20:15  CatalogMesh                  INFO     Slab 0 ~ 4194304 / 23354632.
[018926.31]  01-26 20:15  CatalogMesh                  INFO     Painted 4194304 out of 23354632 objects to mesh.
[018926.31]  01-26 20:15  CatalogMesh                  INFO     Slab 4194304 ~ 8388608 / 23354632.
[018927.43]  01-26 20:15  CatalogMesh                  INFO     Painted 8388608 out of 23354632 objects to mesh.
[018927.43]  01-26 20:15  CatalogMesh                  INFO     Slab 8388608 ~ 12582912 / 23354632.
[018928.55]  01-26 20:15  CatalogMesh                  INFO     Painted 12582912 out of 23354632 objects to mesh.
[018928.55]  01-26 20:15  CatalogMesh                  INFO     Slab 12582912 ~ 16777216 / 23354632.
[018929.67]  01-26 20:15  CatalogMesh                  INFO     Painted 16777216 out of 23354632 objects to mesh.
[018929.67]  01-26 20:15  CatalogMesh                  INFO     Slab 16777216 ~ 20971520 / 23354632.
[018930.87]  01-26 20:15  CatalogMesh                  INFO     Painted 20971520 out of 23354632 objects to mesh.
[018930.87]  01-26 20:15  CatalogMesh                  INFO     Slab 20971520 ~ 25165824 / 23354632.
[018931.69]  01-26 20:15  CatalogMesh                  INFO     Painted 23354632 out of 23354632 objects to mesh.
[018937.16]  01-26 20:15  CatalogFFTPower              INFO     Done painting catalog 1 to mesh.
[018937.16]  01-26 20:15  CatalogFFTPower              INFO     Using 400 k-bins between 0.000 and 0.400.
[018937.17]  01-26 20:15  CatalogFFTPower              INFO     Meshes prepared in elapsed time 31.24 s.
[018937.17]  01-26 20:15  CatalogFFTPower              INFO     Running mesh calculation.
[018954.24]  01-26 20:16  CatalogFFTPower              INFO     Mesh calculations performed in elapsed time 17.08 s.
[018954.24]  01-26 20:16  CatalogFFTPower              INFO     Power spectrum computed in elapsed time 48.32 s.
[018954.24]  01-26 20:16  CatalogFFTPower              INFO     Saving /pscratch/sd/s/shengyu/galaxies/catalogs/Y3/AbacusHF-v2/Boxes/QSO/sn1p550/AbacusSummit_base_c000_ph017/mpspk/pkpoles_QSO_zp1.550_DR2_v1.0.npy.
[018954.25]  01-26 20:16  compute_2pt                  INFO     Save to /pscratch/sd/s/shengyu/galaxies/catalogs/Y3/AbacusHF-v2/Boxes/QSO/sn1p550/AbacusSummit_base_c000_ph017/mpspk/pkpoles_QSO_zp1.550_DR2_v1.0.npy
[018954.25]  01-26 20:16  TwoPointCorrelationFunction  INFO     Using estimator <class 'pycorr.twopoint_estimator.NaturalTwoPointEstimator'>.
[018954.25]  01-26 20:16  TwoPointCorrelationFunction  INFO     Running auto-correlation.
[018954.25]  01-26 20:16  TwoPointCorrelationFunction  INFO     Computing two-point counts D1D2.
[018969.39]  01-26 20:16  TwoPointCorrelationFunction  INFO     Analytically computing two-point counts R1R2.
[018969.39]  01-26 20:16  TwoPointCorrelationFunction  INFO     Correlation function computed in elapsed time 15.15 s.
[018969.39]  01-26 20:16  NaturalTwoPointEstimator     INFO     Saving /pscratch/sd/s/shengyu/galaxies/catalogs/Y3/AbacusHF-v2/Boxes/QSO/sn1p550/AbacusSummit_base_c000_ph017/mpspk/mpslog_QSO_zp1.550_DR2_v1.0.npy.
[018969.40]  01-26 20:16  compute_2pt                  INFO     Save to /pscratch/sd/s/shengyu/galaxies/catalogs/Y3/AbacusHF-v2/Boxes/QSO/sn1p550/AbacusSummit_base_c000_ph017/mpspk/mpslog_QSO_zp1.550_DR2_v1.0.npy
[018969.40]  01-26 20:16  TwoPointCorrelationFunction  INFO     Using estimator <class 'pycorr.twopoint_estimator.NaturalTwoPointEstimator'>.
[018969.40]  01-26 20:16  TwoPointCorrelationFunction  INFO     Running auto-correlation.
[018969.40]  01-26 20:16  TwoPointCorrelationFunction  INFO     Computing two-point counts D1D2.
[018988.92]  01-26 20:16  TwoPointCorrelationFunction  INFO     Analytically computing two-point counts R1R2.
[018988.92]  01-26 20:16  TwoPointCorrelationFunction  INFO     Correlation function computed in elapsed time 19.52 s.
[018988.92]  01-26 20:16  NaturalTwoPointEstimator     INFO     Saving /pscratch/sd/s/shengyu/galaxies/catalogs/Y3/AbacusHF-v2/Boxes/QSO/sn1p550/AbacusSummit_base_c000_ph017/mpspk/wplog_QSO_zp1.550_DR2_v1.0.npy.
[018988.92]  01-26 20:16  compute_2pt                  INFO     Save to /pscratch/sd/s/shengyu/galaxies/catalogs/Y3/AbacusHF-v2/Boxes/QSO/sn1p550/AbacusSummit_base_c000_ph017/mpspk/wplog_QSO_zp1.550_DR2_v1.0.npy
[018988.93]  01-26 20:16  compute_2pt                  INFO     Procceed {'version': 'AbacusHF-v2', 'domain': 'cubic', 'tracer': 'QSO', 'zsnap': 1.55, 'zrange': (1.4, 1.7), 'mock_id': 18, 'use_dv': 'False'}
[018988.93]  01-26 20:16  cat_tools                    INFO     Load /pscratch/sd/s/shengyu/galaxies/catalogs/Y3/AbacusHF-v2/Boxes/QSO/sn1p550/AbacusSummit_base_c000_ph018/abacus_HF_QSO_1p550_DR2_v2.0_AbacusSummit_base_c000_ph018_base_clustering.dat.h5
[018988.93]  01-26 20:16  FileStack                    INFO     Reading /pscratch/sd/s/shengyu/galaxies/catalogs/Y3/AbacusHF-v2/Boxes/QSO/sn1p550/AbacusSummit_base_c000_ph018/abacus_HF_QSO_1p550_DR2_v2.0_AbacusSummit_base_c000_ph018_base_clustering.dat.h5.
[018989.84]  01-26 20:16  TwoPointCorrelationFunction  INFO     Using estimator <class 'pycorr.twopoint_estimator.NaturalTwoPointEstimator'>.
[018989.84]  01-26 20:16  TwoPointCorrelationFunction  INFO     Running auto-correlation.
[018989.84]  01-26 20:16  TwoPointCorrelationFunction  INFO     Computing two-point counts D1D2.
[019058.49]  01-26 20:17  TwoPointCorrelationFunction  INFO     Analytically computing two-point counts R1R2.
[019058.49]  01-26 20:17  TwoPointCorrelationFunction  INFO     Correlation function computed in elapsed time 68.65 s.
[019058.49]  01-26 20:17  NaturalTwoPointEstimator     INFO     Saving /pscratch/sd/s/shengyu/galaxies/catalogs/Y3/AbacusHF-v2/Boxes/QSO/sn1p550/AbacusSummit_base_c000_ph018/mpspk/xipoles_QSO_zp1.550_DR2_v1.0.npy.
[019058.49]  01-26 20:17  compute_2pt                  INFO     Save to /pscratch/sd/s/shengyu/galaxies/catalogs/Y3/AbacusHF-v2/Boxes/QSO/sn1p550/AbacusSummit_base_c000_ph018/mpspk/xipoles_QSO_zp1.550_DR2_v1.0.npy
[019061.63]  01-26 20:17  CatalogFFTPower              INFO     Painting catalog 1 to mesh CatalogMesh(nmesh=[512 512 512], boxsize=[2000. 2000. 2000.], boxcenter=[ 999.9999592  1000.00001762  999.99998353], dtype=float64).
[019061.98]  01-26 20:17  CatalogMesh                  INFO     Slab 0 ~ 4194304 / 23348769.
[019063.12]  01-26 20:17  CatalogMesh                  INFO     Painted 4194304 out of 23348769 objects to mesh.
[019063.12]  01-26 20:17  CatalogMesh                  INFO     Slab 4194304 ~ 8388608 / 23348769.
[019064.24]  01-26 20:17  CatalogMesh                  INFO     Painted 8388608 out of 23348769 objects to mesh.
[019064.24]  01-26 20:17  CatalogMesh                  INFO     Slab 8388608 ~ 12582912 / 23348769.
[019065.36]  01-26 20:17  CatalogMesh                  INFO     Painted 12582912 out of 23348769 objects to mesh.
[019065.36]  01-26 20:17  CatalogMesh                  INFO     Slab 12582912 ~ 16777216 / 23348769.
[019066.48]  01-26 20:17  CatalogMesh                  INFO     Painted 16777216 out of 23348769 objects to mesh.
[019066.48]  01-26 20:17  CatalogMesh                  INFO     Slab 16777216 ~ 20971520 / 23348769.
[019067.67]  01-26 20:18  CatalogMesh                  INFO     Painted 20971520 out of 23348769 objects to mesh.
[019067.68]  01-26 20:18  CatalogMesh                  INFO     Slab 20971520 ~ 25165824 / 23348769.
[019068.49]  01-26 20:18  CatalogMesh                  INFO     Painted 23348769 out of 23348769 objects to mesh.
[019068.49]  01-26 20:18  CatalogMesh                  INFO     Running interlacing at order 3.
[019070.66]  01-26 20:18  CatalogMesh                  INFO     Slab 0 ~ 4194304 / 23348769.
[019071.79]  01-26 20:18  CatalogMesh                  INFO     Painted 4194304 out of 23348769 objects to mesh.
[019071.79]  01-26 20:18  CatalogMesh                  INFO     Slab 4194304 ~ 8388608 / 23348769.
[019072.91]  01-26 20:18  CatalogMesh                  INFO     Painted 8388608 out of 23348769 objects to mesh.
[019072.91]  01-26 20:18  CatalogMesh                  INFO     Slab 8388608 ~ 12582912 / 23348769.
[019074.04]  01-26 20:18  CatalogMesh                  INFO     Painted 12582912 out of 23348769 objects to mesh.
[019074.04]  01-26 20:18  CatalogMesh                  INFO     Slab 12582912 ~ 16777216 / 23348769.
[019075.16]  01-26 20:18  CatalogMesh                  INFO     Painted 16777216 out of 23348769 objects to mesh.
[019075.16]  01-26 20:18  CatalogMesh                  INFO     Slab 16777216 ~ 20971520 / 23348769.
[019076.36]  01-26 20:18  CatalogMesh                  INFO     Painted 20971520 out of 23348769 objects to mesh.
[019076.36]  01-26 20:18  CatalogMesh                  INFO     Slab 20971520 ~ 25165824 / 23348769.
[019077.17]  01-26 20:18  CatalogMesh                  INFO     Painted 23348769 out of 23348769 objects to mesh.
[019080.88]  01-26 20:18  CatalogMesh                  INFO     Slab 0 ~ 4194304 / 23348769.
[019082.00]  01-26 20:18  CatalogMesh                  INFO     Painted 4194304 out of 23348769 objects to mesh.
[019082.00]  01-26 20:18  CatalogMesh                  INFO     Slab 4194304 ~ 8388608 / 23348769.
[019083.12]  01-26 20:18  CatalogMesh                  INFO     Painted 8388608 out of 23348769 objects to mesh.
[019083.12]  01-26 20:18  CatalogMesh                  INFO     Slab 8388608 ~ 12582912 / 23348769.
[019084.25]  01-26 20:18  CatalogMesh                  INFO     Painted 12582912 out of 23348769 objects to mesh.
[019084.25]  01-26 20:18  CatalogMesh                  INFO     Slab 12582912 ~ 16777216 / 23348769.
[019085.36]  01-26 20:18  CatalogMesh                  INFO     Painted 16777216 out of 23348769 objects to mesh.
[019085.36]  01-26 20:18  CatalogMesh                  INFO     Slab 16777216 ~ 20971520 / 23348769.
[019086.56]  01-26 20:18  CatalogMesh                  INFO     Painted 20971520 out of 23348769 objects to mesh.
[019086.56]  01-26 20:18  CatalogMesh                  INFO     Slab 20971520 ~ 25165824 / 23348769.
[019087.37]  01-26 20:18  CatalogMesh                  INFO     Painted 23348769 out of 23348769 objects to mesh.
[019092.84]  01-26 20:18  CatalogFFTPower              INFO     Done painting catalog 1 to mesh.
[019092.84]  01-26 20:18  CatalogFFTPower              INFO     Using 400 k-bins between 0.000 and 0.400.
[019092.84]  01-26 20:18  CatalogFFTPower              INFO     Meshes prepared in elapsed time 31.21 s.
[019092.84]  01-26 20:18  CatalogFFTPower              INFO     Running mesh calculation.
[019109.86]  01-26 20:18  CatalogFFTPower              INFO     Mesh calculations performed in elapsed time 17.02 s.
[019109.86]  01-26 20:18  CatalogFFTPower              INFO     Power spectrum computed in elapsed time 48.23 s.
[019109.86]  01-26 20:18  CatalogFFTPower              INFO     Saving /pscratch/sd/s/shengyu/galaxies/catalogs/Y3/AbacusHF-v2/Boxes/QSO/sn1p550/AbacusSummit_base_c000_ph018/mpspk/pkpoles_QSO_zp1.550_DR2_v1.0.npy.
[019109.87]  01-26 20:18  compute_2pt                  INFO     Save to /pscratch/sd/s/shengyu/galaxies/catalogs/Y3/AbacusHF-v2/Boxes/QSO/sn1p550/AbacusSummit_base_c000_ph018/mpspk/pkpoles_QSO_zp1.550_DR2_v1.0.npy
[019109.87]  01-26 20:18  TwoPointCorrelationFunction  INFO     Using estimator <class 'pycorr.twopoint_estimator.NaturalTwoPointEstimator'>.
[019109.87]  01-26 20:18  TwoPointCorrelationFunction  INFO     Running auto-correlation.
[019109.87]  01-26 20:18  TwoPointCorrelationFunction  INFO     Computing two-point counts D1D2.
[019123.29]  01-26 20:18  TwoPointCorrelationFunction  INFO     Analytically computing two-point counts R1R2.
[019123.29]  01-26 20:18  TwoPointCorrelationFunction  INFO     Correlation function computed in elapsed time 13.43 s.
[019123.29]  01-26 20:18  NaturalTwoPointEstimator     INFO     Saving /pscratch/sd/s/shengyu/galaxies/catalogs/Y3/AbacusHF-v2/Boxes/QSO/sn1p550/AbacusSummit_base_c000_ph018/mpspk/mpslog_QSO_zp1.550_DR2_v1.0.npy.
[019123.30]  01-26 20:18  compute_2pt                  INFO     Save to /pscratch/sd/s/shengyu/galaxies/catalogs/Y3/AbacusHF-v2/Boxes/QSO/sn1p550/AbacusSummit_base_c000_ph018/mpspk/mpslog_QSO_zp1.550_DR2_v1.0.npy
[019123.30]  01-26 20:18  TwoPointCorrelationFunction  INFO     Using estimator <class 'pycorr.twopoint_estimator.NaturalTwoPointEstimator'>.
[019123.30]  01-26 20:18  TwoPointCorrelationFunction  INFO     Running auto-correlation.
[019123.30]  01-26 20:18  TwoPointCorrelationFunction  INFO     Computing two-point counts D1D2.
[019142.65]  01-26 20:19  TwoPointCorrelationFunction  INFO     Analytically computing two-point counts R1R2.
[019142.65]  01-26 20:19  TwoPointCorrelationFunction  INFO     Correlation function computed in elapsed time 19.35 s.
[019142.65]  01-26 20:19  NaturalTwoPointEstimator     INFO     Saving /pscratch/sd/s/shengyu/galaxies/catalogs/Y3/AbacusHF-v2/Boxes/QSO/sn1p550/AbacusSummit_base_c000_ph018/mpspk/wplog_QSO_zp1.550_DR2_v1.0.npy.
[019142.66]  01-26 20:19  compute_2pt                  INFO     Save to /pscratch/sd/s/shengyu/galaxies/catalogs/Y3/AbacusHF-v2/Boxes/QSO/sn1p550/AbacusSummit_base_c000_ph018/mpspk/wplog_QSO_zp1.550_DR2_v1.0.npy
[019142.66]  01-26 20:19  compute_2pt                  INFO     Procceed {'version': 'AbacusHF-v2', 'domain': 'cubic', 'tracer': 'QSO', 'zsnap': 1.55, 'zrange': (1.4, 1.7), 'mock_id': 19, 'use_dv': 'False'}
[019142.66]  01-26 20:19  cat_tools                    INFO     Load /pscratch/sd/s/shengyu/galaxies/catalogs/Y3/AbacusHF-v2/Boxes/QSO/sn1p550/AbacusSummit_base_c000_ph019/abacus_HF_QSO_1p550_DR2_v2.0_AbacusSummit_base_c000_ph019_base_clustering.dat.h5
[019142.66]  01-26 20:19  FileStack                    INFO     Reading /pscratch/sd/s/shengyu/galaxies/catalogs/Y3/AbacusHF-v2/Boxes/QSO/sn1p550/AbacusSummit_base_c000_ph019/abacus_HF_QSO_1p550_DR2_v2.0_AbacusSummit_base_c000_ph019_base_clustering.dat.h5.
[019143.57]  01-26 20:19  TwoPointCorrelationFunction  INFO     Using estimator <class 'pycorr.twopoint_estimator.NaturalTwoPointEstimator'>.
[019143.57]  01-26 20:19  TwoPointCorrelationFunction  INFO     Running auto-correlation.
[019143.57]  01-26 20:19  TwoPointCorrelationFunction  INFO     Computing two-point counts D1D2.
[019215.37]  01-26 20:20  TwoPointCorrelationFunction  INFO     Analytically computing two-point counts R1R2.
[019215.38]  01-26 20:20  TwoPointCorrelationFunction  INFO     Correlation function computed in elapsed time 71.80 s.
[019215.38]  01-26 20:20  NaturalTwoPointEstimator     INFO     Saving /pscratch/sd/s/shengyu/galaxies/catalogs/Y3/AbacusHF-v2/Boxes/QSO/sn1p550/AbacusSummit_base_c000_ph019/mpspk/xipoles_QSO_zp1.550_DR2_v1.0.npy.
[019215.38]  01-26 20:20  compute_2pt                  INFO     Save to /pscratch/sd/s/shengyu/galaxies/catalogs/Y3/AbacusHF-v2/Boxes/QSO/sn1p550/AbacusSummit_base_c000_ph019/mpspk/xipoles_QSO_zp1.550_DR2_v1.0.npy
[019218.61]  01-26 20:20  CatalogFFTPower              INFO     Painting catalog 1 to mesh CatalogMesh(nmesh=[512 512 512], boxsize=[2000. 2000. 2000.], boxcenter=[999.99992957 999.99999853 999.9998416 ], dtype=float64).
[019218.96]  01-26 20:20  CatalogMesh                  INFO     Slab 0 ~ 4194304 / 23344365.
[019220.13]  01-26 20:20  CatalogMesh                  INFO     Painted 4194304 out of 23344365 objects to mesh.
[019220.13]  01-26 20:20  CatalogMesh                  INFO     Slab 4194304 ~ 8388608 / 23344365.
[019221.26]  01-26 20:20  CatalogMesh                  INFO     Painted 8388608 out of 23344365 objects to mesh.
[019221.26]  01-26 20:20  CatalogMesh                  INFO     Slab 8388608 ~ 12582912 / 23344365.
[019222.40]  01-26 20:20  CatalogMesh                  INFO     Painted 12582912 out of 23344365 objects to mesh.
[019222.40]  01-26 20:20  CatalogMesh                  INFO     Slab 12582912 ~ 16777216 / 23344365.
[019223.53]  01-26 20:20  CatalogMesh                  INFO     Painted 16777216 out of 23344365 objects to mesh.
[019223.53]  01-26 20:20  CatalogMesh                  INFO     Slab 16777216 ~ 20971520 / 23344365.
[019224.73]  01-26 20:20  CatalogMesh                  INFO     Painted 20971520 out of 23344365 objects to mesh.
[019224.73]  01-26 20:20  CatalogMesh                  INFO     Slab 20971520 ~ 25165824 / 23344365.
[019225.55]  01-26 20:20  CatalogMesh                  INFO     Painted 23344365 out of 23344365 objects to mesh.
[019225.55]  01-26 20:20  CatalogMesh                  INFO     Running interlacing at order 3.
[019227.74]  01-26 20:20  CatalogMesh                  INFO     Slab 0 ~ 4194304 / 23344365.
[019228.87]  01-26 20:20  CatalogMesh                  INFO     Painted 4194304 out of 23344365 objects to mesh.
[019228.87]  01-26 20:20  CatalogMesh                  INFO     Slab 4194304 ~ 8388608 / 23344365.
[019229.99]  01-26 20:20  CatalogMesh                  INFO     Painted 8388608 out of 23344365 objects to mesh.
[019229.99]  01-26 20:20  CatalogMesh                  INFO     Slab 8388608 ~ 12582912 / 23344365.
[019231.12]  01-26 20:20  CatalogMesh                  INFO     Painted 12582912 out of 23344365 objects to mesh.
[019231.12]  01-26 20:20  CatalogMesh                  INFO     Slab 12582912 ~ 16777216 / 23344365.
[019232.24]  01-26 20:20  CatalogMesh                  INFO     Painted 16777216 out of 23344365 objects to mesh.
[019232.24]  01-26 20:20  CatalogMesh                  INFO     Slab 16777216 ~ 20971520 / 23344365.
[019233.45]  01-26 20:20  CatalogMesh                  INFO     Painted 20971520 out of 23344365 objects to mesh.
[019233.45]  01-26 20:20  CatalogMesh                  INFO     Slab 20971520 ~ 25165824 / 23344365.
[019234.28]  01-26 20:20  CatalogMesh                  INFO     Painted 23344365 out of 23344365 objects to mesh.
[019238.01]  01-26 20:20  CatalogMesh                  INFO     Slab 0 ~ 4194304 / 23344365.
[019239.12]  01-26 20:20  CatalogMesh                  INFO     Painted 4194304 out of 23344365 objects to mesh.
[019239.12]  01-26 20:20  CatalogMesh                  INFO     Slab 4194304 ~ 8388608 / 23344365.
[019240.25]  01-26 20:20  CatalogMesh                  INFO     Painted 8388608 out of 23344365 objects to mesh.
[019240.25]  01-26 20:20  CatalogMesh                  INFO     Slab 8388608 ~ 12582912 / 23344365.
[019241.37]  01-26 20:20  CatalogMesh                  INFO     Painted 12582912 out of 23344365 objects to mesh.
[019241.37]  01-26 20:20  CatalogMesh                  INFO     Slab 12582912 ~ 16777216 / 23344365.
[019242.49]  01-26 20:20  CatalogMesh                  INFO     Painted 16777216 out of 23344365 objects to mesh.
[019242.49]  01-26 20:20  CatalogMesh                  INFO     Slab 16777216 ~ 20971520 / 23344365.
[019243.69]  01-26 20:20  CatalogMesh                  INFO     Painted 20971520 out of 23344365 objects to mesh.
[019243.69]  01-26 20:20  CatalogMesh                  INFO     Slab 20971520 ~ 25165824 / 23344365.
[019244.51]  01-26 20:20  CatalogMesh                  INFO     Painted 23344365 out of 23344365 objects to mesh.
[019250.03]  01-26 20:21  CatalogFFTPower              INFO     Done painting catalog 1 to mesh.
[019250.03]  01-26 20:21  CatalogFFTPower              INFO     Using 400 k-bins between 0.000 and 0.400.
[019250.03]  01-26 20:21  CatalogFFTPower              INFO     Meshes prepared in elapsed time 31.42 s.
[019250.03]  01-26 20:21  CatalogFFTPower              INFO     Running mesh calculation.
[019267.14]  01-26 20:21  CatalogFFTPower              INFO     Mesh calculations performed in elapsed time 17.11 s.
[019267.14]  01-26 20:21  CatalogFFTPower              INFO     Power spectrum computed in elapsed time 48.53 s.
[019267.14]  01-26 20:21  CatalogFFTPower              INFO     Saving /pscratch/sd/s/shengyu/galaxies/catalogs/Y3/AbacusHF-v2/Boxes/QSO/sn1p550/AbacusSummit_base_c000_ph019/mpspk/pkpoles_QSO_zp1.550_DR2_v1.0.npy.
[019267.14]  01-26 20:21  compute_2pt                  INFO     Save to /pscratch/sd/s/shengyu/galaxies/catalogs/Y3/AbacusHF-v2/Boxes/QSO/sn1p550/AbacusSummit_base_c000_ph019/mpspk/pkpoles_QSO_zp1.550_DR2_v1.0.npy
[019267.14]  01-26 20:21  TwoPointCorrelationFunction  INFO     Using estimator <class 'pycorr.twopoint_estimator.NaturalTwoPointEstimator'>.
[019267.14]  01-26 20:21  TwoPointCorrelationFunction  INFO     Running auto-correlation.
[019267.14]  01-26 20:21  TwoPointCorrelationFunction  INFO     Computing two-point counts D1D2.
[019281.39]  01-26 20:21  TwoPointCorrelationFunction  INFO     Analytically computing two-point counts R1R2.
[019281.39]  01-26 20:21  TwoPointCorrelationFunction  INFO     Correlation function computed in elapsed time 14.25 s.
[019281.39]  01-26 20:21  NaturalTwoPointEstimator     INFO     Saving /pscratch/sd/s/shengyu/galaxies/catalogs/Y3/AbacusHF-v2/Boxes/QSO/sn1p550/AbacusSummit_base_c000_ph019/mpspk/mpslog_QSO_zp1.550_DR2_v1.0.npy.
[019281.40]  01-26 20:21  compute_2pt                  INFO     Save to /pscratch/sd/s/shengyu/galaxies/catalogs/Y3/AbacusHF-v2/Boxes/QSO/sn1p550/AbacusSummit_base_c000_ph019/mpspk/mpslog_QSO_zp1.550_DR2_v1.0.npy
[019281.40]  01-26 20:21  TwoPointCorrelationFunction  INFO     Using estimator <class 'pycorr.twopoint_estimator.NaturalTwoPointEstimator'>.
[019281.40]  01-26 20:21  TwoPointCorrelationFunction  INFO     Running auto-correlation.
[019281.40]  01-26 20:21  TwoPointCorrelationFunction  INFO     Computing two-point counts D1D2.
[019300.74]  01-26 20:21  TwoPointCorrelationFunction  INFO     Analytically computing two-point counts R1R2.
[019300.74]  01-26 20:21  TwoPointCorrelationFunction  INFO     Correlation function computed in elapsed time 19.34 s.
[019300.74]  01-26 20:21  NaturalTwoPointEstimator     INFO     Saving /pscratch/sd/s/shengyu/galaxies/catalogs/Y3/AbacusHF-v2/Boxes/QSO/sn1p550/AbacusSummit_base_c000_ph019/mpspk/wplog_QSO_zp1.550_DR2_v1.0.npy.
[019300.74]  01-26 20:21  compute_2pt                  INFO     Save to /pscratch/sd/s/shengyu/galaxies/catalogs/Y3/AbacusHF-v2/Boxes/QSO/sn1p550/AbacusSummit_base_c000_ph019/mpspk/wplog_QSO_zp1.550_DR2_v1.0.npy
[019300.74]  01-26 20:21  compute_2pt                  INFO     Procceed {'version': 'AbacusHF-v2', 'domain': 'cubic', 'tracer': 'QSO', 'zsnap': 1.55, 'zrange': (1.4, 1.7), 'mock_id': 20, 'use_dv': 'False'}
[019300.75]  01-26 20:21  cat_tools                    INFO     Load /pscratch/sd/s/shengyu/galaxies/catalogs/Y3/AbacusHF-v2/Boxes/QSO/sn1p550/AbacusSummit_base_c000_ph020/abacus_HF_QSO_1p550_DR2_v2.0_AbacusSummit_base_c000_ph020_base_clustering.dat.h5
[019300.75]  01-26 20:21  FileStack                    INFO     Reading /pscratch/sd/s/shengyu/galaxies/catalogs/Y3/AbacusHF-v2/Boxes/QSO/sn1p550/AbacusSummit_base_c000_ph020/abacus_HF_QSO_1p550_DR2_v2.0_AbacusSummit_base_c000_ph020_base_clustering.dat.h5.
[019301.66]  01-26 20:21  TwoPointCorrelationFunction  INFO     Using estimator <class 'pycorr.twopoint_estimator.NaturalTwoPointEstimator'>.
[019301.66]  01-26 20:21  TwoPointCorrelationFunction  INFO     Running auto-correlation.
[019301.66]  01-26 20:21  TwoPointCorrelationFunction  INFO     Computing two-point counts D1D2.
[019369.48]  01-26 20:23  TwoPointCorrelationFunction  INFO     Analytically computing two-point counts R1R2.
[019369.48]  01-26 20:23  TwoPointCorrelationFunction  INFO     Correlation function computed in elapsed time 67.82 s.
[019369.48]  01-26 20:23  NaturalTwoPointEstimator     INFO     Saving /pscratch/sd/s/shengyu/galaxies/catalogs/Y3/AbacusHF-v2/Boxes/QSO/sn1p550/AbacusSummit_base_c000_ph020/mpspk/xipoles_QSO_zp1.550_DR2_v1.0.npy.
[019369.49]  01-26 20:23  compute_2pt                  INFO     Save to /pscratch/sd/s/shengyu/galaxies/catalogs/Y3/AbacusHF-v2/Boxes/QSO/sn1p550/AbacusSummit_base_c000_ph020/mpspk/xipoles_QSO_zp1.550_DR2_v1.0.npy
[019372.64]  01-26 20:23  CatalogFFTPower              INFO     Painting catalog 1 to mesh CatalogMesh(nmesh=[512 512 512], boxsize=[2000. 2000. 2000.], boxcenter=[1000.000023    999.99999817  999.99997652], dtype=float64).
[019372.99]  01-26 20:23  CatalogMesh                  INFO     Slab 0 ~ 4194304 / 23359942.
[019374.13]  01-26 20:23  CatalogMesh                  INFO     Painted 4194304 out of 23359942 objects to mesh.
[019374.14]  01-26 20:23  CatalogMesh                  INFO     Slab 4194304 ~ 8388608 / 23359942.
[019375.26]  01-26 20:23  CatalogMesh                  INFO     Painted 8388608 out of 23359942 objects to mesh.
[019375.26]  01-26 20:23  CatalogMesh                  INFO     Slab 8388608 ~ 12582912 / 23359942.
[019376.39]  01-26 20:23  CatalogMesh                  INFO     Painted 12582912 out of 23359942 objects to mesh.
[019376.39]  01-26 20:23  CatalogMesh                  INFO     Slab 12582912 ~ 16777216 / 23359942.
[019377.52]  01-26 20:23  CatalogMesh                  INFO     Painted 16777216 out of 23359942 objects to mesh.
[019377.52]  01-26 20:23  CatalogMesh                  INFO     Slab 16777216 ~ 20971520 / 23359942.
[019378.73]  01-26 20:23  CatalogMesh                  INFO     Painted 20971520 out of 23359942 objects to mesh.
[019378.73]  01-26 20:23  CatalogMesh                  INFO     Slab 20971520 ~ 25165824 / 23359942.
[019379.56]  01-26 20:23  CatalogMesh                  INFO     Painted 23359942 out of 23359942 objects to mesh.
[019379.56]  01-26 20:23  CatalogMesh                  INFO     Running interlacing at order 3.
[019381.77]  01-26 20:23  CatalogMesh                  INFO     Slab 0 ~ 4194304 / 23359942.
[019382.90]  01-26 20:23  CatalogMesh                  INFO     Painted 4194304 out of 23359942 objects to mesh.
[019382.90]  01-26 20:23  CatalogMesh                  INFO     Slab 4194304 ~ 8388608 / 23359942.
[019384.03]  01-26 20:23  CatalogMesh                  INFO     Painted 8388608 out of 23359942 objects to mesh.
[019384.03]  01-26 20:23  CatalogMesh                  INFO     Slab 8388608 ~ 12582912 / 23359942.
[019385.16]  01-26 20:23  CatalogMesh                  INFO     Painted 12582912 out of 23359942 objects to mesh.
[019385.16]  01-26 20:23  CatalogMesh                  INFO     Slab 12582912 ~ 16777216 / 23359942.
[019386.29]  01-26 20:23  CatalogMesh                  INFO     Painted 16777216 out of 23359942 objects to mesh.
[019386.29]  01-26 20:23  CatalogMesh                  INFO     Slab 16777216 ~ 20971520 / 23359942.
[019387.50]  01-26 20:23  CatalogMesh                  INFO     Painted 20971520 out of 23359942 objects to mesh.
[019387.50]  01-26 20:23  CatalogMesh                  INFO     Slab 20971520 ~ 25165824 / 23359942.
[019388.32]  01-26 20:23  CatalogMesh                  INFO     Painted 23359942 out of 23359942 objects to mesh.
[019392.05]  01-26 20:23  CatalogMesh                  INFO     Slab 0 ~ 4194304 / 23359942.
[019393.17]  01-26 20:23  CatalogMesh                  INFO     Painted 4194304 out of 23359942 objects to mesh.
[019393.17]  01-26 20:23  CatalogMesh                  INFO     Slab 4194304 ~ 8388608 / 23359942.
[019394.30]  01-26 20:23  CatalogMesh                  INFO     Painted 8388608 out of 23359942 objects to mesh.
[019394.30]  01-26 20:23  CatalogMesh                  INFO     Slab 8388608 ~ 12582912 / 23359942.
[019395.43]  01-26 20:23  CatalogMesh                  INFO     Painted 12582912 out of 23359942 objects to mesh.
[019395.43]  01-26 20:23  CatalogMesh                  INFO     Slab 12582912 ~ 16777216 / 23359942.
[019396.56]  01-26 20:23  CatalogMesh                  INFO     Painted 16777216 out of 23359942 objects to mesh.
[019396.56]  01-26 20:23  CatalogMesh                  INFO     Slab 16777216 ~ 20971520 / 23359942.
[019397.76]  01-26 20:23  CatalogMesh                  INFO     Painted 20971520 out of 23359942 objects to mesh.
[019397.76]  01-26 20:23  CatalogMesh                  INFO     Slab 20971520 ~ 25165824 / 23359942.
[019398.58]  01-26 20:23  CatalogMesh                  INFO     Painted 23359942 out of 23359942 objects to mesh.
[019404.11]  01-26 20:23  CatalogFFTPower              INFO     Done painting catalog 1 to mesh.
[019404.11]  01-26 20:23  CatalogFFTPower              INFO     Using 400 k-bins between 0.000 and 0.400.
[019404.11]  01-26 20:23  CatalogFFTPower              INFO     Meshes prepared in elapsed time 31.47 s.
[019404.11]  01-26 20:23  CatalogFFTPower              INFO     Running mesh calculation.
[019421.36]  01-26 20:23  CatalogFFTPower              INFO     Mesh calculations performed in elapsed time 17.26 s.
[019421.37]  01-26 20:23  CatalogFFTPower              INFO     Power spectrum computed in elapsed time 48.73 s.
[019421.37]  01-26 20:23  CatalogFFTPower              INFO     Saving /pscratch/sd/s/shengyu/galaxies/catalogs/Y3/AbacusHF-v2/Boxes/QSO/sn1p550/AbacusSummit_base_c000_ph020/mpspk/pkpoles_QSO_zp1.550_DR2_v1.0.npy.
[019421.37]  01-26 20:23  compute_2pt                  INFO     Save to /pscratch/sd/s/shengyu/galaxies/catalogs/Y3/AbacusHF-v2/Boxes/QSO/sn1p550/AbacusSummit_base_c000_ph020/mpspk/pkpoles_QSO_zp1.550_DR2_v1.0.npy
[019421.37]  01-26 20:23  TwoPointCorrelationFunction  INFO     Using estimator <class 'pycorr.twopoint_estimator.NaturalTwoPointEstimator'>.
[019421.37]  01-26 20:23  TwoPointCorrelationFunction  INFO     Running auto-correlation.
[019421.37]  01-26 20:23  TwoPointCorrelationFunction  INFO     Computing two-point counts D1D2.
[019438.18]  01-26 20:24  TwoPointCorrelationFunction  INFO     Analytically computing two-point counts R1R2.
[019438.18]  01-26 20:24  TwoPointCorrelationFunction  INFO     Correlation function computed in elapsed time 16.81 s.
[019438.18]  01-26 20:24  NaturalTwoPointEstimator     INFO     Saving /pscratch/sd/s/shengyu/galaxies/catalogs/Y3/AbacusHF-v2/Boxes/QSO/sn1p550/AbacusSummit_base_c000_ph020/mpspk/mpslog_QSO_zp1.550_DR2_v1.0.npy.
[019438.18]  01-26 20:24  compute_2pt                  INFO     Save to /pscratch/sd/s/shengyu/galaxies/catalogs/Y3/AbacusHF-v2/Boxes/QSO/sn1p550/AbacusSummit_base_c000_ph020/mpspk/mpslog_QSO_zp1.550_DR2_v1.0.npy
[019438.19]  01-26 20:24  TwoPointCorrelationFunction  INFO     Using estimator <class 'pycorr.twopoint_estimator.NaturalTwoPointEstimator'>.
[019438.19]  01-26 20:24  TwoPointCorrelationFunction  INFO     Running auto-correlation.
[019438.19]  01-26 20:24  TwoPointCorrelationFunction  INFO     Computing two-point counts D1D2.
[019457.62]  01-26 20:24  TwoPointCorrelationFunction  INFO     Analytically computing two-point counts R1R2.
[019457.62]  01-26 20:24  TwoPointCorrelationFunction  INFO     Correlation function computed in elapsed time 19.43 s.
[019457.62]  01-26 20:24  NaturalTwoPointEstimator     INFO     Saving /pscratch/sd/s/shengyu/galaxies/catalogs/Y3/AbacusHF-v2/Boxes/QSO/sn1p550/AbacusSummit_base_c000_ph020/mpspk/wplog_QSO_zp1.550_DR2_v1.0.npy.
[019457.62]  01-26 20:24  compute_2pt                  INFO     Save to /pscratch/sd/s/shengyu/galaxies/catalogs/Y3/AbacusHF-v2/Boxes/QSO/sn1p550/AbacusSummit_base_c000_ph020/mpspk/wplog_QSO_zp1.550_DR2_v1.0.npy
[019457.62]  01-26 20:24  compute_2pt                  INFO     Procceed {'version': 'AbacusHF-v2', 'domain': 'cubic', 'tracer': 'QSO', 'zsnap': 1.55, 'zrange': (1.4, 1.7), 'mock_id': 21, 'use_dv': 'False'}
[019457.62]  01-26 20:24  cat_tools                    INFO     Load /pscratch/sd/s/shengyu/galaxies/catalogs/Y3/AbacusHF-v2/Boxes/QSO/sn1p550/AbacusSummit_base_c000_ph021/abacus_HF_QSO_1p550_DR2_v2.0_AbacusSummit_base_c000_ph021_base_clustering.dat.h5
[019457.62]  01-26 20:24  FileStack                    INFO     Reading /pscratch/sd/s/shengyu/galaxies/catalogs/Y3/AbacusHF-v2/Boxes/QSO/sn1p550/AbacusSummit_base_c000_ph021/abacus_HF_QSO_1p550_DR2_v2.0_AbacusSummit_base_c000_ph021_base_clustering.dat.h5.
[019458.54]  01-26 20:24  TwoPointCorrelationFunction  INFO     Using estimator <class 'pycorr.twopoint_estimator.NaturalTwoPointEstimator'>.
[019458.54]  01-26 20:24  TwoPointCorrelationFunction  INFO     Running auto-correlation.
[019458.54]  01-26 20:24  TwoPointCorrelationFunction  INFO     Computing two-point counts D1D2.
[019527.40]  01-26 20:25  TwoPointCorrelationFunction  INFO     Analytically computing two-point counts R1R2.
[019527.40]  01-26 20:25  TwoPointCorrelationFunction  INFO     Correlation function computed in elapsed time 68.86 s.
[019527.40]  01-26 20:25  NaturalTwoPointEstimator     INFO     Saving /pscratch/sd/s/shengyu/galaxies/catalogs/Y3/AbacusHF-v2/Boxes/QSO/sn1p550/AbacusSummit_base_c000_ph021/mpspk/xipoles_QSO_zp1.550_DR2_v1.0.npy.
[019527.47]  01-26 20:25  compute_2pt                  INFO     Save to /pscratch/sd/s/shengyu/galaxies/catalogs/Y3/AbacusHF-v2/Boxes/QSO/sn1p550/AbacusSummit_base_c000_ph021/mpspk/xipoles_QSO_zp1.550_DR2_v1.0.npy
[019530.61]  01-26 20:25  CatalogFFTPower              INFO     Painting catalog 1 to mesh CatalogMesh(nmesh=[512 512 512], boxsize=[2000. 2000. 2000.], boxcenter=[1000.00004647  999.99991346 1000.00016359], dtype=float64).
[019530.97]  01-26 20:25  CatalogMesh                  INFO     Slab 0 ~ 4194304 / 23378452.
[019532.10]  01-26 20:25  CatalogMesh                  INFO     Painted 4194304 out of 23378452 objects to mesh.
[019532.10]  01-26 20:25  CatalogMesh                  INFO     Slab 4194304 ~ 8388608 / 23378452.
[019533.22]  01-26 20:25  CatalogMesh                  INFO     Painted 8388608 out of 23378452 objects to mesh.
[019533.22]  01-26 20:25  CatalogMesh                  INFO     Slab 8388608 ~ 12582912 / 23378452.
[019534.34]  01-26 20:25  CatalogMesh                  INFO     Painted 12582912 out of 23378452 objects to mesh.
[019534.34]  01-26 20:25  CatalogMesh                  INFO     Slab 12582912 ~ 16777216 / 23378452.
[019535.46]  01-26 20:25  CatalogMesh                  INFO     Painted 16777216 out of 23378452 objects to mesh.
[019535.47]  01-26 20:25  CatalogMesh                  INFO     Slab 16777216 ~ 20971520 / 23378452.
[019536.66]  01-26 20:25  CatalogMesh                  INFO     Painted 20971520 out of 23378452 objects to mesh.
[019536.66]  01-26 20:25  CatalogMesh                  INFO     Slab 20971520 ~ 25165824 / 23378452.
[019537.49]  01-26 20:25  CatalogMesh                  INFO     Painted 23378452 out of 23378452 objects to mesh.
[019537.49]  01-26 20:25  CatalogMesh                  INFO     Running interlacing at order 3.
[019539.67]  01-26 20:25  CatalogMesh                  INFO     Slab 0 ~ 4194304 / 23378452.
[019540.79]  01-26 20:25  CatalogMesh                  INFO     Painted 4194304 out of 23378452 objects to mesh.
[019540.79]  01-26 20:25  CatalogMesh                  INFO     Slab 4194304 ~ 8388608 / 23378452.
[019541.91]  01-26 20:25  CatalogMesh                  INFO     Painted 8388608 out of 23378452 objects to mesh.
[019541.91]  01-26 20:25  CatalogMesh                  INFO     Slab 8388608 ~ 12582912 / 23378452.
[019543.03]  01-26 20:25  CatalogMesh                  INFO     Painted 12582912 out of 23378452 objects to mesh.
[019543.03]  01-26 20:25  CatalogMesh                  INFO     Slab 12582912 ~ 16777216 / 23378452.
[019544.16]  01-26 20:25  CatalogMesh                  INFO     Painted 16777216 out of 23378452 objects to mesh.
[019544.16]  01-26 20:25  CatalogMesh                  INFO     Slab 16777216 ~ 20971520 / 23378452.
[019545.36]  01-26 20:25  CatalogMesh                  INFO     Painted 20971520 out of 23378452 objects to mesh.
[019545.36]  01-26 20:25  CatalogMesh                  INFO     Slab 20971520 ~ 25165824 / 23378452.
[019546.18]  01-26 20:25  CatalogMesh                  INFO     Painted 23378452 out of 23378452 objects to mesh.
[019549.89]  01-26 20:26  CatalogMesh                  INFO     Slab 0 ~ 4194304 / 23378452.
[019551.01]  01-26 20:26  CatalogMesh                  INFO     Painted 4194304 out of 23378452 objects to mesh.
[019551.01]  01-26 20:26  CatalogMesh                  INFO     Slab 4194304 ~ 8388608 / 23378452.
[019552.13]  01-26 20:26  CatalogMesh                  INFO     Painted 8388608 out of 23378452 objects to mesh.
[019552.13]  01-26 20:26  CatalogMesh                  INFO     Slab 8388608 ~ 12582912 / 23378452.
[019553.25]  01-26 20:26  CatalogMesh                  INFO     Painted 12582912 out of 23378452 objects to mesh.
[019553.25]  01-26 20:26  CatalogMesh                  INFO     Slab 12582912 ~ 16777216 / 23378452.
[019554.37]  01-26 20:26  CatalogMesh                  INFO     Painted 16777216 out of 23378452 objects to mesh.
[019554.37]  01-26 20:26  CatalogMesh                  INFO     Slab 16777216 ~ 20971520 / 23378452.
[019555.58]  01-26 20:26  CatalogMesh                  INFO     Painted 20971520 out of 23378452 objects to mesh.
[019555.58]  01-26 20:26  CatalogMesh                  INFO     Slab 20971520 ~ 25165824 / 23378452.
[019556.40]  01-26 20:26  CatalogMesh                  INFO     Painted 23378452 out of 23378452 objects to mesh.
[019561.89]  01-26 20:26  CatalogFFTPower              INFO     Done painting catalog 1 to mesh.
[019561.89]  01-26 20:26  CatalogFFTPower              INFO     Using 400 k-bins between 0.000 and 0.400.
[019561.89]  01-26 20:26  CatalogFFTPower              INFO     Meshes prepared in elapsed time 31.28 s.
[019561.89]  01-26 20:26  CatalogFFTPower              INFO     Running mesh calculation.
[019578.93]  01-26 20:26  CatalogFFTPower              INFO     Mesh calculations performed in elapsed time 17.04 s.
[019578.93]  01-26 20:26  CatalogFFTPower              INFO     Power spectrum computed in elapsed time 48.32 s.
[019578.93]  01-26 20:26  CatalogFFTPower              INFO     Saving /pscratch/sd/s/shengyu/galaxies/catalogs/Y3/AbacusHF-v2/Boxes/QSO/sn1p550/AbacusSummit_base_c000_ph021/mpspk/pkpoles_QSO_zp1.550_DR2_v1.0.npy.
[019578.93]  01-26 20:26  compute_2pt                  INFO     Save to /pscratch/sd/s/shengyu/galaxies/catalogs/Y3/AbacusHF-v2/Boxes/QSO/sn1p550/AbacusSummit_base_c000_ph021/mpspk/pkpoles_QSO_zp1.550_DR2_v1.0.npy
[019578.93]  01-26 20:26  TwoPointCorrelationFunction  INFO     Using estimator <class 'pycorr.twopoint_estimator.NaturalTwoPointEstimator'>.
[019578.93]  01-26 20:26  TwoPointCorrelationFunction  INFO     Running auto-correlation.
[019578.93]  01-26 20:26  TwoPointCorrelationFunction  INFO     Computing two-point counts D1D2.
[019595.32]  01-26 20:26  TwoPointCorrelationFunction  INFO     Analytically computing two-point counts R1R2.
[019595.32]  01-26 20:26  TwoPointCorrelationFunction  INFO     Correlation function computed in elapsed time 16.39 s.
[019595.32]  01-26 20:26  NaturalTwoPointEstimator     INFO     Saving /pscratch/sd/s/shengyu/galaxies/catalogs/Y3/AbacusHF-v2/Boxes/QSO/sn1p550/AbacusSummit_base_c000_ph021/mpspk/mpslog_QSO_zp1.550_DR2_v1.0.npy.
[019595.33]  01-26 20:26  compute_2pt                  INFO     Save to /pscratch/sd/s/shengyu/galaxies/catalogs/Y3/AbacusHF-v2/Boxes/QSO/sn1p550/AbacusSummit_base_c000_ph021/mpspk/mpslog_QSO_zp1.550_DR2_v1.0.npy
[019595.33]  01-26 20:26  TwoPointCorrelationFunction  INFO     Using estimator <class 'pycorr.twopoint_estimator.NaturalTwoPointEstimator'>.
[019595.33]  01-26 20:26  TwoPointCorrelationFunction  INFO     Running auto-correlation.
[019595.33]  01-26 20:26  TwoPointCorrelationFunction  INFO     Computing two-point counts D1D2.
[019614.56]  01-26 20:27  TwoPointCorrelationFunction  INFO     Analytically computing two-point counts R1R2.
[019614.57]  01-26 20:27  TwoPointCorrelationFunction  INFO     Correlation function computed in elapsed time 19.24 s.
[019614.57]  01-26 20:27  NaturalTwoPointEstimator     INFO     Saving /pscratch/sd/s/shengyu/galaxies/catalogs/Y3/AbacusHF-v2/Boxes/QSO/sn1p550/AbacusSummit_base_c000_ph021/mpspk/wplog_QSO_zp1.550_DR2_v1.0.npy.
[019614.57]  01-26 20:27  compute_2pt                  INFO     Save to /pscratch/sd/s/shengyu/galaxies/catalogs/Y3/AbacusHF-v2/Boxes/QSO/sn1p550/AbacusSummit_base_c000_ph021/mpspk/wplog_QSO_zp1.550_DR2_v1.0.npy
[019614.57]  01-26 20:27  compute_2pt                  INFO     Procceed {'version': 'AbacusHF-v2', 'domain': 'cubic', 'tracer': 'QSO', 'zsnap': 1.55, 'zrange': (1.4, 1.7), 'mock_id': 22, 'use_dv': 'False'}
[019614.57]  01-26 20:27  cat_tools                    INFO     Load /pscratch/sd/s/shengyu/galaxies/catalogs/Y3/AbacusHF-v2/Boxes/QSO/sn1p550/AbacusSummit_base_c000_ph022/abacus_HF_QSO_1p550_DR2_v2.0_AbacusSummit_base_c000_ph022_base_clustering.dat.h5
[019614.57]  01-26 20:27  FileStack                    INFO     Reading /pscratch/sd/s/shengyu/galaxies/catalogs/Y3/AbacusHF-v2/Boxes/QSO/sn1p550/AbacusSummit_base_c000_ph022/abacus_HF_QSO_1p550_DR2_v2.0_AbacusSummit_base_c000_ph022_base_clustering.dat.h5.
[019615.50]  01-26 20:27  TwoPointCorrelationFunction  INFO     Using estimator <class 'pycorr.twopoint_estimator.NaturalTwoPointEstimator'>.
[019615.50]  01-26 20:27  TwoPointCorrelationFunction  INFO     Running auto-correlation.
[019615.50]  01-26 20:27  TwoPointCorrelationFunction  INFO     Computing two-point counts D1D2.
[019686.13]  01-26 20:28  TwoPointCorrelationFunction  INFO     Analytically computing two-point counts R1R2.
[019686.13]  01-26 20:28  TwoPointCorrelationFunction  INFO     Correlation function computed in elapsed time 70.64 s.
[019686.13]  01-26 20:28  NaturalTwoPointEstimator     INFO     Saving /pscratch/sd/s/shengyu/galaxies/catalogs/Y3/AbacusHF-v2/Boxes/QSO/sn1p550/AbacusSummit_base_c000_ph022/mpspk/xipoles_QSO_zp1.550_DR2_v1.0.npy.
[019686.14]  01-26 20:28  compute_2pt                  INFO     Save to /pscratch/sd/s/shengyu/galaxies/catalogs/Y3/AbacusHF-v2/Boxes/QSO/sn1p550/AbacusSummit_base_c000_ph022/mpspk/xipoles_QSO_zp1.550_DR2_v1.0.npy
[019689.32]  01-26 20:28  CatalogFFTPower              INFO     Painting catalog 1 to mesh CatalogMesh(nmesh=[512 512 512], boxsize=[2000. 2000. 2000.], boxcenter=[1000.00000512  999.99997178  999.99997864], dtype=float64).
[019689.68]  01-26 20:28  CatalogMesh                  INFO     Slab 0 ~ 4194304 / 23372091.
[019690.82]  01-26 20:28  CatalogMesh                  INFO     Painted 4194304 out of 23372091 objects to mesh.
[019690.82]  01-26 20:28  CatalogMesh                  INFO     Slab 4194304 ~ 8388608 / 23372091.
[019691.94]  01-26 20:28  CatalogMesh                  INFO     Painted 8388608 out of 23372091 objects to mesh.
[019691.94]  01-26 20:28  CatalogMesh                  INFO     Slab 8388608 ~ 12582912 / 23372091.
[019693.06]  01-26 20:28  CatalogMesh                  INFO     Painted 12582912 out of 23372091 objects to mesh.
[019693.06]  01-26 20:28  CatalogMesh                  INFO     Slab 12582912 ~ 16777216 / 23372091.
[019694.19]  01-26 20:28  CatalogMesh                  INFO     Painted 16777216 out of 23372091 objects to mesh.
[019694.19]  01-26 20:28  CatalogMesh                  INFO     Slab 16777216 ~ 20971520 / 23372091.
[019695.39]  01-26 20:28  CatalogMesh                  INFO     Painted 20971520 out of 23372091 objects to mesh.
[019695.39]  01-26 20:28  CatalogMesh                  INFO     Slab 20971520 ~ 25165824 / 23372091.
[019696.21]  01-26 20:28  CatalogMesh                  INFO     Painted 23372091 out of 23372091 objects to mesh.
[019696.21]  01-26 20:28  CatalogMesh                  INFO     Running interlacing at order 3.
[019698.39]  01-26 20:28  CatalogMesh                  INFO     Slab 0 ~ 4194304 / 23372091.
[019699.50]  01-26 20:28  CatalogMesh                  INFO     Painted 4194304 out of 23372091 objects to mesh.
[019699.50]  01-26 20:28  CatalogMesh                  INFO     Slab 4194304 ~ 8388608 / 23372091.
[019700.62]  01-26 20:28  CatalogMesh                  INFO     Painted 8388608 out of 23372091 objects to mesh.
[019700.62]  01-26 20:28  CatalogMesh                  INFO     Slab 8388608 ~ 12582912 / 23372091.
[019701.74]  01-26 20:28  CatalogMesh                  INFO     Painted 12582912 out of 23372091 objects to mesh.
[019701.74]  01-26 20:28  CatalogMesh                  INFO     Slab 12582912 ~ 16777216 / 23372091.
[019702.87]  01-26 20:28  CatalogMesh                  INFO     Painted 16777216 out of 23372091 objects to mesh.
[019702.87]  01-26 20:28  CatalogMesh                  INFO     Slab 16777216 ~ 20971520 / 23372091.
[019704.07]  01-26 20:28  CatalogMesh                  INFO     Painted 20971520 out of 23372091 objects to mesh.
[019704.07]  01-26 20:28  CatalogMesh                  INFO     Slab 20971520 ~ 25165824 / 23372091.
[019704.89]  01-26 20:28  CatalogMesh                  INFO     Painted 23372091 out of 23372091 objects to mesh.
[019708.60]  01-26 20:28  CatalogMesh                  INFO     Slab 0 ~ 4194304 / 23372091.
[019709.71]  01-26 20:28  CatalogMesh                  INFO     Painted 4194304 out of 23372091 objects to mesh.
[019709.71]  01-26 20:28  CatalogMesh                  INFO     Slab 4194304 ~ 8388608 / 23372091.
[019710.83]  01-26 20:28  CatalogMesh                  INFO     Painted 8388608 out of 23372091 objects to mesh.
[019710.83]  01-26 20:28  CatalogMesh                  INFO     Slab 8388608 ~ 12582912 / 23372091.
[019711.96]  01-26 20:28  CatalogMesh                  INFO     Painted 12582912 out of 23372091 objects to mesh.
[019711.96]  01-26 20:28  CatalogMesh                  INFO     Slab 12582912 ~ 16777216 / 23372091.
[019713.07]  01-26 20:28  CatalogMesh                  INFO     Painted 16777216 out of 23372091 objects to mesh.
[019713.07]  01-26 20:28  CatalogMesh                  INFO     Slab 16777216 ~ 20971520 / 23372091.
[019714.27]  01-26 20:28  CatalogMesh                  INFO     Painted 20971520 out of 23372091 objects to mesh.
[019714.27]  01-26 20:28  CatalogMesh                  INFO     Slab 20971520 ~ 25165824 / 23372091.
[019715.09]  01-26 20:28  CatalogMesh                  INFO     Painted 23372091 out of 23372091 objects to mesh.
[019720.60]  01-26 20:28  CatalogFFTPower              INFO     Done painting catalog 1 to mesh.
[019720.60]  01-26 20:28  CatalogFFTPower              INFO     Using 400 k-bins between 0.000 and 0.400.
[019720.60]  01-26 20:28  CatalogFFTPower              INFO     Meshes prepared in elapsed time 31.27 s.
[019720.60]  01-26 20:28  CatalogFFTPower              INFO     Running mesh calculation.
[019737.66]  01-26 20:29  CatalogFFTPower              INFO     Mesh calculations performed in elapsed time 17.06 s.
[019737.66]  01-26 20:29  CatalogFFTPower              INFO     Power spectrum computed in elapsed time 48.33 s.
[019737.66]  01-26 20:29  CatalogFFTPower              INFO     Saving /pscratch/sd/s/shengyu/galaxies/catalogs/Y3/AbacusHF-v2/Boxes/QSO/sn1p550/AbacusSummit_base_c000_ph022/mpspk/pkpoles_QSO_zp1.550_DR2_v1.0.npy.
[019737.66]  01-26 20:29  compute_2pt                  INFO     Save to /pscratch/sd/s/shengyu/galaxies/catalogs/Y3/AbacusHF-v2/Boxes/QSO/sn1p550/AbacusSummit_base_c000_ph022/mpspk/pkpoles_QSO_zp1.550_DR2_v1.0.npy
[019737.66]  01-26 20:29  TwoPointCorrelationFunction  INFO     Using estimator <class 'pycorr.twopoint_estimator.NaturalTwoPointEstimator'>.
[019737.66]  01-26 20:29  TwoPointCorrelationFunction  INFO     Running auto-correlation.
[019737.66]  01-26 20:29  TwoPointCorrelationFunction  INFO     Computing two-point counts D1D2.
[019752.68]  01-26 20:29  TwoPointCorrelationFunction  INFO     Analytically computing two-point counts R1R2.
[019752.68]  01-26 20:29  TwoPointCorrelationFunction  INFO     Correlation function computed in elapsed time 15.02 s.
[019752.68]  01-26 20:29  NaturalTwoPointEstimator     INFO     Saving /pscratch/sd/s/shengyu/galaxies/catalogs/Y3/AbacusHF-v2/Boxes/QSO/sn1p550/AbacusSummit_base_c000_ph022/mpspk/mpslog_QSO_zp1.550_DR2_v1.0.npy.
[019752.68]  01-26 20:29  compute_2pt                  INFO     Save to /pscratch/sd/s/shengyu/galaxies/catalogs/Y3/AbacusHF-v2/Boxes/QSO/sn1p550/AbacusSummit_base_c000_ph022/mpspk/mpslog_QSO_zp1.550_DR2_v1.0.npy
[019752.68]  01-26 20:29  TwoPointCorrelationFunction  INFO     Using estimator <class 'pycorr.twopoint_estimator.NaturalTwoPointEstimator'>.
[019752.68]  01-26 20:29  TwoPointCorrelationFunction  INFO     Running auto-correlation.
[019752.68]  01-26 20:29  TwoPointCorrelationFunction  INFO     Computing two-point counts D1D2.
[019772.42]  01-26 20:29  TwoPointCorrelationFunction  INFO     Analytically computing two-point counts R1R2.
[019772.42]  01-26 20:29  TwoPointCorrelationFunction  INFO     Correlation function computed in elapsed time 19.74 s.
[019772.42]  01-26 20:29  NaturalTwoPointEstimator     INFO     Saving /pscratch/sd/s/shengyu/galaxies/catalogs/Y3/AbacusHF-v2/Boxes/QSO/sn1p550/AbacusSummit_base_c000_ph022/mpspk/wplog_QSO_zp1.550_DR2_v1.0.npy.
[019772.43]  01-26 20:29  compute_2pt                  INFO     Save to /pscratch/sd/s/shengyu/galaxies/catalogs/Y3/AbacusHF-v2/Boxes/QSO/sn1p550/AbacusSummit_base_c000_ph022/mpspk/wplog_QSO_zp1.550_DR2_v1.0.npy
[019772.43]  01-26 20:29  compute_2pt                  INFO     Procceed {'version': 'AbacusHF-v2', 'domain': 'cubic', 'tracer': 'QSO', 'zsnap': 1.55, 'zrange': (1.4, 1.7), 'mock_id': 23, 'use_dv': 'False'}
[019772.43]  01-26 20:29  cat_tools                    INFO     Load /pscratch/sd/s/shengyu/galaxies/catalogs/Y3/AbacusHF-v2/Boxes/QSO/sn1p550/AbacusSummit_base_c000_ph023/abacus_HF_QSO_1p550_DR2_v2.0_AbacusSummit_base_c000_ph023_base_clustering.dat.h5
[019772.43]  01-26 20:29  FileStack                    INFO     Reading /pscratch/sd/s/shengyu/galaxies/catalogs/Y3/AbacusHF-v2/Boxes/QSO/sn1p550/AbacusSummit_base_c000_ph023/abacus_HF_QSO_1p550_DR2_v2.0_AbacusSummit_base_c000_ph023_base_clustering.dat.h5.
[019773.35]  01-26 20:29  TwoPointCorrelationFunction  INFO     Using estimator <class 'pycorr.twopoint_estimator.NaturalTwoPointEstimator'>.
[019773.35]  01-26 20:29  TwoPointCorrelationFunction  INFO     Running auto-correlation.
[019773.35]  01-26 20:29  TwoPointCorrelationFunction  INFO     Computing two-point counts D1D2.
[019843.20]  01-26 20:30  TwoPointCorrelationFunction  INFO     Analytically computing two-point counts R1R2.
[019843.20]  01-26 20:30  TwoPointCorrelationFunction  INFO     Correlation function computed in elapsed time 69.85 s.
[019843.20]  01-26 20:30  NaturalTwoPointEstimator     INFO     Saving /pscratch/sd/s/shengyu/galaxies/catalogs/Y3/AbacusHF-v2/Boxes/QSO/sn1p550/AbacusSummit_base_c000_ph023/mpspk/xipoles_QSO_zp1.550_DR2_v1.0.npy.
[019843.20]  01-26 20:30  compute_2pt                  INFO     Save to /pscratch/sd/s/shengyu/galaxies/catalogs/Y3/AbacusHF-v2/Boxes/QSO/sn1p550/AbacusSummit_base_c000_ph023/mpspk/xipoles_QSO_zp1.550_DR2_v1.0.npy
[019846.36]  01-26 20:30  CatalogFFTPower              INFO     Painting catalog 1 to mesh CatalogMesh(nmesh=[512 512 512], boxsize=[2000. 2000. 2000.], boxcenter=[1000.00000315 1000.00008541 1000.00002603], dtype=float64).
[019846.71]  01-26 20:30  CatalogMesh                  INFO     Slab 0 ~ 4194304 / 23370269.
[019847.84]  01-26 20:31  CatalogMesh                  INFO     Painted 4194304 out of 23370269 objects to mesh.
[019847.85]  01-26 20:31  CatalogMesh                  INFO     Slab 4194304 ~ 8388608 / 23370269.
[019848.96]  01-26 20:31  CatalogMesh                  INFO     Painted 8388608 out of 23370269 objects to mesh.
[019848.96]  01-26 20:31  CatalogMesh                  INFO     Slab 8388608 ~ 12582912 / 23370269.
[019850.08]  01-26 20:31  CatalogMesh                  INFO     Painted 12582912 out of 23370269 objects to mesh.
[019850.08]  01-26 20:31  CatalogMesh                  INFO     Slab 12582912 ~ 16777216 / 23370269.
[019851.20]  01-26 20:31  CatalogMesh                  INFO     Painted 16777216 out of 23370269 objects to mesh.
[019851.20]  01-26 20:31  CatalogMesh                  INFO     Slab 16777216 ~ 20971520 / 23370269.
[019852.40]  01-26 20:31  CatalogMesh                  INFO     Painted 20971520 out of 23370269 objects to mesh.
[019852.40]  01-26 20:31  CatalogMesh                  INFO     Slab 20971520 ~ 25165824 / 23370269.
[019853.22]  01-26 20:31  CatalogMesh                  INFO     Painted 23370269 out of 23370269 objects to mesh.
[019853.22]  01-26 20:31  CatalogMesh                  INFO     Running interlacing at order 3.
[019855.41]  01-26 20:31  CatalogMesh                  INFO     Slab 0 ~ 4194304 / 23370269.
[019856.53]  01-26 20:31  CatalogMesh                  INFO     Painted 4194304 out of 23370269 objects to mesh.
[019856.53]  01-26 20:31  CatalogMesh                  INFO     Slab 4194304 ~ 8388608 / 23370269.
[019857.66]  01-26 20:31  CatalogMesh                  INFO     Painted 8388608 out of 23370269 objects to mesh.
[019857.66]  01-26 20:31  CatalogMesh                  INFO     Slab 8388608 ~ 12582912 / 23370269.
[019858.77]  01-26 20:31  CatalogMesh                  INFO     Painted 12582912 out of 23370269 objects to mesh.
[019858.77]  01-26 20:31  CatalogMesh                  INFO     Slab 12582912 ~ 16777216 / 23370269.
[019859.89]  01-26 20:31  CatalogMesh                  INFO     Painted 16777216 out of 23370269 objects to mesh.
[019859.89]  01-26 20:31  CatalogMesh                  INFO     Slab 16777216 ~ 20971520 / 23370269.
[019861.09]  01-26 20:31  CatalogMesh                  INFO     Painted 20971520 out of 23370269 objects to mesh.
[019861.09]  01-26 20:31  CatalogMesh                  INFO     Slab 20971520 ~ 25165824 / 23370269.
[019861.91]  01-26 20:31  CatalogMesh                  INFO     Painted 23370269 out of 23370269 objects to mesh.
[019865.62]  01-26 20:31  CatalogMesh                  INFO     Slab 0 ~ 4194304 / 23370269.
[019866.74]  01-26 20:31  CatalogMesh                  INFO     Painted 4194304 out of 23370269 objects to mesh.
[019866.74]  01-26 20:31  CatalogMesh                  INFO     Slab 4194304 ~ 8388608 / 23370269.
[019867.86]  01-26 20:31  CatalogMesh                  INFO     Painted 8388608 out of 23370269 objects to mesh.
[019867.86]  01-26 20:31  CatalogMesh                  INFO     Slab 8388608 ~ 12582912 / 23370269.
[019868.98]  01-26 20:31  CatalogMesh                  INFO     Painted 12582912 out of 23370269 objects to mesh.
[019868.98]  01-26 20:31  CatalogMesh                  INFO     Slab 12582912 ~ 16777216 / 23370269.
[019870.11]  01-26 20:31  CatalogMesh                  INFO     Painted 16777216 out of 23370269 objects to mesh.
[019870.11]  01-26 20:31  CatalogMesh                  INFO     Slab 16777216 ~ 20971520 / 23370269.
[019871.30]  01-26 20:31  CatalogMesh                  INFO     Painted 20971520 out of 23370269 objects to mesh.
[019871.30]  01-26 20:31  CatalogMesh                  INFO     Slab 20971520 ~ 25165824 / 23370269.
[019872.12]  01-26 20:31  CatalogMesh                  INFO     Painted 23370269 out of 23370269 objects to mesh.
[019877.62]  01-26 20:31  CatalogFFTPower              INFO     Done painting catalog 1 to mesh.
[019877.62]  01-26 20:31  CatalogFFTPower              INFO     Using 400 k-bins between 0.000 and 0.400.
[019877.62]  01-26 20:31  CatalogFFTPower              INFO     Meshes prepared in elapsed time 31.26 s.
[019877.62]  01-26 20:31  CatalogFFTPower              INFO     Running mesh calculation.
[019894.69]  01-26 20:31  CatalogFFTPower              INFO     Mesh calculations performed in elapsed time 17.06 s.
[019894.69]  01-26 20:31  CatalogFFTPower              INFO     Power spectrum computed in elapsed time 48.32 s.
[019894.69]  01-26 20:31  CatalogFFTPower              INFO     Saving /pscratch/sd/s/shengyu/galaxies/catalogs/Y3/AbacusHF-v2/Boxes/QSO/sn1p550/AbacusSummit_base_c000_ph023/mpspk/pkpoles_QSO_zp1.550_DR2_v1.0.npy.
[019894.69]  01-26 20:31  compute_2pt                  INFO     Save to /pscratch/sd/s/shengyu/galaxies/catalogs/Y3/AbacusHF-v2/Boxes/QSO/sn1p550/AbacusSummit_base_c000_ph023/mpspk/pkpoles_QSO_zp1.550_DR2_v1.0.npy
[019894.69]  01-26 20:31  TwoPointCorrelationFunction  INFO     Using estimator <class 'pycorr.twopoint_estimator.NaturalTwoPointEstimator'>.
[019894.69]  01-26 20:31  TwoPointCorrelationFunction  INFO     Running auto-correlation.
[019894.69]  01-26 20:31  TwoPointCorrelationFunction  INFO     Computing two-point counts D1D2.
[019909.13]  01-26 20:32  TwoPointCorrelationFunction  INFO     Analytically computing two-point counts R1R2.
[019909.13]  01-26 20:32  TwoPointCorrelationFunction  INFO     Correlation function computed in elapsed time 14.44 s.
[019909.13]  01-26 20:32  NaturalTwoPointEstimator     INFO     Saving /pscratch/sd/s/shengyu/galaxies/catalogs/Y3/AbacusHF-v2/Boxes/QSO/sn1p550/AbacusSummit_base_c000_ph023/mpspk/mpslog_QSO_zp1.550_DR2_v1.0.npy.
[019909.14]  01-26 20:32  compute_2pt                  INFO     Save to /pscratch/sd/s/shengyu/galaxies/catalogs/Y3/AbacusHF-v2/Boxes/QSO/sn1p550/AbacusSummit_base_c000_ph023/mpspk/mpslog_QSO_zp1.550_DR2_v1.0.npy
[019909.14]  01-26 20:32  TwoPointCorrelationFunction  INFO     Using estimator <class 'pycorr.twopoint_estimator.NaturalTwoPointEstimator'>.
[019909.14]  01-26 20:32  TwoPointCorrelationFunction  INFO     Running auto-correlation.
[019909.14]  01-26 20:32  TwoPointCorrelationFunction  INFO     Computing two-point counts D1D2.
[019928.46]  01-26 20:32  TwoPointCorrelationFunction  INFO     Analytically computing two-point counts R1R2.
[019928.46]  01-26 20:32  TwoPointCorrelationFunction  INFO     Correlation function computed in elapsed time 19.32 s.
[019928.46]  01-26 20:32  NaturalTwoPointEstimator     INFO     Saving /pscratch/sd/s/shengyu/galaxies/catalogs/Y3/AbacusHF-v2/Boxes/QSO/sn1p550/AbacusSummit_base_c000_ph023/mpspk/wplog_QSO_zp1.550_DR2_v1.0.npy.
[019928.46]  01-26 20:32  compute_2pt                  INFO     Save to /pscratch/sd/s/shengyu/galaxies/catalogs/Y3/AbacusHF-v2/Boxes/QSO/sn1p550/AbacusSummit_base_c000_ph023/mpspk/wplog_QSO_zp1.550_DR2_v1.0.npy
[019928.46]  01-26 20:32  compute_2pt                  INFO     Procceed {'version': 'AbacusHF-v2', 'domain': 'cubic', 'tracer': 'QSO', 'zsnap': 1.55, 'zrange': (1.4, 1.7), 'mock_id': 24, 'use_dv': 'False'}
[019928.46]  01-26 20:32  cat_tools                    INFO     Load /pscratch/sd/s/shengyu/galaxies/catalogs/Y3/AbacusHF-v2/Boxes/QSO/sn1p550/AbacusSummit_base_c000_ph024/abacus_HF_QSO_1p550_DR2_v2.0_AbacusSummit_base_c000_ph024_base_clustering.dat.h5
[019928.46]  01-26 20:32  FileStack                    INFO     Reading /pscratch/sd/s/shengyu/galaxies/catalogs/Y3/AbacusHF-v2/Boxes/QSO/sn1p550/AbacusSummit_base_c000_ph024/abacus_HF_QSO_1p550_DR2_v2.0_AbacusSummit_base_c000_ph024_base_clustering.dat.h5.
[019929.38]  01-26 20:32  TwoPointCorrelationFunction  INFO     Using estimator <class 'pycorr.twopoint_estimator.NaturalTwoPointEstimator'>.
[019929.38]  01-26 20:32  TwoPointCorrelationFunction  INFO     Running auto-correlation.
[019929.38]  01-26 20:32  TwoPointCorrelationFunction  INFO     Computing two-point counts D1D2.
[019998.18]  01-26 20:33  TwoPointCorrelationFunction  INFO     Analytically computing two-point counts R1R2.
[019998.18]  01-26 20:33  TwoPointCorrelationFunction  INFO     Correlation function computed in elapsed time 68.80 s.
[019998.18]  01-26 20:33  NaturalTwoPointEstimator     INFO     Saving /pscratch/sd/s/shengyu/galaxies/catalogs/Y3/AbacusHF-v2/Boxes/QSO/sn1p550/AbacusSummit_base_c000_ph024/mpspk/xipoles_QSO_zp1.550_DR2_v1.0.npy.
[019998.19]  01-26 20:33  compute_2pt                  INFO     Save to /pscratch/sd/s/shengyu/galaxies/catalogs/Y3/AbacusHF-v2/Boxes/QSO/sn1p550/AbacusSummit_base_c000_ph024/mpspk/xipoles_QSO_zp1.550_DR2_v1.0.npy
[020001.33]  01-26 20:33  CatalogFFTPower              INFO     Painting catalog 1 to mesh CatalogMesh(nmesh=[512 512 512], boxsize=[2000. 2000. 2000.], boxcenter=[ 999.99998668 1000.00001497 1000.00001962], dtype=float64).
[020001.69]  01-26 20:33  CatalogMesh                  INFO     Slab 0 ~ 4194304 / 23431381.
[020002.82]  01-26 20:33  CatalogMesh                  INFO     Painted 4194304 out of 23431381 objects to mesh.
[020002.82]  01-26 20:33  CatalogMesh                  INFO     Slab 4194304 ~ 8388608 / 23431381.
[020003.94]  01-26 20:33  CatalogMesh                  INFO     Painted 8388608 out of 23431381 objects to mesh.
[020003.95]  01-26 20:33  CatalogMesh                  INFO     Slab 8388608 ~ 12582912 / 23431381.
[020005.08]  01-26 20:33  CatalogMesh                  INFO     Painted 12582912 out of 23431381 objects to mesh.
[020005.08]  01-26 20:33  CatalogMesh                  INFO     Slab 12582912 ~ 16777216 / 23431381.
[020006.20]  01-26 20:33  CatalogMesh                  INFO     Painted 16777216 out of 23431381 objects to mesh.
[020006.20]  01-26 20:33  CatalogMesh                  INFO     Slab 16777216 ~ 20971520 / 23431381.
[020007.40]  01-26 20:33  CatalogMesh                  INFO     Painted 20971520 out of 23431381 objects to mesh.
[020007.40]  01-26 20:33  CatalogMesh                  INFO     Slab 20971520 ~ 25165824 / 23431381.
[020008.24]  01-26 20:33  CatalogMesh                  INFO     Painted 23431381 out of 23431381 objects to mesh.
[020008.24]  01-26 20:33  CatalogMesh                  INFO     Running interlacing at order 3.
[020010.42]  01-26 20:33  CatalogMesh                  INFO     Slab 0 ~ 4194304 / 23431381.
[020011.53]  01-26 20:33  CatalogMesh                  INFO     Painted 4194304 out of 23431381 objects to mesh.
[020011.53]  01-26 20:33  CatalogMesh                  INFO     Slab 4194304 ~ 8388608 / 23431381.
[020012.65]  01-26 20:33  CatalogMesh                  INFO     Painted 8388608 out of 23431381 objects to mesh.
[020012.65]  01-26 20:33  CatalogMesh                  INFO     Slab 8388608 ~ 12582912 / 23431381.
[020013.77]  01-26 20:33  CatalogMesh                  INFO     Painted 12582912 out of 23431381 objects to mesh.
[020013.77]  01-26 20:33  CatalogMesh                  INFO     Slab 12582912 ~ 16777216 / 23431381.
[020014.89]  01-26 20:33  CatalogMesh                  INFO     Painted 16777216 out of 23431381 objects to mesh.
[020014.89]  01-26 20:33  CatalogMesh                  INFO     Slab 16777216 ~ 20971520 / 23431381.
[020016.09]  01-26 20:33  CatalogMesh                  INFO     Painted 20971520 out of 23431381 objects to mesh.
[020016.09]  01-26 20:33  CatalogMesh                  INFO     Slab 20971520 ~ 25165824 / 23431381.
[020016.94]  01-26 20:33  CatalogMesh                  INFO     Painted 23431381 out of 23431381 objects to mesh.
[020020.65]  01-26 20:33  CatalogMesh                  INFO     Slab 0 ~ 4194304 / 23431381.
[020021.77]  01-26 20:33  CatalogMesh                  INFO     Painted 4194304 out of 23431381 objects to mesh.
[020021.77]  01-26 20:33  CatalogMesh                  INFO     Slab 4194304 ~ 8388608 / 23431381.
[020022.89]  01-26 20:33  CatalogMesh                  INFO     Painted 8388608 out of 23431381 objects to mesh.
[020022.89]  01-26 20:33  CatalogMesh                  INFO     Slab 8388608 ~ 12582912 / 23431381.
[020024.01]  01-26 20:33  CatalogMesh                  INFO     Painted 12582912 out of 23431381 objects to mesh.
[020024.01]  01-26 20:33  CatalogMesh                  INFO     Slab 12582912 ~ 16777216 / 23431381.
[020025.14]  01-26 20:33  CatalogMesh                  INFO     Painted 16777216 out of 23431381 objects to mesh.
[020025.14]  01-26 20:33  CatalogMesh                  INFO     Slab 16777216 ~ 20971520 / 23431381.
[020026.34]  01-26 20:33  CatalogMesh                  INFO     Painted 20971520 out of 23431381 objects to mesh.
[020026.34]  01-26 20:33  CatalogMesh                  INFO     Slab 20971520 ~ 25165824 / 23431381.
[020027.19]  01-26 20:34  CatalogMesh                  INFO     Painted 23431381 out of 23431381 objects to mesh.
[020032.69]  01-26 20:34  CatalogFFTPower              INFO     Done painting catalog 1 to mesh.
[020032.69]  01-26 20:34  CatalogFFTPower              INFO     Using 400 k-bins between 0.000 and 0.400.
[020032.69]  01-26 20:34  CatalogFFTPower              INFO     Meshes prepared in elapsed time 31.36 s.
[020032.69]  01-26 20:34  CatalogFFTPower              INFO     Running mesh calculation.
[020049.75]  01-26 20:34  CatalogFFTPower              INFO     Mesh calculations performed in elapsed time 17.05 s.
[020049.75]  01-26 20:34  CatalogFFTPower              INFO     Power spectrum computed in elapsed time 48.41 s.
[020049.75]  01-26 20:34  CatalogFFTPower              INFO     Saving /pscratch/sd/s/shengyu/galaxies/catalogs/Y3/AbacusHF-v2/Boxes/QSO/sn1p550/AbacusSummit_base_c000_ph024/mpspk/pkpoles_QSO_zp1.550_DR2_v1.0.npy.
[020049.75]  01-26 20:34  compute_2pt                  INFO     Save to /pscratch/sd/s/shengyu/galaxies/catalogs/Y3/AbacusHF-v2/Boxes/QSO/sn1p550/AbacusSummit_base_c000_ph024/mpspk/pkpoles_QSO_zp1.550_DR2_v1.0.npy
[020049.75]  01-26 20:34  TwoPointCorrelationFunction  INFO     Using estimator <class 'pycorr.twopoint_estimator.NaturalTwoPointEstimator'>.
[020049.75]  01-26 20:34  TwoPointCorrelationFunction  INFO     Running auto-correlation.
[020049.75]  01-26 20:34  TwoPointCorrelationFunction  INFO     Computing two-point counts D1D2.
[020064.55]  01-26 20:34  TwoPointCorrelationFunction  INFO     Analytically computing two-point counts R1R2.
[020064.55]  01-26 20:34  TwoPointCorrelationFunction  INFO     Correlation function computed in elapsed time 14.80 s.
[020064.55]  01-26 20:34  NaturalTwoPointEstimator     INFO     Saving /pscratch/sd/s/shengyu/galaxies/catalogs/Y3/AbacusHF-v2/Boxes/QSO/sn1p550/AbacusSummit_base_c000_ph024/mpspk/mpslog_QSO_zp1.550_DR2_v1.0.npy.
[020064.56]  01-26 20:34  compute_2pt                  INFO     Save to /pscratch/sd/s/shengyu/galaxies/catalogs/Y3/AbacusHF-v2/Boxes/QSO/sn1p550/AbacusSummit_base_c000_ph024/mpspk/mpslog_QSO_zp1.550_DR2_v1.0.npy
[020064.56]  01-26 20:34  TwoPointCorrelationFunction  INFO     Using estimator <class 'pycorr.twopoint_estimator.NaturalTwoPointEstimator'>.
[020064.56]  01-26 20:34  TwoPointCorrelationFunction  INFO     Running auto-correlation.
[020064.56]  01-26 20:34  TwoPointCorrelationFunction  INFO     Computing two-point counts D1D2.
[020084.01]  01-26 20:34  TwoPointCorrelationFunction  INFO     Analytically computing two-point counts R1R2.
[020084.01]  01-26 20:34  TwoPointCorrelationFunction  INFO     Correlation function computed in elapsed time 19.45 s.
[020084.01]  01-26 20:34  NaturalTwoPointEstimator     INFO     Saving /pscratch/sd/s/shengyu/galaxies/catalogs/Y3/AbacusHF-v2/Boxes/QSO/sn1p550/AbacusSummit_base_c000_ph024/mpspk/wplog_QSO_zp1.550_DR2_v1.0.npy.
[020084.02]  01-26 20:34  compute_2pt                  INFO     Save to /pscratch/sd/s/shengyu/galaxies/catalogs/Y3/AbacusHF-v2/Boxes/QSO/sn1p550/AbacusSummit_base_c000_ph024/mpspk/wplog_QSO_zp1.550_DR2_v1.0.npy
[020084.02]  01-26 20:34  compute_2pt                  INFO     Procceed {'version': 'AbacusHF-v2', 'domain': 'cubic', 'tracer': 'QSO', 'zsnap': 1.85, 'zrange': (1.7, 2.1), 'mock_id': 0, 'use_dv': 'False'}
[020084.02]  01-26 20:34  cat_tools                    INFO     Load /pscratch/sd/s/shengyu/galaxies/catalogs/Y3/AbacusHF-v2/Boxes/QSO/sn1p850/AbacusSummit_base_c000_ph000/abacus_HF_QSO_1p850_DR2_v2.0_AbacusSummit_base_c000_ph000_base_clustering.dat.h5
[020084.02]  01-26 20:34  FileStack                    INFO     Reading /pscratch/sd/s/shengyu/galaxies/catalogs/Y3/AbacusHF-v2/Boxes/QSO/sn1p850/AbacusSummit_base_c000_ph000/abacus_HF_QSO_1p850_DR2_v2.0_AbacusSummit_base_c000_ph000_base_clustering.dat.h5.
[020084.48]  01-26 20:34  TwoPointCorrelationFunction  INFO     Using estimator <class 'pycorr.twopoint_estimator.NaturalTwoPointEstimator'>.
[020084.48]  01-26 20:34  TwoPointCorrelationFunction  INFO     Running auto-correlation.
[020084.48]  01-26 20:34  TwoPointCorrelationFunction  INFO     Computing two-point counts D1D2.
[020101.06]  01-26 20:35  TwoPointCorrelationFunction  INFO     Analytically computing two-point counts R1R2.
[020101.07]  01-26 20:35  TwoPointCorrelationFunction  INFO     Correlation function computed in elapsed time 16.59 s.
[020101.07]  01-26 20:35  NaturalTwoPointEstimator     INFO     Saving /pscratch/sd/s/shengyu/galaxies/catalogs/Y3/AbacusHF-v2/Boxes/QSO/sn1p850/AbacusSummit_base_c000_ph000/mpspk/xipoles_QSO_zp1.850_DR2_v1.0.npy.
[020101.07]  01-26 20:35  compute_2pt                  INFO     Save to /pscratch/sd/s/shengyu/galaxies/catalogs/Y3/AbacusHF-v2/Boxes/QSO/sn1p850/AbacusSummit_base_c000_ph000/mpspk/xipoles_QSO_zp1.850_DR2_v1.0.npy
[020102.59]  01-26 20:35  CatalogFFTPower              INFO     Painting catalog 1 to mesh CatalogMesh(nmesh=[512 512 512], boxsize=[2000. 2000. 2000.], boxcenter=[1000.00002169  999.99988233 1000.00003436], dtype=float64).
[020102.82]  01-26 20:35  CatalogMesh                  INFO     Slab 0 ~ 4194304 / 11336595.
[020104.06]  01-26 20:35  CatalogMesh                  INFO     Painted 4194304 out of 11336595 objects to mesh.
[020104.06]  01-26 20:35  CatalogMesh                  INFO     Slab 4194304 ~ 8388608 / 11336595.
[020105.27]  01-26 20:35  CatalogMesh                  INFO     Painted 8388608 out of 11336595 objects to mesh.
[020105.27]  01-26 20:35  CatalogMesh                  INFO     Slab 8388608 ~ 12582912 / 11336595.
[020106.27]  01-26 20:35  CatalogMesh                  INFO     Painted 11336595 out of 11336595 objects to mesh.
[020106.27]  01-26 20:35  CatalogMesh                  INFO     Running interlacing at order 3.
[020108.32]  01-26 20:35  CatalogMesh                  INFO     Slab 0 ~ 4194304 / 11336595.
[020109.54]  01-26 20:35  CatalogMesh                  INFO     Painted 4194304 out of 11336595 objects to mesh.
[020109.54]  01-26 20:35  CatalogMesh                  INFO     Slab 4194304 ~ 8388608 / 11336595.
[020110.75]  01-26 20:35  CatalogMesh                  INFO     Painted 8388608 out of 11336595 objects to mesh.
[020110.75]  01-26 20:35  CatalogMesh                  INFO     Slab 8388608 ~ 12582912 / 11336595.
[020111.75]  01-26 20:35  CatalogMesh                  INFO     Painted 11336595 out of 11336595 objects to mesh.
[020115.32]  01-26 20:35  CatalogMesh                  INFO     Slab 0 ~ 4194304 / 11336595.
[020116.55]  01-26 20:35  CatalogMesh                  INFO     Painted 4194304 out of 11336595 objects to mesh.
[020116.55]  01-26 20:35  CatalogMesh                  INFO     Slab 4194304 ~ 8388608 / 11336595.
[020117.76]  01-26 20:35  CatalogMesh                  INFO     Painted 8388608 out of 11336595 objects to mesh.
[020117.76]  01-26 20:35  CatalogMesh                  INFO     Slab 8388608 ~ 12582912 / 11336595.
[020118.76]  01-26 20:35  CatalogMesh                  INFO     Painted 11336595 out of 11336595 objects to mesh.
[020124.25]  01-26 20:35  CatalogFFTPower              INFO     Done painting catalog 1 to mesh.
[020124.25]  01-26 20:35  CatalogFFTPower              INFO     Using 400 k-bins between 0.000 and 0.400.
[020124.25]  01-26 20:35  CatalogFFTPower              INFO     Meshes prepared in elapsed time 21.66 s.
[020124.25]  01-26 20:35  CatalogFFTPower              INFO     Running mesh calculation.
[020141.28]  01-26 20:35  CatalogFFTPower              INFO     Mesh calculations performed in elapsed time 17.03 s.
[020141.28]  01-26 20:35  CatalogFFTPower              INFO     Power spectrum computed in elapsed time 38.69 s.
[020141.28]  01-26 20:35  CatalogFFTPower              INFO     Saving /pscratch/sd/s/shengyu/galaxies/catalogs/Y3/AbacusHF-v2/Boxes/QSO/sn1p850/AbacusSummit_base_c000_ph000/mpspk/pkpoles_QSO_zp1.850_DR2_v1.0.npy.
[020141.28]  01-26 20:35  compute_2pt                  INFO     Save to /pscratch/sd/s/shengyu/galaxies/catalogs/Y3/AbacusHF-v2/Boxes/QSO/sn1p850/AbacusSummit_base_c000_ph000/mpspk/pkpoles_QSO_zp1.850_DR2_v1.0.npy
[020141.28]  01-26 20:35  TwoPointCorrelationFunction  INFO     Using estimator <class 'pycorr.twopoint_estimator.NaturalTwoPointEstimator'>.
[020141.28]  01-26 20:35  TwoPointCorrelationFunction  INFO     Running auto-correlation.
[020141.28]  01-26 20:35  TwoPointCorrelationFunction  INFO     Computing two-point counts D1D2.
[020144.95]  01-26 20:35  TwoPointCorrelationFunction  INFO     Analytically computing two-point counts R1R2.
[020144.96]  01-26 20:35  TwoPointCorrelationFunction  INFO     Correlation function computed in elapsed time 3.67 s.
[020144.96]  01-26 20:35  NaturalTwoPointEstimator     INFO     Saving /pscratch/sd/s/shengyu/galaxies/catalogs/Y3/AbacusHF-v2/Boxes/QSO/sn1p850/AbacusSummit_base_c000_ph000/mpspk/mpslog_QSO_zp1.850_DR2_v1.0.npy.
[020144.96]  01-26 20:35  compute_2pt                  INFO     Save to /pscratch/sd/s/shengyu/galaxies/catalogs/Y3/AbacusHF-v2/Boxes/QSO/sn1p850/AbacusSummit_base_c000_ph000/mpspk/mpslog_QSO_zp1.850_DR2_v1.0.npy
[020144.96]  01-26 20:35  TwoPointCorrelationFunction  INFO     Using estimator <class 'pycorr.twopoint_estimator.NaturalTwoPointEstimator'>.
[020144.96]  01-26 20:35  TwoPointCorrelationFunction  INFO     Running auto-correlation.
[020144.96]  01-26 20:35  TwoPointCorrelationFunction  INFO     Computing two-point counts D1D2.
[020155.99]  01-26 20:36  TwoPointCorrelationFunction  INFO     Analytically computing two-point counts R1R2.
[020155.99]  01-26 20:36  TwoPointCorrelationFunction  INFO     Correlation function computed in elapsed time 11.03 s.
[020155.99]  01-26 20:36  NaturalTwoPointEstimator     INFO     Saving /pscratch/sd/s/shengyu/galaxies/catalogs/Y3/AbacusHF-v2/Boxes/QSO/sn1p850/AbacusSummit_base_c000_ph000/mpspk/wplog_QSO_zp1.850_DR2_v1.0.npy.
[020156.00]  01-26 20:36  compute_2pt                  INFO     Save to /pscratch/sd/s/shengyu/galaxies/catalogs/Y3/AbacusHF-v2/Boxes/QSO/sn1p850/AbacusSummit_base_c000_ph000/mpspk/wplog_QSO_zp1.850_DR2_v1.0.npy
[020156.00]  01-26 20:36  compute_2pt                  INFO     Procceed {'version': 'AbacusHF-v2', 'domain': 'cubic', 'tracer': 'QSO', 'zsnap': 1.85, 'zrange': (1.7, 2.1), 'mock_id': 1, 'use_dv': 'False'}
[020156.00]  01-26 20:36  cat_tools                    INFO     Load /pscratch/sd/s/shengyu/galaxies/catalogs/Y3/AbacusHF-v2/Boxes/QSO/sn1p850/AbacusSummit_base_c000_ph001/abacus_HF_QSO_1p850_DR2_v2.0_AbacusSummit_base_c000_ph001_base_clustering.dat.h5
[020156.00]  01-26 20:36  FileStack                    INFO     Reading /pscratch/sd/s/shengyu/galaxies/catalogs/Y3/AbacusHF-v2/Boxes/QSO/sn1p850/AbacusSummit_base_c000_ph001/abacus_HF_QSO_1p850_DR2_v2.0_AbacusSummit_base_c000_ph001_base_clustering.dat.h5.
[020156.46]  01-26 20:36  TwoPointCorrelationFunction  INFO     Using estimator <class 'pycorr.twopoint_estimator.NaturalTwoPointEstimator'>.
[020156.46]  01-26 20:36  TwoPointCorrelationFunction  INFO     Running auto-correlation.
[020156.46]  01-26 20:36  TwoPointCorrelationFunction  INFO     Computing two-point counts D1D2.
[020172.95]  01-26 20:36  TwoPointCorrelationFunction  INFO     Analytically computing two-point counts R1R2.
[020172.95]  01-26 20:36  TwoPointCorrelationFunction  INFO     Correlation function computed in elapsed time 16.50 s.
[020172.95]  01-26 20:36  NaturalTwoPointEstimator     INFO     Saving /pscratch/sd/s/shengyu/galaxies/catalogs/Y3/AbacusHF-v2/Boxes/QSO/sn1p850/AbacusSummit_base_c000_ph001/mpspk/xipoles_QSO_zp1.850_DR2_v1.0.npy.
[020172.96]  01-26 20:36  compute_2pt                  INFO     Save to /pscratch/sd/s/shengyu/galaxies/catalogs/Y3/AbacusHF-v2/Boxes/QSO/sn1p850/AbacusSummit_base_c000_ph001/mpspk/xipoles_QSO_zp1.850_DR2_v1.0.npy
[020174.48]  01-26 20:36  CatalogFFTPower              INFO     Painting catalog 1 to mesh CatalogMesh(nmesh=[512 512 512], boxsize=[2000. 2000. 2000.], boxcenter=[999.99989471 999.99961363 999.99991832], dtype=float64).
[020174.71]  01-26 20:36  CatalogMesh                  INFO     Slab 0 ~ 4194304 / 11330979.
[020175.95]  01-26 20:36  CatalogMesh                  INFO     Painted 4194304 out of 11330979 objects to mesh.
[020175.95]  01-26 20:36  CatalogMesh                  INFO     Slab 4194304 ~ 8388608 / 11330979.
[020177.18]  01-26 20:36  CatalogMesh                  INFO     Painted 8388608 out of 11330979 objects to mesh.
[020177.18]  01-26 20:36  CatalogMesh                  INFO     Slab 8388608 ~ 12582912 / 11330979.
[020178.19]  01-26 20:36  CatalogMesh                  INFO     Painted 11330979 out of 11330979 objects to mesh.
[020178.19]  01-26 20:36  CatalogMesh                  INFO     Running interlacing at order 3.
[020180.26]  01-26 20:36  CatalogMesh                  INFO     Slab 0 ~ 4194304 / 11330979.
[020181.48]  01-26 20:36  CatalogMesh                  INFO     Painted 4194304 out of 11330979 objects to mesh.
[020181.48]  01-26 20:36  CatalogMesh                  INFO     Slab 4194304 ~ 8388608 / 11330979.
[020182.71]  01-26 20:36  CatalogMesh                  INFO     Painted 8388608 out of 11330979 objects to mesh.
[020182.71]  01-26 20:36  CatalogMesh                  INFO     Slab 8388608 ~ 12582912 / 11330979.
[020183.71]  01-26 20:36  CatalogMesh                  INFO     Painted 11330979 out of 11330979 objects to mesh.
[020187.32]  01-26 20:36  CatalogMesh                  INFO     Slab 0 ~ 4194304 / 11330979.
[020188.55]  01-26 20:36  CatalogMesh                  INFO     Painted 4194304 out of 11330979 objects to mesh.
[020188.55]  01-26 20:36  CatalogMesh                  INFO     Slab 4194304 ~ 8388608 / 11330979.
[020189.78]  01-26 20:36  CatalogMesh                  INFO     Painted 8388608 out of 11330979 objects to mesh.
[020189.78]  01-26 20:36  CatalogMesh                  INFO     Slab 8388608 ~ 12582912 / 11330979.
[020190.78]  01-26 20:36  CatalogMesh                  INFO     Painted 11330979 out of 11330979 objects to mesh.
[020196.30]  01-26 20:36  CatalogFFTPower              INFO     Done painting catalog 1 to mesh.
[020196.30]  01-26 20:36  CatalogFFTPower              INFO     Using 400 k-bins between 0.000 and 0.400.
[020196.30]  01-26 20:36  CatalogFFTPower              INFO     Meshes prepared in elapsed time 21.82 s.
[020196.30]  01-26 20:36  CatalogFFTPower              INFO     Running mesh calculation.
[020213.39]  01-26 20:37  CatalogFFTPower              INFO     Mesh calculations performed in elapsed time 17.09 s.
[020213.39]  01-26 20:37  CatalogFFTPower              INFO     Power spectrum computed in elapsed time 38.91 s.
[020213.39]  01-26 20:37  CatalogFFTPower              INFO     Saving /pscratch/sd/s/shengyu/galaxies/catalogs/Y3/AbacusHF-v2/Boxes/QSO/sn1p850/AbacusSummit_base_c000_ph001/mpspk/pkpoles_QSO_zp1.850_DR2_v1.0.npy.
[020213.39]  01-26 20:37  compute_2pt                  INFO     Save to /pscratch/sd/s/shengyu/galaxies/catalogs/Y3/AbacusHF-v2/Boxes/QSO/sn1p850/AbacusSummit_base_c000_ph001/mpspk/pkpoles_QSO_zp1.850_DR2_v1.0.npy
[020213.39]  01-26 20:37  TwoPointCorrelationFunction  INFO     Using estimator <class 'pycorr.twopoint_estimator.NaturalTwoPointEstimator'>.
[020213.39]  01-26 20:37  TwoPointCorrelationFunction  INFO     Running auto-correlation.
[020213.39]  01-26 20:37  TwoPointCorrelationFunction  INFO     Computing two-point counts D1D2.
[020217.34]  01-26 20:37  TwoPointCorrelationFunction  INFO     Analytically computing two-point counts R1R2.
[020217.34]  01-26 20:37  TwoPointCorrelationFunction  INFO     Correlation function computed in elapsed time 3.95 s.
[020217.34]  01-26 20:37  NaturalTwoPointEstimator     INFO     Saving /pscratch/sd/s/shengyu/galaxies/catalogs/Y3/AbacusHF-v2/Boxes/QSO/sn1p850/AbacusSummit_base_c000_ph001/mpspk/mpslog_QSO_zp1.850_DR2_v1.0.npy.
[020217.35]  01-26 20:37  compute_2pt                  INFO     Save to /pscratch/sd/s/shengyu/galaxies/catalogs/Y3/AbacusHF-v2/Boxes/QSO/sn1p850/AbacusSummit_base_c000_ph001/mpspk/mpslog_QSO_zp1.850_DR2_v1.0.npy
[020217.35]  01-26 20:37  TwoPointCorrelationFunction  INFO     Using estimator <class 'pycorr.twopoint_estimator.NaturalTwoPointEstimator'>.
[020217.35]  01-26 20:37  TwoPointCorrelationFunction  INFO     Running auto-correlation.
[020217.35]  01-26 20:37  TwoPointCorrelationFunction  INFO     Computing two-point counts D1D2.
[020228.39]  01-26 20:37  TwoPointCorrelationFunction  INFO     Analytically computing two-point counts R1R2.
[020228.39]  01-26 20:37  TwoPointCorrelationFunction  INFO     Correlation function computed in elapsed time 11.05 s.
[020228.39]  01-26 20:37  NaturalTwoPointEstimator     INFO     Saving /pscratch/sd/s/shengyu/galaxies/catalogs/Y3/AbacusHF-v2/Boxes/QSO/sn1p850/AbacusSummit_base_c000_ph001/mpspk/wplog_QSO_zp1.850_DR2_v1.0.npy.
[020228.40]  01-26 20:37  compute_2pt                  INFO     Save to /pscratch/sd/s/shengyu/galaxies/catalogs/Y3/AbacusHF-v2/Boxes/QSO/sn1p850/AbacusSummit_base_c000_ph001/mpspk/wplog_QSO_zp1.850_DR2_v1.0.npy
[020228.40]  01-26 20:37  compute_2pt                  INFO     Procceed {'version': 'AbacusHF-v2', 'domain': 'cubic', 'tracer': 'QSO', 'zsnap': 1.85, 'zrange': (1.7, 2.1), 'mock_id': 2, 'use_dv': 'False'}
[020228.40]  01-26 20:37  cat_tools                    INFO     Load /pscratch/sd/s/shengyu/galaxies/catalogs/Y3/AbacusHF-v2/Boxes/QSO/sn1p850/AbacusSummit_base_c000_ph002/abacus_HF_QSO_1p850_DR2_v2.0_AbacusSummit_base_c000_ph002_base_clustering.dat.h5
[020228.40]  01-26 20:37  FileStack                    INFO     Reading /pscratch/sd/s/shengyu/galaxies/catalogs/Y3/AbacusHF-v2/Boxes/QSO/sn1p850/AbacusSummit_base_c000_ph002/abacus_HF_QSO_1p850_DR2_v2.0_AbacusSummit_base_c000_ph002_base_clustering.dat.h5.
[020228.86]  01-26 20:37  TwoPointCorrelationFunction  INFO     Using estimator <class 'pycorr.twopoint_estimator.NaturalTwoPointEstimator'>.
[020228.86]  01-26 20:37  TwoPointCorrelationFunction  INFO     Running auto-correlation.
[020228.86]  01-26 20:37  TwoPointCorrelationFunction  INFO     Computing two-point counts D1D2.
[020245.94]  01-26 20:37  TwoPointCorrelationFunction  INFO     Analytically computing two-point counts R1R2.
[020245.94]  01-26 20:37  TwoPointCorrelationFunction  INFO     Correlation function computed in elapsed time 17.08 s.
[020245.94]  01-26 20:37  NaturalTwoPointEstimator     INFO     Saving /pscratch/sd/s/shengyu/galaxies/catalogs/Y3/AbacusHF-v2/Boxes/QSO/sn1p850/AbacusSummit_base_c000_ph002/mpspk/xipoles_QSO_zp1.850_DR2_v1.0.npy.
[020245.94]  01-26 20:37  compute_2pt                  INFO     Save to /pscratch/sd/s/shengyu/galaxies/catalogs/Y3/AbacusHF-v2/Boxes/QSO/sn1p850/AbacusSummit_base_c000_ph002/mpspk/xipoles_QSO_zp1.850_DR2_v1.0.npy
[020247.47]  01-26 20:37  CatalogFFTPower              INFO     Painting catalog 1 to mesh CatalogMesh(nmesh=[512 512 512], boxsize=[2000. 2000. 2000.], boxcenter=[1000.00008266  999.99986669 1000.0000258 ], dtype=float64).
[020247.70]  01-26 20:37  CatalogMesh                  INFO     Slab 0 ~ 4194304 / 11350985.
[020248.94]  01-26 20:37  CatalogMesh                  INFO     Painted 4194304 out of 11350985 objects to mesh.
[020248.94]  01-26 20:37  CatalogMesh                  INFO     Slab 4194304 ~ 8388608 / 11350985.
[020250.16]  01-26 20:37  CatalogMesh                  INFO     Painted 8388608 out of 11350985 objects to mesh.
[020250.16]  01-26 20:37  CatalogMesh                  INFO     Slab 8388608 ~ 12582912 / 11350985.
[020251.18]  01-26 20:37  CatalogMesh                  INFO     Painted 11350985 out of 11350985 objects to mesh.
[020251.18]  01-26 20:37  CatalogMesh                  INFO     Running interlacing at order 3.
[020253.26]  01-26 20:37  CatalogMesh                  INFO     Slab 0 ~ 4194304 / 11350985.
[020254.47]  01-26 20:37  CatalogMesh                  INFO     Painted 4194304 out of 11350985 objects to mesh.
[020254.47]  01-26 20:37  CatalogMesh                  INFO     Slab 4194304 ~ 8388608 / 11350985.
[020255.70]  01-26 20:37  CatalogMesh                  INFO     Painted 8388608 out of 11350985 objects to mesh.
[020255.70]  01-26 20:37  CatalogMesh                  INFO     Slab 8388608 ~ 12582912 / 11350985.
[020256.71]  01-26 20:37  CatalogMesh                  INFO     Painted 11350985 out of 11350985 objects to mesh.
[020260.33]  01-26 20:37  CatalogMesh                  INFO     Slab 0 ~ 4194304 / 11350985.
[020261.55]  01-26 20:37  CatalogMesh                  INFO     Painted 4194304 out of 11350985 objects to mesh.
[020261.55]  01-26 20:37  CatalogMesh                  INFO     Slab 4194304 ~ 8388608 / 11350985.
[020262.77]  01-26 20:37  CatalogMesh                  INFO     Painted 8388608 out of 11350985 objects to mesh.
[020262.77]  01-26 20:37  CatalogMesh                  INFO     Slab 8388608 ~ 12582912 / 11350985.
[020263.78]  01-26 20:37  CatalogMesh                  INFO     Painted 11350985 out of 11350985 objects to mesh.
[020269.31]  01-26 20:38  CatalogFFTPower              INFO     Done painting catalog 1 to mesh.
[020269.31]  01-26 20:38  CatalogFFTPower              INFO     Using 400 k-bins between 0.000 and 0.400.
[020269.31]  01-26 20:38  CatalogFFTPower              INFO     Meshes prepared in elapsed time 21.85 s.
[020269.32]  01-26 20:38  CatalogFFTPower              INFO     Running mesh calculation.
[020286.42]  01-26 20:38  CatalogFFTPower              INFO     Mesh calculations performed in elapsed time 17.11 s.
[020286.42]  01-26 20:38  CatalogFFTPower              INFO     Power spectrum computed in elapsed time 38.95 s.
[020286.42]  01-26 20:38  CatalogFFTPower              INFO     Saving /pscratch/sd/s/shengyu/galaxies/catalogs/Y3/AbacusHF-v2/Boxes/QSO/sn1p850/AbacusSummit_base_c000_ph002/mpspk/pkpoles_QSO_zp1.850_DR2_v1.0.npy.
[020286.43]  01-26 20:38  compute_2pt                  INFO     Save to /pscratch/sd/s/shengyu/galaxies/catalogs/Y3/AbacusHF-v2/Boxes/QSO/sn1p850/AbacusSummit_base_c000_ph002/mpspk/pkpoles_QSO_zp1.850_DR2_v1.0.npy
[020286.43]  01-26 20:38  TwoPointCorrelationFunction  INFO     Using estimator <class 'pycorr.twopoint_estimator.NaturalTwoPointEstimator'>.
[020286.43]  01-26 20:38  TwoPointCorrelationFunction  INFO     Running auto-correlation.
[020286.43]  01-26 20:38  TwoPointCorrelationFunction  INFO     Computing two-point counts D1D2.
[020290.28]  01-26 20:38  TwoPointCorrelationFunction  INFO     Analytically computing two-point counts R1R2.
[020290.29]  01-26 20:38  TwoPointCorrelationFunction  INFO     Correlation function computed in elapsed time 3.86 s.
[020290.29]  01-26 20:38  NaturalTwoPointEstimator     INFO     Saving /pscratch/sd/s/shengyu/galaxies/catalogs/Y3/AbacusHF-v2/Boxes/QSO/sn1p850/AbacusSummit_base_c000_ph002/mpspk/mpslog_QSO_zp1.850_DR2_v1.0.npy.
[020290.29]  01-26 20:38  compute_2pt                  INFO     Save to /pscratch/sd/s/shengyu/galaxies/catalogs/Y3/AbacusHF-v2/Boxes/QSO/sn1p850/AbacusSummit_base_c000_ph002/mpspk/mpslog_QSO_zp1.850_DR2_v1.0.npy
[020290.29]  01-26 20:38  TwoPointCorrelationFunction  INFO     Using estimator <class 'pycorr.twopoint_estimator.NaturalTwoPointEstimator'>.
[020290.29]  01-26 20:38  TwoPointCorrelationFunction  INFO     Running auto-correlation.
[020290.29]  01-26 20:38  TwoPointCorrelationFunction  INFO     Computing two-point counts D1D2.
[020301.54]  01-26 20:38  TwoPointCorrelationFunction  INFO     Analytically computing two-point counts R1R2.
[020301.54]  01-26 20:38  TwoPointCorrelationFunction  INFO     Correlation function computed in elapsed time 11.24 s.
[020301.54]  01-26 20:38  NaturalTwoPointEstimator     INFO     Saving /pscratch/sd/s/shengyu/galaxies/catalogs/Y3/AbacusHF-v2/Boxes/QSO/sn1p850/AbacusSummit_base_c000_ph002/mpspk/wplog_QSO_zp1.850_DR2_v1.0.npy.
[020301.54]  01-26 20:38  compute_2pt                  INFO     Save to /pscratch/sd/s/shengyu/galaxies/catalogs/Y3/AbacusHF-v2/Boxes/QSO/sn1p850/AbacusSummit_base_c000_ph002/mpspk/wplog_QSO_zp1.850_DR2_v1.0.npy
[020301.54]  01-26 20:38  compute_2pt                  INFO     Procceed {'version': 'AbacusHF-v2', 'domain': 'cubic', 'tracer': 'QSO', 'zsnap': 1.85, 'zrange': (1.7, 2.1), 'mock_id': 3, 'use_dv': 'False'}
[020301.54]  01-26 20:38  cat_tools                    INFO     Load /pscratch/sd/s/shengyu/galaxies/catalogs/Y3/AbacusHF-v2/Boxes/QSO/sn1p850/AbacusSummit_base_c000_ph003/abacus_HF_QSO_1p850_DR2_v2.0_AbacusSummit_base_c000_ph003_base_clustering.dat.h5
[020301.54]  01-26 20:38  FileStack                    INFO     Reading /pscratch/sd/s/shengyu/galaxies/catalogs/Y3/AbacusHF-v2/Boxes/QSO/sn1p850/AbacusSummit_base_c000_ph003/abacus_HF_QSO_1p850_DR2_v2.0_AbacusSummit_base_c000_ph003_base_clustering.dat.h5.
[020302.00]  01-26 20:38  TwoPointCorrelationFunction  INFO     Using estimator <class 'pycorr.twopoint_estimator.NaturalTwoPointEstimator'>.
[020302.00]  01-26 20:38  TwoPointCorrelationFunction  INFO     Running auto-correlation.
[020302.00]  01-26 20:38  TwoPointCorrelationFunction  INFO     Computing two-point counts D1D2.
[020318.96]  01-26 20:38  TwoPointCorrelationFunction  INFO     Analytically computing two-point counts R1R2.
[020318.96]  01-26 20:38  TwoPointCorrelationFunction  INFO     Correlation function computed in elapsed time 16.96 s.
[020318.96]  01-26 20:38  NaturalTwoPointEstimator     INFO     Saving /pscratch/sd/s/shengyu/galaxies/catalogs/Y3/AbacusHF-v2/Boxes/QSO/sn1p850/AbacusSummit_base_c000_ph003/mpspk/xipoles_QSO_zp1.850_DR2_v1.0.npy.
[020318.97]  01-26 20:38  compute_2pt                  INFO     Save to /pscratch/sd/s/shengyu/galaxies/catalogs/Y3/AbacusHF-v2/Boxes/QSO/sn1p850/AbacusSummit_base_c000_ph003/mpspk/xipoles_QSO_zp1.850_DR2_v1.0.npy
[020320.51]  01-26 20:38  CatalogFFTPower              INFO     Painting catalog 1 to mesh CatalogMesh(nmesh=[512 512 512], boxsize=[2000. 2000. 2000.], boxcenter=[1000.00000338 1000.00020905  999.99987339], dtype=float64).
[020320.74]  01-26 20:38  CatalogMesh                  INFO     Slab 0 ~ 4194304 / 11379098.
[020321.98]  01-26 20:38  CatalogMesh                  INFO     Painted 4194304 out of 11379098 objects to mesh.
[020321.98]  01-26 20:38  CatalogMesh                  INFO     Slab 4194304 ~ 8388608 / 11379098.
[020323.20]  01-26 20:38  CatalogMesh                  INFO     Painted 8388608 out of 11379098 objects to mesh.
[020323.20]  01-26 20:38  CatalogMesh                  INFO     Slab 8388608 ~ 12582912 / 11379098.
[020324.22]  01-26 20:38  CatalogMesh                  INFO     Painted 11379098 out of 11379098 objects to mesh.
[020324.22]  01-26 20:38  CatalogMesh                  INFO     Running interlacing at order 3.
[020326.31]  01-26 20:38  CatalogMesh                  INFO     Slab 0 ~ 4194304 / 11379098.
[020327.54]  01-26 20:39  CatalogMesh                  INFO     Painted 4194304 out of 11379098 objects to mesh.
[020327.54]  01-26 20:39  CatalogMesh                  INFO     Slab 4194304 ~ 8388608 / 11379098.
[020328.76]  01-26 20:39  CatalogMesh                  INFO     Painted 8388608 out of 11379098 objects to mesh.
[020328.76]  01-26 20:39  CatalogMesh                  INFO     Slab 8388608 ~ 12582912 / 11379098.
[020329.78]  01-26 20:39  CatalogMesh                  INFO     Painted 11379098 out of 11379098 objects to mesh.
[020333.40]  01-26 20:39  CatalogMesh                  INFO     Slab 0 ~ 4194304 / 11379098.
[020334.63]  01-26 20:39  CatalogMesh                  INFO     Painted 4194304 out of 11379098 objects to mesh.
[020334.63]  01-26 20:39  CatalogMesh                  INFO     Slab 4194304 ~ 8388608 / 11379098.
[020335.85]  01-26 20:39  CatalogMesh                  INFO     Painted 8388608 out of 11379098 objects to mesh.
[020335.85]  01-26 20:39  CatalogMesh                  INFO     Slab 8388608 ~ 12582912 / 11379098.
[020336.88]  01-26 20:39  CatalogMesh                  INFO     Painted 11379098 out of 11379098 objects to mesh.
[020342.42]  01-26 20:39  CatalogFFTPower              INFO     Done painting catalog 1 to mesh.
[020342.42]  01-26 20:39  CatalogFFTPower              INFO     Using 400 k-bins between 0.000 and 0.400.
[020342.42]  01-26 20:39  CatalogFFTPower              INFO     Meshes prepared in elapsed time 21.91 s.
[020342.42]  01-26 20:39  CatalogFFTPower              INFO     Running mesh calculation.
[020359.62]  01-26 20:39  CatalogFFTPower              INFO     Mesh calculations performed in elapsed time 17.20 s.
[020359.62]  01-26 20:39  CatalogFFTPower              INFO     Power spectrum computed in elapsed time 39.12 s.
[020359.62]  01-26 20:39  CatalogFFTPower              INFO     Saving /pscratch/sd/s/shengyu/galaxies/catalogs/Y3/AbacusHF-v2/Boxes/QSO/sn1p850/AbacusSummit_base_c000_ph003/mpspk/pkpoles_QSO_zp1.850_DR2_v1.0.npy.
[020359.63]  01-26 20:39  compute_2pt                  INFO     Save to /pscratch/sd/s/shengyu/galaxies/catalogs/Y3/AbacusHF-v2/Boxes/QSO/sn1p850/AbacusSummit_base_c000_ph003/mpspk/pkpoles_QSO_zp1.850_DR2_v1.0.npy
[020359.63]  01-26 20:39  TwoPointCorrelationFunction  INFO     Using estimator <class 'pycorr.twopoint_estimator.NaturalTwoPointEstimator'>.
[020359.63]  01-26 20:39  TwoPointCorrelationFunction  INFO     Running auto-correlation.
[020359.63]  01-26 20:39  TwoPointCorrelationFunction  INFO     Computing two-point counts D1D2.
[020363.15]  01-26 20:39  TwoPointCorrelationFunction  INFO     Analytically computing two-point counts R1R2.
[020363.15]  01-26 20:39  TwoPointCorrelationFunction  INFO     Correlation function computed in elapsed time 3.52 s.
[020363.15]  01-26 20:39  NaturalTwoPointEstimator     INFO     Saving /pscratch/sd/s/shengyu/galaxies/catalogs/Y3/AbacusHF-v2/Boxes/QSO/sn1p850/AbacusSummit_base_c000_ph003/mpspk/mpslog_QSO_zp1.850_DR2_v1.0.npy.
[020363.15]  01-26 20:39  compute_2pt                  INFO     Save to /pscratch/sd/s/shengyu/galaxies/catalogs/Y3/AbacusHF-v2/Boxes/QSO/sn1p850/AbacusSummit_base_c000_ph003/mpspk/mpslog_QSO_zp1.850_DR2_v1.0.npy
[020363.15]  01-26 20:39  TwoPointCorrelationFunction  INFO     Using estimator <class 'pycorr.twopoint_estimator.NaturalTwoPointEstimator'>.
[020363.15]  01-26 20:39  TwoPointCorrelationFunction  INFO     Running auto-correlation.
[020363.15]  01-26 20:39  TwoPointCorrelationFunction  INFO     Computing two-point counts D1D2.
[020374.22]  01-26 20:39  TwoPointCorrelationFunction  INFO     Analytically computing two-point counts R1R2.
[020374.23]  01-26 20:39  TwoPointCorrelationFunction  INFO     Correlation function computed in elapsed time 11.07 s.
[020374.23]  01-26 20:39  NaturalTwoPointEstimator     INFO     Saving /pscratch/sd/s/shengyu/galaxies/catalogs/Y3/AbacusHF-v2/Boxes/QSO/sn1p850/AbacusSummit_base_c000_ph003/mpspk/wplog_QSO_zp1.850_DR2_v1.0.npy.
[020374.23]  01-26 20:39  compute_2pt                  INFO     Save to /pscratch/sd/s/shengyu/galaxies/catalogs/Y3/AbacusHF-v2/Boxes/QSO/sn1p850/AbacusSummit_base_c000_ph003/mpspk/wplog_QSO_zp1.850_DR2_v1.0.npy
[020374.23]  01-26 20:39  compute_2pt                  INFO     Procceed {'version': 'AbacusHF-v2', 'domain': 'cubic', 'tracer': 'QSO', 'zsnap': 1.85, 'zrange': (1.7, 2.1), 'mock_id': 4, 'use_dv': 'False'}
[020374.23]  01-26 20:39  cat_tools                    INFO     Load /pscratch/sd/s/shengyu/galaxies/catalogs/Y3/AbacusHF-v2/Boxes/QSO/sn1p850/AbacusSummit_base_c000_ph004/abacus_HF_QSO_1p850_DR2_v2.0_AbacusSummit_base_c000_ph004_base_clustering.dat.h5
[020374.23]  01-26 20:39  FileStack                    INFO     Reading /pscratch/sd/s/shengyu/galaxies/catalogs/Y3/AbacusHF-v2/Boxes/QSO/sn1p850/AbacusSummit_base_c000_ph004/abacus_HF_QSO_1p850_DR2_v2.0_AbacusSummit_base_c000_ph004_base_clustering.dat.h5.
[020374.69]  01-26 20:39  TwoPointCorrelationFunction  INFO     Using estimator <class 'pycorr.twopoint_estimator.NaturalTwoPointEstimator'>.
[020374.69]  01-26 20:39  TwoPointCorrelationFunction  INFO     Running auto-correlation.
[020374.69]  01-26 20:39  TwoPointCorrelationFunction  INFO     Computing two-point counts D1D2.
[020391.60]  01-26 20:40  TwoPointCorrelationFunction  INFO     Analytically computing two-point counts R1R2.
[020391.61]  01-26 20:40  TwoPointCorrelationFunction  INFO     Correlation function computed in elapsed time 16.92 s.
[020391.61]  01-26 20:40  NaturalTwoPointEstimator     INFO     Saving /pscratch/sd/s/shengyu/galaxies/catalogs/Y3/AbacusHF-v2/Boxes/QSO/sn1p850/AbacusSummit_base_c000_ph004/mpspk/xipoles_QSO_zp1.850_DR2_v1.0.npy.
[020391.61]  01-26 20:40  compute_2pt                  INFO     Save to /pscratch/sd/s/shengyu/galaxies/catalogs/Y3/AbacusHF-v2/Boxes/QSO/sn1p850/AbacusSummit_base_c000_ph004/mpspk/xipoles_QSO_zp1.850_DR2_v1.0.npy
[020393.14]  01-26 20:40  CatalogFFTPower              INFO     Painting catalog 1 to mesh CatalogMesh(nmesh=[512 512 512], boxsize=[2000. 2000. 2000.], boxcenter=[999.99993075 999.99997852 999.99990276], dtype=float64).
[020393.37]  01-26 20:40  CatalogMesh                  INFO     Slab 0 ~ 4194304 / 11366153.
[020394.59]  01-26 20:40  CatalogMesh                  INFO     Painted 4194304 out of 11366153 objects to mesh.
[020394.59]  01-26 20:40  CatalogMesh                  INFO     Slab 4194304 ~ 8388608 / 11366153.
[020395.82]  01-26 20:40  CatalogMesh                  INFO     Painted 8388608 out of 11366153 objects to mesh.
[020395.82]  01-26 20:40  CatalogMesh                  INFO     Slab 8388608 ~ 12582912 / 11366153.
[020396.83]  01-26 20:40  CatalogMesh                  INFO     Painted 11366153 out of 11366153 objects to mesh.
[020396.83]  01-26 20:40  CatalogMesh                  INFO     Running interlacing at order 3.
[020398.88]  01-26 20:40  CatalogMesh                  INFO     Slab 0 ~ 4194304 / 11366153.
[020400.09]  01-26 20:40  CatalogMesh                  INFO     Painted 4194304 out of 11366153 objects to mesh.
[020400.09]  01-26 20:40  CatalogMesh                  INFO     Slab 4194304 ~ 8388608 / 11366153.
[020401.31]  01-26 20:40  CatalogMesh                  INFO     Painted 8388608 out of 11366153 objects to mesh.
[020401.31]  01-26 20:40  CatalogMesh                  INFO     Slab 8388608 ~ 12582912 / 11366153.
[020402.32]  01-26 20:40  CatalogMesh                  INFO     Painted 11366153 out of 11366153 objects to mesh.
[020405.91]  01-26 20:40  CatalogMesh                  INFO     Slab 0 ~ 4194304 / 11366153.
[020407.12]  01-26 20:40  CatalogMesh                  INFO     Painted 4194304 out of 11366153 objects to mesh.
[020407.12]  01-26 20:40  CatalogMesh                  INFO     Slab 4194304 ~ 8388608 / 11366153.
[020408.34]  01-26 20:40  CatalogMesh                  INFO     Painted 8388608 out of 11366153 objects to mesh.
[020408.34]  01-26 20:40  CatalogMesh                  INFO     Slab 8388608 ~ 12582912 / 11366153.
[020409.35]  01-26 20:40  CatalogMesh                  INFO     Painted 11366153 out of 11366153 objects to mesh.
[020414.83]  01-26 20:40  CatalogFFTPower              INFO     Done painting catalog 1 to mesh.
[020414.84]  01-26 20:40  CatalogFFTPower              INFO     Using 400 k-bins between 0.000 and 0.400.
[020414.84]  01-26 20:40  CatalogFFTPower              INFO     Meshes prepared in elapsed time 21.69 s.
[020414.84]  01-26 20:40  CatalogFFTPower              INFO     Running mesh calculation.
[020431.90]  01-26 20:40  CatalogFFTPower              INFO     Mesh calculations performed in elapsed time 17.06 s.
[020431.90]  01-26 20:40  CatalogFFTPower              INFO     Power spectrum computed in elapsed time 38.76 s.
[020431.90]  01-26 20:40  CatalogFFTPower              INFO     Saving /pscratch/sd/s/shengyu/galaxies/catalogs/Y3/AbacusHF-v2/Boxes/QSO/sn1p850/AbacusSummit_base_c000_ph004/mpspk/pkpoles_QSO_zp1.850_DR2_v1.0.npy.
[020431.90]  01-26 20:40  compute_2pt                  INFO     Save to /pscratch/sd/s/shengyu/galaxies/catalogs/Y3/AbacusHF-v2/Boxes/QSO/sn1p850/AbacusSummit_base_c000_ph004/mpspk/pkpoles_QSO_zp1.850_DR2_v1.0.npy
[020431.90]  01-26 20:40  TwoPointCorrelationFunction  INFO     Using estimator <class 'pycorr.twopoint_estimator.NaturalTwoPointEstimator'>.
[020431.90]  01-26 20:40  TwoPointCorrelationFunction  INFO     Running auto-correlation.
[020431.90]  01-26 20:40  TwoPointCorrelationFunction  INFO     Computing two-point counts D1D2.
[020435.56]  01-26 20:40  TwoPointCorrelationFunction  INFO     Analytically computing two-point counts R1R2.
[020435.56]  01-26 20:40  TwoPointCorrelationFunction  INFO     Correlation function computed in elapsed time 3.66 s.
[020435.56]  01-26 20:40  NaturalTwoPointEstimator     INFO     Saving /pscratch/sd/s/shengyu/galaxies/catalogs/Y3/AbacusHF-v2/Boxes/QSO/sn1p850/AbacusSummit_base_c000_ph004/mpspk/mpslog_QSO_zp1.850_DR2_v1.0.npy.
[020435.57]  01-26 20:40  compute_2pt                  INFO     Save to /pscratch/sd/s/shengyu/galaxies/catalogs/Y3/AbacusHF-v2/Boxes/QSO/sn1p850/AbacusSummit_base_c000_ph004/mpspk/mpslog_QSO_zp1.850_DR2_v1.0.npy
[020435.57]  01-26 20:40  TwoPointCorrelationFunction  INFO     Using estimator <class 'pycorr.twopoint_estimator.NaturalTwoPointEstimator'>.
[020435.57]  01-26 20:40  TwoPointCorrelationFunction  INFO     Running auto-correlation.
[020435.57]  01-26 20:40  TwoPointCorrelationFunction  INFO     Computing two-point counts D1D2.
[020446.41]  01-26 20:40  TwoPointCorrelationFunction  INFO     Analytically computing two-point counts R1R2.
[020446.41]  01-26 20:40  TwoPointCorrelationFunction  INFO     Correlation function computed in elapsed time 10.84 s.
[020446.41]  01-26 20:40  NaturalTwoPointEstimator     INFO     Saving /pscratch/sd/s/shengyu/galaxies/catalogs/Y3/AbacusHF-v2/Boxes/QSO/sn1p850/AbacusSummit_base_c000_ph004/mpspk/wplog_QSO_zp1.850_DR2_v1.0.npy.
[020446.42]  01-26 20:40  compute_2pt                  INFO     Save to /pscratch/sd/s/shengyu/galaxies/catalogs/Y3/AbacusHF-v2/Boxes/QSO/sn1p850/AbacusSummit_base_c000_ph004/mpspk/wplog_QSO_zp1.850_DR2_v1.0.npy
[020446.42]  01-26 20:40  compute_2pt                  INFO     Procceed {'version': 'AbacusHF-v2', 'domain': 'cubic', 'tracer': 'QSO', 'zsnap': 1.85, 'zrange': (1.7, 2.1), 'mock_id': 5, 'use_dv': 'False'}
[020446.42]  01-26 20:40  cat_tools                    INFO     Load /pscratch/sd/s/shengyu/galaxies/catalogs/Y3/AbacusHF-v2/Boxes/QSO/sn1p850/AbacusSummit_base_c000_ph005/abacus_HF_QSO_1p850_DR2_v2.0_AbacusSummit_base_c000_ph005_base_clustering.dat.h5
[020446.42]  01-26 20:40  FileStack                    INFO     Reading /pscratch/sd/s/shengyu/galaxies/catalogs/Y3/AbacusHF-v2/Boxes/QSO/sn1p850/AbacusSummit_base_c000_ph005/abacus_HF_QSO_1p850_DR2_v2.0_AbacusSummit_base_c000_ph005_base_clustering.dat.h5.
[020446.88]  01-26 20:40  TwoPointCorrelationFunction  INFO     Using estimator <class 'pycorr.twopoint_estimator.NaturalTwoPointEstimator'>.
[020446.88]  01-26 20:40  TwoPointCorrelationFunction  INFO     Running auto-correlation.
[020446.88]  01-26 20:40  TwoPointCorrelationFunction  INFO     Computing two-point counts D1D2.
[020463.19]  01-26 20:41  TwoPointCorrelationFunction  INFO     Analytically computing two-point counts R1R2.
[020463.19]  01-26 20:41  TwoPointCorrelationFunction  INFO     Correlation function computed in elapsed time 16.31 s.
[020463.19]  01-26 20:41  NaturalTwoPointEstimator     INFO     Saving /pscratch/sd/s/shengyu/galaxies/catalogs/Y3/AbacusHF-v2/Boxes/QSO/sn1p850/AbacusSummit_base_c000_ph005/mpspk/xipoles_QSO_zp1.850_DR2_v1.0.npy.
[020463.19]  01-26 20:41  compute_2pt                  INFO     Save to /pscratch/sd/s/shengyu/galaxies/catalogs/Y3/AbacusHF-v2/Boxes/QSO/sn1p850/AbacusSummit_base_c000_ph005/mpspk/xipoles_QSO_zp1.850_DR2_v1.0.npy
[020464.73]  01-26 20:41  CatalogFFTPower              INFO     Painting catalog 1 to mesh CatalogMesh(nmesh=[512 512 512], boxsize=[2000. 2000. 2000.], boxcenter=[ 999.99999947 1000.00010914 1000.00006893], dtype=float64).
[020464.96]  01-26 20:41  CatalogMesh                  INFO     Slab 0 ~ 4194304 / 11349642.
[020466.19]  01-26 20:41  CatalogMesh                  INFO     Painted 4194304 out of 11349642 objects to mesh.
[020466.19]  01-26 20:41  CatalogMesh                  INFO     Slab 4194304 ~ 8388608 / 11349642.
[020467.41]  01-26 20:41  CatalogMesh                  INFO     Painted 8388608 out of 11349642 objects to mesh.
[020467.41]  01-26 20:41  CatalogMesh                  INFO     Slab 8388608 ~ 12582912 / 11349642.
[020468.41]  01-26 20:41  CatalogMesh                  INFO     Painted 11349642 out of 11349642 objects to mesh.
[020468.41]  01-26 20:41  CatalogMesh                  INFO     Running interlacing at order 3.
[020470.46]  01-26 20:41  CatalogMesh                  INFO     Slab 0 ~ 4194304 / 11349642.
[020471.67]  01-26 20:41  CatalogMesh                  INFO     Painted 4194304 out of 11349642 objects to mesh.
[020471.67]  01-26 20:41  CatalogMesh                  INFO     Slab 4194304 ~ 8388608 / 11349642.
[020472.89]  01-26 20:41  CatalogMesh                  INFO     Painted 8388608 out of 11349642 objects to mesh.
[020472.89]  01-26 20:41  CatalogMesh                  INFO     Slab 8388608 ~ 12582912 / 11349642.
[020473.89]  01-26 20:41  CatalogMesh                  INFO     Painted 11349642 out of 11349642 objects to mesh.
[020477.49]  01-26 20:41  CatalogMesh                  INFO     Slab 0 ~ 4194304 / 11349642.
[020478.71]  01-26 20:41  CatalogMesh                  INFO     Painted 4194304 out of 11349642 objects to mesh.
[020478.71]  01-26 20:41  CatalogMesh                  INFO     Slab 4194304 ~ 8388608 / 11349642.
[020479.93]  01-26 20:41  CatalogMesh                  INFO     Painted 8388608 out of 11349642 objects to mesh.
[020479.93]  01-26 20:41  CatalogMesh                  INFO     Slab 8388608 ~ 12582912 / 11349642.
[020480.93]  01-26 20:41  CatalogMesh                  INFO     Painted 11349642 out of 11349642 objects to mesh.
[020486.42]  01-26 20:41  CatalogFFTPower              INFO     Done painting catalog 1 to mesh.
[020486.42]  01-26 20:41  CatalogFFTPower              INFO     Using 400 k-bins between 0.000 and 0.400.
[020486.42]  01-26 20:41  CatalogFFTPower              INFO     Meshes prepared in elapsed time 21.69 s.
[020486.42]  01-26 20:41  CatalogFFTPower              INFO     Running mesh calculation.
[020503.42]  01-26 20:41  CatalogFFTPower              INFO     Mesh calculations performed in elapsed time 16.99 s.
[020503.42]  01-26 20:41  CatalogFFTPower              INFO     Power spectrum computed in elapsed time 38.68 s.
[020503.42]  01-26 20:41  CatalogFFTPower              INFO     Saving /pscratch/sd/s/shengyu/galaxies/catalogs/Y3/AbacusHF-v2/Boxes/QSO/sn1p850/AbacusSummit_base_c000_ph005/mpspk/pkpoles_QSO_zp1.850_DR2_v1.0.npy.
[020503.42]  01-26 20:41  compute_2pt                  INFO     Save to /pscratch/sd/s/shengyu/galaxies/catalogs/Y3/AbacusHF-v2/Boxes/QSO/sn1p850/AbacusSummit_base_c000_ph005/mpspk/pkpoles_QSO_zp1.850_DR2_v1.0.npy
[020503.42]  01-26 20:41  TwoPointCorrelationFunction  INFO     Using estimator <class 'pycorr.twopoint_estimator.NaturalTwoPointEstimator'>.
[020503.42]  01-26 20:41  TwoPointCorrelationFunction  INFO     Running auto-correlation.
[020503.42]  01-26 20:41  TwoPointCorrelationFunction  INFO     Computing two-point counts D1D2.
[020507.30]  01-26 20:42  TwoPointCorrelationFunction  INFO     Analytically computing two-point counts R1R2.
[020507.30]  01-26 20:42  TwoPointCorrelationFunction  INFO     Correlation function computed in elapsed time 3.88 s.
[020507.30]  01-26 20:42  NaturalTwoPointEstimator     INFO     Saving /pscratch/sd/s/shengyu/galaxies/catalogs/Y3/AbacusHF-v2/Boxes/QSO/sn1p850/AbacusSummit_base_c000_ph005/mpspk/mpslog_QSO_zp1.850_DR2_v1.0.npy.
[020507.30]  01-26 20:42  compute_2pt                  INFO     Save to /pscratch/sd/s/shengyu/galaxies/catalogs/Y3/AbacusHF-v2/Boxes/QSO/sn1p850/AbacusSummit_base_c000_ph005/mpspk/mpslog_QSO_zp1.850_DR2_v1.0.npy
[020507.30]  01-26 20:42  TwoPointCorrelationFunction  INFO     Using estimator <class 'pycorr.twopoint_estimator.NaturalTwoPointEstimator'>.
[020507.30]  01-26 20:42  TwoPointCorrelationFunction  INFO     Running auto-correlation.
[020507.30]  01-26 20:42  TwoPointCorrelationFunction  INFO     Computing two-point counts D1D2.
[020518.30]  01-26 20:42  TwoPointCorrelationFunction  INFO     Analytically computing two-point counts R1R2.
[020518.31]  01-26 20:42  TwoPointCorrelationFunction  INFO     Correlation function computed in elapsed time 11.00 s.
[020518.31]  01-26 20:42  NaturalTwoPointEstimator     INFO     Saving /pscratch/sd/s/shengyu/galaxies/catalogs/Y3/AbacusHF-v2/Boxes/QSO/sn1p850/AbacusSummit_base_c000_ph005/mpspk/wplog_QSO_zp1.850_DR2_v1.0.npy.
[020518.31]  01-26 20:42  compute_2pt                  INFO     Save to /pscratch/sd/s/shengyu/galaxies/catalogs/Y3/AbacusHF-v2/Boxes/QSO/sn1p850/AbacusSummit_base_c000_ph005/mpspk/wplog_QSO_zp1.850_DR2_v1.0.npy
[020518.31]  01-26 20:42  compute_2pt                  INFO     Procceed {'version': 'AbacusHF-v2', 'domain': 'cubic', 'tracer': 'QSO', 'zsnap': 1.85, 'zrange': (1.7, 2.1), 'mock_id': 6, 'use_dv': 'False'}
[020518.31]  01-26 20:42  cat_tools                    INFO     Load /pscratch/sd/s/shengyu/galaxies/catalogs/Y3/AbacusHF-v2/Boxes/QSO/sn1p850/AbacusSummit_base_c000_ph006/abacus_HF_QSO_1p850_DR2_v2.0_AbacusSummit_base_c000_ph006_base_clustering.dat.h5
[020518.31]  01-26 20:42  FileStack                    INFO     Reading /pscratch/sd/s/shengyu/galaxies/catalogs/Y3/AbacusHF-v2/Boxes/QSO/sn1p850/AbacusSummit_base_c000_ph006/abacus_HF_QSO_1p850_DR2_v2.0_AbacusSummit_base_c000_ph006_base_clustering.dat.h5.
[020518.77]  01-26 20:42  TwoPointCorrelationFunction  INFO     Using estimator <class 'pycorr.twopoint_estimator.NaturalTwoPointEstimator'>.
[020518.77]  01-26 20:42  TwoPointCorrelationFunction  INFO     Running auto-correlation.
[020518.77]  01-26 20:42  TwoPointCorrelationFunction  INFO     Computing two-point counts D1D2.
[020535.62]  01-26 20:42  TwoPointCorrelationFunction  INFO     Analytically computing two-point counts R1R2.
[020535.62]  01-26 20:42  TwoPointCorrelationFunction  INFO     Correlation function computed in elapsed time 16.86 s.
[020535.62]  01-26 20:42  NaturalTwoPointEstimator     INFO     Saving /pscratch/sd/s/shengyu/galaxies/catalogs/Y3/AbacusHF-v2/Boxes/QSO/sn1p850/AbacusSummit_base_c000_ph006/mpspk/xipoles_QSO_zp1.850_DR2_v1.0.npy.
[020535.63]  01-26 20:42  compute_2pt                  INFO     Save to /pscratch/sd/s/shengyu/galaxies/catalogs/Y3/AbacusHF-v2/Boxes/QSO/sn1p850/AbacusSummit_base_c000_ph006/mpspk/xipoles_QSO_zp1.850_DR2_v1.0.npy
[020537.16]  01-26 20:42  CatalogFFTPower              INFO     Painting catalog 1 to mesh CatalogMesh(nmesh=[512 512 512], boxsize=[2000. 2000. 2000.], boxcenter=[1000.00001094  999.99996391  999.99993444], dtype=float64).
[020537.39]  01-26 20:42  CatalogMesh                  INFO     Slab 0 ~ 4194304 / 11350156.
[020538.64]  01-26 20:42  CatalogMesh                  INFO     Painted 4194304 out of 11350156 objects to mesh.
[020538.64]  01-26 20:42  CatalogMesh                  INFO     Slab 4194304 ~ 8388608 / 11350156.
[020539.87]  01-26 20:42  CatalogMesh                  INFO     Painted 8388608 out of 11350156 objects to mesh.
[020539.87]  01-26 20:42  CatalogMesh                  INFO     Slab 8388608 ~ 12582912 / 11350156.
[020540.88]  01-26 20:42  CatalogMesh                  INFO     Painted 11350156 out of 11350156 objects to mesh.
[020540.88]  01-26 20:42  CatalogMesh                  INFO     Running interlacing at order 3.
[020542.96]  01-26 20:42  CatalogMesh                  INFO     Slab 0 ~ 4194304 / 11350156.
[020544.18]  01-26 20:42  CatalogMesh                  INFO     Painted 4194304 out of 11350156 objects to mesh.
[020544.18]  01-26 20:42  CatalogMesh                  INFO     Slab 4194304 ~ 8388608 / 11350156.
[020545.41]  01-26 20:42  CatalogMesh                  INFO     Painted 8388608 out of 11350156 objects to mesh.
[020545.41]  01-26 20:42  CatalogMesh                  INFO     Slab 8388608 ~ 12582912 / 11350156.
[020546.43]  01-26 20:42  CatalogMesh                  INFO     Painted 11350156 out of 11350156 objects to mesh.
[020550.05]  01-26 20:42  CatalogMesh                  INFO     Slab 0 ~ 4194304 / 11350156.
[020551.28]  01-26 20:42  CatalogMesh                  INFO     Painted 4194304 out of 11350156 objects to mesh.
[020551.28]  01-26 20:42  CatalogMesh                  INFO     Slab 4194304 ~ 8388608 / 11350156.
[020552.51]  01-26 20:42  CatalogMesh                  INFO     Painted 8388608 out of 11350156 objects to mesh.
[020552.51]  01-26 20:42  CatalogMesh                  INFO     Slab 8388608 ~ 12582912 / 11350156.
[020553.52]  01-26 20:42  CatalogMesh                  INFO     Painted 11350156 out of 11350156 objects to mesh.
[020559.03]  01-26 20:42  CatalogFFTPower              INFO     Done painting catalog 1 to mesh.
[020559.03]  01-26 20:42  CatalogFFTPower              INFO     Using 400 k-bins between 0.000 and 0.400.
[020559.03]  01-26 20:42  CatalogFFTPower              INFO     Meshes prepared in elapsed time 21.88 s.
[020559.03]  01-26 20:42  CatalogFFTPower              INFO     Running mesh calculation.
[020576.26]  01-26 20:43  CatalogFFTPower              INFO     Mesh calculations performed in elapsed time 17.23 s.
[020576.26]  01-26 20:43  CatalogFFTPower              INFO     Power spectrum computed in elapsed time 39.10 s.
[020576.26]  01-26 20:43  CatalogFFTPower              INFO     Saving /pscratch/sd/s/shengyu/galaxies/catalogs/Y3/AbacusHF-v2/Boxes/QSO/sn1p850/AbacusSummit_base_c000_ph006/mpspk/pkpoles_QSO_zp1.850_DR2_v1.0.npy.
[020576.26]  01-26 20:43  compute_2pt                  INFO     Save to /pscratch/sd/s/shengyu/galaxies/catalogs/Y3/AbacusHF-v2/Boxes/QSO/sn1p850/AbacusSummit_base_c000_ph006/mpspk/pkpoles_QSO_zp1.850_DR2_v1.0.npy
[020576.26]  01-26 20:43  TwoPointCorrelationFunction  INFO     Using estimator <class 'pycorr.twopoint_estimator.NaturalTwoPointEstimator'>.
[020576.26]  01-26 20:43  TwoPointCorrelationFunction  INFO     Running auto-correlation.
[020576.26]  01-26 20:43  TwoPointCorrelationFunction  INFO     Computing two-point counts D1D2.
[020580.10]  01-26 20:43  TwoPointCorrelationFunction  INFO     Analytically computing two-point counts R1R2.
[020580.10]  01-26 20:43  TwoPointCorrelationFunction  INFO     Correlation function computed in elapsed time 3.84 s.
[020580.10]  01-26 20:43  NaturalTwoPointEstimator     INFO     Saving /pscratch/sd/s/shengyu/galaxies/catalogs/Y3/AbacusHF-v2/Boxes/QSO/sn1p850/AbacusSummit_base_c000_ph006/mpspk/mpslog_QSO_zp1.850_DR2_v1.0.npy.
[020580.10]  01-26 20:43  compute_2pt                  INFO     Save to /pscratch/sd/s/shengyu/galaxies/catalogs/Y3/AbacusHF-v2/Boxes/QSO/sn1p850/AbacusSummit_base_c000_ph006/mpspk/mpslog_QSO_zp1.850_DR2_v1.0.npy
[020580.10]  01-26 20:43  TwoPointCorrelationFunction  INFO     Using estimator <class 'pycorr.twopoint_estimator.NaturalTwoPointEstimator'>.
[020580.10]  01-26 20:43  TwoPointCorrelationFunction  INFO     Running auto-correlation.
[020580.10]  01-26 20:43  TwoPointCorrelationFunction  INFO     Computing two-point counts D1D2.
[020591.09]  01-26 20:43  TwoPointCorrelationFunction  INFO     Analytically computing two-point counts R1R2.
[020591.09]  01-26 20:43  TwoPointCorrelationFunction  INFO     Correlation function computed in elapsed time 10.99 s.
[020591.09]  01-26 20:43  NaturalTwoPointEstimator     INFO     Saving /pscratch/sd/s/shengyu/galaxies/catalogs/Y3/AbacusHF-v2/Boxes/QSO/sn1p850/AbacusSummit_base_c000_ph006/mpspk/wplog_QSO_zp1.850_DR2_v1.0.npy.
[020591.10]  01-26 20:43  compute_2pt                  INFO     Save to /pscratch/sd/s/shengyu/galaxies/catalogs/Y3/AbacusHF-v2/Boxes/QSO/sn1p850/AbacusSummit_base_c000_ph006/mpspk/wplog_QSO_zp1.850_DR2_v1.0.npy
[020591.10]  01-26 20:43  compute_2pt                  INFO     Procceed {'version': 'AbacusHF-v2', 'domain': 'cubic', 'tracer': 'QSO', 'zsnap': 1.85, 'zrange': (1.7, 2.1), 'mock_id': 7, 'use_dv': 'False'}
[020591.10]  01-26 20:43  cat_tools                    INFO     Load /pscratch/sd/s/shengyu/galaxies/catalogs/Y3/AbacusHF-v2/Boxes/QSO/sn1p850/AbacusSummit_base_c000_ph007/abacus_HF_QSO_1p850_DR2_v2.0_AbacusSummit_base_c000_ph007_base_clustering.dat.h5
[020591.10]  01-26 20:43  FileStack                    INFO     Reading /pscratch/sd/s/shengyu/galaxies/catalogs/Y3/AbacusHF-v2/Boxes/QSO/sn1p850/AbacusSummit_base_c000_ph007/abacus_HF_QSO_1p850_DR2_v2.0_AbacusSummit_base_c000_ph007_base_clustering.dat.h5.
[020591.56]  01-26 20:43  TwoPointCorrelationFunction  INFO     Using estimator <class 'pycorr.twopoint_estimator.NaturalTwoPointEstimator'>.
[020591.56]  01-26 20:43  TwoPointCorrelationFunction  INFO     Running auto-correlation.
[020591.56]  01-26 20:43  TwoPointCorrelationFunction  INFO     Computing two-point counts D1D2.
[020607.90]  01-26 20:43  TwoPointCorrelationFunction  INFO     Analytically computing two-point counts R1R2.
[020607.90]  01-26 20:43  TwoPointCorrelationFunction  INFO     Correlation function computed in elapsed time 16.35 s.
[020607.91]  01-26 20:43  NaturalTwoPointEstimator     INFO     Saving /pscratch/sd/s/shengyu/galaxies/catalogs/Y3/AbacusHF-v2/Boxes/QSO/sn1p850/AbacusSummit_base_c000_ph007/mpspk/xipoles_QSO_zp1.850_DR2_v1.0.npy.
[020607.91]  01-26 20:43  compute_2pt                  INFO     Save to /pscratch/sd/s/shengyu/galaxies/catalogs/Y3/AbacusHF-v2/Boxes/QSO/sn1p850/AbacusSummit_base_c000_ph007/mpspk/xipoles_QSO_zp1.850_DR2_v1.0.npy
[020609.44]  01-26 20:43  CatalogFFTPower              INFO     Painting catalog 1 to mesh CatalogMesh(nmesh=[512 512 512], boxsize=[2000. 2000. 2000.], boxcenter=[1000.00000569 1000.00000736  999.99979028], dtype=float64).
[020609.68]  01-26 20:43  CatalogMesh                  INFO     Slab 0 ~ 4194304 / 11324489.
[020610.90]  01-26 20:43  CatalogMesh                  INFO     Painted 4194304 out of 11324489 objects to mesh.
[020610.90]  01-26 20:43  CatalogMesh                  INFO     Slab 4194304 ~ 8388608 / 11324489.
[020612.14]  01-26 20:43  CatalogMesh                  INFO     Painted 8388608 out of 11324489 objects to mesh.
[020612.14]  01-26 20:43  CatalogMesh                  INFO     Slab 8388608 ~ 12582912 / 11324489.
[020613.14]  01-26 20:43  CatalogMesh                  INFO     Painted 11324489 out of 11324489 objects to mesh.
[020613.15]  01-26 20:43  CatalogMesh                  INFO     Running interlacing at order 3.
[020615.21]  01-26 20:43  CatalogMesh                  INFO     Slab 0 ~ 4194304 / 11324489.
[020616.45]  01-26 20:43  CatalogMesh                  INFO     Painted 4194304 out of 11324489 objects to mesh.
[020616.45]  01-26 20:43  CatalogMesh                  INFO     Slab 4194304 ~ 8388608 / 11324489.
[020617.67]  01-26 20:43  CatalogMesh                  INFO     Painted 8388608 out of 11324489 objects to mesh.
[020617.67]  01-26 20:43  CatalogMesh                  INFO     Slab 8388608 ~ 12582912 / 11324489.
[020618.67]  01-26 20:43  CatalogMesh                  INFO     Painted 11324489 out of 11324489 objects to mesh.
[020622.26]  01-26 20:43  CatalogMesh                  INFO     Slab 0 ~ 4194304 / 11324489.
[020623.48]  01-26 20:43  CatalogMesh                  INFO     Painted 4194304 out of 11324489 objects to mesh.
[020623.49]  01-26 20:43  CatalogMesh                  INFO     Slab 4194304 ~ 8388608 / 11324489.
[020624.71]  01-26 20:43  CatalogMesh                  INFO     Painted 8388608 out of 11324489 objects to mesh.
[020624.71]  01-26 20:43  CatalogMesh                  INFO     Slab 8388608 ~ 12582912 / 11324489.
[020625.72]  01-26 20:43  CatalogMesh                  INFO     Painted 11324489 out of 11324489 objects to mesh.
[020631.21]  01-26 20:44  CatalogFFTPower              INFO     Done painting catalog 1 to mesh.
[020631.21]  01-26 20:44  CatalogFFTPower              INFO     Using 400 k-bins between 0.000 and 0.400.
[020631.21]  01-26 20:44  CatalogFFTPower              INFO     Meshes prepared in elapsed time 21.77 s.
[020631.21]  01-26 20:44  CatalogFFTPower              INFO     Running mesh calculation.
[020648.25]  01-26 20:44  CatalogFFTPower              INFO     Mesh calculations performed in elapsed time 17.04 s.
[020648.25]  01-26 20:44  CatalogFFTPower              INFO     Power spectrum computed in elapsed time 38.81 s.
[020648.26]  01-26 20:44  CatalogFFTPower              INFO     Saving /pscratch/sd/s/shengyu/galaxies/catalogs/Y3/AbacusHF-v2/Boxes/QSO/sn1p850/AbacusSummit_base_c000_ph007/mpspk/pkpoles_QSO_zp1.850_DR2_v1.0.npy.
[020648.26]  01-26 20:44  compute_2pt                  INFO     Save to /pscratch/sd/s/shengyu/galaxies/catalogs/Y3/AbacusHF-v2/Boxes/QSO/sn1p850/AbacusSummit_base_c000_ph007/mpspk/pkpoles_QSO_zp1.850_DR2_v1.0.npy
[020648.26]  01-26 20:44  TwoPointCorrelationFunction  INFO     Using estimator <class 'pycorr.twopoint_estimator.NaturalTwoPointEstimator'>.
[020648.26]  01-26 20:44  TwoPointCorrelationFunction  INFO     Running auto-correlation.
[020648.26]  01-26 20:44  TwoPointCorrelationFunction  INFO     Computing two-point counts D1D2.
[020651.66]  01-26 20:44  TwoPointCorrelationFunction  INFO     Analytically computing two-point counts R1R2.
[020651.66]  01-26 20:44  TwoPointCorrelationFunction  INFO     Correlation function computed in elapsed time 3.40 s.
[020651.66]  01-26 20:44  NaturalTwoPointEstimator     INFO     Saving /pscratch/sd/s/shengyu/galaxies/catalogs/Y3/AbacusHF-v2/Boxes/QSO/sn1p850/AbacusSummit_base_c000_ph007/mpspk/mpslog_QSO_zp1.850_DR2_v1.0.npy.
[020651.66]  01-26 20:44  compute_2pt                  INFO     Save to /pscratch/sd/s/shengyu/galaxies/catalogs/Y3/AbacusHF-v2/Boxes/QSO/sn1p850/AbacusSummit_base_c000_ph007/mpspk/mpslog_QSO_zp1.850_DR2_v1.0.npy
[020651.66]  01-26 20:44  TwoPointCorrelationFunction  INFO     Using estimator <class 'pycorr.twopoint_estimator.NaturalTwoPointEstimator'>.
[020651.67]  01-26 20:44  TwoPointCorrelationFunction  INFO     Running auto-correlation.
[020651.67]  01-26 20:44  TwoPointCorrelationFunction  INFO     Computing two-point counts D1D2.
[020662.62]  01-26 20:44  TwoPointCorrelationFunction  INFO     Analytically computing two-point counts R1R2.
[020662.62]  01-26 20:44  TwoPointCorrelationFunction  INFO     Correlation function computed in elapsed time 10.96 s.
[020662.62]  01-26 20:44  NaturalTwoPointEstimator     INFO     Saving /pscratch/sd/s/shengyu/galaxies/catalogs/Y3/AbacusHF-v2/Boxes/QSO/sn1p850/AbacusSummit_base_c000_ph007/mpspk/wplog_QSO_zp1.850_DR2_v1.0.npy.
[020662.63]  01-26 20:44  compute_2pt                  INFO     Save to /pscratch/sd/s/shengyu/galaxies/catalogs/Y3/AbacusHF-v2/Boxes/QSO/sn1p850/AbacusSummit_base_c000_ph007/mpspk/wplog_QSO_zp1.850_DR2_v1.0.npy
[020662.63]  01-26 20:44  compute_2pt                  INFO     Procceed {'version': 'AbacusHF-v2', 'domain': 'cubic', 'tracer': 'QSO', 'zsnap': 1.85, 'zrange': (1.7, 2.1), 'mock_id': 8, 'use_dv': 'False'}
[020662.63]  01-26 20:44  cat_tools                    INFO     Load /pscratch/sd/s/shengyu/galaxies/catalogs/Y3/AbacusHF-v2/Boxes/QSO/sn1p850/AbacusSummit_base_c000_ph008/abacus_HF_QSO_1p850_DR2_v2.0_AbacusSummit_base_c000_ph008_base_clustering.dat.h5
[020662.63]  01-26 20:44  FileStack                    INFO     Reading /pscratch/sd/s/shengyu/galaxies/catalogs/Y3/AbacusHF-v2/Boxes/QSO/sn1p850/AbacusSummit_base_c000_ph008/abacus_HF_QSO_1p850_DR2_v2.0_AbacusSummit_base_c000_ph008_base_clustering.dat.h5.
[020663.09]  01-26 20:44  TwoPointCorrelationFunction  INFO     Using estimator <class 'pycorr.twopoint_estimator.NaturalTwoPointEstimator'>.
[020663.09]  01-26 20:44  TwoPointCorrelationFunction  INFO     Running auto-correlation.
[020663.09]  01-26 20:44  TwoPointCorrelationFunction  INFO     Computing two-point counts D1D2.
[020680.00]  01-26 20:44  TwoPointCorrelationFunction  INFO     Analytically computing two-point counts R1R2.
[020680.01]  01-26 20:44  TwoPointCorrelationFunction  INFO     Correlation function computed in elapsed time 16.92 s.
[020680.01]  01-26 20:44  NaturalTwoPointEstimator     INFO     Saving /pscratch/sd/s/shengyu/galaxies/catalogs/Y3/AbacusHF-v2/Boxes/QSO/sn1p850/AbacusSummit_base_c000_ph008/mpspk/xipoles_QSO_zp1.850_DR2_v1.0.npy.
[020680.01]  01-26 20:44  compute_2pt                  INFO     Save to /pscratch/sd/s/shengyu/galaxies/catalogs/Y3/AbacusHF-v2/Boxes/QSO/sn1p850/AbacusSummit_base_c000_ph008/mpspk/xipoles_QSO_zp1.850_DR2_v1.0.npy
[020681.53]  01-26 20:44  CatalogFFTPower              INFO     Painting catalog 1 to mesh CatalogMesh(nmesh=[512 512 512], boxsize=[2000. 2000. 2000.], boxcenter=[ 999.99998379 1000.00012458 1000.00021985], dtype=float64).
[020681.76]  01-26 20:44  CatalogMesh                  INFO     Slab 0 ~ 4194304 / 11320981.
[020682.99]  01-26 20:44  CatalogMesh                  INFO     Painted 4194304 out of 11320981 objects to mesh.
[020682.99]  01-26 20:44  CatalogMesh                  INFO     Slab 4194304 ~ 8388608 / 11320981.
[020684.21]  01-26 20:44  CatalogMesh                  INFO     Painted 8388608 out of 11320981 objects to mesh.
[020684.21]  01-26 20:44  CatalogMesh                  INFO     Slab 8388608 ~ 12582912 / 11320981.
[020685.21]  01-26 20:44  CatalogMesh                  INFO     Painted 11320981 out of 11320981 objects to mesh.
[020685.21]  01-26 20:44  CatalogMesh                  INFO     Running interlacing at order 3.
[020687.26]  01-26 20:45  CatalogMesh                  INFO     Slab 0 ~ 4194304 / 11320981.
[020688.48]  01-26 20:45  CatalogMesh                  INFO     Painted 4194304 out of 11320981 objects to mesh.
[020688.48]  01-26 20:45  CatalogMesh                  INFO     Slab 4194304 ~ 8388608 / 11320981.
[020689.70]  01-26 20:45  CatalogMesh                  INFO     Painted 8388608 out of 11320981 objects to mesh.
[020689.70]  01-26 20:45  CatalogMesh                  INFO     Slab 8388608 ~ 12582912 / 11320981.
[020690.69]  01-26 20:45  CatalogMesh                  INFO     Painted 11320981 out of 11320981 objects to mesh.
[020694.27]  01-26 20:45  CatalogMesh                  INFO     Slab 0 ~ 4194304 / 11320981.
[020695.48]  01-26 20:45  CatalogMesh                  INFO     Painted 4194304 out of 11320981 objects to mesh.
[020695.48]  01-26 20:45  CatalogMesh                  INFO     Slab 4194304 ~ 8388608 / 11320981.
[020696.70]  01-26 20:45  CatalogMesh                  INFO     Painted 8388608 out of 11320981 objects to mesh.
[020696.70]  01-26 20:45  CatalogMesh                  INFO     Slab 8388608 ~ 12582912 / 11320981.
[020697.70]  01-26 20:45  CatalogMesh                  INFO     Painted 11320981 out of 11320981 objects to mesh.
[020703.19]  01-26 20:45  CatalogFFTPower              INFO     Done painting catalog 1 to mesh.
[020703.19]  01-26 20:45  CatalogFFTPower              INFO     Using 400 k-bins between 0.000 and 0.400.
[020703.19]  01-26 20:45  CatalogFFTPower              INFO     Meshes prepared in elapsed time 21.66 s.
[020703.19]  01-26 20:45  CatalogFFTPower              INFO     Running mesh calculation.
[020720.16]  01-26 20:45  CatalogFFTPower              INFO     Mesh calculations performed in elapsed time 16.97 s.
[020720.16]  01-26 20:45  CatalogFFTPower              INFO     Power spectrum computed in elapsed time 38.62 s.
[020720.16]  01-26 20:45  CatalogFFTPower              INFO     Saving /pscratch/sd/s/shengyu/galaxies/catalogs/Y3/AbacusHF-v2/Boxes/QSO/sn1p850/AbacusSummit_base_c000_ph008/mpspk/pkpoles_QSO_zp1.850_DR2_v1.0.npy.
[020720.16]  01-26 20:45  compute_2pt                  INFO     Save to /pscratch/sd/s/shengyu/galaxies/catalogs/Y3/AbacusHF-v2/Boxes/QSO/sn1p850/AbacusSummit_base_c000_ph008/mpspk/pkpoles_QSO_zp1.850_DR2_v1.0.npy
[020720.16]  01-26 20:45  TwoPointCorrelationFunction  INFO     Using estimator <class 'pycorr.twopoint_estimator.NaturalTwoPointEstimator'>.
[020720.16]  01-26 20:45  TwoPointCorrelationFunction  INFO     Running auto-correlation.
[020720.16]  01-26 20:45  TwoPointCorrelationFunction  INFO     Computing two-point counts D1D2.
[020723.78]  01-26 20:45  TwoPointCorrelationFunction  INFO     Analytically computing two-point counts R1R2.
[020723.78]  01-26 20:45  TwoPointCorrelationFunction  INFO     Correlation function computed in elapsed time 3.62 s.
[020723.78]  01-26 20:45  NaturalTwoPointEstimator     INFO     Saving /pscratch/sd/s/shengyu/galaxies/catalogs/Y3/AbacusHF-v2/Boxes/QSO/sn1p850/AbacusSummit_base_c000_ph008/mpspk/mpslog_QSO_zp1.850_DR2_v1.0.npy.
[020723.78]  01-26 20:45  compute_2pt                  INFO     Save to /pscratch/sd/s/shengyu/galaxies/catalogs/Y3/AbacusHF-v2/Boxes/QSO/sn1p850/AbacusSummit_base_c000_ph008/mpspk/mpslog_QSO_zp1.850_DR2_v1.0.npy
[020723.79]  01-26 20:45  TwoPointCorrelationFunction  INFO     Using estimator <class 'pycorr.twopoint_estimator.NaturalTwoPointEstimator'>.
[020723.79]  01-26 20:45  TwoPointCorrelationFunction  INFO     Running auto-correlation.
[020723.79]  01-26 20:45  TwoPointCorrelationFunction  INFO     Computing two-point counts D1D2.
[020734.92]  01-26 20:45  TwoPointCorrelationFunction  INFO     Analytically computing two-point counts R1R2.
[020734.92]  01-26 20:45  TwoPointCorrelationFunction  INFO     Correlation function computed in elapsed time 11.13 s.
[020734.92]  01-26 20:45  NaturalTwoPointEstimator     INFO     Saving /pscratch/sd/s/shengyu/galaxies/catalogs/Y3/AbacusHF-v2/Boxes/QSO/sn1p850/AbacusSummit_base_c000_ph008/mpspk/wplog_QSO_zp1.850_DR2_v1.0.npy.
[020734.92]  01-26 20:45  compute_2pt                  INFO     Save to /pscratch/sd/s/shengyu/galaxies/catalogs/Y3/AbacusHF-v2/Boxes/QSO/sn1p850/AbacusSummit_base_c000_ph008/mpspk/wplog_QSO_zp1.850_DR2_v1.0.npy
[020734.92]  01-26 20:45  compute_2pt                  INFO     Procceed {'version': 'AbacusHF-v2', 'domain': 'cubic', 'tracer': 'QSO', 'zsnap': 1.85, 'zrange': (1.7, 2.1), 'mock_id': 9, 'use_dv': 'False'}
[020734.92]  01-26 20:45  cat_tools                    INFO     Load /pscratch/sd/s/shengyu/galaxies/catalogs/Y3/AbacusHF-v2/Boxes/QSO/sn1p850/AbacusSummit_base_c000_ph009/abacus_HF_QSO_1p850_DR2_v2.0_AbacusSummit_base_c000_ph009_base_clustering.dat.h5
[020734.92]  01-26 20:45  FileStack                    INFO     Reading /pscratch/sd/s/shengyu/galaxies/catalogs/Y3/AbacusHF-v2/Boxes/QSO/sn1p850/AbacusSummit_base_c000_ph009/abacus_HF_QSO_1p850_DR2_v2.0_AbacusSummit_base_c000_ph009_base_clustering.dat.h5.
[020735.38]  01-26 20:45  TwoPointCorrelationFunction  INFO     Using estimator <class 'pycorr.twopoint_estimator.NaturalTwoPointEstimator'>.
[020735.38]  01-26 20:45  TwoPointCorrelationFunction  INFO     Running auto-correlation.
[020735.38]  01-26 20:45  TwoPointCorrelationFunction  INFO     Computing two-point counts D1D2.
[020752.42]  01-26 20:46  TwoPointCorrelationFunction  INFO     Analytically computing two-point counts R1R2.
[020752.43]  01-26 20:46  TwoPointCorrelationFunction  INFO     Correlation function computed in elapsed time 17.04 s.
[020752.43]  01-26 20:46  NaturalTwoPointEstimator     INFO     Saving /pscratch/sd/s/shengyu/galaxies/catalogs/Y3/AbacusHF-v2/Boxes/QSO/sn1p850/AbacusSummit_base_c000_ph009/mpspk/xipoles_QSO_zp1.850_DR2_v1.0.npy.
[020752.43]  01-26 20:46  compute_2pt                  INFO     Save to /pscratch/sd/s/shengyu/galaxies/catalogs/Y3/AbacusHF-v2/Boxes/QSO/sn1p850/AbacusSummit_base_c000_ph009/mpspk/xipoles_QSO_zp1.850_DR2_v1.0.npy
[020753.96]  01-26 20:46  CatalogFFTPower              INFO     Painting catalog 1 to mesh CatalogMesh(nmesh=[512 512 512], boxsize=[2000. 2000. 2000.], boxcenter=[ 999.99999743 1000.00028291 1000.00001395], dtype=float64).
[020754.18]  01-26 20:46  CatalogMesh                  INFO     Slab 0 ~ 4194304 / 11341516.
[020755.41]  01-26 20:46  CatalogMesh                  INFO     Painted 4194304 out of 11341516 objects to mesh.
[020755.41]  01-26 20:46  CatalogMesh                  INFO     Slab 4194304 ~ 8388608 / 11341516.
[020756.64]  01-26 20:46  CatalogMesh                  INFO     Painted 8388608 out of 11341516 objects to mesh.
[020756.64]  01-26 20:46  CatalogMesh                  INFO     Slab 8388608 ~ 12582912 / 11341516.
[020757.63]  01-26 20:46  CatalogMesh                  INFO     Painted 11341516 out of 11341516 objects to mesh.
[020757.64]  01-26 20:46  CatalogMesh                  INFO     Running interlacing at order 3.
[020759.68]  01-26 20:46  CatalogMesh                  INFO     Slab 0 ~ 4194304 / 11341516.
[020760.89]  01-26 20:46  CatalogMesh                  INFO     Painted 4194304 out of 11341516 objects to mesh.
[020760.89]  01-26 20:46  CatalogMesh                  INFO     Slab 4194304 ~ 8388608 / 11341516.
[020762.12]  01-26 20:46  CatalogMesh                  INFO     Painted 8388608 out of 11341516 objects to mesh.
[020762.12]  01-26 20:46  CatalogMesh                  INFO     Slab 8388608 ~ 12582912 / 11341516.
[020763.12]  01-26 20:46  CatalogMesh                  INFO     Painted 11341516 out of 11341516 objects to mesh.
[020766.71]  01-26 20:46  CatalogMesh                  INFO     Slab 0 ~ 4194304 / 11341516.
[020767.94]  01-26 20:46  CatalogMesh                  INFO     Painted 4194304 out of 11341516 objects to mesh.
[020767.94]  01-26 20:46  CatalogMesh                  INFO     Slab 4194304 ~ 8388608 / 11341516.
[020769.15]  01-26 20:46  CatalogMesh                  INFO     Painted 8388608 out of 11341516 objects to mesh.
[020769.15]  01-26 20:46  CatalogMesh                  INFO     Slab 8388608 ~ 12582912 / 11341516.
[020770.15]  01-26 20:46  CatalogMesh                  INFO     Painted 11341516 out of 11341516 objects to mesh.
[020775.62]  01-26 20:46  CatalogFFTPower              INFO     Done painting catalog 1 to mesh.
[020775.62]  01-26 20:46  CatalogFFTPower              INFO     Using 400 k-bins between 0.000 and 0.400.
[020775.62]  01-26 20:46  CatalogFFTPower              INFO     Meshes prepared in elapsed time 21.67 s.
[020775.63]  01-26 20:46  CatalogFFTPower              INFO     Running mesh calculation.
[020792.66]  01-26 20:46  CatalogFFTPower              INFO     Mesh calculations performed in elapsed time 17.03 s.
[020792.66]  01-26 20:46  CatalogFFTPower              INFO     Power spectrum computed in elapsed time 38.70 s.
[020792.66]  01-26 20:46  CatalogFFTPower              INFO     Saving /pscratch/sd/s/shengyu/galaxies/catalogs/Y3/AbacusHF-v2/Boxes/QSO/sn1p850/AbacusSummit_base_c000_ph009/mpspk/pkpoles_QSO_zp1.850_DR2_v1.0.npy.
[020792.66]  01-26 20:46  compute_2pt                  INFO     Save to /pscratch/sd/s/shengyu/galaxies/catalogs/Y3/AbacusHF-v2/Boxes/QSO/sn1p850/AbacusSummit_base_c000_ph009/mpspk/pkpoles_QSO_zp1.850_DR2_v1.0.npy
[020792.67]  01-26 20:46  TwoPointCorrelationFunction  INFO     Using estimator <class 'pycorr.twopoint_estimator.NaturalTwoPointEstimator'>.
[020792.67]  01-26 20:46  TwoPointCorrelationFunction  INFO     Running auto-correlation.
[020792.67]  01-26 20:46  TwoPointCorrelationFunction  INFO     Computing two-point counts D1D2.
[020796.14]  01-26 20:46  TwoPointCorrelationFunction  INFO     Analytically computing two-point counts R1R2.
[020796.14]  01-26 20:46  TwoPointCorrelationFunction  INFO     Correlation function computed in elapsed time 3.48 s.
[020796.14]  01-26 20:46  NaturalTwoPointEstimator     INFO     Saving /pscratch/sd/s/shengyu/galaxies/catalogs/Y3/AbacusHF-v2/Boxes/QSO/sn1p850/AbacusSummit_base_c000_ph009/mpspk/mpslog_QSO_zp1.850_DR2_v1.0.npy.
[020796.15]  01-26 20:46  compute_2pt                  INFO     Save to /pscratch/sd/s/shengyu/galaxies/catalogs/Y3/AbacusHF-v2/Boxes/QSO/sn1p850/AbacusSummit_base_c000_ph009/mpspk/mpslog_QSO_zp1.850_DR2_v1.0.npy
[020796.15]  01-26 20:46  TwoPointCorrelationFunction  INFO     Using estimator <class 'pycorr.twopoint_estimator.NaturalTwoPointEstimator'>.
[020796.15]  01-26 20:46  TwoPointCorrelationFunction  INFO     Running auto-correlation.
[020796.15]  01-26 20:46  TwoPointCorrelationFunction  INFO     Computing two-point counts D1D2.
[020807.32]  01-26 20:47  TwoPointCorrelationFunction  INFO     Analytically computing two-point counts R1R2.
[020807.32]  01-26 20:47  TwoPointCorrelationFunction  INFO     Correlation function computed in elapsed time 11.18 s.
[020807.32]  01-26 20:47  NaturalTwoPointEstimator     INFO     Saving /pscratch/sd/s/shengyu/galaxies/catalogs/Y3/AbacusHF-v2/Boxes/QSO/sn1p850/AbacusSummit_base_c000_ph009/mpspk/wplog_QSO_zp1.850_DR2_v1.0.npy.
[020807.33]  01-26 20:47  compute_2pt                  INFO     Save to /pscratch/sd/s/shengyu/galaxies/catalogs/Y3/AbacusHF-v2/Boxes/QSO/sn1p850/AbacusSummit_base_c000_ph009/mpspk/wplog_QSO_zp1.850_DR2_v1.0.npy
[020807.33]  01-26 20:47  compute_2pt                  INFO     Procceed {'version': 'AbacusHF-v2', 'domain': 'cubic', 'tracer': 'QSO', 'zsnap': 1.85, 'zrange': (1.7, 2.1), 'mock_id': 10, 'use_dv': 'False'}
[020807.33]  01-26 20:47  cat_tools                    INFO     Load /pscratch/sd/s/shengyu/galaxies/catalogs/Y3/AbacusHF-v2/Boxes/QSO/sn1p850/AbacusSummit_base_c000_ph010/abacus_HF_QSO_1p850_DR2_v2.0_AbacusSummit_base_c000_ph010_base_clustering.dat.h5
[020807.34]  01-26 20:47  FileStack                    INFO     Reading /pscratch/sd/s/shengyu/galaxies/catalogs/Y3/AbacusHF-v2/Boxes/QSO/sn1p850/AbacusSummit_base_c000_ph010/abacus_HF_QSO_1p850_DR2_v2.0_AbacusSummit_base_c000_ph010_base_clustering.dat.h5.
[020807.80]  01-26 20:47  TwoPointCorrelationFunction  INFO     Using estimator <class 'pycorr.twopoint_estimator.NaturalTwoPointEstimator'>.
[020807.80]  01-26 20:47  TwoPointCorrelationFunction  INFO     Running auto-correlation.
[020807.80]  01-26 20:47  TwoPointCorrelationFunction  INFO     Computing two-point counts D1D2.
[020824.76]  01-26 20:47  TwoPointCorrelationFunction  INFO     Analytically computing two-point counts R1R2.
[020824.76]  01-26 20:47  TwoPointCorrelationFunction  INFO     Correlation function computed in elapsed time 16.96 s.
[020824.76]  01-26 20:47  NaturalTwoPointEstimator     INFO     Saving /pscratch/sd/s/shengyu/galaxies/catalogs/Y3/AbacusHF-v2/Boxes/QSO/sn1p850/AbacusSummit_base_c000_ph010/mpspk/xipoles_QSO_zp1.850_DR2_v1.0.npy.
[020824.77]  01-26 20:47  compute_2pt                  INFO     Save to /pscratch/sd/s/shengyu/galaxies/catalogs/Y3/AbacusHF-v2/Boxes/QSO/sn1p850/AbacusSummit_base_c000_ph010/mpspk/xipoles_QSO_zp1.850_DR2_v1.0.npy
[020826.30]  01-26 20:47  CatalogFFTPower              INFO     Painting catalog 1 to mesh CatalogMesh(nmesh=[512 512 512], boxsize=[2000. 2000. 2000.], boxcenter=[1000.00026874  999.99995866 1000.00016307], dtype=float64).
[020826.53]  01-26 20:47  CatalogMesh                  INFO     Slab 0 ~ 4194304 / 11321039.
[020827.76]  01-26 20:47  CatalogMesh                  INFO     Painted 4194304 out of 11321039 objects to mesh.
[020827.76]  01-26 20:47  CatalogMesh                  INFO     Slab 4194304 ~ 8388608 / 11321039.
[020828.98]  01-26 20:47  CatalogMesh                  INFO     Painted 8388608 out of 11321039 objects to mesh.
[020828.98]  01-26 20:47  CatalogMesh                  INFO     Slab 8388608 ~ 12582912 / 11321039.
[020829.97]  01-26 20:47  CatalogMesh                  INFO     Painted 11321039 out of 11321039 objects to mesh.
[020829.97]  01-26 20:47  CatalogMesh                  INFO     Running interlacing at order 3.
[020832.01]  01-26 20:47  CatalogMesh                  INFO     Slab 0 ~ 4194304 / 11321039.
[020833.22]  01-26 20:47  CatalogMesh                  INFO     Painted 4194304 out of 11321039 objects to mesh.
[020833.22]  01-26 20:47  CatalogMesh                  INFO     Slab 4194304 ~ 8388608 / 11321039.
[020834.44]  01-26 20:47  CatalogMesh                  INFO     Painted 8388608 out of 11321039 objects to mesh.
[020834.44]  01-26 20:47  CatalogMesh                  INFO     Slab 8388608 ~ 12582912 / 11321039.
[020835.43]  01-26 20:47  CatalogMesh                  INFO     Painted 11321039 out of 11321039 objects to mesh.
[020839.01]  01-26 20:47  CatalogMesh                  INFO     Slab 0 ~ 4194304 / 11321039.
[020840.22]  01-26 20:47  CatalogMesh                  INFO     Painted 4194304 out of 11321039 objects to mesh.
[020840.22]  01-26 20:47  CatalogMesh                  INFO     Slab 4194304 ~ 8388608 / 11321039.
[020841.44]  01-26 20:47  CatalogMesh                  INFO     Painted 8388608 out of 11321039 objects to mesh.
[020841.44]  01-26 20:47  CatalogMesh                  INFO     Slab 8388608 ~ 12582912 / 11321039.
[020842.44]  01-26 20:47  CatalogMesh                  INFO     Painted 11321039 out of 11321039 objects to mesh.
[020847.90]  01-26 20:47  CatalogFFTPower              INFO     Done painting catalog 1 to mesh.
[020847.90]  01-26 20:47  CatalogFFTPower              INFO     Using 400 k-bins between 0.000 and 0.400.
[020847.90]  01-26 20:47  CatalogFFTPower              INFO     Meshes prepared in elapsed time 21.60 s.
[020847.90]  01-26 20:47  CatalogFFTPower              INFO     Running mesh calculation.
[020864.91]  01-26 20:47  CatalogFFTPower              INFO     Mesh calculations performed in elapsed time 17.01 s.
[020864.91]  01-26 20:47  CatalogFFTPower              INFO     Power spectrum computed in elapsed time 38.61 s.
[020864.91]  01-26 20:47  CatalogFFTPower              INFO     Saving /pscratch/sd/s/shengyu/galaxies/catalogs/Y3/AbacusHF-v2/Boxes/QSO/sn1p850/AbacusSummit_base_c000_ph010/mpspk/pkpoles_QSO_zp1.850_DR2_v1.0.npy.
[020864.91]  01-26 20:47  compute_2pt                  INFO     Save to /pscratch/sd/s/shengyu/galaxies/catalogs/Y3/AbacusHF-v2/Boxes/QSO/sn1p850/AbacusSummit_base_c000_ph010/mpspk/pkpoles_QSO_zp1.850_DR2_v1.0.npy
[020864.91]  01-26 20:47  TwoPointCorrelationFunction  INFO     Using estimator <class 'pycorr.twopoint_estimator.NaturalTwoPointEstimator'>.
[020864.91]  01-26 20:47  TwoPointCorrelationFunction  INFO     Running auto-correlation.
[020864.91]  01-26 20:47  TwoPointCorrelationFunction  INFO     Computing two-point counts D1D2.
[020868.78]  01-26 20:48  TwoPointCorrelationFunction  INFO     Analytically computing two-point counts R1R2.
[020868.78]  01-26 20:48  TwoPointCorrelationFunction  INFO     Correlation function computed in elapsed time 3.86 s.
[020868.78]  01-26 20:48  NaturalTwoPointEstimator     INFO     Saving /pscratch/sd/s/shengyu/galaxies/catalogs/Y3/AbacusHF-v2/Boxes/QSO/sn1p850/AbacusSummit_base_c000_ph010/mpspk/mpslog_QSO_zp1.850_DR2_v1.0.npy.
[020868.78]  01-26 20:48  compute_2pt                  INFO     Save to /pscratch/sd/s/shengyu/galaxies/catalogs/Y3/AbacusHF-v2/Boxes/QSO/sn1p850/AbacusSummit_base_c000_ph010/mpspk/mpslog_QSO_zp1.850_DR2_v1.0.npy
[020868.78]  01-26 20:48  TwoPointCorrelationFunction  INFO     Using estimator <class 'pycorr.twopoint_estimator.NaturalTwoPointEstimator'>.
[020868.78]  01-26 20:48  TwoPointCorrelationFunction  INFO     Running auto-correlation.
[020868.78]  01-26 20:48  TwoPointCorrelationFunction  INFO     Computing two-point counts D1D2.
[020879.86]  01-26 20:48  TwoPointCorrelationFunction  INFO     Analytically computing two-point counts R1R2.
[020879.86]  01-26 20:48  TwoPointCorrelationFunction  INFO     Correlation function computed in elapsed time 11.08 s.
[020879.86]  01-26 20:48  NaturalTwoPointEstimator     INFO     Saving /pscratch/sd/s/shengyu/galaxies/catalogs/Y3/AbacusHF-v2/Boxes/QSO/sn1p850/AbacusSummit_base_c000_ph010/mpspk/wplog_QSO_zp1.850_DR2_v1.0.npy.
[020879.86]  01-26 20:48  compute_2pt                  INFO     Save to /pscratch/sd/s/shengyu/galaxies/catalogs/Y3/AbacusHF-v2/Boxes/QSO/sn1p850/AbacusSummit_base_c000_ph010/mpspk/wplog_QSO_zp1.850_DR2_v1.0.npy
[020879.86]  01-26 20:48  compute_2pt                  INFO     Procceed {'version': 'AbacusHF-v2', 'domain': 'cubic', 'tracer': 'QSO', 'zsnap': 1.85, 'zrange': (1.7, 2.1), 'mock_id': 11, 'use_dv': 'False'}
[020879.86]  01-26 20:48  cat_tools                    INFO     Load /pscratch/sd/s/shengyu/galaxies/catalogs/Y3/AbacusHF-v2/Boxes/QSO/sn1p850/AbacusSummit_base_c000_ph011/abacus_HF_QSO_1p850_DR2_v2.0_AbacusSummit_base_c000_ph011_base_clustering.dat.h5
[020879.86]  01-26 20:48  FileStack                    INFO     Reading /pscratch/sd/s/shengyu/galaxies/catalogs/Y3/AbacusHF-v2/Boxes/QSO/sn1p850/AbacusSummit_base_c000_ph011/abacus_HF_QSO_1p850_DR2_v2.0_AbacusSummit_base_c000_ph011_base_clustering.dat.h5.
[020880.32]  01-26 20:48  TwoPointCorrelationFunction  INFO     Using estimator <class 'pycorr.twopoint_estimator.NaturalTwoPointEstimator'>.
[020880.32]  01-26 20:48  TwoPointCorrelationFunction  INFO     Running auto-correlation.
[020880.32]  01-26 20:48  TwoPointCorrelationFunction  INFO     Computing two-point counts D1D2.
[020896.62]  01-26 20:48  TwoPointCorrelationFunction  INFO     Analytically computing two-point counts R1R2.
[020896.63]  01-26 20:48  TwoPointCorrelationFunction  INFO     Correlation function computed in elapsed time 16.31 s.
[020896.63]  01-26 20:48  NaturalTwoPointEstimator     INFO     Saving /pscratch/sd/s/shengyu/galaxies/catalogs/Y3/AbacusHF-v2/Boxes/QSO/sn1p850/AbacusSummit_base_c000_ph011/mpspk/xipoles_QSO_zp1.850_DR2_v1.0.npy.
[020896.63]  01-26 20:48  compute_2pt                  INFO     Save to /pscratch/sd/s/shengyu/galaxies/catalogs/Y3/AbacusHF-v2/Boxes/QSO/sn1p850/AbacusSummit_base_c000_ph011/mpspk/xipoles_QSO_zp1.850_DR2_v1.0.npy
[020898.15]  01-26 20:48  CatalogFFTPower              INFO     Painting catalog 1 to mesh CatalogMesh(nmesh=[512 512 512], boxsize=[2000. 2000. 2000.], boxcenter=[1000.00011746  999.99995266  999.9997832 ], dtype=float64).
[020898.38]  01-26 20:48  CatalogMesh                  INFO     Slab 0 ~ 4194304 / 11330087.
[020899.62]  01-26 20:48  CatalogMesh                  INFO     Painted 4194304 out of 11330087 objects to mesh.
[020899.62]  01-26 20:48  CatalogMesh                  INFO     Slab 4194304 ~ 8388608 / 11330087.
[020900.83]  01-26 20:48  CatalogMesh                  INFO     Painted 8388608 out of 11330087 objects to mesh.
[020900.83]  01-26 20:48  CatalogMesh                  INFO     Slab 8388608 ~ 12582912 / 11330087.
[020901.82]  01-26 20:48  CatalogMesh                  INFO     Painted 11330087 out of 11330087 objects to mesh.
[020901.82]  01-26 20:48  CatalogMesh                  INFO     Running interlacing at order 3.
[020903.87]  01-26 20:48  CatalogMesh                  INFO     Slab 0 ~ 4194304 / 11330087.
[020905.08]  01-26 20:48  CatalogMesh                  INFO     Painted 4194304 out of 11330087 objects to mesh.
[020905.08]  01-26 20:48  CatalogMesh                  INFO     Slab 4194304 ~ 8388608 / 11330087.
[020906.30]  01-26 20:48  CatalogMesh                  INFO     Painted 8388608 out of 11330087 objects to mesh.
[020906.30]  01-26 20:48  CatalogMesh                  INFO     Slab 8388608 ~ 12582912 / 11330087.
[020907.29]  01-26 20:48  CatalogMesh                  INFO     Painted 11330087 out of 11330087 objects to mesh.
[020910.87]  01-26 20:48  CatalogMesh                  INFO     Slab 0 ~ 4194304 / 11330087.
[020912.09]  01-26 20:48  CatalogMesh                  INFO     Painted 4194304 out of 11330087 objects to mesh.
[020912.09]  01-26 20:48  CatalogMesh                  INFO     Slab 4194304 ~ 8388608 / 11330087.
[020913.30]  01-26 20:48  CatalogMesh                  INFO     Painted 8388608 out of 11330087 objects to mesh.
[020913.31]  01-26 20:48  CatalogMesh                  INFO     Slab 8388608 ~ 12582912 / 11330087.
[020914.30]  01-26 20:48  CatalogMesh                  INFO     Painted 11330087 out of 11330087 objects to mesh.
[020919.78]  01-26 20:48  CatalogFFTPower              INFO     Done painting catalog 1 to mesh.
[020919.78]  01-26 20:48  CatalogFFTPower              INFO     Using 400 k-bins between 0.000 and 0.400.
[020919.78]  01-26 20:48  CatalogFFTPower              INFO     Meshes prepared in elapsed time 21.63 s.
[020919.78]  01-26 20:48  CatalogFFTPower              INFO     Running mesh calculation.
[020936.76]  01-26 20:49  CatalogFFTPower              INFO     Mesh calculations performed in elapsed time 16.98 s.
[020936.76]  01-26 20:49  CatalogFFTPower              INFO     Power spectrum computed in elapsed time 38.61 s.
[020936.76]  01-26 20:49  CatalogFFTPower              INFO     Saving /pscratch/sd/s/shengyu/galaxies/catalogs/Y3/AbacusHF-v2/Boxes/QSO/sn1p850/AbacusSummit_base_c000_ph011/mpspk/pkpoles_QSO_zp1.850_DR2_v1.0.npy.
[020936.77]  01-26 20:49  compute_2pt                  INFO     Save to /pscratch/sd/s/shengyu/galaxies/catalogs/Y3/AbacusHF-v2/Boxes/QSO/sn1p850/AbacusSummit_base_c000_ph011/mpspk/pkpoles_QSO_zp1.850_DR2_v1.0.npy
[020936.77]  01-26 20:49  TwoPointCorrelationFunction  INFO     Using estimator <class 'pycorr.twopoint_estimator.NaturalTwoPointEstimator'>.
[020936.77]  01-26 20:49  TwoPointCorrelationFunction  INFO     Running auto-correlation.
[020936.77]  01-26 20:49  TwoPointCorrelationFunction  INFO     Computing two-point counts D1D2.
[020940.26]  01-26 20:49  TwoPointCorrelationFunction  INFO     Analytically computing two-point counts R1R2.
[020940.26]  01-26 20:49  TwoPointCorrelationFunction  INFO     Correlation function computed in elapsed time 3.49 s.
[020940.26]  01-26 20:49  NaturalTwoPointEstimator     INFO     Saving /pscratch/sd/s/shengyu/galaxies/catalogs/Y3/AbacusHF-v2/Boxes/QSO/sn1p850/AbacusSummit_base_c000_ph011/mpspk/mpslog_QSO_zp1.850_DR2_v1.0.npy.
[020940.26]  01-26 20:49  compute_2pt                  INFO     Save to /pscratch/sd/s/shengyu/galaxies/catalogs/Y3/AbacusHF-v2/Boxes/QSO/sn1p850/AbacusSummit_base_c000_ph011/mpspk/mpslog_QSO_zp1.850_DR2_v1.0.npy
[020940.26]  01-26 20:49  TwoPointCorrelationFunction  INFO     Using estimator <class 'pycorr.twopoint_estimator.NaturalTwoPointEstimator'>.
[020940.26]  01-26 20:49  TwoPointCorrelationFunction  INFO     Running auto-correlation.
[020940.26]  01-26 20:49  TwoPointCorrelationFunction  INFO     Computing two-point counts D1D2.
[020951.26]  01-26 20:49  TwoPointCorrelationFunction  INFO     Analytically computing two-point counts R1R2.
[020951.26]  01-26 20:49  TwoPointCorrelationFunction  INFO     Correlation function computed in elapsed time 11.00 s.
[020951.26]  01-26 20:49  NaturalTwoPointEstimator     INFO     Saving /pscratch/sd/s/shengyu/galaxies/catalogs/Y3/AbacusHF-v2/Boxes/QSO/sn1p850/AbacusSummit_base_c000_ph011/mpspk/wplog_QSO_zp1.850_DR2_v1.0.npy.
[020951.27]  01-26 20:49  compute_2pt                  INFO     Save to /pscratch/sd/s/shengyu/galaxies/catalogs/Y3/AbacusHF-v2/Boxes/QSO/sn1p850/AbacusSummit_base_c000_ph011/mpspk/wplog_QSO_zp1.850_DR2_v1.0.npy
[020951.27]  01-26 20:49  compute_2pt                  INFO     Procceed {'version': 'AbacusHF-v2', 'domain': 'cubic', 'tracer': 'QSO', 'zsnap': 1.85, 'zrange': (1.7, 2.1), 'mock_id': 12, 'use_dv': 'False'}
[020951.27]  01-26 20:49  cat_tools                    INFO     Load /pscratch/sd/s/shengyu/galaxies/catalogs/Y3/AbacusHF-v2/Boxes/QSO/sn1p850/AbacusSummit_base_c000_ph012/abacus_HF_QSO_1p850_DR2_v2.0_AbacusSummit_base_c000_ph012_base_clustering.dat.h5
[020951.27]  01-26 20:49  FileStack                    INFO     Reading /pscratch/sd/s/shengyu/galaxies/catalogs/Y3/AbacusHF-v2/Boxes/QSO/sn1p850/AbacusSummit_base_c000_ph012/abacus_HF_QSO_1p850_DR2_v2.0_AbacusSummit_base_c000_ph012_base_clustering.dat.h5.
[020951.72]  01-26 20:49  TwoPointCorrelationFunction  INFO     Using estimator <class 'pycorr.twopoint_estimator.NaturalTwoPointEstimator'>.
[020951.72]  01-26 20:49  TwoPointCorrelationFunction  INFO     Running auto-correlation.
[020951.72]  01-26 20:49  TwoPointCorrelationFunction  INFO     Computing two-point counts D1D2.
[020968.29]  01-26 20:49  TwoPointCorrelationFunction  INFO     Analytically computing two-point counts R1R2.
[020968.29]  01-26 20:49  TwoPointCorrelationFunction  INFO     Correlation function computed in elapsed time 16.57 s.
[020968.29]  01-26 20:49  NaturalTwoPointEstimator     INFO     Saving /pscratch/sd/s/shengyu/galaxies/catalogs/Y3/AbacusHF-v2/Boxes/QSO/sn1p850/AbacusSummit_base_c000_ph012/mpspk/xipoles_QSO_zp1.850_DR2_v1.0.npy.
[020968.30]  01-26 20:49  compute_2pt                  INFO     Save to /pscratch/sd/s/shengyu/galaxies/catalogs/Y3/AbacusHF-v2/Boxes/QSO/sn1p850/AbacusSummit_base_c000_ph012/mpspk/xipoles_QSO_zp1.850_DR2_v1.0.npy
[020969.82]  01-26 20:49  CatalogFFTPower              INFO     Painting catalog 1 to mesh CatalogMesh(nmesh=[512 512 512], boxsize=[2000. 2000. 2000.], boxcenter=[1000.00002486  999.99989854 1000.00002004], dtype=float64).
[020970.05]  01-26 20:49  CatalogMesh                  INFO     Slab 0 ~ 4194304 / 11360407.
[020971.28]  01-26 20:49  CatalogMesh                  INFO     Painted 4194304 out of 11360407 objects to mesh.
[020971.28]  01-26 20:49  CatalogMesh                  INFO     Slab 4194304 ~ 8388608 / 11360407.
[020972.49]  01-26 20:49  CatalogMesh                  INFO     Painted 8388608 out of 11360407 objects to mesh.
[020972.49]  01-26 20:49  CatalogMesh                  INFO     Slab 8388608 ~ 12582912 / 11360407.
[020973.50]  01-26 20:49  CatalogMesh                  INFO     Painted 11360407 out of 11360407 objects to mesh.
[020973.50]  01-26 20:49  CatalogMesh                  INFO     Running interlacing at order 3.
[020975.55]  01-26 20:49  CatalogMesh                  INFO     Slab 0 ~ 4194304 / 11360407.
[020976.76]  01-26 20:49  CatalogMesh                  INFO     Painted 4194304 out of 11360407 objects to mesh.
[020976.76]  01-26 20:49  CatalogMesh                  INFO     Slab 4194304 ~ 8388608 / 11360407.
[020977.99]  01-26 20:49  CatalogMesh                  INFO     Painted 8388608 out of 11360407 objects to mesh.
[020977.99]  01-26 20:49  CatalogMesh                  INFO     Slab 8388608 ~ 12582912 / 11360407.
[020979.00]  01-26 20:49  CatalogMesh                  INFO     Painted 11360407 out of 11360407 objects to mesh.
[020982.57]  01-26 20:49  CatalogMesh                  INFO     Slab 0 ~ 4194304 / 11360407.
[020983.79]  01-26 20:49  CatalogMesh                  INFO     Painted 4194304 out of 11360407 objects to mesh.
[020983.79]  01-26 20:49  CatalogMesh                  INFO     Slab 4194304 ~ 8388608 / 11360407.
[020985.02]  01-26 20:49  CatalogMesh                  INFO     Painted 8388608 out of 11360407 objects to mesh.
[020985.02]  01-26 20:49  CatalogMesh                  INFO     Slab 8388608 ~ 12582912 / 11360407.
[020986.03]  01-26 20:49  CatalogMesh                  INFO     Painted 11360407 out of 11360407 objects to mesh.
[020991.50]  01-26 20:50  CatalogFFTPower              INFO     Done painting catalog 1 to mesh.
[020991.50]  01-26 20:50  CatalogFFTPower              INFO     Using 400 k-bins between 0.000 and 0.400.
[020991.50]  01-26 20:50  CatalogFFTPower              INFO     Meshes prepared in elapsed time 21.68 s.
[020991.50]  01-26 20:50  CatalogFFTPower              INFO     Running mesh calculation.
[021008.50]  01-26 20:50  CatalogFFTPower              INFO     Mesh calculations performed in elapsed time 17.00 s.
[021008.50]  01-26 20:50  CatalogFFTPower              INFO     Power spectrum computed in elapsed time 38.68 s.
[021008.51]  01-26 20:50  CatalogFFTPower              INFO     Saving /pscratch/sd/s/shengyu/galaxies/catalogs/Y3/AbacusHF-v2/Boxes/QSO/sn1p850/AbacusSummit_base_c000_ph012/mpspk/pkpoles_QSO_zp1.850_DR2_v1.0.npy.
[021008.51]  01-26 20:50  compute_2pt                  INFO     Save to /pscratch/sd/s/shengyu/galaxies/catalogs/Y3/AbacusHF-v2/Boxes/QSO/sn1p850/AbacusSummit_base_c000_ph012/mpspk/pkpoles_QSO_zp1.850_DR2_v1.0.npy
[021008.51]  01-26 20:50  TwoPointCorrelationFunction  INFO     Using estimator <class 'pycorr.twopoint_estimator.NaturalTwoPointEstimator'>.
[021008.51]  01-26 20:50  TwoPointCorrelationFunction  INFO     Running auto-correlation.
[021008.51]  01-26 20:50  TwoPointCorrelationFunction  INFO     Computing two-point counts D1D2.
[021011.99]  01-26 20:50  TwoPointCorrelationFunction  INFO     Analytically computing two-point counts R1R2.
[021012.00]  01-26 20:50  TwoPointCorrelationFunction  INFO     Correlation function computed in elapsed time 3.49 s.
[021012.00]  01-26 20:50  NaturalTwoPointEstimator     INFO     Saving /pscratch/sd/s/shengyu/galaxies/catalogs/Y3/AbacusHF-v2/Boxes/QSO/sn1p850/AbacusSummit_base_c000_ph012/mpspk/mpslog_QSO_zp1.850_DR2_v1.0.npy.
[021012.00]  01-26 20:50  compute_2pt                  INFO     Save to /pscratch/sd/s/shengyu/galaxies/catalogs/Y3/AbacusHF-v2/Boxes/QSO/sn1p850/AbacusSummit_base_c000_ph012/mpspk/mpslog_QSO_zp1.850_DR2_v1.0.npy
[021012.00]  01-26 20:50  TwoPointCorrelationFunction  INFO     Using estimator <class 'pycorr.twopoint_estimator.NaturalTwoPointEstimator'>.
[021012.00]  01-26 20:50  TwoPointCorrelationFunction  INFO     Running auto-correlation.
[021012.00]  01-26 20:50  TwoPointCorrelationFunction  INFO     Computing two-point counts D1D2.
[021023.08]  01-26 20:50  TwoPointCorrelationFunction  INFO     Analytically computing two-point counts R1R2.
[021023.08]  01-26 20:50  TwoPointCorrelationFunction  INFO     Correlation function computed in elapsed time 11.08 s.
[021023.08]  01-26 20:50  NaturalTwoPointEstimator     INFO     Saving /pscratch/sd/s/shengyu/galaxies/catalogs/Y3/AbacusHF-v2/Boxes/QSO/sn1p850/AbacusSummit_base_c000_ph012/mpspk/wplog_QSO_zp1.850_DR2_v1.0.npy.
[021023.08]  01-26 20:50  compute_2pt                  INFO     Save to /pscratch/sd/s/shengyu/galaxies/catalogs/Y3/AbacusHF-v2/Boxes/QSO/sn1p850/AbacusSummit_base_c000_ph012/mpspk/wplog_QSO_zp1.850_DR2_v1.0.npy
[021023.09]  01-26 20:50  compute_2pt                  INFO     Procceed {'version': 'AbacusHF-v2', 'domain': 'cubic', 'tracer': 'QSO', 'zsnap': 1.85, 'zrange': (1.7, 2.1), 'mock_id': 13, 'use_dv': 'False'}
[021023.09]  01-26 20:50  cat_tools                    INFO     Load /pscratch/sd/s/shengyu/galaxies/catalogs/Y3/AbacusHF-v2/Boxes/QSO/sn1p850/AbacusSummit_base_c000_ph013/abacus_HF_QSO_1p850_DR2_v2.0_AbacusSummit_base_c000_ph013_base_clustering.dat.h5
[021023.09]  01-26 20:50  FileStack                    INFO     Reading /pscratch/sd/s/shengyu/galaxies/catalogs/Y3/AbacusHF-v2/Boxes/QSO/sn1p850/AbacusSummit_base_c000_ph013/abacus_HF_QSO_1p850_DR2_v2.0_AbacusSummit_base_c000_ph013_base_clustering.dat.h5.
[021023.54]  01-26 20:50  TwoPointCorrelationFunction  INFO     Using estimator <class 'pycorr.twopoint_estimator.NaturalTwoPointEstimator'>.
[021023.54]  01-26 20:50  TwoPointCorrelationFunction  INFO     Running auto-correlation.
[021023.54]  01-26 20:50  TwoPointCorrelationFunction  INFO     Computing two-point counts D1D2.
[021039.91]  01-26 20:50  TwoPointCorrelationFunction  INFO     Analytically computing two-point counts R1R2.
[021039.92]  01-26 20:50  TwoPointCorrelationFunction  INFO     Correlation function computed in elapsed time 16.38 s.
[021039.92]  01-26 20:50  NaturalTwoPointEstimator     INFO     Saving /pscratch/sd/s/shengyu/galaxies/catalogs/Y3/AbacusHF-v2/Boxes/QSO/sn1p850/AbacusSummit_base_c000_ph013/mpspk/xipoles_QSO_zp1.850_DR2_v1.0.npy.
[021039.92]  01-26 20:50  compute_2pt                  INFO     Save to /pscratch/sd/s/shengyu/galaxies/catalogs/Y3/AbacusHF-v2/Boxes/QSO/sn1p850/AbacusSummit_base_c000_ph013/mpspk/xipoles_QSO_zp1.850_DR2_v1.0.npy
[021041.45]  01-26 20:50  CatalogFFTPower              INFO     Painting catalog 1 to mesh CatalogMesh(nmesh=[512 512 512], boxsize=[2000. 2000. 2000.], boxcenter=[1000.00014672 1000.0000554  1000.00009968], dtype=float64).
[021041.68]  01-26 20:50  CatalogMesh                  INFO     Slab 0 ~ 4194304 / 11336475.
[021042.91]  01-26 20:50  CatalogMesh                  INFO     Painted 4194304 out of 11336475 objects to mesh.
[021042.91]  01-26 20:50  CatalogMesh                  INFO     Slab 4194304 ~ 8388608 / 11336475.
[021044.13]  01-26 20:50  CatalogMesh                  INFO     Painted 8388608 out of 11336475 objects to mesh.
[021044.13]  01-26 20:50  CatalogMesh                  INFO     Slab 8388608 ~ 12582912 / 11336475.
[021045.13]  01-26 20:50  CatalogMesh                  INFO     Painted 11336475 out of 11336475 objects to mesh.
[021045.13]  01-26 20:50  CatalogMesh                  INFO     Running interlacing at order 3.
[021047.18]  01-26 20:51  CatalogMesh                  INFO     Slab 0 ~ 4194304 / 11336475.
[021048.39]  01-26 20:51  CatalogMesh                  INFO     Painted 4194304 out of 11336475 objects to mesh.
[021048.39]  01-26 20:51  CatalogMesh                  INFO     Slab 4194304 ~ 8388608 / 11336475.
[021049.60]  01-26 20:51  CatalogMesh                  INFO     Painted 8388608 out of 11336475 objects to mesh.
[021049.60]  01-26 20:51  CatalogMesh                  INFO     Slab 8388608 ~ 12582912 / 11336475.
[021050.60]  01-26 20:51  CatalogMesh                  INFO     Painted 11336475 out of 11336475 objects to mesh.
[021054.17]  01-26 20:51  CatalogMesh                  INFO     Slab 0 ~ 4194304 / 11336475.
[021055.39]  01-26 20:51  CatalogMesh                  INFO     Painted 4194304 out of 11336475 objects to mesh.
[021055.39]  01-26 20:51  CatalogMesh                  INFO     Slab 4194304 ~ 8388608 / 11336475.
[021056.61]  01-26 20:51  CatalogMesh                  INFO     Painted 8388608 out of 11336475 objects to mesh.
[021056.61]  01-26 20:51  CatalogMesh                  INFO     Slab 8388608 ~ 12582912 / 11336475.
[021057.61]  01-26 20:51  CatalogMesh                  INFO     Painted 11336475 out of 11336475 objects to mesh.
[021063.08]  01-26 20:51  CatalogFFTPower              INFO     Done painting catalog 1 to mesh.
[021063.08]  01-26 20:51  CatalogFFTPower              INFO     Using 400 k-bins between 0.000 and 0.400.
[021063.08]  01-26 20:51  CatalogFFTPower              INFO     Meshes prepared in elapsed time 21.63 s.
[021063.08]  01-26 20:51  CatalogFFTPower              INFO     Running mesh calculation.
[021080.07]  01-26 20:51  CatalogFFTPower              INFO     Mesh calculations performed in elapsed time 17.00 s.
[021080.07]  01-26 20:51  CatalogFFTPower              INFO     Power spectrum computed in elapsed time 38.62 s.
[021080.07]  01-26 20:51  CatalogFFTPower              INFO     Saving /pscratch/sd/s/shengyu/galaxies/catalogs/Y3/AbacusHF-v2/Boxes/QSO/sn1p850/AbacusSummit_base_c000_ph013/mpspk/pkpoles_QSO_zp1.850_DR2_v1.0.npy.
[021080.08]  01-26 20:51  compute_2pt                  INFO     Save to /pscratch/sd/s/shengyu/galaxies/catalogs/Y3/AbacusHF-v2/Boxes/QSO/sn1p850/AbacusSummit_base_c000_ph013/mpspk/pkpoles_QSO_zp1.850_DR2_v1.0.npy
[021080.08]  01-26 20:51  TwoPointCorrelationFunction  INFO     Using estimator <class 'pycorr.twopoint_estimator.NaturalTwoPointEstimator'>.
[021080.08]  01-26 20:51  TwoPointCorrelationFunction  INFO     Running auto-correlation.
[021080.08]  01-26 20:51  TwoPointCorrelationFunction  INFO     Computing two-point counts D1D2.
[021083.54]  01-26 20:51  TwoPointCorrelationFunction  INFO     Analytically computing two-point counts R1R2.
[021083.54]  01-26 20:51  TwoPointCorrelationFunction  INFO     Correlation function computed in elapsed time 3.47 s.
[021083.55]  01-26 20:51  NaturalTwoPointEstimator     INFO     Saving /pscratch/sd/s/shengyu/galaxies/catalogs/Y3/AbacusHF-v2/Boxes/QSO/sn1p850/AbacusSummit_base_c000_ph013/mpspk/mpslog_QSO_zp1.850_DR2_v1.0.npy.
[021083.55]  01-26 20:51  compute_2pt                  INFO     Save to /pscratch/sd/s/shengyu/galaxies/catalogs/Y3/AbacusHF-v2/Boxes/QSO/sn1p850/AbacusSummit_base_c000_ph013/mpspk/mpslog_QSO_zp1.850_DR2_v1.0.npy
[021083.55]  01-26 20:51  TwoPointCorrelationFunction  INFO     Using estimator <class 'pycorr.twopoint_estimator.NaturalTwoPointEstimator'>.
[021083.55]  01-26 20:51  TwoPointCorrelationFunction  INFO     Running auto-correlation.
[021083.55]  01-26 20:51  TwoPointCorrelationFunction  INFO     Computing two-point counts D1D2.
[021094.69]  01-26 20:51  TwoPointCorrelationFunction  INFO     Analytically computing two-point counts R1R2.
[021094.69]  01-26 20:51  TwoPointCorrelationFunction  INFO     Correlation function computed in elapsed time 11.14 s.
[021094.69]  01-26 20:51  NaturalTwoPointEstimator     INFO     Saving /pscratch/sd/s/shengyu/galaxies/catalogs/Y3/AbacusHF-v2/Boxes/QSO/sn1p850/AbacusSummit_base_c000_ph013/mpspk/wplog_QSO_zp1.850_DR2_v1.0.npy.
[021094.69]  01-26 20:51  compute_2pt                  INFO     Save to /pscratch/sd/s/shengyu/galaxies/catalogs/Y3/AbacusHF-v2/Boxes/QSO/sn1p850/AbacusSummit_base_c000_ph013/mpspk/wplog_QSO_zp1.850_DR2_v1.0.npy
[021094.69]  01-26 20:51  compute_2pt                  INFO     Procceed {'version': 'AbacusHF-v2', 'domain': 'cubic', 'tracer': 'QSO', 'zsnap': 1.85, 'zrange': (1.7, 2.1), 'mock_id': 14, 'use_dv': 'False'}
[021094.69]  01-26 20:51  cat_tools                    INFO     Load /pscratch/sd/s/shengyu/galaxies/catalogs/Y3/AbacusHF-v2/Boxes/QSO/sn1p850/AbacusSummit_base_c000_ph014/abacus_HF_QSO_1p850_DR2_v2.0_AbacusSummit_base_c000_ph014_base_clustering.dat.h5
[021094.69]  01-26 20:51  FileStack                    INFO     Reading /pscratch/sd/s/shengyu/galaxies/catalogs/Y3/AbacusHF-v2/Boxes/QSO/sn1p850/AbacusSummit_base_c000_ph014/abacus_HF_QSO_1p850_DR2_v2.0_AbacusSummit_base_c000_ph014_base_clustering.dat.h5.
[021095.15]  01-26 20:51  TwoPointCorrelationFunction  INFO     Using estimator <class 'pycorr.twopoint_estimator.NaturalTwoPointEstimator'>.
[021095.15]  01-26 20:51  TwoPointCorrelationFunction  INFO     Running auto-correlation.
[021095.15]  01-26 20:51  TwoPointCorrelationFunction  INFO     Computing two-point counts D1D2.
[021112.08]  01-26 20:52  TwoPointCorrelationFunction  INFO     Analytically computing two-point counts R1R2.
[021112.08]  01-26 20:52  TwoPointCorrelationFunction  INFO     Correlation function computed in elapsed time 16.93 s.
[021112.08]  01-26 20:52  NaturalTwoPointEstimator     INFO     Saving /pscratch/sd/s/shengyu/galaxies/catalogs/Y3/AbacusHF-v2/Boxes/QSO/sn1p850/AbacusSummit_base_c000_ph014/mpspk/xipoles_QSO_zp1.850_DR2_v1.0.npy.
[021112.09]  01-26 20:52  compute_2pt                  INFO     Save to /pscratch/sd/s/shengyu/galaxies/catalogs/Y3/AbacusHF-v2/Boxes/QSO/sn1p850/AbacusSummit_base_c000_ph014/mpspk/xipoles_QSO_zp1.850_DR2_v1.0.npy
[021113.61]  01-26 20:52  CatalogFFTPower              INFO     Painting catalog 1 to mesh CatalogMesh(nmesh=[512 512 512], boxsize=[2000. 2000. 2000.], boxcenter=[ 999.99993793 1000.00011192  999.99998286], dtype=float64).
[021113.84]  01-26 20:52  CatalogMesh                  INFO     Slab 0 ~ 4194304 / 11351332.
[021115.07]  01-26 20:52  CatalogMesh                  INFO     Painted 4194304 out of 11351332 objects to mesh.
[021115.07]  01-26 20:52  CatalogMesh                  INFO     Slab 4194304 ~ 8388608 / 11351332.
[021116.29]  01-26 20:52  CatalogMesh                  INFO     Painted 8388608 out of 11351332 objects to mesh.
[021116.29]  01-26 20:52  CatalogMesh                  INFO     Slab 8388608 ~ 12582912 / 11351332.
[021117.29]  01-26 20:52  CatalogMesh                  INFO     Painted 11351332 out of 11351332 objects to mesh.
[021117.29]  01-26 20:52  CatalogMesh                  INFO     Running interlacing at order 3.
[021119.34]  01-26 20:52  CatalogMesh                  INFO     Slab 0 ~ 4194304 / 11351332.
[021120.55]  01-26 20:52  CatalogMesh                  INFO     Painted 4194304 out of 11351332 objects to mesh.
[021120.55]  01-26 20:52  CatalogMesh                  INFO     Slab 4194304 ~ 8388608 / 11351332.
[021121.77]  01-26 20:52  CatalogMesh                  INFO     Painted 8388608 out of 11351332 objects to mesh.
[021121.77]  01-26 20:52  CatalogMesh                  INFO     Slab 8388608 ~ 12582912 / 11351332.
[021122.77]  01-26 20:52  CatalogMesh                  INFO     Painted 11351332 out of 11351332 objects to mesh.
[021126.34]  01-26 20:52  CatalogMesh                  INFO     Slab 0 ~ 4194304 / 11351332.
[021127.55]  01-26 20:52  CatalogMesh                  INFO     Painted 4194304 out of 11351332 objects to mesh.
[021127.55]  01-26 20:52  CatalogMesh                  INFO     Slab 4194304 ~ 8388608 / 11351332.
[021128.78]  01-26 20:52  CatalogMesh                  INFO     Painted 8388608 out of 11351332 objects to mesh.
[021128.78]  01-26 20:52  CatalogMesh                  INFO     Slab 8388608 ~ 12582912 / 11351332.
[021129.78]  01-26 20:52  CatalogMesh                  INFO     Painted 11351332 out of 11351332 objects to mesh.
[021135.25]  01-26 20:52  CatalogFFTPower              INFO     Done painting catalog 1 to mesh.
[021135.25]  01-26 20:52  CatalogFFTPower              INFO     Using 400 k-bins between 0.000 and 0.400.
[021135.25]  01-26 20:52  CatalogFFTPower              INFO     Meshes prepared in elapsed time 21.64 s.
[021135.25]  01-26 20:52  CatalogFFTPower              INFO     Running mesh calculation.
[021152.23]  01-26 20:52  CatalogFFTPower              INFO     Mesh calculations performed in elapsed time 16.98 s.
[021152.23]  01-26 20:52  CatalogFFTPower              INFO     Power spectrum computed in elapsed time 38.62 s.
[021152.23]  01-26 20:52  CatalogFFTPower              INFO     Saving /pscratch/sd/s/shengyu/galaxies/catalogs/Y3/AbacusHF-v2/Boxes/QSO/sn1p850/AbacusSummit_base_c000_ph014/mpspk/pkpoles_QSO_zp1.850_DR2_v1.0.npy.
[021152.24]  01-26 20:52  compute_2pt                  INFO     Save to /pscratch/sd/s/shengyu/galaxies/catalogs/Y3/AbacusHF-v2/Boxes/QSO/sn1p850/AbacusSummit_base_c000_ph014/mpspk/pkpoles_QSO_zp1.850_DR2_v1.0.npy
[021152.24]  01-26 20:52  TwoPointCorrelationFunction  INFO     Using estimator <class 'pycorr.twopoint_estimator.NaturalTwoPointEstimator'>.
[021152.24]  01-26 20:52  TwoPointCorrelationFunction  INFO     Running auto-correlation.
[021152.24]  01-26 20:52  TwoPointCorrelationFunction  INFO     Computing two-point counts D1D2.
[021156.10]  01-26 20:52  TwoPointCorrelationFunction  INFO     Analytically computing two-point counts R1R2.
[021156.10]  01-26 20:52  TwoPointCorrelationFunction  INFO     Correlation function computed in elapsed time 3.86 s.
[021156.10]  01-26 20:52  NaturalTwoPointEstimator     INFO     Saving /pscratch/sd/s/shengyu/galaxies/catalogs/Y3/AbacusHF-v2/Boxes/QSO/sn1p850/AbacusSummit_base_c000_ph014/mpspk/mpslog_QSO_zp1.850_DR2_v1.0.npy.
[021156.10]  01-26 20:52  compute_2pt                  INFO     Save to /pscratch/sd/s/shengyu/galaxies/catalogs/Y3/AbacusHF-v2/Boxes/QSO/sn1p850/AbacusSummit_base_c000_ph014/mpspk/mpslog_QSO_zp1.850_DR2_v1.0.npy
[021156.10]  01-26 20:52  TwoPointCorrelationFunction  INFO     Using estimator <class 'pycorr.twopoint_estimator.NaturalTwoPointEstimator'>.
[021156.10]  01-26 20:52  TwoPointCorrelationFunction  INFO     Running auto-correlation.
[021156.10]  01-26 20:52  TwoPointCorrelationFunction  INFO     Computing two-point counts D1D2.
[021167.20]  01-26 20:53  TwoPointCorrelationFunction  INFO     Analytically computing two-point counts R1R2.
[021167.20]  01-26 20:53  TwoPointCorrelationFunction  INFO     Correlation function computed in elapsed time 11.10 s.
[021167.20]  01-26 20:53  NaturalTwoPointEstimator     INFO     Saving /pscratch/sd/s/shengyu/galaxies/catalogs/Y3/AbacusHF-v2/Boxes/QSO/sn1p850/AbacusSummit_base_c000_ph014/mpspk/wplog_QSO_zp1.850_DR2_v1.0.npy.
[021167.20]  01-26 20:53  compute_2pt                  INFO     Save to /pscratch/sd/s/shengyu/galaxies/catalogs/Y3/AbacusHF-v2/Boxes/QSO/sn1p850/AbacusSummit_base_c000_ph014/mpspk/wplog_QSO_zp1.850_DR2_v1.0.npy
[021167.21]  01-26 20:53  compute_2pt                  INFO     Procceed {'version': 'AbacusHF-v2', 'domain': 'cubic', 'tracer': 'QSO', 'zsnap': 1.85, 'zrange': (1.7, 2.1), 'mock_id': 15, 'use_dv': 'False'}
[021167.21]  01-26 20:53  cat_tools                    INFO     Load /pscratch/sd/s/shengyu/galaxies/catalogs/Y3/AbacusHF-v2/Boxes/QSO/sn1p850/AbacusSummit_base_c000_ph015/abacus_HF_QSO_1p850_DR2_v2.0_AbacusSummit_base_c000_ph015_base_clustering.dat.h5
[021167.21]  01-26 20:53  FileStack                    INFO     Reading /pscratch/sd/s/shengyu/galaxies/catalogs/Y3/AbacusHF-v2/Boxes/QSO/sn1p850/AbacusSummit_base_c000_ph015/abacus_HF_QSO_1p850_DR2_v2.0_AbacusSummit_base_c000_ph015_base_clustering.dat.h5.
[021167.70]  01-26 20:53  TwoPointCorrelationFunction  INFO     Using estimator <class 'pycorr.twopoint_estimator.NaturalTwoPointEstimator'>.
[021167.70]  01-26 20:53  TwoPointCorrelationFunction  INFO     Running auto-correlation.
[021167.70]  01-26 20:53  TwoPointCorrelationFunction  INFO     Computing two-point counts D1D2.
[021184.20]  01-26 20:53  TwoPointCorrelationFunction  INFO     Analytically computing two-point counts R1R2.
[021184.20]  01-26 20:53  TwoPointCorrelationFunction  INFO     Correlation function computed in elapsed time 16.50 s.
[021184.20]  01-26 20:53  NaturalTwoPointEstimator     INFO     Saving /pscratch/sd/s/shengyu/galaxies/catalogs/Y3/AbacusHF-v2/Boxes/QSO/sn1p850/AbacusSummit_base_c000_ph015/mpspk/xipoles_QSO_zp1.850_DR2_v1.0.npy.
[021184.21]  01-26 20:53  compute_2pt                  INFO     Save to /pscratch/sd/s/shengyu/galaxies/catalogs/Y3/AbacusHF-v2/Boxes/QSO/sn1p850/AbacusSummit_base_c000_ph015/mpspk/xipoles_QSO_zp1.850_DR2_v1.0.npy
[021185.74]  01-26 20:53  CatalogFFTPower              INFO     Painting catalog 1 to mesh CatalogMesh(nmesh=[512 512 512], boxsize=[2000. 2000. 2000.], boxcenter=[999.99999679 999.99999475 999.99998356], dtype=float64).
[021185.97]  01-26 20:53  CatalogMesh                  INFO     Slab 0 ~ 4194304 / 11362422.
[021187.19]  01-26 20:53  CatalogMesh                  INFO     Painted 4194304 out of 11362422 objects to mesh.
[021187.19]  01-26 20:53  CatalogMesh                  INFO     Slab 4194304 ~ 8388608 / 11362422.
[021188.41]  01-26 20:53  CatalogMesh                  INFO     Painted 8388608 out of 11362422 objects to mesh.
[021188.41]  01-26 20:53  CatalogMesh                  INFO     Slab 8388608 ~ 12582912 / 11362422.
[021189.41]  01-26 20:53  CatalogMesh                  INFO     Painted 11362422 out of 11362422 objects to mesh.
[021189.41]  01-26 20:53  CatalogMesh                  INFO     Running interlacing at order 3.
[021191.47]  01-26 20:53  CatalogMesh                  INFO     Slab 0 ~ 4194304 / 11362422.
[021192.68]  01-26 20:53  CatalogMesh                  INFO     Painted 4194304 out of 11362422 objects to mesh.
[021192.68]  01-26 20:53  CatalogMesh                  INFO     Slab 4194304 ~ 8388608 / 11362422.
[021193.90]  01-26 20:53  CatalogMesh                  INFO     Painted 8388608 out of 11362422 objects to mesh.
[021193.90]  01-26 20:53  CatalogMesh                  INFO     Slab 8388608 ~ 12582912 / 11362422.
[021194.93]  01-26 20:53  CatalogMesh                  INFO     Painted 11362422 out of 11362422 objects to mesh.
[021198.50]  01-26 20:53  CatalogMesh                  INFO     Slab 0 ~ 4194304 / 11362422.
[021199.71]  01-26 20:53  CatalogMesh                  INFO     Painted 4194304 out of 11362422 objects to mesh.
[021199.71]  01-26 20:53  CatalogMesh                  INFO     Slab 4194304 ~ 8388608 / 11362422.
[021200.92]  01-26 20:53  CatalogMesh                  INFO     Painted 8388608 out of 11362422 objects to mesh.
[021200.92]  01-26 20:53  CatalogMesh                  INFO     Slab 8388608 ~ 12582912 / 11362422.
[021201.93]  01-26 20:53  CatalogMesh                  INFO     Painted 11362422 out of 11362422 objects to mesh.
[021207.39]  01-26 20:53  CatalogFFTPower              INFO     Done painting catalog 1 to mesh.
[021207.39]  01-26 20:53  CatalogFFTPower              INFO     Using 400 k-bins between 0.000 and 0.400.
[021207.39]  01-26 20:53  CatalogFFTPower              INFO     Meshes prepared in elapsed time 21.65 s.
[021207.39]  01-26 20:53  CatalogFFTPower              INFO     Running mesh calculation.
[021224.35]  01-26 20:53  CatalogFFTPower              INFO     Mesh calculations performed in elapsed time 16.96 s.
[021224.35]  01-26 20:53  CatalogFFTPower              INFO     Power spectrum computed in elapsed time 38.61 s.
[021224.35]  01-26 20:53  CatalogFFTPower              INFO     Saving /pscratch/sd/s/shengyu/galaxies/catalogs/Y3/AbacusHF-v2/Boxes/QSO/sn1p850/AbacusSummit_base_c000_ph015/mpspk/pkpoles_QSO_zp1.850_DR2_v1.0.npy.
[021224.35]  01-26 20:53  compute_2pt                  INFO     Save to /pscratch/sd/s/shengyu/galaxies/catalogs/Y3/AbacusHF-v2/Boxes/QSO/sn1p850/AbacusSummit_base_c000_ph015/mpspk/pkpoles_QSO_zp1.850_DR2_v1.0.npy
[021224.35]  01-26 20:53  TwoPointCorrelationFunction  INFO     Using estimator <class 'pycorr.twopoint_estimator.NaturalTwoPointEstimator'>.
[021224.35]  01-26 20:53  TwoPointCorrelationFunction  INFO     Running auto-correlation.
[021224.35]  01-26 20:53  TwoPointCorrelationFunction  INFO     Computing two-point counts D1D2.
[021228.28]  01-26 20:54  TwoPointCorrelationFunction  INFO     Analytically computing two-point counts R1R2.
[021228.28]  01-26 20:54  TwoPointCorrelationFunction  INFO     Correlation function computed in elapsed time 3.93 s.
[021228.28]  01-26 20:54  NaturalTwoPointEstimator     INFO     Saving /pscratch/sd/s/shengyu/galaxies/catalogs/Y3/AbacusHF-v2/Boxes/QSO/sn1p850/AbacusSummit_base_c000_ph015/mpspk/mpslog_QSO_zp1.850_DR2_v1.0.npy.
[021228.28]  01-26 20:54  compute_2pt                  INFO     Save to /pscratch/sd/s/shengyu/galaxies/catalogs/Y3/AbacusHF-v2/Boxes/QSO/sn1p850/AbacusSummit_base_c000_ph015/mpspk/mpslog_QSO_zp1.850_DR2_v1.0.npy
[021228.28]  01-26 20:54  TwoPointCorrelationFunction  INFO     Using estimator <class 'pycorr.twopoint_estimator.NaturalTwoPointEstimator'>.
[021228.29]  01-26 20:54  TwoPointCorrelationFunction  INFO     Running auto-correlation.
[021228.29]  01-26 20:54  TwoPointCorrelationFunction  INFO     Computing two-point counts D1D2.
[021239.52]  01-26 20:54  TwoPointCorrelationFunction  INFO     Analytically computing two-point counts R1R2.
[021239.52]  01-26 20:54  TwoPointCorrelationFunction  INFO     Correlation function computed in elapsed time 11.24 s.
[021239.52]  01-26 20:54  NaturalTwoPointEstimator     INFO     Saving /pscratch/sd/s/shengyu/galaxies/catalogs/Y3/AbacusHF-v2/Boxes/QSO/sn1p850/AbacusSummit_base_c000_ph015/mpspk/wplog_QSO_zp1.850_DR2_v1.0.npy.
[021239.53]  01-26 20:54  compute_2pt                  INFO     Save to /pscratch/sd/s/shengyu/galaxies/catalogs/Y3/AbacusHF-v2/Boxes/QSO/sn1p850/AbacusSummit_base_c000_ph015/mpspk/wplog_QSO_zp1.850_DR2_v1.0.npy
[021239.53]  01-26 20:54  compute_2pt                  INFO     Procceed {'version': 'AbacusHF-v2', 'domain': 'cubic', 'tracer': 'QSO', 'zsnap': 1.85, 'zrange': (1.7, 2.1), 'mock_id': 16, 'use_dv': 'False'}
[021239.53]  01-26 20:54  cat_tools                    INFO     Load /pscratch/sd/s/shengyu/galaxies/catalogs/Y3/AbacusHF-v2/Boxes/QSO/sn1p850/AbacusSummit_base_c000_ph016/abacus_HF_QSO_1p850_DR2_v2.0_AbacusSummit_base_c000_ph016_base_clustering.dat.h5
[021239.53]  01-26 20:54  FileStack                    INFO     Reading /pscratch/sd/s/shengyu/galaxies/catalogs/Y3/AbacusHF-v2/Boxes/QSO/sn1p850/AbacusSummit_base_c000_ph016/abacus_HF_QSO_1p850_DR2_v2.0_AbacusSummit_base_c000_ph016_base_clustering.dat.h5.
[021240.00]  01-26 20:54  TwoPointCorrelationFunction  INFO     Using estimator <class 'pycorr.twopoint_estimator.NaturalTwoPointEstimator'>.
[021240.00]  01-26 20:54  TwoPointCorrelationFunction  INFO     Running auto-correlation.
[021240.00]  01-26 20:54  TwoPointCorrelationFunction  INFO     Computing two-point counts D1D2.
[021257.36]  01-26 20:54  TwoPointCorrelationFunction  INFO     Analytically computing two-point counts R1R2.
[021257.36]  01-26 20:54  TwoPointCorrelationFunction  INFO     Correlation function computed in elapsed time 17.36 s.
[021257.36]  01-26 20:54  NaturalTwoPointEstimator     INFO     Saving /pscratch/sd/s/shengyu/galaxies/catalogs/Y3/AbacusHF-v2/Boxes/QSO/sn1p850/AbacusSummit_base_c000_ph016/mpspk/xipoles_QSO_zp1.850_DR2_v1.0.npy.
[021257.36]  01-26 20:54  compute_2pt                  INFO     Save to /pscratch/sd/s/shengyu/galaxies/catalogs/Y3/AbacusHF-v2/Boxes/QSO/sn1p850/AbacusSummit_base_c000_ph016/mpspk/xipoles_QSO_zp1.850_DR2_v1.0.npy
[021258.89]  01-26 20:54  CatalogFFTPower              INFO     Painting catalog 1 to mesh CatalogMesh(nmesh=[512 512 512], boxsize=[2000. 2000. 2000.], boxcenter=[999.99986189 999.99999967 999.99999791], dtype=float64).
[021259.12]  01-26 20:54  CatalogMesh                  INFO     Slab 0 ~ 4194304 / 11383744.
[021260.35]  01-26 20:54  CatalogMesh                  INFO     Painted 4194304 out of 11383744 objects to mesh.
[021260.35]  01-26 20:54  CatalogMesh                  INFO     Slab 4194304 ~ 8388608 / 11383744.
[021261.57]  01-26 20:54  CatalogMesh                  INFO     Painted 8388608 out of 11383744 objects to mesh.
[021261.57]  01-26 20:54  CatalogMesh                  INFO     Slab 8388608 ~ 12582912 / 11383744.
[021262.58]  01-26 20:54  CatalogMesh                  INFO     Painted 11383744 out of 11383744 objects to mesh.
[021262.59]  01-26 20:54  CatalogMesh                  INFO     Running interlacing at order 3.
[021264.65]  01-26 20:54  CatalogMesh                  INFO     Slab 0 ~ 4194304 / 11383744.
[021265.86]  01-26 20:54  CatalogMesh                  INFO     Painted 4194304 out of 11383744 objects to mesh.
[021265.87]  01-26 20:54  CatalogMesh                  INFO     Slab 4194304 ~ 8388608 / 11383744.
[021267.08]  01-26 20:54  CatalogMesh                  INFO     Painted 8388608 out of 11383744 objects to mesh.
[021267.08]  01-26 20:54  CatalogMesh                  INFO     Slab 8388608 ~ 12582912 / 11383744.
[021268.09]  01-26 20:54  CatalogMesh                  INFO     Painted 11383744 out of 11383744 objects to mesh.
[021271.68]  01-26 20:54  CatalogMesh                  INFO     Slab 0 ~ 4194304 / 11383744.
[021272.88]  01-26 20:54  CatalogMesh                  INFO     Painted 4194304 out of 11383744 objects to mesh.
[021272.89]  01-26 20:54  CatalogMesh                  INFO     Slab 4194304 ~ 8388608 / 11383744.
[021274.10]  01-26 20:54  CatalogMesh                  INFO     Painted 8388608 out of 11383744 objects to mesh.
[021274.10]  01-26 20:54  CatalogMesh                  INFO     Slab 8388608 ~ 12582912 / 11383744.
[021275.11]  01-26 20:54  CatalogMesh                  INFO     Painted 11383744 out of 11383744 objects to mesh.
[021280.62]  01-26 20:54  CatalogFFTPower              INFO     Done painting catalog 1 to mesh.
[021280.62]  01-26 20:54  CatalogFFTPower              INFO     Using 400 k-bins between 0.000 and 0.400.
[021280.62]  01-26 20:54  CatalogFFTPower              INFO     Meshes prepared in elapsed time 21.73 s.
[021280.62]  01-26 20:54  CatalogFFTPower              INFO     Running mesh calculation.
[021297.62]  01-26 20:55  CatalogFFTPower              INFO     Mesh calculations performed in elapsed time 17.00 s.
[021297.62]  01-26 20:55  CatalogFFTPower              INFO     Power spectrum computed in elapsed time 38.73 s.
[021297.62]  01-26 20:55  CatalogFFTPower              INFO     Saving /pscratch/sd/s/shengyu/galaxies/catalogs/Y3/AbacusHF-v2/Boxes/QSO/sn1p850/AbacusSummit_base_c000_ph016/mpspk/pkpoles_QSO_zp1.850_DR2_v1.0.npy.
[021297.63]  01-26 20:55  compute_2pt                  INFO     Save to /pscratch/sd/s/shengyu/galaxies/catalogs/Y3/AbacusHF-v2/Boxes/QSO/sn1p850/AbacusSummit_base_c000_ph016/mpspk/pkpoles_QSO_zp1.850_DR2_v1.0.npy
[021297.63]  01-26 20:55  TwoPointCorrelationFunction  INFO     Using estimator <class 'pycorr.twopoint_estimator.NaturalTwoPointEstimator'>.
[021297.63]  01-26 20:55  TwoPointCorrelationFunction  INFO     Running auto-correlation.
[021297.63]  01-26 20:55  TwoPointCorrelationFunction  INFO     Computing two-point counts D1D2.
[021301.29]  01-26 20:55  TwoPointCorrelationFunction  INFO     Analytically computing two-point counts R1R2.
[021301.29]  01-26 20:55  TwoPointCorrelationFunction  INFO     Correlation function computed in elapsed time 3.66 s.
[021301.29]  01-26 20:55  NaturalTwoPointEstimator     INFO     Saving /pscratch/sd/s/shengyu/galaxies/catalogs/Y3/AbacusHF-v2/Boxes/QSO/sn1p850/AbacusSummit_base_c000_ph016/mpspk/mpslog_QSO_zp1.850_DR2_v1.0.npy.
[021301.29]  01-26 20:55  compute_2pt                  INFO     Save to /pscratch/sd/s/shengyu/galaxies/catalogs/Y3/AbacusHF-v2/Boxes/QSO/sn1p850/AbacusSummit_base_c000_ph016/mpspk/mpslog_QSO_zp1.850_DR2_v1.0.npy
[021301.29]  01-26 20:55  TwoPointCorrelationFunction  INFO     Using estimator <class 'pycorr.twopoint_estimator.NaturalTwoPointEstimator'>.
[021301.29]  01-26 20:55  TwoPointCorrelationFunction  INFO     Running auto-correlation.
[021301.29]  01-26 20:55  TwoPointCorrelationFunction  INFO     Computing two-point counts D1D2.
[021312.40]  01-26 20:55  TwoPointCorrelationFunction  INFO     Analytically computing two-point counts R1R2.
[021312.40]  01-26 20:55  TwoPointCorrelationFunction  INFO     Correlation function computed in elapsed time 11.11 s.
[021312.40]  01-26 20:55  NaturalTwoPointEstimator     INFO     Saving /pscratch/sd/s/shengyu/galaxies/catalogs/Y3/AbacusHF-v2/Boxes/QSO/sn1p850/AbacusSummit_base_c000_ph016/mpspk/wplog_QSO_zp1.850_DR2_v1.0.npy.
[021312.41]  01-26 20:55  compute_2pt                  INFO     Save to /pscratch/sd/s/shengyu/galaxies/catalogs/Y3/AbacusHF-v2/Boxes/QSO/sn1p850/AbacusSummit_base_c000_ph016/mpspk/wplog_QSO_zp1.850_DR2_v1.0.npy
[021312.41]  01-26 20:55  compute_2pt                  INFO     Procceed {'version': 'AbacusHF-v2', 'domain': 'cubic', 'tracer': 'QSO', 'zsnap': 1.85, 'zrange': (1.7, 2.1), 'mock_id': 17, 'use_dv': 'False'}
[021312.41]  01-26 20:55  cat_tools                    INFO     Load /pscratch/sd/s/shengyu/galaxies/catalogs/Y3/AbacusHF-v2/Boxes/QSO/sn1p850/AbacusSummit_base_c000_ph017/abacus_HF_QSO_1p850_DR2_v2.0_AbacusSummit_base_c000_ph017_base_clustering.dat.h5
[021312.41]  01-26 20:55  FileStack                    INFO     Reading /pscratch/sd/s/shengyu/galaxies/catalogs/Y3/AbacusHF-v2/Boxes/QSO/sn1p850/AbacusSummit_base_c000_ph017/abacus_HF_QSO_1p850_DR2_v2.0_AbacusSummit_base_c000_ph017_base_clustering.dat.h5.
[021312.86]  01-26 20:55  TwoPointCorrelationFunction  INFO     Using estimator <class 'pycorr.twopoint_estimator.NaturalTwoPointEstimator'>.
[021312.86]  01-26 20:55  TwoPointCorrelationFunction  INFO     Running auto-correlation.
[021312.86]  01-26 20:55  TwoPointCorrelationFunction  INFO     Computing two-point counts D1D2.
[021329.20]  01-26 20:55  TwoPointCorrelationFunction  INFO     Analytically computing two-point counts R1R2.
[021329.21]  01-26 20:55  TwoPointCorrelationFunction  INFO     Correlation function computed in elapsed time 16.34 s.
[021329.21]  01-26 20:55  NaturalTwoPointEstimator     INFO     Saving /pscratch/sd/s/shengyu/galaxies/catalogs/Y3/AbacusHF-v2/Boxes/QSO/sn1p850/AbacusSummit_base_c000_ph017/mpspk/xipoles_QSO_zp1.850_DR2_v1.0.npy.
[021329.21]  01-26 20:55  compute_2pt                  INFO     Save to /pscratch/sd/s/shengyu/galaxies/catalogs/Y3/AbacusHF-v2/Boxes/QSO/sn1p850/AbacusSummit_base_c000_ph017/mpspk/xipoles_QSO_zp1.850_DR2_v1.0.npy
[021330.76]  01-26 20:55  CatalogFFTPower              INFO     Painting catalog 1 to mesh CatalogMesh(nmesh=[512 512 512], boxsize=[2000. 2000. 2000.], boxcenter=[1000.00002411  999.99998695  999.9999498 ], dtype=float64).
[021331.00]  01-26 20:55  CatalogMesh                  INFO     Slab 0 ~ 4194304 / 11335886.
[021332.27]  01-26 20:55  CatalogMesh                  INFO     Painted 4194304 out of 11335886 objects to mesh.
[021332.27]  01-26 20:55  CatalogMesh                  INFO     Slab 4194304 ~ 8388608 / 11335886.
[021333.54]  01-26 20:55  CatalogMesh                  INFO     Painted 8388608 out of 11335886 objects to mesh.
[021333.54]  01-26 20:55  CatalogMesh                  INFO     Slab 8388608 ~ 12582912 / 11335886.
[021334.56]  01-26 20:55  CatalogMesh                  INFO     Painted 11335886 out of 11335886 objects to mesh.
[021334.56]  01-26 20:55  CatalogMesh                  INFO     Running interlacing at order 3.
[021336.64]  01-26 20:55  CatalogMesh                  INFO     Slab 0 ~ 4194304 / 11335886.
[021337.85]  01-26 20:55  CatalogMesh                  INFO     Painted 4194304 out of 11335886 objects to mesh.
[021337.85]  01-26 20:55  CatalogMesh                  INFO     Slab 4194304 ~ 8388608 / 11335886.
[021339.07]  01-26 20:55  CatalogMesh                  INFO     Painted 8388608 out of 11335886 objects to mesh.
[021339.07]  01-26 20:55  CatalogMesh                  INFO     Slab 8388608 ~ 12582912 / 11335886.
[021340.07]  01-26 20:55  CatalogMesh                  INFO     Painted 11335886 out of 11335886 objects to mesh.
[021343.66]  01-26 20:55  CatalogMesh                  INFO     Slab 0 ~ 4194304 / 11335886.
[021344.87]  01-26 20:55  CatalogMesh                  INFO     Painted 4194304 out of 11335886 objects to mesh.
[021344.87]  01-26 20:55  CatalogMesh                  INFO     Slab 4194304 ~ 8388608 / 11335886.
[021346.09]  01-26 20:55  CatalogMesh                  INFO     Painted 8388608 out of 11335886 objects to mesh.
[021346.09]  01-26 20:55  CatalogMesh                  INFO     Slab 8388608 ~ 12582912 / 11335886.
[021347.10]  01-26 20:55  CatalogMesh                  INFO     Painted 11335886 out of 11335886 objects to mesh.
[021352.59]  01-26 20:56  CatalogFFTPower              INFO     Done painting catalog 1 to mesh.
[021352.59]  01-26 20:56  CatalogFFTPower              INFO     Using 400 k-bins between 0.000 and 0.400.
[021352.59]  01-26 20:56  CatalogFFTPower              INFO     Meshes prepared in elapsed time 21.83 s.
[021352.59]  01-26 20:56  CatalogFFTPower              INFO     Running mesh calculation.
[021369.58]  01-26 20:56  CatalogFFTPower              INFO     Mesh calculations performed in elapsed time 16.99 s.
[021369.58]  01-26 20:56  CatalogFFTPower              INFO     Power spectrum computed in elapsed time 38.82 s.
[021369.58]  01-26 20:56  CatalogFFTPower              INFO     Saving /pscratch/sd/s/shengyu/galaxies/catalogs/Y3/AbacusHF-v2/Boxes/QSO/sn1p850/AbacusSummit_base_c000_ph017/mpspk/pkpoles_QSO_zp1.850_DR2_v1.0.npy.
[021369.58]  01-26 20:56  compute_2pt                  INFO     Save to /pscratch/sd/s/shengyu/galaxies/catalogs/Y3/AbacusHF-v2/Boxes/QSO/sn1p850/AbacusSummit_base_c000_ph017/mpspk/pkpoles_QSO_zp1.850_DR2_v1.0.npy
[021369.58]  01-26 20:56  TwoPointCorrelationFunction  INFO     Using estimator <class 'pycorr.twopoint_estimator.NaturalTwoPointEstimator'>.
[021369.58]  01-26 20:56  TwoPointCorrelationFunction  INFO     Running auto-correlation.
[021369.58]  01-26 20:56  TwoPointCorrelationFunction  INFO     Computing two-point counts D1D2.
[021373.04]  01-26 20:56  TwoPointCorrelationFunction  INFO     Analytically computing two-point counts R1R2.
[021373.05]  01-26 20:56  TwoPointCorrelationFunction  INFO     Correlation function computed in elapsed time 3.46 s.
[021373.05]  01-26 20:56  NaturalTwoPointEstimator     INFO     Saving /pscratch/sd/s/shengyu/galaxies/catalogs/Y3/AbacusHF-v2/Boxes/QSO/sn1p850/AbacusSummit_base_c000_ph017/mpspk/mpslog_QSO_zp1.850_DR2_v1.0.npy.
[021373.05]  01-26 20:56  compute_2pt                  INFO     Save to /pscratch/sd/s/shengyu/galaxies/catalogs/Y3/AbacusHF-v2/Boxes/QSO/sn1p850/AbacusSummit_base_c000_ph017/mpspk/mpslog_QSO_zp1.850_DR2_v1.0.npy
[021373.05]  01-26 20:56  TwoPointCorrelationFunction  INFO     Using estimator <class 'pycorr.twopoint_estimator.NaturalTwoPointEstimator'>.
[021373.05]  01-26 20:56  TwoPointCorrelationFunction  INFO     Running auto-correlation.
[021373.05]  01-26 20:56  TwoPointCorrelationFunction  INFO     Computing two-point counts D1D2.
[021384.06]  01-26 20:56  TwoPointCorrelationFunction  INFO     Analytically computing two-point counts R1R2.
[021384.06]  01-26 20:56  TwoPointCorrelationFunction  INFO     Correlation function computed in elapsed time 11.01 s.
[021384.06]  01-26 20:56  NaturalTwoPointEstimator     INFO     Saving /pscratch/sd/s/shengyu/galaxies/catalogs/Y3/AbacusHF-v2/Boxes/QSO/sn1p850/AbacusSummit_base_c000_ph017/mpspk/wplog_QSO_zp1.850_DR2_v1.0.npy.
[021384.06]  01-26 20:56  compute_2pt                  INFO     Save to /pscratch/sd/s/shengyu/galaxies/catalogs/Y3/AbacusHF-v2/Boxes/QSO/sn1p850/AbacusSummit_base_c000_ph017/mpspk/wplog_QSO_zp1.850_DR2_v1.0.npy
[021384.06]  01-26 20:56  compute_2pt                  INFO     Procceed {'version': 'AbacusHF-v2', 'domain': 'cubic', 'tracer': 'QSO', 'zsnap': 1.85, 'zrange': (1.7, 2.1), 'mock_id': 18, 'use_dv': 'False'}
[021384.06]  01-26 20:56  cat_tools                    INFO     Load /pscratch/sd/s/shengyu/galaxies/catalogs/Y3/AbacusHF-v2/Boxes/QSO/sn1p850/AbacusSummit_base_c000_ph018/abacus_HF_QSO_1p850_DR2_v2.0_AbacusSummit_base_c000_ph018_base_clustering.dat.h5
[021384.06]  01-26 20:56  FileStack                    INFO     Reading /pscratch/sd/s/shengyu/galaxies/catalogs/Y3/AbacusHF-v2/Boxes/QSO/sn1p850/AbacusSummit_base_c000_ph018/abacus_HF_QSO_1p850_DR2_v2.0_AbacusSummit_base_c000_ph018_base_clustering.dat.h5.
[021384.52]  01-26 20:56  TwoPointCorrelationFunction  INFO     Using estimator <class 'pycorr.twopoint_estimator.NaturalTwoPointEstimator'>.
[021384.53]  01-26 20:56  TwoPointCorrelationFunction  INFO     Running auto-correlation.
[021384.53]  01-26 20:56  TwoPointCorrelationFunction  INFO     Computing two-point counts D1D2.
[021401.33]  01-26 20:56  TwoPointCorrelationFunction  INFO     Analytically computing two-point counts R1R2.
[021401.33]  01-26 20:56  TwoPointCorrelationFunction  INFO     Correlation function computed in elapsed time 16.81 s.
[021401.33]  01-26 20:56  NaturalTwoPointEstimator     INFO     Saving /pscratch/sd/s/shengyu/galaxies/catalogs/Y3/AbacusHF-v2/Boxes/QSO/sn1p850/AbacusSummit_base_c000_ph018/mpspk/xipoles_QSO_zp1.850_DR2_v1.0.npy.
[021401.34]  01-26 20:56  compute_2pt                  INFO     Save to /pscratch/sd/s/shengyu/galaxies/catalogs/Y3/AbacusHF-v2/Boxes/QSO/sn1p850/AbacusSummit_base_c000_ph018/mpspk/xipoles_QSO_zp1.850_DR2_v1.0.npy
[021402.86]  01-26 20:56  CatalogFFTPower              INFO     Painting catalog 1 to mesh CatalogMesh(nmesh=[512 512 512], boxsize=[2000. 2000. 2000.], boxcenter=[1000.00000283 1000.00014923 1000.00011518], dtype=float64).
[021403.09]  01-26 20:56  CatalogMesh                  INFO     Slab 0 ~ 4194304 / 11354665.
[021404.30]  01-26 20:56  CatalogMesh                  INFO     Painted 4194304 out of 11354665 objects to mesh.
[021404.31]  01-26 20:56  CatalogMesh                  INFO     Slab 4194304 ~ 8388608 / 11354665.
[021405.53]  01-26 20:56  CatalogMesh                  INFO     Painted 8388608 out of 11354665 objects to mesh.
[021405.53]  01-26 20:56  CatalogMesh                  INFO     Slab 8388608 ~ 12582912 / 11354665.
[021406.53]  01-26 20:56  CatalogMesh                  INFO     Painted 11354665 out of 11354665 objects to mesh.
[021406.53]  01-26 20:56  CatalogMesh                  INFO     Running interlacing at order 3.
[021408.58]  01-26 20:57  CatalogMesh                  INFO     Slab 0 ~ 4194304 / 11354665.
[021409.82]  01-26 20:57  CatalogMesh                  INFO     Painted 4194304 out of 11354665 objects to mesh.
[021409.82]  01-26 20:57  CatalogMesh                  INFO     Slab 4194304 ~ 8388608 / 11354665.
[021411.05]  01-26 20:57  CatalogMesh                  INFO     Painted 8388608 out of 11354665 objects to mesh.
[021411.05]  01-26 20:57  CatalogMesh                  INFO     Slab 8388608 ~ 12582912 / 11354665.
[021412.05]  01-26 20:57  CatalogMesh                  INFO     Painted 11354665 out of 11354665 objects to mesh.
[021415.63]  01-26 20:57  CatalogMesh                  INFO     Slab 0 ~ 4194304 / 11354665.
[021416.85]  01-26 20:57  CatalogMesh                  INFO     Painted 4194304 out of 11354665 objects to mesh.
[021416.85]  01-26 20:57  CatalogMesh                  INFO     Slab 4194304 ~ 8388608 / 11354665.
[021418.06]  01-26 20:57  CatalogMesh                  INFO     Painted 8388608 out of 11354665 objects to mesh.
[021418.06]  01-26 20:57  CatalogMesh                  INFO     Slab 8388608 ~ 12582912 / 11354665.
[021419.06]  01-26 20:57  CatalogMesh                  INFO     Painted 11354665 out of 11354665 objects to mesh.
[021424.54]  01-26 20:57  CatalogFFTPower              INFO     Done painting catalog 1 to mesh.
[021424.54]  01-26 20:57  CatalogFFTPower              INFO     Using 400 k-bins between 0.000 and 0.400.
[021424.54]  01-26 20:57  CatalogFFTPower              INFO     Meshes prepared in elapsed time 21.68 s.
[021424.54]  01-26 20:57  CatalogFFTPower              INFO     Running mesh calculation.
[021441.49]  01-26 20:57  CatalogFFTPower              INFO     Mesh calculations performed in elapsed time 16.95 s.
[021441.49]  01-26 20:57  CatalogFFTPower              INFO     Power spectrum computed in elapsed time 38.63 s.
[021441.49]  01-26 20:57  CatalogFFTPower              INFO     Saving /pscratch/sd/s/shengyu/galaxies/catalogs/Y3/AbacusHF-v2/Boxes/QSO/sn1p850/AbacusSummit_base_c000_ph018/mpspk/pkpoles_QSO_zp1.850_DR2_v1.0.npy.
[021441.49]  01-26 20:57  compute_2pt                  INFO     Save to /pscratch/sd/s/shengyu/galaxies/catalogs/Y3/AbacusHF-v2/Boxes/QSO/sn1p850/AbacusSummit_base_c000_ph018/mpspk/pkpoles_QSO_zp1.850_DR2_v1.0.npy
[021441.49]  01-26 20:57  TwoPointCorrelationFunction  INFO     Using estimator <class 'pycorr.twopoint_estimator.NaturalTwoPointEstimator'>.
[021441.49]  01-26 20:57  TwoPointCorrelationFunction  INFO     Running auto-correlation.
[021441.49]  01-26 20:57  TwoPointCorrelationFunction  INFO     Computing two-point counts D1D2.
[021445.52]  01-26 20:57  TwoPointCorrelationFunction  INFO     Analytically computing two-point counts R1R2.
[021445.52]  01-26 20:57  TwoPointCorrelationFunction  INFO     Correlation function computed in elapsed time 4.02 s.
[021445.52]  01-26 20:57  NaturalTwoPointEstimator     INFO     Saving /pscratch/sd/s/shengyu/galaxies/catalogs/Y3/AbacusHF-v2/Boxes/QSO/sn1p850/AbacusSummit_base_c000_ph018/mpspk/mpslog_QSO_zp1.850_DR2_v1.0.npy.
[021445.52]  01-26 20:57  compute_2pt                  INFO     Save to /pscratch/sd/s/shengyu/galaxies/catalogs/Y3/AbacusHF-v2/Boxes/QSO/sn1p850/AbacusSummit_base_c000_ph018/mpspk/mpslog_QSO_zp1.850_DR2_v1.0.npy
[021445.52]  01-26 20:57  TwoPointCorrelationFunction  INFO     Using estimator <class 'pycorr.twopoint_estimator.NaturalTwoPointEstimator'>.
[021445.52]  01-26 20:57  TwoPointCorrelationFunction  INFO     Running auto-correlation.
[021445.52]  01-26 20:57  TwoPointCorrelationFunction  INFO     Computing two-point counts D1D2.
[021456.45]  01-26 20:57  TwoPointCorrelationFunction  INFO     Analytically computing two-point counts R1R2.
[021456.45]  01-26 20:57  TwoPointCorrelationFunction  INFO     Correlation function computed in elapsed time 10.93 s.
[021456.45]  01-26 20:57  NaturalTwoPointEstimator     INFO     Saving /pscratch/sd/s/shengyu/galaxies/catalogs/Y3/AbacusHF-v2/Boxes/QSO/sn1p850/AbacusSummit_base_c000_ph018/mpspk/wplog_QSO_zp1.850_DR2_v1.0.npy.
[021456.46]  01-26 20:57  compute_2pt                  INFO     Save to /pscratch/sd/s/shengyu/galaxies/catalogs/Y3/AbacusHF-v2/Boxes/QSO/sn1p850/AbacusSummit_base_c000_ph018/mpspk/wplog_QSO_zp1.850_DR2_v1.0.npy
[021456.46]  01-26 20:57  compute_2pt                  INFO     Procceed {'version': 'AbacusHF-v2', 'domain': 'cubic', 'tracer': 'QSO', 'zsnap': 1.85, 'zrange': (1.7, 2.1), 'mock_id': 19, 'use_dv': 'False'}
[021456.46]  01-26 20:57  cat_tools                    INFO     Load /pscratch/sd/s/shengyu/galaxies/catalogs/Y3/AbacusHF-v2/Boxes/QSO/sn1p850/AbacusSummit_base_c000_ph019/abacus_HF_QSO_1p850_DR2_v2.0_AbacusSummit_base_c000_ph019_base_clustering.dat.h5
[021456.46]  01-26 20:57  FileStack                    INFO     Reading /pscratch/sd/s/shengyu/galaxies/catalogs/Y3/AbacusHF-v2/Boxes/QSO/sn1p850/AbacusSummit_base_c000_ph019/abacus_HF_QSO_1p850_DR2_v2.0_AbacusSummit_base_c000_ph019_base_clustering.dat.h5.
[021456.92]  01-26 20:57  TwoPointCorrelationFunction  INFO     Using estimator <class 'pycorr.twopoint_estimator.NaturalTwoPointEstimator'>.
[021456.92]  01-26 20:57  TwoPointCorrelationFunction  INFO     Running auto-correlation.
[021456.92]  01-26 20:57  TwoPointCorrelationFunction  INFO     Computing two-point counts D1D2.
[021473.38]  01-26 20:58  TwoPointCorrelationFunction  INFO     Analytically computing two-point counts R1R2.
[021473.38]  01-26 20:58  TwoPointCorrelationFunction  INFO     Correlation function computed in elapsed time 16.46 s.
[021473.38]  01-26 20:58  NaturalTwoPointEstimator     INFO     Saving /pscratch/sd/s/shengyu/galaxies/catalogs/Y3/AbacusHF-v2/Boxes/QSO/sn1p850/AbacusSummit_base_c000_ph019/mpspk/xipoles_QSO_zp1.850_DR2_v1.0.npy.
[021473.38]  01-26 20:58  compute_2pt                  INFO     Save to /pscratch/sd/s/shengyu/galaxies/catalogs/Y3/AbacusHF-v2/Boxes/QSO/sn1p850/AbacusSummit_base_c000_ph019/mpspk/xipoles_QSO_zp1.850_DR2_v1.0.npy
[021474.91]  01-26 20:58  CatalogFFTPower              INFO     Painting catalog 1 to mesh CatalogMesh(nmesh=[512 512 512], boxsize=[2000. 2000. 2000.], boxcenter=[1000.00004699  999.99994797 1000.00006972], dtype=float64).
[021475.14]  01-26 20:58  CatalogMesh                  INFO     Slab 0 ~ 4194304 / 11337919.
[021476.36]  01-26 20:58  CatalogMesh                  INFO     Painted 4194304 out of 11337919 objects to mesh.
[021476.36]  01-26 20:58  CatalogMesh                  INFO     Slab 4194304 ~ 8388608 / 11337919.
[021477.58]  01-26 20:58  CatalogMesh                  INFO     Painted 8388608 out of 11337919 objects to mesh.
[021477.58]  01-26 20:58  CatalogMesh                  INFO     Slab 8388608 ~ 12582912 / 11337919.
[021478.58]  01-26 20:58  CatalogMesh                  INFO     Painted 11337919 out of 11337919 objects to mesh.
[021478.58]  01-26 20:58  CatalogMesh                  INFO     Running interlacing at order 3.
[021480.66]  01-26 20:58  CatalogMesh                  INFO     Slab 0 ~ 4194304 / 11337919.
[021481.87]  01-26 20:58  CatalogMesh                  INFO     Painted 4194304 out of 11337919 objects to mesh.
[021481.88]  01-26 20:58  CatalogMesh                  INFO     Slab 4194304 ~ 8388608 / 11337919.
[021483.10]  01-26 20:58  CatalogMesh                  INFO     Painted 8388608 out of 11337919 objects to mesh.
[021483.10]  01-26 20:58  CatalogMesh                  INFO     Slab 8388608 ~ 12582912 / 11337919.
[021484.11]  01-26 20:58  CatalogMesh                  INFO     Painted 11337919 out of 11337919 objects to mesh.
[021487.68]  01-26 20:58  CatalogMesh                  INFO     Slab 0 ~ 4194304 / 11337919.
[021488.89]  01-26 20:58  CatalogMesh                  INFO     Painted 4194304 out of 11337919 objects to mesh.
[021488.89]  01-26 20:58  CatalogMesh                  INFO     Slab 4194304 ~ 8388608 / 11337919.
[021490.11]  01-26 20:58  CatalogMesh                  INFO     Painted 8388608 out of 11337919 objects to mesh.
[021490.11]  01-26 20:58  CatalogMesh                  INFO     Slab 8388608 ~ 12582912 / 11337919.
[021491.11]  01-26 20:58  CatalogMesh                  INFO     Painted 11337919 out of 11337919 objects to mesh.
[021496.59]  01-26 20:58  CatalogFFTPower              INFO     Done painting catalog 1 to mesh.
[021496.59]  01-26 20:58  CatalogFFTPower              INFO     Using 400 k-bins between 0.000 and 0.400.
[021496.59]  01-26 20:58  CatalogFFTPower              INFO     Meshes prepared in elapsed time 21.68 s.
[021496.59]  01-26 20:58  CatalogFFTPower              INFO     Running mesh calculation.
[021513.59]  01-26 20:58  CatalogFFTPower              INFO     Mesh calculations performed in elapsed time 17.00 s.
[021513.59]  01-26 20:58  CatalogFFTPower              INFO     Power spectrum computed in elapsed time 38.68 s.
[021513.60]  01-26 20:58  CatalogFFTPower              INFO     Saving /pscratch/sd/s/shengyu/galaxies/catalogs/Y3/AbacusHF-v2/Boxes/QSO/sn1p850/AbacusSummit_base_c000_ph019/mpspk/pkpoles_QSO_zp1.850_DR2_v1.0.npy.
[021513.60]  01-26 20:58  compute_2pt                  INFO     Save to /pscratch/sd/s/shengyu/galaxies/catalogs/Y3/AbacusHF-v2/Boxes/QSO/sn1p850/AbacusSummit_base_c000_ph019/mpspk/pkpoles_QSO_zp1.850_DR2_v1.0.npy
[021513.60]  01-26 20:58  TwoPointCorrelationFunction  INFO     Using estimator <class 'pycorr.twopoint_estimator.NaturalTwoPointEstimator'>.
[021513.60]  01-26 20:58  TwoPointCorrelationFunction  INFO     Running auto-correlation.
[021513.60]  01-26 20:58  TwoPointCorrelationFunction  INFO     Computing two-point counts D1D2.
[021517.07]  01-26 20:58  TwoPointCorrelationFunction  INFO     Analytically computing two-point counts R1R2.
[021517.07]  01-26 20:58  TwoPointCorrelationFunction  INFO     Correlation function computed in elapsed time 3.47 s.
[021517.07]  01-26 20:58  NaturalTwoPointEstimator     INFO     Saving /pscratch/sd/s/shengyu/galaxies/catalogs/Y3/AbacusHF-v2/Boxes/QSO/sn1p850/AbacusSummit_base_c000_ph019/mpspk/mpslog_QSO_zp1.850_DR2_v1.0.npy.
[021517.07]  01-26 20:58  compute_2pt                  INFO     Save to /pscratch/sd/s/shengyu/galaxies/catalogs/Y3/AbacusHF-v2/Boxes/QSO/sn1p850/AbacusSummit_base_c000_ph019/mpspk/mpslog_QSO_zp1.850_DR2_v1.0.npy
[021517.07]  01-26 20:58  TwoPointCorrelationFunction  INFO     Using estimator <class 'pycorr.twopoint_estimator.NaturalTwoPointEstimator'>.
[021517.08]  01-26 20:58  TwoPointCorrelationFunction  INFO     Running auto-correlation.
[021517.08]  01-26 20:58  TwoPointCorrelationFunction  INFO     Computing two-point counts D1D2.
[021528.18]  01-26 20:59  TwoPointCorrelationFunction  INFO     Analytically computing two-point counts R1R2.
[021528.18]  01-26 20:59  TwoPointCorrelationFunction  INFO     Correlation function computed in elapsed time 11.11 s.
[021528.18]  01-26 20:59  NaturalTwoPointEstimator     INFO     Saving /pscratch/sd/s/shengyu/galaxies/catalogs/Y3/AbacusHF-v2/Boxes/QSO/sn1p850/AbacusSummit_base_c000_ph019/mpspk/wplog_QSO_zp1.850_DR2_v1.0.npy.
[021528.18]  01-26 20:59  compute_2pt                  INFO     Save to /pscratch/sd/s/shengyu/galaxies/catalogs/Y3/AbacusHF-v2/Boxes/QSO/sn1p850/AbacusSummit_base_c000_ph019/mpspk/wplog_QSO_zp1.850_DR2_v1.0.npy
[021528.19]  01-26 20:59  compute_2pt                  INFO     Procceed {'version': 'AbacusHF-v2', 'domain': 'cubic', 'tracer': 'QSO', 'zsnap': 1.85, 'zrange': (1.7, 2.1), 'mock_id': 20, 'use_dv': 'False'}
[021528.19]  01-26 20:59  cat_tools                    INFO     Load /pscratch/sd/s/shengyu/galaxies/catalogs/Y3/AbacusHF-v2/Boxes/QSO/sn1p850/AbacusSummit_base_c000_ph020/abacus_HF_QSO_1p850_DR2_v2.0_AbacusSummit_base_c000_ph020_base_clustering.dat.h5
[021528.19]  01-26 20:59  FileStack                    INFO     Reading /pscratch/sd/s/shengyu/galaxies/catalogs/Y3/AbacusHF-v2/Boxes/QSO/sn1p850/AbacusSummit_base_c000_ph020/abacus_HF_QSO_1p850_DR2_v2.0_AbacusSummit_base_c000_ph020_base_clustering.dat.h5.
[021528.64]  01-26 20:59  TwoPointCorrelationFunction  INFO     Using estimator <class 'pycorr.twopoint_estimator.NaturalTwoPointEstimator'>.
[021528.64]  01-26 20:59  TwoPointCorrelationFunction  INFO     Running auto-correlation.
[021528.64]  01-26 20:59  TwoPointCorrelationFunction  INFO     Computing two-point counts D1D2.
[021545.18]  01-26 20:59  TwoPointCorrelationFunction  INFO     Analytically computing two-point counts R1R2.
[021545.19]  01-26 20:59  TwoPointCorrelationFunction  INFO     Correlation function computed in elapsed time 16.54 s.
[021545.19]  01-26 20:59  NaturalTwoPointEstimator     INFO     Saving /pscratch/sd/s/shengyu/galaxies/catalogs/Y3/AbacusHF-v2/Boxes/QSO/sn1p850/AbacusSummit_base_c000_ph020/mpspk/xipoles_QSO_zp1.850_DR2_v1.0.npy.
[021545.19]  01-26 20:59  compute_2pt                  INFO     Save to /pscratch/sd/s/shengyu/galaxies/catalogs/Y3/AbacusHF-v2/Boxes/QSO/sn1p850/AbacusSummit_base_c000_ph020/mpspk/xipoles_QSO_zp1.850_DR2_v1.0.npy
[021546.72]  01-26 20:59  CatalogFFTPower              INFO     Painting catalog 1 to mesh CatalogMesh(nmesh=[512 512 512], boxsize=[2000. 2000. 2000.], boxcenter=[ 999.99995997 1000.00003208  999.99997688], dtype=float64).
[021546.96]  01-26 20:59  CatalogMesh                  INFO     Slab 0 ~ 4194304 / 11350441.
[021548.19]  01-26 20:59  CatalogMesh                  INFO     Painted 4194304 out of 11350441 objects to mesh.
[021548.19]  01-26 20:59  CatalogMesh                  INFO     Slab 4194304 ~ 8388608 / 11350441.
[021549.41]  01-26 20:59  CatalogMesh                  INFO     Painted 8388608 out of 11350441 objects to mesh.
[021549.41]  01-26 20:59  CatalogMesh                  INFO     Slab 8388608 ~ 12582912 / 11350441.
[021550.41]  01-26 20:59  CatalogMesh                  INFO     Painted 11350441 out of 11350441 objects to mesh.
[021550.41]  01-26 20:59  CatalogMesh                  INFO     Running interlacing at order 3.
[021552.47]  01-26 20:59  CatalogMesh                  INFO     Slab 0 ~ 4194304 / 11350441.
[021553.68]  01-26 20:59  CatalogMesh                  INFO     Painted 4194304 out of 11350441 objects to mesh.
[021553.68]  01-26 20:59  CatalogMesh                  INFO     Slab 4194304 ~ 8388608 / 11350441.
[021554.90]  01-26 20:59  CatalogMesh                  INFO     Painted 8388608 out of 11350441 objects to mesh.
[021554.90]  01-26 20:59  CatalogMesh                  INFO     Slab 8388608 ~ 12582912 / 11350441.
[021555.91]  01-26 20:59  CatalogMesh                  INFO     Painted 11350441 out of 11350441 objects to mesh.
[021559.52]  01-26 20:59  CatalogMesh                  INFO     Slab 0 ~ 4194304 / 11350441.
[021560.75]  01-26 20:59  CatalogMesh                  INFO     Painted 4194304 out of 11350441 objects to mesh.
[021560.75]  01-26 20:59  CatalogMesh                  INFO     Slab 4194304 ~ 8388608 / 11350441.
[021561.98]  01-26 20:59  CatalogMesh                  INFO     Painted 8388608 out of 11350441 objects to mesh.
[021561.98]  01-26 20:59  CatalogMesh                  INFO     Slab 8388608 ~ 12582912 / 11350441.
[021562.99]  01-26 20:59  CatalogMesh                  INFO     Painted 11350441 out of 11350441 objects to mesh.
[021568.49]  01-26 20:59  CatalogFFTPower              INFO     Done painting catalog 1 to mesh.
[021568.49]  01-26 20:59  CatalogFFTPower              INFO     Using 400 k-bins between 0.000 and 0.400.
[021568.49]  01-26 20:59  CatalogFFTPower              INFO     Meshes prepared in elapsed time 21.77 s.
[021568.49]  01-26 20:59  CatalogFFTPower              INFO     Running mesh calculation.
[021585.50]  01-26 20:59  CatalogFFTPower              INFO     Mesh calculations performed in elapsed time 17.01 s.
[021585.50]  01-26 20:59  CatalogFFTPower              INFO     Power spectrum computed in elapsed time 38.78 s.
[021585.51]  01-26 20:59  CatalogFFTPower              INFO     Saving /pscratch/sd/s/shengyu/galaxies/catalogs/Y3/AbacusHF-v2/Boxes/QSO/sn1p850/AbacusSummit_base_c000_ph020/mpspk/pkpoles_QSO_zp1.850_DR2_v1.0.npy.
[021585.51]  01-26 20:59  compute_2pt                  INFO     Save to /pscratch/sd/s/shengyu/galaxies/catalogs/Y3/AbacusHF-v2/Boxes/QSO/sn1p850/AbacusSummit_base_c000_ph020/mpspk/pkpoles_QSO_zp1.850_DR2_v1.0.npy
[021585.51]  01-26 20:59  TwoPointCorrelationFunction  INFO     Using estimator <class 'pycorr.twopoint_estimator.NaturalTwoPointEstimator'>.
[021585.51]  01-26 20:59  TwoPointCorrelationFunction  INFO     Running auto-correlation.
[021585.51]  01-26 20:59  TwoPointCorrelationFunction  INFO     Computing two-point counts D1D2.
[021589.17]  01-26 21:00  TwoPointCorrelationFunction  INFO     Analytically computing two-point counts R1R2.
[021589.17]  01-26 21:00  TwoPointCorrelationFunction  INFO     Correlation function computed in elapsed time 3.66 s.
[021589.17]  01-26 21:00  NaturalTwoPointEstimator     INFO     Saving /pscratch/sd/s/shengyu/galaxies/catalogs/Y3/AbacusHF-v2/Boxes/QSO/sn1p850/AbacusSummit_base_c000_ph020/mpspk/mpslog_QSO_zp1.850_DR2_v1.0.npy.
[021589.18]  01-26 21:00  compute_2pt                  INFO     Save to /pscratch/sd/s/shengyu/galaxies/catalogs/Y3/AbacusHF-v2/Boxes/QSO/sn1p850/AbacusSummit_base_c000_ph020/mpspk/mpslog_QSO_zp1.850_DR2_v1.0.npy
[021589.18]  01-26 21:00  TwoPointCorrelationFunction  INFO     Using estimator <class 'pycorr.twopoint_estimator.NaturalTwoPointEstimator'>.
[021589.18]  01-26 21:00  TwoPointCorrelationFunction  INFO     Running auto-correlation.
[021589.18]  01-26 21:00  TwoPointCorrelationFunction  INFO     Computing two-point counts D1D2.
[021600.27]  01-26 21:00  TwoPointCorrelationFunction  INFO     Analytically computing two-point counts R1R2.
[021600.27]  01-26 21:00  TwoPointCorrelationFunction  INFO     Correlation function computed in elapsed time 11.09 s.
[021600.27]  01-26 21:00  NaturalTwoPointEstimator     INFO     Saving /pscratch/sd/s/shengyu/galaxies/catalogs/Y3/AbacusHF-v2/Boxes/QSO/sn1p850/AbacusSummit_base_c000_ph020/mpspk/wplog_QSO_zp1.850_DR2_v1.0.npy.
[021600.27]  01-26 21:00  compute_2pt                  INFO     Save to /pscratch/sd/s/shengyu/galaxies/catalogs/Y3/AbacusHF-v2/Boxes/QSO/sn1p850/AbacusSummit_base_c000_ph020/mpspk/wplog_QSO_zp1.850_DR2_v1.0.npy
[021600.28]  01-26 21:00  compute_2pt                  INFO     Procceed {'version': 'AbacusHF-v2', 'domain': 'cubic', 'tracer': 'QSO', 'zsnap': 1.85, 'zrange': (1.7, 2.1), 'mock_id': 21, 'use_dv': 'False'}
[021600.28]  01-26 21:00  cat_tools                    INFO     Load /pscratch/sd/s/shengyu/galaxies/catalogs/Y3/AbacusHF-v2/Boxes/QSO/sn1p850/AbacusSummit_base_c000_ph021/abacus_HF_QSO_1p850_DR2_v2.0_AbacusSummit_base_c000_ph021_base_clustering.dat.h5
[021600.28]  01-26 21:00  FileStack                    INFO     Reading /pscratch/sd/s/shengyu/galaxies/catalogs/Y3/AbacusHF-v2/Boxes/QSO/sn1p850/AbacusSummit_base_c000_ph021/abacus_HF_QSO_1p850_DR2_v2.0_AbacusSummit_base_c000_ph021_base_clustering.dat.h5.
[021600.73]  01-26 21:00  TwoPointCorrelationFunction  INFO     Using estimator <class 'pycorr.twopoint_estimator.NaturalTwoPointEstimator'>.
[021600.73]  01-26 21:00  TwoPointCorrelationFunction  INFO     Running auto-correlation.
[021600.73]  01-26 21:00  TwoPointCorrelationFunction  INFO     Computing two-point counts D1D2.
[021617.02]  01-26 21:00  TwoPointCorrelationFunction  INFO     Analytically computing two-point counts R1R2.
[021617.02]  01-26 21:00  TwoPointCorrelationFunction  INFO     Correlation function computed in elapsed time 16.29 s.
[021617.02]  01-26 21:00  NaturalTwoPointEstimator     INFO     Saving /pscratch/sd/s/shengyu/galaxies/catalogs/Y3/AbacusHF-v2/Boxes/QSO/sn1p850/AbacusSummit_base_c000_ph021/mpspk/xipoles_QSO_zp1.850_DR2_v1.0.npy.
[021617.03]  01-26 21:00  compute_2pt                  INFO     Save to /pscratch/sd/s/shengyu/galaxies/catalogs/Y3/AbacusHF-v2/Boxes/QSO/sn1p850/AbacusSummit_base_c000_ph021/mpspk/xipoles_QSO_zp1.850_DR2_v1.0.npy
[021618.56]  01-26 21:00  CatalogFFTPower              INFO     Painting catalog 1 to mesh CatalogMesh(nmesh=[512 512 512], boxsize=[2000. 2000. 2000.], boxcenter=[1000.00015684  999.99989404 1000.0000402 ], dtype=float64).
[021618.79]  01-26 21:00  CatalogMesh                  INFO     Slab 0 ~ 4194304 / 11326477.
[021620.02]  01-26 21:00  CatalogMesh                  INFO     Painted 4194304 out of 11326477 objects to mesh.
[021620.02]  01-26 21:00  CatalogMesh                  INFO     Slab 4194304 ~ 8388608 / 11326477.
[021621.27]  01-26 21:00  CatalogMesh                  INFO     Painted 8388608 out of 11326477 objects to mesh.
[021621.27]  01-26 21:00  CatalogMesh                  INFO     Slab 8388608 ~ 12582912 / 11326477.
[021622.28]  01-26 21:00  CatalogMesh                  INFO     Painted 11326477 out of 11326477 objects to mesh.
[021622.28]  01-26 21:00  CatalogMesh                  INFO     Running interlacing at order 3.
[021624.37]  01-26 21:00  CatalogMesh                  INFO     Slab 0 ~ 4194304 / 11326477.
[021625.61]  01-26 21:00  CatalogMesh                  INFO     Painted 4194304 out of 11326477 objects to mesh.
[021625.61]  01-26 21:00  CatalogMesh                  INFO     Slab 4194304 ~ 8388608 / 11326477.
[021626.84]  01-26 21:00  CatalogMesh                  INFO     Painted 8388608 out of 11326477 objects to mesh.
[021626.84]  01-26 21:00  CatalogMesh                  INFO     Slab 8388608 ~ 12582912 / 11326477.
[021627.85]  01-26 21:00  CatalogMesh                  INFO     Painted 11326477 out of 11326477 objects to mesh.
[021631.48]  01-26 21:00  CatalogMesh                  INFO     Slab 0 ~ 4194304 / 11326477.
[021632.71]  01-26 21:00  CatalogMesh                  INFO     Painted 4194304 out of 11326477 objects to mesh.
[021632.71]  01-26 21:00  CatalogMesh                  INFO     Slab 4194304 ~ 8388608 / 11326477.
[021633.95]  01-26 21:00  CatalogMesh                  INFO     Painted 8388608 out of 11326477 objects to mesh.
[021633.95]  01-26 21:00  CatalogMesh                  INFO     Slab 8388608 ~ 12582912 / 11326477.
[021634.96]  01-26 21:00  CatalogMesh                  INFO     Painted 11326477 out of 11326477 objects to mesh.
[021640.50]  01-26 21:00  CatalogFFTPower              INFO     Done painting catalog 1 to mesh.
[021640.50]  01-26 21:00  CatalogFFTPower              INFO     Using 400 k-bins between 0.000 and 0.400.
[021640.50]  01-26 21:00  CatalogFFTPower              INFO     Meshes prepared in elapsed time 21.94 s.
[021640.50]  01-26 21:00  CatalogFFTPower              INFO     Running mesh calculation.
[021657.79]  01-26 21:01  CatalogFFTPower              INFO     Mesh calculations performed in elapsed time 17.29 s.
[021657.79]  01-26 21:01  CatalogFFTPower              INFO     Power spectrum computed in elapsed time 39.23 s.
[021657.79]  01-26 21:01  CatalogFFTPower              INFO     Saving /pscratch/sd/s/shengyu/galaxies/catalogs/Y3/AbacusHF-v2/Boxes/QSO/sn1p850/AbacusSummit_base_c000_ph021/mpspk/pkpoles_QSO_zp1.850_DR2_v1.0.npy.
[021657.80]  01-26 21:01  compute_2pt                  INFO     Save to /pscratch/sd/s/shengyu/galaxies/catalogs/Y3/AbacusHF-v2/Boxes/QSO/sn1p850/AbacusSummit_base_c000_ph021/mpspk/pkpoles_QSO_zp1.850_DR2_v1.0.npy
[021657.80]  01-26 21:01  TwoPointCorrelationFunction  INFO     Using estimator <class 'pycorr.twopoint_estimator.NaturalTwoPointEstimator'>.
[021657.80]  01-26 21:01  TwoPointCorrelationFunction  INFO     Running auto-correlation.
[021657.80]  01-26 21:01  TwoPointCorrelationFunction  INFO     Computing two-point counts D1D2.
[021661.71]  01-26 21:01  TwoPointCorrelationFunction  INFO     Analytically computing two-point counts R1R2.
[021661.71]  01-26 21:01  TwoPointCorrelationFunction  INFO     Correlation function computed in elapsed time 3.92 s.
[021661.71]  01-26 21:01  NaturalTwoPointEstimator     INFO     Saving /pscratch/sd/s/shengyu/galaxies/catalogs/Y3/AbacusHF-v2/Boxes/QSO/sn1p850/AbacusSummit_base_c000_ph021/mpspk/mpslog_QSO_zp1.850_DR2_v1.0.npy.
[021661.72]  01-26 21:01  compute_2pt                  INFO     Save to /pscratch/sd/s/shengyu/galaxies/catalogs/Y3/AbacusHF-v2/Boxes/QSO/sn1p850/AbacusSummit_base_c000_ph021/mpspk/mpslog_QSO_zp1.850_DR2_v1.0.npy
[021661.72]  01-26 21:01  TwoPointCorrelationFunction  INFO     Using estimator <class 'pycorr.twopoint_estimator.NaturalTwoPointEstimator'>.
[021661.72]  01-26 21:01  TwoPointCorrelationFunction  INFO     Running auto-correlation.
[021661.72]  01-26 21:01  TwoPointCorrelationFunction  INFO     Computing two-point counts D1D2.
[021672.74]  01-26 21:01  TwoPointCorrelationFunction  INFO     Analytically computing two-point counts R1R2.
[021672.74]  01-26 21:01  TwoPointCorrelationFunction  INFO     Correlation function computed in elapsed time 11.02 s.
[021672.74]  01-26 21:01  NaturalTwoPointEstimator     INFO     Saving /pscratch/sd/s/shengyu/galaxies/catalogs/Y3/AbacusHF-v2/Boxes/QSO/sn1p850/AbacusSummit_base_c000_ph021/mpspk/wplog_QSO_zp1.850_DR2_v1.0.npy.
[021672.74]  01-26 21:01  compute_2pt                  INFO     Save to /pscratch/sd/s/shengyu/galaxies/catalogs/Y3/AbacusHF-v2/Boxes/QSO/sn1p850/AbacusSummit_base_c000_ph021/mpspk/wplog_QSO_zp1.850_DR2_v1.0.npy
[021672.74]  01-26 21:01  compute_2pt                  INFO     Procceed {'version': 'AbacusHF-v2', 'domain': 'cubic', 'tracer': 'QSO', 'zsnap': 1.85, 'zrange': (1.7, 2.1), 'mock_id': 22, 'use_dv': 'False'}
[021672.74]  01-26 21:01  cat_tools                    INFO     Load /pscratch/sd/s/shengyu/galaxies/catalogs/Y3/AbacusHF-v2/Boxes/QSO/sn1p850/AbacusSummit_base_c000_ph022/abacus_HF_QSO_1p850_DR2_v2.0_AbacusSummit_base_c000_ph022_base_clustering.dat.h5
[021672.74]  01-26 21:01  FileStack                    INFO     Reading /pscratch/sd/s/shengyu/galaxies/catalogs/Y3/AbacusHF-v2/Boxes/QSO/sn1p850/AbacusSummit_base_c000_ph022/abacus_HF_QSO_1p850_DR2_v2.0_AbacusSummit_base_c000_ph022_base_clustering.dat.h5.
[021673.20]  01-26 21:01  TwoPointCorrelationFunction  INFO     Using estimator <class 'pycorr.twopoint_estimator.NaturalTwoPointEstimator'>.
[021673.20]  01-26 21:01  TwoPointCorrelationFunction  INFO     Running auto-correlation.
[021673.20]  01-26 21:01  TwoPointCorrelationFunction  INFO     Computing two-point counts D1D2.
[021690.00]  01-26 21:01  TwoPointCorrelationFunction  INFO     Analytically computing two-point counts R1R2.
[021690.01]  01-26 21:01  TwoPointCorrelationFunction  INFO     Correlation function computed in elapsed time 16.81 s.
[021690.01]  01-26 21:01  NaturalTwoPointEstimator     INFO     Saving /pscratch/sd/s/shengyu/galaxies/catalogs/Y3/AbacusHF-v2/Boxes/QSO/sn1p850/AbacusSummit_base_c000_ph022/mpspk/xipoles_QSO_zp1.850_DR2_v1.0.npy.
[021690.01]  01-26 21:01  compute_2pt                  INFO     Save to /pscratch/sd/s/shengyu/galaxies/catalogs/Y3/AbacusHF-v2/Boxes/QSO/sn1p850/AbacusSummit_base_c000_ph022/mpspk/xipoles_QSO_zp1.850_DR2_v1.0.npy
[021691.55]  01-26 21:01  CatalogFFTPower              INFO     Painting catalog 1 to mesh CatalogMesh(nmesh=[512 512 512], boxsize=[2000. 2000. 2000.], boxcenter=[1000.00007277 1000.00011166 1000.0000499 ], dtype=float64).
[021691.78]  01-26 21:01  CatalogMesh                  INFO     Slab 0 ~ 4194304 / 11330713.
[021693.01]  01-26 21:01  CatalogMesh                  INFO     Painted 4194304 out of 11330713 objects to mesh.
[021693.01]  01-26 21:01  CatalogMesh                  INFO     Slab 4194304 ~ 8388608 / 11330713.
[021694.23]  01-26 21:01  CatalogMesh                  INFO     Painted 8388608 out of 11330713 objects to mesh.
[021694.23]  01-26 21:01  CatalogMesh                  INFO     Slab 8388608 ~ 12582912 / 11330713.
[021695.24]  01-26 21:01  CatalogMesh                  INFO     Painted 11330713 out of 11330713 objects to mesh.
[021695.24]  01-26 21:01  CatalogMesh                  INFO     Running interlacing at order 3.
[021697.29]  01-26 21:01  CatalogMesh                  INFO     Slab 0 ~ 4194304 / 11330713.
[021698.51]  01-26 21:01  CatalogMesh                  INFO     Painted 4194304 out of 11330713 objects to mesh.
[021698.51]  01-26 21:01  CatalogMesh                  INFO     Slab 4194304 ~ 8388608 / 11330713.
[021699.73]  01-26 21:01  CatalogMesh                  INFO     Painted 8388608 out of 11330713 objects to mesh.
[021699.73]  01-26 21:01  CatalogMesh                  INFO     Slab 8388608 ~ 12582912 / 11330713.
[021700.72]  01-26 21:01  CatalogMesh                  INFO     Painted 11330713 out of 11330713 objects to mesh.
[021704.30]  01-26 21:01  CatalogMesh                  INFO     Slab 0 ~ 4194304 / 11330713.
[021705.51]  01-26 21:01  CatalogMesh                  INFO     Painted 4194304 out of 11330713 objects to mesh.
[021705.51]  01-26 21:01  CatalogMesh                  INFO     Slab 4194304 ~ 8388608 / 11330713.
[021706.74]  01-26 21:01  CatalogMesh                  INFO     Painted 8388608 out of 11330713 objects to mesh.
[021706.74]  01-26 21:01  CatalogMesh                  INFO     Slab 8388608 ~ 12582912 / 11330713.
[021707.74]  01-26 21:02  CatalogMesh                  INFO     Painted 11330713 out of 11330713 objects to mesh.
[021713.20]  01-26 21:02  CatalogFFTPower              INFO     Done painting catalog 1 to mesh.
[021713.20]  01-26 21:02  CatalogFFTPower              INFO     Using 400 k-bins between 0.000 and 0.400.
[021713.20]  01-26 21:02  CatalogFFTPower              INFO     Meshes prepared in elapsed time 21.64 s.
[021713.20]  01-26 21:02  CatalogFFTPower              INFO     Running mesh calculation.
[021730.19]  01-26 21:02  CatalogFFTPower              INFO     Mesh calculations performed in elapsed time 16.99 s.
[021730.19]  01-26 21:02  CatalogFFTPower              INFO     Power spectrum computed in elapsed time 38.63 s.
[021730.19]  01-26 21:02  CatalogFFTPower              INFO     Saving /pscratch/sd/s/shengyu/galaxies/catalogs/Y3/AbacusHF-v2/Boxes/QSO/sn1p850/AbacusSummit_base_c000_ph022/mpspk/pkpoles_QSO_zp1.850_DR2_v1.0.npy.
[021730.19]  01-26 21:02  compute_2pt                  INFO     Save to /pscratch/sd/s/shengyu/galaxies/catalogs/Y3/AbacusHF-v2/Boxes/QSO/sn1p850/AbacusSummit_base_c000_ph022/mpspk/pkpoles_QSO_zp1.850_DR2_v1.0.npy
[021730.19]  01-26 21:02  TwoPointCorrelationFunction  INFO     Using estimator <class 'pycorr.twopoint_estimator.NaturalTwoPointEstimator'>.
[021730.19]  01-26 21:02  TwoPointCorrelationFunction  INFO     Running auto-correlation.
[021730.19]  01-26 21:02  TwoPointCorrelationFunction  INFO     Computing two-point counts D1D2.
[021734.02]  01-26 21:02  TwoPointCorrelationFunction  INFO     Analytically computing two-point counts R1R2.
[021734.02]  01-26 21:02  TwoPointCorrelationFunction  INFO     Correlation function computed in elapsed time 3.83 s.
[021734.02]  01-26 21:02  NaturalTwoPointEstimator     INFO     Saving /pscratch/sd/s/shengyu/galaxies/catalogs/Y3/AbacusHF-v2/Boxes/QSO/sn1p850/AbacusSummit_base_c000_ph022/mpspk/mpslog_QSO_zp1.850_DR2_v1.0.npy.
[021734.02]  01-26 21:02  compute_2pt                  INFO     Save to /pscratch/sd/s/shengyu/galaxies/catalogs/Y3/AbacusHF-v2/Boxes/QSO/sn1p850/AbacusSummit_base_c000_ph022/mpspk/mpslog_QSO_zp1.850_DR2_v1.0.npy
[021734.02]  01-26 21:02  TwoPointCorrelationFunction  INFO     Using estimator <class 'pycorr.twopoint_estimator.NaturalTwoPointEstimator'>.
[021734.03]  01-26 21:02  TwoPointCorrelationFunction  INFO     Running auto-correlation.
[021734.03]  01-26 21:02  TwoPointCorrelationFunction  INFO     Computing two-point counts D1D2.
[021745.11]  01-26 21:02  TwoPointCorrelationFunction  INFO     Analytically computing two-point counts R1R2.
[021745.11]  01-26 21:02  TwoPointCorrelationFunction  INFO     Correlation function computed in elapsed time 11.09 s.
[021745.11]  01-26 21:02  NaturalTwoPointEstimator     INFO     Saving /pscratch/sd/s/shengyu/galaxies/catalogs/Y3/AbacusHF-v2/Boxes/QSO/sn1p850/AbacusSummit_base_c000_ph022/mpspk/wplog_QSO_zp1.850_DR2_v1.0.npy.
[021745.12]  01-26 21:02  compute_2pt                  INFO     Save to /pscratch/sd/s/shengyu/galaxies/catalogs/Y3/AbacusHF-v2/Boxes/QSO/sn1p850/AbacusSummit_base_c000_ph022/mpspk/wplog_QSO_zp1.850_DR2_v1.0.npy
[021745.12]  01-26 21:02  compute_2pt                  INFO     Procceed {'version': 'AbacusHF-v2', 'domain': 'cubic', 'tracer': 'QSO', 'zsnap': 1.85, 'zrange': (1.7, 2.1), 'mock_id': 23, 'use_dv': 'False'}
[021745.12]  01-26 21:02  cat_tools                    INFO     Load /pscratch/sd/s/shengyu/galaxies/catalogs/Y3/AbacusHF-v2/Boxes/QSO/sn1p850/AbacusSummit_base_c000_ph023/abacus_HF_QSO_1p850_DR2_v2.0_AbacusSummit_base_c000_ph023_base_clustering.dat.h5
[021745.12]  01-26 21:02  FileStack                    INFO     Reading /pscratch/sd/s/shengyu/galaxies/catalogs/Y3/AbacusHF-v2/Boxes/QSO/sn1p850/AbacusSummit_base_c000_ph023/abacus_HF_QSO_1p850_DR2_v2.0_AbacusSummit_base_c000_ph023_base_clustering.dat.h5.
[021745.58]  01-26 21:02  TwoPointCorrelationFunction  INFO     Using estimator <class 'pycorr.twopoint_estimator.NaturalTwoPointEstimator'>.
[021745.58]  01-26 21:02  TwoPointCorrelationFunction  INFO     Running auto-correlation.
[021745.58]  01-26 21:02  TwoPointCorrelationFunction  INFO     Computing two-point counts D1D2.
[021762.64]  01-26 21:02  TwoPointCorrelationFunction  INFO     Analytically computing two-point counts R1R2.
[021762.64]  01-26 21:02  TwoPointCorrelationFunction  INFO     Correlation function computed in elapsed time 17.06 s.
[021762.64]  01-26 21:02  NaturalTwoPointEstimator     INFO     Saving /pscratch/sd/s/shengyu/galaxies/catalogs/Y3/AbacusHF-v2/Boxes/QSO/sn1p850/AbacusSummit_base_c000_ph023/mpspk/xipoles_QSO_zp1.850_DR2_v1.0.npy.
[021762.65]  01-26 21:02  compute_2pt                  INFO     Save to /pscratch/sd/s/shengyu/galaxies/catalogs/Y3/AbacusHF-v2/Boxes/QSO/sn1p850/AbacusSummit_base_c000_ph023/mpspk/xipoles_QSO_zp1.850_DR2_v1.0.npy
[021764.17]  01-26 21:02  CatalogFFTPower              INFO     Painting catalog 1 to mesh CatalogMesh(nmesh=[512 512 512], boxsize=[2000. 2000. 2000.], boxcenter=[ 999.9999062  1000.00023975  999.99998604], dtype=float64).
[021764.40]  01-26 21:02  CatalogMesh                  INFO     Slab 0 ~ 4194304 / 11354937.
[021765.63]  01-26 21:02  CatalogMesh                  INFO     Painted 4194304 out of 11354937 objects to mesh.
[021765.63]  01-26 21:02  CatalogMesh                  INFO     Slab 4194304 ~ 8388608 / 11354937.
[021766.85]  01-26 21:02  CatalogMesh                  INFO     Painted 8388608 out of 11354937 objects to mesh.
[021766.85]  01-26 21:02  CatalogMesh                  INFO     Slab 8388608 ~ 12582912 / 11354937.
[021767.85]  01-26 21:03  CatalogMesh                  INFO     Painted 11354937 out of 11354937 objects to mesh.
[021767.85]  01-26 21:03  CatalogMesh                  INFO     Running interlacing at order 3.
[021769.90]  01-26 21:03  CatalogMesh                  INFO     Slab 0 ~ 4194304 / 11354937.
[021771.11]  01-26 21:03  CatalogMesh                  INFO     Painted 4194304 out of 11354937 objects to mesh.
[021771.11]  01-26 21:03  CatalogMesh                  INFO     Slab 4194304 ~ 8388608 / 11354937.
[021772.33]  01-26 21:03  CatalogMesh                  INFO     Painted 8388608 out of 11354937 objects to mesh.
[021772.33]  01-26 21:03  CatalogMesh                  INFO     Slab 8388608 ~ 12582912 / 11354937.
[021773.34]  01-26 21:03  CatalogMesh                  INFO     Painted 11354937 out of 11354937 objects to mesh.
[021776.92]  01-26 21:03  CatalogMesh                  INFO     Slab 0 ~ 4194304 / 11354937.
[021778.14]  01-26 21:03  CatalogMesh                  INFO     Painted 4194304 out of 11354937 objects to mesh.
[021778.14]  01-26 21:03  CatalogMesh                  INFO     Slab 4194304 ~ 8388608 / 11354937.
[021779.36]  01-26 21:03  CatalogMesh                  INFO     Painted 8388608 out of 11354937 objects to mesh.
[021779.36]  01-26 21:03  CatalogMesh                  INFO     Slab 8388608 ~ 12582912 / 11354937.
[021780.36]  01-26 21:03  CatalogMesh                  INFO     Painted 11354937 out of 11354937 objects to mesh.
[021785.84]  01-26 21:03  CatalogFFTPower              INFO     Done painting catalog 1 to mesh.
[021785.84]  01-26 21:03  CatalogFFTPower              INFO     Using 400 k-bins between 0.000 and 0.400.
[021785.84]  01-26 21:03  CatalogFFTPower              INFO     Meshes prepared in elapsed time 21.67 s.
[021785.84]  01-26 21:03  CatalogFFTPower              INFO     Running mesh calculation.
[021802.82]  01-26 21:03  CatalogFFTPower              INFO     Mesh calculations performed in elapsed time 16.98 s.
[021802.82]  01-26 21:03  CatalogFFTPower              INFO     Power spectrum computed in elapsed time 38.65 s.
[021802.83]  01-26 21:03  CatalogFFTPower              INFO     Saving /pscratch/sd/s/shengyu/galaxies/catalogs/Y3/AbacusHF-v2/Boxes/QSO/sn1p850/AbacusSummit_base_c000_ph023/mpspk/pkpoles_QSO_zp1.850_DR2_v1.0.npy.
[021802.83]  01-26 21:03  compute_2pt                  INFO     Save to /pscratch/sd/s/shengyu/galaxies/catalogs/Y3/AbacusHF-v2/Boxes/QSO/sn1p850/AbacusSummit_base_c000_ph023/mpspk/pkpoles_QSO_zp1.850_DR2_v1.0.npy
[021802.83]  01-26 21:03  TwoPointCorrelationFunction  INFO     Using estimator <class 'pycorr.twopoint_estimator.NaturalTwoPointEstimator'>.
[021802.83]  01-26 21:03  TwoPointCorrelationFunction  INFO     Running auto-correlation.
[021802.83]  01-26 21:03  TwoPointCorrelationFunction  INFO     Computing two-point counts D1D2.
[021806.26]  01-26 21:03  TwoPointCorrelationFunction  INFO     Analytically computing two-point counts R1R2.
[021806.27]  01-26 21:03  TwoPointCorrelationFunction  INFO     Correlation function computed in elapsed time 3.44 s.
[021806.27]  01-26 21:03  NaturalTwoPointEstimator     INFO     Saving /pscratch/sd/s/shengyu/galaxies/catalogs/Y3/AbacusHF-v2/Boxes/QSO/sn1p850/AbacusSummit_base_c000_ph023/mpspk/mpslog_QSO_zp1.850_DR2_v1.0.npy.
[021806.27]  01-26 21:03  compute_2pt                  INFO     Save to /pscratch/sd/s/shengyu/galaxies/catalogs/Y3/AbacusHF-v2/Boxes/QSO/sn1p850/AbacusSummit_base_c000_ph023/mpspk/mpslog_QSO_zp1.850_DR2_v1.0.npy
[021806.27]  01-26 21:03  TwoPointCorrelationFunction  INFO     Using estimator <class 'pycorr.twopoint_estimator.NaturalTwoPointEstimator'>.
[021806.27]  01-26 21:03  TwoPointCorrelationFunction  INFO     Running auto-correlation.
[021806.27]  01-26 21:03  TwoPointCorrelationFunction  INFO     Computing two-point counts D1D2.
[021817.36]  01-26 21:03  TwoPointCorrelationFunction  INFO     Analytically computing two-point counts R1R2.
[021817.36]  01-26 21:03  TwoPointCorrelationFunction  INFO     Correlation function computed in elapsed time 11.09 s.
[021817.36]  01-26 21:03  NaturalTwoPointEstimator     INFO     Saving /pscratch/sd/s/shengyu/galaxies/catalogs/Y3/AbacusHF-v2/Boxes/QSO/sn1p850/AbacusSummit_base_c000_ph023/mpspk/wplog_QSO_zp1.850_DR2_v1.0.npy.
[021817.36]  01-26 21:03  compute_2pt                  INFO     Save to /pscratch/sd/s/shengyu/galaxies/catalogs/Y3/AbacusHF-v2/Boxes/QSO/sn1p850/AbacusSummit_base_c000_ph023/mpspk/wplog_QSO_zp1.850_DR2_v1.0.npy
[021817.37]  01-26 21:03  compute_2pt                  INFO     Procceed {'version': 'AbacusHF-v2', 'domain': 'cubic', 'tracer': 'QSO', 'zsnap': 1.85, 'zrange': (1.7, 2.1), 'mock_id': 24, 'use_dv': 'False'}
[021817.37]  01-26 21:03  cat_tools                    INFO     Load /pscratch/sd/s/shengyu/galaxies/catalogs/Y3/AbacusHF-v2/Boxes/QSO/sn1p850/AbacusSummit_base_c000_ph024/abacus_HF_QSO_1p850_DR2_v2.0_AbacusSummit_base_c000_ph024_base_clustering.dat.h5
[021817.37]  01-26 21:03  FileStack                    INFO     Reading /pscratch/sd/s/shengyu/galaxies/catalogs/Y3/AbacusHF-v2/Boxes/QSO/sn1p850/AbacusSummit_base_c000_ph024/abacus_HF_QSO_1p850_DR2_v2.0_AbacusSummit_base_c000_ph024_base_clustering.dat.h5.
[021817.82]  01-26 21:03  TwoPointCorrelationFunction  INFO     Using estimator <class 'pycorr.twopoint_estimator.NaturalTwoPointEstimator'>.
[021817.82]  01-26 21:03  TwoPointCorrelationFunction  INFO     Running auto-correlation.
[021817.82]  01-26 21:03  TwoPointCorrelationFunction  INFO     Computing two-point counts D1D2.
[021834.85]  01-26 21:04  TwoPointCorrelationFunction  INFO     Analytically computing two-point counts R1R2.
[021834.85]  01-26 21:04  TwoPointCorrelationFunction  INFO     Correlation function computed in elapsed time 17.03 s.
[021834.85]  01-26 21:04  NaturalTwoPointEstimator     INFO     Saving /pscratch/sd/s/shengyu/galaxies/catalogs/Y3/AbacusHF-v2/Boxes/QSO/sn1p850/AbacusSummit_base_c000_ph024/mpspk/xipoles_QSO_zp1.850_DR2_v1.0.npy.
[021834.86]  01-26 21:04  compute_2pt                  INFO     Save to /pscratch/sd/s/shengyu/galaxies/catalogs/Y3/AbacusHF-v2/Boxes/QSO/sn1p850/AbacusSummit_base_c000_ph024/mpspk/xipoles_QSO_zp1.850_DR2_v1.0.npy
[021836.39]  01-26 21:04  CatalogFFTPower              INFO     Painting catalog 1 to mesh CatalogMesh(nmesh=[512 512 512], boxsize=[2000. 2000. 2000.], boxcenter=[ 999.99994217  999.99978708 1000.0000256 ], dtype=float64).
[021836.62]  01-26 21:04  CatalogMesh                  INFO     Slab 0 ~ 4194304 / 11356678.
[021837.83]  01-26 21:04  CatalogMesh                  INFO     Painted 4194304 out of 11356678 objects to mesh.
[021837.84]  01-26 21:04  CatalogMesh                  INFO     Slab 4194304 ~ 8388608 / 11356678.
[021839.06]  01-26 21:04  CatalogMesh                  INFO     Painted 8388608 out of 11356678 objects to mesh.
[021839.06]  01-26 21:04  CatalogMesh                  INFO     Slab 8388608 ~ 12582912 / 11356678.
[021840.06]  01-26 21:04  CatalogMesh                  INFO     Painted 11356678 out of 11356678 objects to mesh.
[021840.06]  01-26 21:04  CatalogMesh                  INFO     Running interlacing at order 3.
[021842.13]  01-26 21:04  CatalogMesh                  INFO     Slab 0 ~ 4194304 / 11356678.
[021843.35]  01-26 21:04  CatalogMesh                  INFO     Painted 4194304 out of 11356678 objects to mesh.
[021843.35]  01-26 21:04  CatalogMesh                  INFO     Slab 4194304 ~ 8388608 / 11356678.
[021844.57]  01-26 21:04  CatalogMesh                  INFO     Painted 8388608 out of 11356678 objects to mesh.
[021844.57]  01-26 21:04  CatalogMesh                  INFO     Slab 8388608 ~ 12582912 / 11356678.
[021845.58]  01-26 21:04  CatalogMesh                  INFO     Painted 11356678 out of 11356678 objects to mesh.
[021849.19]  01-26 21:04  CatalogMesh                  INFO     Slab 0 ~ 4194304 / 11356678.
[021850.40]  01-26 21:04  CatalogMesh                  INFO     Painted 4194304 out of 11356678 objects to mesh.
[021850.40]  01-26 21:04  CatalogMesh                  INFO     Slab 4194304 ~ 8388608 / 11356678.
[021851.62]  01-26 21:04  CatalogMesh                  INFO     Painted 8388608 out of 11356678 objects to mesh.
[021851.62]  01-26 21:04  CatalogMesh                  INFO     Slab 8388608 ~ 12582912 / 11356678.
[021852.62]  01-26 21:04  CatalogMesh                  INFO     Painted 11356678 out of 11356678 objects to mesh.
[021858.13]  01-26 21:04  CatalogFFTPower              INFO     Done painting catalog 1 to mesh.
[021858.13]  01-26 21:04  CatalogFFTPower              INFO     Using 400 k-bins between 0.000 and 0.400.
[021858.13]  01-26 21:04  CatalogFFTPower              INFO     Meshes prepared in elapsed time 21.75 s.
[021858.13]  01-26 21:04  CatalogFFTPower              INFO     Running mesh calculation.
[021875.38]  01-26 21:04  CatalogFFTPower              INFO     Mesh calculations performed in elapsed time 17.24 s.
[021875.38]  01-26 21:04  CatalogFFTPower              INFO     Power spectrum computed in elapsed time 38.99 s.
[021875.38]  01-26 21:04  CatalogFFTPower              INFO     Saving /pscratch/sd/s/shengyu/galaxies/catalogs/Y3/AbacusHF-v2/Boxes/QSO/sn1p850/AbacusSummit_base_c000_ph024/mpspk/pkpoles_QSO_zp1.850_DR2_v1.0.npy.
[021875.38]  01-26 21:04  compute_2pt                  INFO     Save to /pscratch/sd/s/shengyu/galaxies/catalogs/Y3/AbacusHF-v2/Boxes/QSO/sn1p850/AbacusSummit_base_c000_ph024/mpspk/pkpoles_QSO_zp1.850_DR2_v1.0.npy
[021875.38]  01-26 21:04  TwoPointCorrelationFunction  INFO     Using estimator <class 'pycorr.twopoint_estimator.NaturalTwoPointEstimator'>.
[021875.38]  01-26 21:04  TwoPointCorrelationFunction  INFO     Running auto-correlation.
[021875.38]  01-26 21:04  TwoPointCorrelationFunction  INFO     Computing two-point counts D1D2.
[021879.03]  01-26 21:04  TwoPointCorrelationFunction  INFO     Analytically computing two-point counts R1R2.
[021879.03]  01-26 21:04  TwoPointCorrelationFunction  INFO     Correlation function computed in elapsed time 3.65 s.
[021879.03]  01-26 21:04  NaturalTwoPointEstimator     INFO     Saving /pscratch/sd/s/shengyu/galaxies/catalogs/Y3/AbacusHF-v2/Boxes/QSO/sn1p850/AbacusSummit_base_c000_ph024/mpspk/mpslog_QSO_zp1.850_DR2_v1.0.npy.
[021879.03]  01-26 21:04  compute_2pt                  INFO     Save to /pscratch/sd/s/shengyu/galaxies/catalogs/Y3/AbacusHF-v2/Boxes/QSO/sn1p850/AbacusSummit_base_c000_ph024/mpspk/mpslog_QSO_zp1.850_DR2_v1.0.npy
[021879.03]  01-26 21:04  TwoPointCorrelationFunction  INFO     Using estimator <class 'pycorr.twopoint_estimator.NaturalTwoPointEstimator'>.
[021879.03]  01-26 21:04  TwoPointCorrelationFunction  INFO     Running auto-correlation.
[021879.03]  01-26 21:04  TwoPointCorrelationFunction  INFO     Computing two-point counts D1D2.
[021890.05]  01-26 21:05  TwoPointCorrelationFunction  INFO     Analytically computing two-point counts R1R2.
[021890.05]  01-26 21:05  TwoPointCorrelationFunction  INFO     Correlation function computed in elapsed time 11.02 s.
[021890.05]  01-26 21:05  NaturalTwoPointEstimator     INFO     Saving /pscratch/sd/s/shengyu/galaxies/catalogs/Y3/AbacusHF-v2/Boxes/QSO/sn1p850/AbacusSummit_base_c000_ph024/mpspk/wplog_QSO_zp1.850_DR2_v1.0.npy.
[021890.05]  01-26 21:05  compute_2pt                  INFO     Save to /pscratch/sd/s/shengyu/galaxies/catalogs/Y3/AbacusHF-v2/Boxes/QSO/sn1p850/AbacusSummit_base_c000_ph024/mpspk/wplog_QSO_zp1.850_DR2_v1.0.npy
/var/spool/slurmd/job48087566/slurm_script: line 26: unexpected EOF while looking for matching `''
/var/spool/slurmd/job48087566/slurm_script: line 27: syntax error: unexpected end of file
