This environment is new! To use the (previous) DR1 environment, run:
  source /global/common/software/desi/users/adematti/cosmodesi_environment.sh dr1
Node nid002416 running ZRR=verr_empirical
[000000.01]  01-26 21:39  compute_2pt                  INFO     Received arguments: Namespace(version='AbacusHF-v2', domains=['cubic'], tracers=['QSO'], mockid='0-24', zerrs=['verr_empirical'], task=['pk'])
[000000.01]  01-26 21:39  compute_2pt                  INFO     Procceed {'version': 'AbacusHF-v2', 'domain': 'cubic', 'tracer': 'QSO', 'zsnap': 0.95, 'zrange': (0.8, 1.1), 'mock_id': 0, 'use_dv': 'verr_empirical'}
[000000.01]  01-26 21:39  cat_tools                    INFO     Load /pscratch/sd/s/shengyu/galaxies/catalogs/Y3/AbacusHF-v2/Boxes/QSO/sn0p950/AbacusSummit_base_c000_ph000/abacus_HF_QSO_0p950_DR2_v2.0_AbacusSummit_base_c000_ph000_base_clustering.dat.h5
[000000.01]  01-26 21:39  FileStack                    INFO     Reading /pscratch/sd/s/shengyu/galaxies/catalogs/Y3/AbacusHF-v2/Boxes/QSO/sn0p950/AbacusSummit_base_c000_ph000/abacus_HF_QSO_0p950_DR2_v2.0_AbacusSummit_base_c000_ph000_base_clustering.dat.h5.
[000000.02]  01-26 21:39  cat_tools                    INFO     use Z positions shifted in verr_empirical mode
[000001.87]  01-26 21:39  TwoPointCorrelationFunction  INFO     Using estimator <class 'pycorr.twopoint_estimator.NaturalTwoPointEstimator'>.
[000001.87]  01-26 21:39  TwoPointCorrelationFunction  INFO     Running auto-correlation.
[000001.87]  01-26 21:39  TwoPointCorrelationFunction  INFO     Computing two-point counts D1D2.
[000003.29]  01-26 21:39  numexpr.utils                INFO     Note: detected 128 virtual cores but NumExpr set to maximum of 64, check "NUMEXPR_MAX_THREADS" environment variable.
[000003.30]  01-26 21:39  numexpr.utils                INFO     Note: NumExpr detected 128 cores but "NUMEXPR_MAX_THREADS" not set, so enforcing safe limit of 16.
[000003.30]  01-26 21:39  numexpr.utils                INFO     NumExpr defaulting to 16 threads.
[000267.33]  01-26 21:44  TwoPointCorrelationFunction  INFO     Analytically computing two-point counts R1R2.
[000267.33]  01-26 21:44  TwoPointCorrelationFunction  INFO     Correlation function computed in elapsed time 265.47 s.
[000267.33]  01-26 21:44  NaturalTwoPointEstimator     INFO     Saving /pscratch/sd/s/shengyu/galaxies/catalogs/Y3/AbacusHF-v2/Boxes/QSO/sn0p950/AbacusSummit_base_c000_ph000/mpspk/xipoles_QSO_zp0.950_DR2_v1.0+dv_verr_empirical.npy.
[000267.34]  01-26 21:44  compute_2pt                  INFO     Save to /pscratch/sd/s/shengyu/galaxies/catalogs/Y3/AbacusHF-v2/Boxes/QSO/sn0p950/AbacusSummit_base_c000_ph000/mpspk/xipoles_QSO_zp0.950_DR2_v1.0+dv_verr_empirical.npy
[000273.60]  01-26 21:44  CatalogFFTPower              INFO     Painting catalog 1 to mesh CatalogMesh(nmesh=[512 512 512], boxsize=[2000. 2000. 2000.], boxcenter=[ 999.99997601 1000.00001244  999.99997714], dtype=float64).
[000274.19]  01-26 21:44  CatalogMesh                  INFO     Slab 0 ~ 4194304 / 45464660.
[000275.34]  01-26 21:44  CatalogMesh                  INFO     Painted 4194304 out of 45464660 objects to mesh.
[000275.34]  01-26 21:44  CatalogMesh                  INFO     Slab 4194304 ~ 8388608 / 45464660.
[000276.46]  01-26 21:44  CatalogMesh                  INFO     Painted 8388608 out of 45464660 objects to mesh.
[000276.46]  01-26 21:44  CatalogMesh                  INFO     Slab 8388608 ~ 12582912 / 45464660.
[000277.54]  01-26 21:44  CatalogMesh                  INFO     Painted 12582912 out of 45464660 objects to mesh.
[000277.54]  01-26 21:44  CatalogMesh                  INFO     Slab 12582912 ~ 16777216 / 45464660.
[000278.63]  01-26 21:44  CatalogMesh                  INFO     Painted 16777216 out of 45464660 objects to mesh.
[000278.63]  01-26 21:44  CatalogMesh                  INFO     Slab 16777216 ~ 20971520 / 45464660.
[000279.71]  01-26 21:44  CatalogMesh                  INFO     Painted 20971520 out of 45464660 objects to mesh.
[000279.71]  01-26 21:44  CatalogMesh                  INFO     Slab 20971520 ~ 25165824 / 45464660.
[000280.80]  01-26 21:44  CatalogMesh                  INFO     Painted 25165824 out of 45464660 objects to mesh.
[000280.80]  01-26 21:44  CatalogMesh                  INFO     Slab 25165824 ~ 29360128 / 45464660.
[000281.88]  01-26 21:44  CatalogMesh                  INFO     Painted 29360128 out of 45464660 objects to mesh.
[000281.88]  01-26 21:44  CatalogMesh                  INFO     Slab 29360128 ~ 33554432 / 45464660.
[000282.99]  01-26 21:44  CatalogMesh                  INFO     Painted 33554432 out of 45464660 objects to mesh.
[000282.99]  01-26 21:44  CatalogMesh                  INFO     Slab 33554432 ~ 37748736 / 45464660.
[000284.20]  01-26 21:44  CatalogMesh                  INFO     Painted 37748736 out of 45464660 objects to mesh.
[000284.20]  01-26 21:44  CatalogMesh                  INFO     Slab 37748736 ~ 41943040 / 45464660.
[000285.40]  01-26 21:44  CatalogMesh                  INFO     Painted 41943040 out of 45464660 objects to mesh.
[000285.40]  01-26 21:44  CatalogMesh                  INFO     Slab 41943040 ~ 46137344 / 45464660.
[000286.42]  01-26 21:44  CatalogMesh                  INFO     Painted 45464660 out of 45464660 objects to mesh.
[000286.43]  01-26 21:44  CatalogMesh                  INFO     Running interlacing at order 3.
[000288.87]  01-26 21:44  CatalogMesh                  INFO     Slab 0 ~ 4194304 / 45464660.
[000289.95]  01-26 21:44  CatalogMesh                  INFO     Painted 4194304 out of 45464660 objects to mesh.
[000289.95]  01-26 21:44  CatalogMesh                  INFO     Slab 4194304 ~ 8388608 / 45464660.
[000291.03]  01-26 21:44  CatalogMesh                  INFO     Painted 8388608 out of 45464660 objects to mesh.
[000291.03]  01-26 21:44  CatalogMesh                  INFO     Slab 8388608 ~ 12582912 / 45464660.
[000292.12]  01-26 21:44  CatalogMesh                  INFO     Painted 12582912 out of 45464660 objects to mesh.
[000292.12]  01-26 21:44  CatalogMesh                  INFO     Slab 12582912 ~ 16777216 / 45464660.
[000293.20]  01-26 21:44  CatalogMesh                  INFO     Painted 16777216 out of 45464660 objects to mesh.
[000293.20]  01-26 21:44  CatalogMesh                  INFO     Slab 16777216 ~ 20971520 / 45464660.
[000294.28]  01-26 21:44  CatalogMesh                  INFO     Painted 20971520 out of 45464660 objects to mesh.
[000294.28]  01-26 21:44  CatalogMesh                  INFO     Slab 20971520 ~ 25165824 / 45464660.
[000295.36]  01-26 21:44  CatalogMesh                  INFO     Painted 25165824 out of 45464660 objects to mesh.
[000295.36]  01-26 21:44  CatalogMesh                  INFO     Slab 25165824 ~ 29360128 / 45464660.
[000296.44]  01-26 21:44  CatalogMesh                  INFO     Painted 29360128 out of 45464660 objects to mesh.
[000296.44]  01-26 21:44  CatalogMesh                  INFO     Slab 29360128 ~ 33554432 / 45464660.
[000297.54]  01-26 21:44  CatalogMesh                  INFO     Painted 33554432 out of 45464660 objects to mesh.
[000297.54]  01-26 21:44  CatalogMesh                  INFO     Slab 33554432 ~ 37748736 / 45464660.
[000298.75]  01-26 21:44  CatalogMesh                  INFO     Painted 37748736 out of 45464660 objects to mesh.
[000298.75]  01-26 21:44  CatalogMesh                  INFO     Slab 37748736 ~ 41943040 / 45464660.
[000299.95]  01-26 21:44  CatalogMesh                  INFO     Painted 41943040 out of 45464660 objects to mesh.
[000299.95]  01-26 21:44  CatalogMesh                  INFO     Slab 41943040 ~ 46137344 / 45464660.
[000300.97]  01-26 21:44  CatalogMesh                  INFO     Painted 45464660 out of 45464660 objects to mesh.
[000304.99]  01-26 21:44  CatalogMesh                  INFO     Slab 0 ~ 4194304 / 45464660.
[000306.07]  01-26 21:44  CatalogMesh                  INFO     Painted 4194304 out of 45464660 objects to mesh.
[000306.07]  01-26 21:44  CatalogMesh                  INFO     Slab 4194304 ~ 8388608 / 45464660.
[000307.16]  01-26 21:44  CatalogMesh                  INFO     Painted 8388608 out of 45464660 objects to mesh.
[000307.16]  01-26 21:44  CatalogMesh                  INFO     Slab 8388608 ~ 12582912 / 45464660.
[000308.25]  01-26 21:44  CatalogMesh                  INFO     Painted 12582912 out of 45464660 objects to mesh.
[000308.25]  01-26 21:44  CatalogMesh                  INFO     Slab 12582912 ~ 16777216 / 45464660.
[000309.33]  01-26 21:44  CatalogMesh                  INFO     Painted 16777216 out of 45464660 objects to mesh.
[000309.33]  01-26 21:44  CatalogMesh                  INFO     Slab 16777216 ~ 20971520 / 45464660.
[000310.41]  01-26 21:44  CatalogMesh                  INFO     Painted 20971520 out of 45464660 objects to mesh.
[000310.41]  01-26 21:44  CatalogMesh                  INFO     Slab 20971520 ~ 25165824 / 45464660.
[000311.49]  01-26 21:44  CatalogMesh                  INFO     Painted 25165824 out of 45464660 objects to mesh.
[000311.49]  01-26 21:44  CatalogMesh                  INFO     Slab 25165824 ~ 29360128 / 45464660.
[000312.57]  01-26 21:44  CatalogMesh                  INFO     Painted 29360128 out of 45464660 objects to mesh.
[000312.57]  01-26 21:44  CatalogMesh                  INFO     Slab 29360128 ~ 33554432 / 45464660.
[000313.67]  01-26 21:44  CatalogMesh                  INFO     Painted 33554432 out of 45464660 objects to mesh.
[000313.67]  01-26 21:44  CatalogMesh                  INFO     Slab 33554432 ~ 37748736 / 45464660.
[000314.87]  01-26 21:44  CatalogMesh                  INFO     Painted 37748736 out of 45464660 objects to mesh.
[000314.87]  01-26 21:44  CatalogMesh                  INFO     Slab 37748736 ~ 41943040 / 45464660.
[000316.08]  01-26 21:44  CatalogMesh                  INFO     Painted 41943040 out of 45464660 objects to mesh.
[000316.08]  01-26 21:44  CatalogMesh                  INFO     Slab 41943040 ~ 46137344 / 45464660.
[000317.10]  01-26 21:44  CatalogMesh                  INFO     Painted 45464660 out of 45464660 objects to mesh.
[000322.65]  01-26 21:44  CatalogFFTPower              INFO     Done painting catalog 1 to mesh.
[000322.65]  01-26 21:44  CatalogFFTPower              INFO     Using 400 k-bins between 0.000 and 0.400.
[000322.65]  01-26 21:44  CatalogFFTPower              INFO     Meshes prepared in elapsed time 49.06 s.
[000322.65]  01-26 21:44  CatalogFFTPower              INFO     Running mesh calculation.
[000340.26]  01-26 21:45  CatalogFFTPower              INFO     Mesh calculations performed in elapsed time 17.61 s.
[000340.26]  01-26 21:45  CatalogFFTPower              INFO     Power spectrum computed in elapsed time 66.67 s.
[000340.27]  01-26 21:45  CatalogFFTPower              INFO     Saving /pscratch/sd/s/shengyu/galaxies/catalogs/Y3/AbacusHF-v2/Boxes/QSO/sn0p950/AbacusSummit_base_c000_ph000/mpspk/pkpoles_QSO_zp0.950_DR2_v1.0+dv_verr_empirical.npy.
[000340.27]  01-26 21:45  compute_2pt                  INFO     Save to /pscratch/sd/s/shengyu/galaxies/catalogs/Y3/AbacusHF-v2/Boxes/QSO/sn0p950/AbacusSummit_base_c000_ph000/mpspk/pkpoles_QSO_zp0.950_DR2_v1.0+dv_verr_empirical.npy
[000340.27]  01-26 21:45  TwoPointCorrelationFunction  INFO     Using estimator <class 'pycorr.twopoint_estimator.NaturalTwoPointEstimator'>.
[000340.27]  01-26 21:45  TwoPointCorrelationFunction  INFO     Running auto-correlation.
[000340.27]  01-26 21:45  TwoPointCorrelationFunction  INFO     Computing two-point counts D1D2.
[000404.45]  01-26 21:46  TwoPointCorrelationFunction  INFO     Analytically computing two-point counts R1R2.
[000404.45]  01-26 21:46  TwoPointCorrelationFunction  INFO     Correlation function computed in elapsed time 64.18 s.
[000404.45]  01-26 21:46  NaturalTwoPointEstimator     INFO     Saving /pscratch/sd/s/shengyu/galaxies/catalogs/Y3/AbacusHF-v2/Boxes/QSO/sn0p950/AbacusSummit_base_c000_ph000/mpspk/mpslog_QSO_zp0.950_DR2_v1.0+dv_verr_empirical.npy.
[000404.46]  01-26 21:46  compute_2pt                  INFO     Save to /pscratch/sd/s/shengyu/galaxies/catalogs/Y3/AbacusHF-v2/Boxes/QSO/sn0p950/AbacusSummit_base_c000_ph000/mpspk/mpslog_QSO_zp0.950_DR2_v1.0+dv_verr_empirical.npy
[000404.46]  01-26 21:46  TwoPointCorrelationFunction  INFO     Using estimator <class 'pycorr.twopoint_estimator.NaturalTwoPointEstimator'>.
[000404.46]  01-26 21:46  TwoPointCorrelationFunction  INFO     Running auto-correlation.
[000404.46]  01-26 21:46  TwoPointCorrelationFunction  INFO     Computing two-point counts D1D2.
[000446.35]  01-26 21:47  TwoPointCorrelationFunction  INFO     Analytically computing two-point counts R1R2.
[000446.35]  01-26 21:47  TwoPointCorrelationFunction  INFO     Correlation function computed in elapsed time 41.89 s.
[000446.35]  01-26 21:47  NaturalTwoPointEstimator     INFO     Saving /pscratch/sd/s/shengyu/galaxies/catalogs/Y3/AbacusHF-v2/Boxes/QSO/sn0p950/AbacusSummit_base_c000_ph000/mpspk/wplog_QSO_zp0.950_DR2_v1.0+dv_verr_empirical.npy.
[000446.35]  01-26 21:47  compute_2pt                  INFO     Save to /pscratch/sd/s/shengyu/galaxies/catalogs/Y3/AbacusHF-v2/Boxes/QSO/sn0p950/AbacusSummit_base_c000_ph000/mpspk/wplog_QSO_zp0.950_DR2_v1.0+dv_verr_empirical.npy
[000446.36]  01-26 21:47  compute_2pt                  INFO     Procceed {'version': 'AbacusHF-v2', 'domain': 'cubic', 'tracer': 'QSO', 'zsnap': 0.95, 'zrange': (0.8, 1.1), 'mock_id': 1, 'use_dv': 'verr_empirical'}
[000446.36]  01-26 21:47  cat_tools                    INFO     Load /pscratch/sd/s/shengyu/galaxies/catalogs/Y3/AbacusHF-v2/Boxes/QSO/sn0p950/AbacusSummit_base_c000_ph001/abacus_HF_QSO_0p950_DR2_v2.0_AbacusSummit_base_c000_ph001_base_clustering.dat.h5
[000446.36]  01-26 21:47  FileStack                    INFO     Reading /pscratch/sd/s/shengyu/galaxies/catalogs/Y3/AbacusHF-v2/Boxes/QSO/sn0p950/AbacusSummit_base_c000_ph001/abacus_HF_QSO_0p950_DR2_v2.0_AbacusSummit_base_c000_ph001_base_clustering.dat.h5.
[000446.36]  01-26 21:47  cat_tools                    INFO     use Z positions shifted in verr_empirical mode
[000448.16]  01-26 21:47  TwoPointCorrelationFunction  INFO     Using estimator <class 'pycorr.twopoint_estimator.NaturalTwoPointEstimator'>.
[000448.16]  01-26 21:47  TwoPointCorrelationFunction  INFO     Running auto-correlation.
[000448.16]  01-26 21:47  TwoPointCorrelationFunction  INFO     Computing two-point counts D1D2.
[000702.15]  01-26 21:51  TwoPointCorrelationFunction  INFO     Analytically computing two-point counts R1R2.
[000702.15]  01-26 21:51  TwoPointCorrelationFunction  INFO     Correlation function computed in elapsed time 253.99 s.
[000702.15]  01-26 21:51  NaturalTwoPointEstimator     INFO     Saving /pscratch/sd/s/shengyu/galaxies/catalogs/Y3/AbacusHF-v2/Boxes/QSO/sn0p950/AbacusSummit_base_c000_ph001/mpspk/xipoles_QSO_zp0.950_DR2_v1.0+dv_verr_empirical.npy.
[000702.16]  01-26 21:51  compute_2pt                  INFO     Save to /pscratch/sd/s/shengyu/galaxies/catalogs/Y3/AbacusHF-v2/Boxes/QSO/sn0p950/AbacusSummit_base_c000_ph001/mpspk/xipoles_QSO_zp0.950_DR2_v1.0+dv_verr_empirical.npy
[000708.34]  01-26 21:51  CatalogFFTPower              INFO     Painting catalog 1 to mesh CatalogMesh(nmesh=[512 512 512], boxsize=[2000. 2000. 2000.], boxcenter=[1000.00001666  999.99999313 1000.00005102], dtype=float64).
[000708.92]  01-26 21:51  CatalogMesh                  INFO     Slab 0 ~ 4194304 / 45478281.
[000710.05]  01-26 21:51  CatalogMesh                  INFO     Painted 4194304 out of 45478281 objects to mesh.
[000710.05]  01-26 21:51  CatalogMesh                  INFO     Slab 4194304 ~ 8388608 / 45478281.
[000711.13]  01-26 21:51  CatalogMesh                  INFO     Painted 8388608 out of 45478281 objects to mesh.
[000711.13]  01-26 21:51  CatalogMesh                  INFO     Slab 8388608 ~ 12582912 / 45478281.
[000712.21]  01-26 21:51  CatalogMesh                  INFO     Painted 12582912 out of 45478281 objects to mesh.
[000712.21]  01-26 21:51  CatalogMesh                  INFO     Slab 12582912 ~ 16777216 / 45478281.
[000713.29]  01-26 21:51  CatalogMesh                  INFO     Painted 16777216 out of 45478281 objects to mesh.
[000713.29]  01-26 21:51  CatalogMesh                  INFO     Slab 16777216 ~ 20971520 / 45478281.
[000714.36]  01-26 21:51  CatalogMesh                  INFO     Painted 20971520 out of 45478281 objects to mesh.
[000714.37]  01-26 21:51  CatalogMesh                  INFO     Slab 20971520 ~ 25165824 / 45478281.
[000715.44]  01-26 21:51  CatalogMesh                  INFO     Painted 25165824 out of 45478281 objects to mesh.
[000715.44]  01-26 21:51  CatalogMesh                  INFO     Slab 25165824 ~ 29360128 / 45478281.
[000716.52]  01-26 21:51  CatalogMesh                  INFO     Painted 29360128 out of 45478281 objects to mesh.
[000716.52]  01-26 21:51  CatalogMesh                  INFO     Slab 29360128 ~ 33554432 / 45478281.
[000717.62]  01-26 21:51  CatalogMesh                  INFO     Painted 33554432 out of 45478281 objects to mesh.
[000717.62]  01-26 21:51  CatalogMesh                  INFO     Slab 33554432 ~ 37748736 / 45478281.
[000718.83]  01-26 21:51  CatalogMesh                  INFO     Painted 37748736 out of 45478281 objects to mesh.
[000718.83]  01-26 21:51  CatalogMesh                  INFO     Slab 37748736 ~ 41943040 / 45478281.
[000720.03]  01-26 21:51  CatalogMesh                  INFO     Painted 41943040 out of 45478281 objects to mesh.
[000720.04]  01-26 21:51  CatalogMesh                  INFO     Slab 41943040 ~ 46137344 / 45478281.
[000721.06]  01-26 21:51  CatalogMesh                  INFO     Painted 45478281 out of 45478281 objects to mesh.
[000721.06]  01-26 21:51  CatalogMesh                  INFO     Running interlacing at order 3.
[000723.50]  01-26 21:51  CatalogMesh                  INFO     Slab 0 ~ 4194304 / 45478281.
[000724.57]  01-26 21:51  CatalogMesh                  INFO     Painted 4194304 out of 45478281 objects to mesh.
[000724.57]  01-26 21:51  CatalogMesh                  INFO     Slab 4194304 ~ 8388608 / 45478281.
[000725.65]  01-26 21:51  CatalogMesh                  INFO     Painted 8388608 out of 45478281 objects to mesh.
[000725.65]  01-26 21:51  CatalogMesh                  INFO     Slab 8388608 ~ 12582912 / 45478281.
[000726.73]  01-26 21:51  CatalogMesh                  INFO     Painted 12582912 out of 45478281 objects to mesh.
[000726.73]  01-26 21:51  CatalogMesh                  INFO     Slab 12582912 ~ 16777216 / 45478281.
[000727.82]  01-26 21:51  CatalogMesh                  INFO     Painted 16777216 out of 45478281 objects to mesh.
[000727.82]  01-26 21:51  CatalogMesh                  INFO     Slab 16777216 ~ 20971520 / 45478281.
[000728.89]  01-26 21:51  CatalogMesh                  INFO     Painted 20971520 out of 45478281 objects to mesh.
[000728.89]  01-26 21:51  CatalogMesh                  INFO     Slab 20971520 ~ 25165824 / 45478281.
[000729.97]  01-26 21:51  CatalogMesh                  INFO     Painted 25165824 out of 45478281 objects to mesh.
[000729.97]  01-26 21:51  CatalogMesh                  INFO     Slab 25165824 ~ 29360128 / 45478281.
[000731.06]  01-26 21:51  CatalogMesh                  INFO     Painted 29360128 out of 45478281 objects to mesh.
[000731.06]  01-26 21:51  CatalogMesh                  INFO     Slab 29360128 ~ 33554432 / 45478281.
[000732.15]  01-26 21:51  CatalogMesh                  INFO     Painted 33554432 out of 45478281 objects to mesh.
[000732.15]  01-26 21:51  CatalogMesh                  INFO     Slab 33554432 ~ 37748736 / 45478281.
[000733.37]  01-26 21:51  CatalogMesh                  INFO     Painted 37748736 out of 45478281 objects to mesh.
[000733.37]  01-26 21:51  CatalogMesh                  INFO     Slab 37748736 ~ 41943040 / 45478281.
[000734.57]  01-26 21:51  CatalogMesh                  INFO     Painted 41943040 out of 45478281 objects to mesh.
[000734.57]  01-26 21:51  CatalogMesh                  INFO     Slab 41943040 ~ 46137344 / 45478281.
[000735.60]  01-26 21:51  CatalogMesh                  INFO     Painted 45478281 out of 45478281 objects to mesh.
[000739.60]  01-26 21:51  CatalogMesh                  INFO     Slab 0 ~ 4194304 / 45478281.
[000740.67]  01-26 21:51  CatalogMesh                  INFO     Painted 4194304 out of 45478281 objects to mesh.
[000740.67]  01-26 21:51  CatalogMesh                  INFO     Slab 4194304 ~ 8388608 / 45478281.
[000741.75]  01-26 21:51  CatalogMesh                  INFO     Painted 8388608 out of 45478281 objects to mesh.
[000741.75]  01-26 21:51  CatalogMesh                  INFO     Slab 8388608 ~ 12582912 / 45478281.
[000742.84]  01-26 21:51  CatalogMesh                  INFO     Painted 12582912 out of 45478281 objects to mesh.
[000742.85]  01-26 21:51  CatalogMesh                  INFO     Slab 12582912 ~ 16777216 / 45478281.
[000743.93]  01-26 21:51  CatalogMesh                  INFO     Painted 16777216 out of 45478281 objects to mesh.
[000743.93]  01-26 21:51  CatalogMesh                  INFO     Slab 16777216 ~ 20971520 / 45478281.
[000745.00]  01-26 21:51  CatalogMesh                  INFO     Painted 20971520 out of 45478281 objects to mesh.
[000745.00]  01-26 21:51  CatalogMesh                  INFO     Slab 20971520 ~ 25165824 / 45478281.
[000746.08]  01-26 21:51  CatalogMesh                  INFO     Painted 25165824 out of 45478281 objects to mesh.
[000746.08]  01-26 21:51  CatalogMesh                  INFO     Slab 25165824 ~ 29360128 / 45478281.
[000747.16]  01-26 21:52  CatalogMesh                  INFO     Painted 29360128 out of 45478281 objects to mesh.
[000747.16]  01-26 21:52  CatalogMesh                  INFO     Slab 29360128 ~ 33554432 / 45478281.
[000748.27]  01-26 21:52  CatalogMesh                  INFO     Painted 33554432 out of 45478281 objects to mesh.
[000748.27]  01-26 21:52  CatalogMesh                  INFO     Slab 33554432 ~ 37748736 / 45478281.
[000749.48]  01-26 21:52  CatalogMesh                  INFO     Painted 37748736 out of 45478281 objects to mesh.
[000749.48]  01-26 21:52  CatalogMesh                  INFO     Slab 37748736 ~ 41943040 / 45478281.
[000750.69]  01-26 21:52  CatalogMesh                  INFO     Painted 41943040 out of 45478281 objects to mesh.
[000750.69]  01-26 21:52  CatalogMesh                  INFO     Slab 41943040 ~ 46137344 / 45478281.
[000751.71]  01-26 21:52  CatalogMesh                  INFO     Painted 45478281 out of 45478281 objects to mesh.
[000757.29]  01-26 21:52  CatalogFFTPower              INFO     Done painting catalog 1 to mesh.
[000757.29]  01-26 21:52  CatalogFFTPower              INFO     Using 400 k-bins between 0.000 and 0.400.
[000757.29]  01-26 21:52  CatalogFFTPower              INFO     Meshes prepared in elapsed time 48.96 s.
[000757.29]  01-26 21:52  CatalogFFTPower              INFO     Running mesh calculation.
[000774.59]  01-26 21:52  CatalogFFTPower              INFO     Mesh calculations performed in elapsed time 17.29 s.
[000774.59]  01-26 21:52  CatalogFFTPower              INFO     Power spectrum computed in elapsed time 66.25 s.
[000774.59]  01-26 21:52  CatalogFFTPower              INFO     Saving /pscratch/sd/s/shengyu/galaxies/catalogs/Y3/AbacusHF-v2/Boxes/QSO/sn0p950/AbacusSummit_base_c000_ph001/mpspk/pkpoles_QSO_zp0.950_DR2_v1.0+dv_verr_empirical.npy.
[000774.59]  01-26 21:52  compute_2pt                  INFO     Save to /pscratch/sd/s/shengyu/galaxies/catalogs/Y3/AbacusHF-v2/Boxes/QSO/sn0p950/AbacusSummit_base_c000_ph001/mpspk/pkpoles_QSO_zp0.950_DR2_v1.0+dv_verr_empirical.npy
[000774.60]  01-26 21:52  TwoPointCorrelationFunction  INFO     Using estimator <class 'pycorr.twopoint_estimator.NaturalTwoPointEstimator'>.
[000774.60]  01-26 21:52  TwoPointCorrelationFunction  INFO     Running auto-correlation.
[000774.60]  01-26 21:52  TwoPointCorrelationFunction  INFO     Computing two-point counts D1D2.
[000834.79]  01-26 21:53  TwoPointCorrelationFunction  INFO     Analytically computing two-point counts R1R2.
[000834.79]  01-26 21:53  TwoPointCorrelationFunction  INFO     Correlation function computed in elapsed time 60.19 s.
[000834.79]  01-26 21:53  NaturalTwoPointEstimator     INFO     Saving /pscratch/sd/s/shengyu/galaxies/catalogs/Y3/AbacusHF-v2/Boxes/QSO/sn0p950/AbacusSummit_base_c000_ph001/mpspk/mpslog_QSO_zp0.950_DR2_v1.0+dv_verr_empirical.npy.
[000834.79]  01-26 21:53  compute_2pt                  INFO     Save to /pscratch/sd/s/shengyu/galaxies/catalogs/Y3/AbacusHF-v2/Boxes/QSO/sn0p950/AbacusSummit_base_c000_ph001/mpspk/mpslog_QSO_zp0.950_DR2_v1.0+dv_verr_empirical.npy
[000834.79]  01-26 21:53  TwoPointCorrelationFunction  INFO     Using estimator <class 'pycorr.twopoint_estimator.NaturalTwoPointEstimator'>.
[000834.79]  01-26 21:53  TwoPointCorrelationFunction  INFO     Running auto-correlation.
[000834.79]  01-26 21:53  TwoPointCorrelationFunction  INFO     Computing two-point counts D1D2.
[000876.41]  01-26 21:54  TwoPointCorrelationFunction  INFO     Analytically computing two-point counts R1R2.
[000876.41]  01-26 21:54  TwoPointCorrelationFunction  INFO     Correlation function computed in elapsed time 41.62 s.
[000876.41]  01-26 21:54  NaturalTwoPointEstimator     INFO     Saving /pscratch/sd/s/shengyu/galaxies/catalogs/Y3/AbacusHF-v2/Boxes/QSO/sn0p950/AbacusSummit_base_c000_ph001/mpspk/wplog_QSO_zp0.950_DR2_v1.0+dv_verr_empirical.npy.
[000876.41]  01-26 21:54  compute_2pt                  INFO     Save to /pscratch/sd/s/shengyu/galaxies/catalogs/Y3/AbacusHF-v2/Boxes/QSO/sn0p950/AbacusSummit_base_c000_ph001/mpspk/wplog_QSO_zp0.950_DR2_v1.0+dv_verr_empirical.npy
[000876.42]  01-26 21:54  compute_2pt                  INFO     Procceed {'version': 'AbacusHF-v2', 'domain': 'cubic', 'tracer': 'QSO', 'zsnap': 0.95, 'zrange': (0.8, 1.1), 'mock_id': 2, 'use_dv': 'verr_empirical'}
[000876.42]  01-26 21:54  cat_tools                    INFO     Load /pscratch/sd/s/shengyu/galaxies/catalogs/Y3/AbacusHF-v2/Boxes/QSO/sn0p950/AbacusSummit_base_c000_ph002/abacus_HF_QSO_0p950_DR2_v2.0_AbacusSummit_base_c000_ph002_base_clustering.dat.h5
[000876.42]  01-26 21:54  FileStack                    INFO     Reading /pscratch/sd/s/shengyu/galaxies/catalogs/Y3/AbacusHF-v2/Boxes/QSO/sn0p950/AbacusSummit_base_c000_ph002/abacus_HF_QSO_0p950_DR2_v2.0_AbacusSummit_base_c000_ph002_base_clustering.dat.h5.
[000876.42]  01-26 21:54  cat_tools                    INFO     use Z positions shifted in verr_empirical mode
[000878.22]  01-26 21:54  TwoPointCorrelationFunction  INFO     Using estimator <class 'pycorr.twopoint_estimator.NaturalTwoPointEstimator'>.
[000878.22]  01-26 21:54  TwoPointCorrelationFunction  INFO     Running auto-correlation.
[000878.22]  01-26 21:54  TwoPointCorrelationFunction  INFO     Computing two-point counts D1D2.
[001139.28]  01-26 21:58  TwoPointCorrelationFunction  INFO     Analytically computing two-point counts R1R2.
[001139.28]  01-26 21:58  TwoPointCorrelationFunction  INFO     Correlation function computed in elapsed time 261.07 s.
[001139.28]  01-26 21:58  NaturalTwoPointEstimator     INFO     Saving /pscratch/sd/s/shengyu/galaxies/catalogs/Y3/AbacusHF-v2/Boxes/QSO/sn0p950/AbacusSummit_base_c000_ph002/mpspk/xipoles_QSO_zp0.950_DR2_v1.0+dv_verr_empirical.npy.
[001139.29]  01-26 21:58  compute_2pt                  INFO     Save to /pscratch/sd/s/shengyu/galaxies/catalogs/Y3/AbacusHF-v2/Boxes/QSO/sn0p950/AbacusSummit_base_c000_ph002/mpspk/xipoles_QSO_zp0.950_DR2_v1.0+dv_verr_empirical.npy
[001145.50]  01-26 21:58  CatalogFFTPower              INFO     Painting catalog 1 to mesh CatalogMesh(nmesh=[512 512 512], boxsize=[2000. 2000. 2000.], boxcenter=[ 999.99999482 1000.00003648 1000.00000996], dtype=float64).
[001146.07]  01-26 21:58  CatalogMesh                  INFO     Slab 0 ~ 4194304 / 45481717.
[001147.19]  01-26 21:58  CatalogMesh                  INFO     Painted 4194304 out of 45481717 objects to mesh.
[001147.20]  01-26 21:58  CatalogMesh                  INFO     Slab 4194304 ~ 8388608 / 45481717.
[001148.27]  01-26 21:58  CatalogMesh                  INFO     Painted 8388608 out of 45481717 objects to mesh.
[001148.27]  01-26 21:58  CatalogMesh                  INFO     Slab 8388608 ~ 12582912 / 45481717.
[001149.36]  01-26 21:58  CatalogMesh                  INFO     Painted 12582912 out of 45481717 objects to mesh.
[001149.36]  01-26 21:58  CatalogMesh                  INFO     Slab 12582912 ~ 16777216 / 45481717.
[001150.44]  01-26 21:58  CatalogMesh                  INFO     Painted 16777216 out of 45481717 objects to mesh.
[001150.44]  01-26 21:58  CatalogMesh                  INFO     Slab 16777216 ~ 20971520 / 45481717.
[001151.51]  01-26 21:58  CatalogMesh                  INFO     Painted 20971520 out of 45481717 objects to mesh.
[001151.51]  01-26 21:58  CatalogMesh                  INFO     Slab 20971520 ~ 25165824 / 45481717.
[001152.59]  01-26 21:58  CatalogMesh                  INFO     Painted 25165824 out of 45481717 objects to mesh.
[001152.59]  01-26 21:58  CatalogMesh                  INFO     Slab 25165824 ~ 29360128 / 45481717.
[001153.67]  01-26 21:58  CatalogMesh                  INFO     Painted 29360128 out of 45481717 objects to mesh.
[001153.67]  01-26 21:58  CatalogMesh                  INFO     Slab 29360128 ~ 33554432 / 45481717.
[001154.76]  01-26 21:58  CatalogMesh                  INFO     Painted 33554432 out of 45481717 objects to mesh.
[001154.76]  01-26 21:58  CatalogMesh                  INFO     Slab 33554432 ~ 37748736 / 45481717.
[001155.96]  01-26 21:58  CatalogMesh                  INFO     Painted 37748736 out of 45481717 objects to mesh.
[001155.96]  01-26 21:58  CatalogMesh                  INFO     Slab 37748736 ~ 41943040 / 45481717.
[001157.15]  01-26 21:58  CatalogMesh                  INFO     Painted 41943040 out of 45481717 objects to mesh.
[001157.15]  01-26 21:58  CatalogMesh                  INFO     Slab 41943040 ~ 46137344 / 45481717.
[001158.18]  01-26 21:58  CatalogMesh                  INFO     Painted 45481717 out of 45481717 objects to mesh.
[001158.18]  01-26 21:58  CatalogMesh                  INFO     Running interlacing at order 3.
[001160.59]  01-26 21:58  CatalogMesh                  INFO     Slab 0 ~ 4194304 / 45481717.
[001161.67]  01-26 21:58  CatalogMesh                  INFO     Painted 4194304 out of 45481717 objects to mesh.
[001161.67]  01-26 21:58  CatalogMesh                  INFO     Slab 4194304 ~ 8388608 / 45481717.
[001162.75]  01-26 21:58  CatalogMesh                  INFO     Painted 8388608 out of 45481717 objects to mesh.
[001162.75]  01-26 21:58  CatalogMesh                  INFO     Slab 8388608 ~ 12582912 / 45481717.
[001163.82]  01-26 21:58  CatalogMesh                  INFO     Painted 12582912 out of 45481717 objects to mesh.
[001163.82]  01-26 21:58  CatalogMesh                  INFO     Slab 12582912 ~ 16777216 / 45481717.
[001164.90]  01-26 21:58  CatalogMesh                  INFO     Painted 16777216 out of 45481717 objects to mesh.
[001164.90]  01-26 21:58  CatalogMesh                  INFO     Slab 16777216 ~ 20971520 / 45481717.
[001165.98]  01-26 21:58  CatalogMesh                  INFO     Painted 20971520 out of 45481717 objects to mesh.
[001165.98]  01-26 21:58  CatalogMesh                  INFO     Slab 20971520 ~ 25165824 / 45481717.
[001167.06]  01-26 21:59  CatalogMesh                  INFO     Painted 25165824 out of 45481717 objects to mesh.
[001167.06]  01-26 21:59  CatalogMesh                  INFO     Slab 25165824 ~ 29360128 / 45481717.
[001168.13]  01-26 21:59  CatalogMesh                  INFO     Painted 29360128 out of 45481717 objects to mesh.
[001168.14]  01-26 21:59  CatalogMesh                  INFO     Slab 29360128 ~ 33554432 / 45481717.
[001169.23]  01-26 21:59  CatalogMesh                  INFO     Painted 33554432 out of 45481717 objects to mesh.
[001169.23]  01-26 21:59  CatalogMesh                  INFO     Slab 33554432 ~ 37748736 / 45481717.
[001170.43]  01-26 21:59  CatalogMesh                  INFO     Painted 37748736 out of 45481717 objects to mesh.
[001170.43]  01-26 21:59  CatalogMesh                  INFO     Slab 37748736 ~ 41943040 / 45481717.
[001171.64]  01-26 21:59  CatalogMesh                  INFO     Painted 41943040 out of 45481717 objects to mesh.
[001171.64]  01-26 21:59  CatalogMesh                  INFO     Slab 41943040 ~ 46137344 / 45481717.
[001172.66]  01-26 21:59  CatalogMesh                  INFO     Painted 45481717 out of 45481717 objects to mesh.
[001176.66]  01-26 21:59  CatalogMesh                  INFO     Slab 0 ~ 4194304 / 45481717.
[001177.73]  01-26 21:59  CatalogMesh                  INFO     Painted 4194304 out of 45481717 objects to mesh.
[001177.73]  01-26 21:59  CatalogMesh                  INFO     Slab 4194304 ~ 8388608 / 45481717.
[001178.81]  01-26 21:59  CatalogMesh                  INFO     Painted 8388608 out of 45481717 objects to mesh.
[001178.81]  01-26 21:59  CatalogMesh                  INFO     Slab 8388608 ~ 12582912 / 45481717.
[001179.89]  01-26 21:59  CatalogMesh                  INFO     Painted 12582912 out of 45481717 objects to mesh.
[001179.89]  01-26 21:59  CatalogMesh                  INFO     Slab 12582912 ~ 16777216 / 45481717.
[001180.97]  01-26 21:59  CatalogMesh                  INFO     Painted 16777216 out of 45481717 objects to mesh.
[001180.97]  01-26 21:59  CatalogMesh                  INFO     Slab 16777216 ~ 20971520 / 45481717.
[001182.05]  01-26 21:59  CatalogMesh                  INFO     Painted 20971520 out of 45481717 objects to mesh.
[001182.05]  01-26 21:59  CatalogMesh                  INFO     Slab 20971520 ~ 25165824 / 45481717.
[001183.12]  01-26 21:59  CatalogMesh                  INFO     Painted 25165824 out of 45481717 objects to mesh.
[001183.12]  01-26 21:59  CatalogMesh                  INFO     Slab 25165824 ~ 29360128 / 45481717.
[001184.19]  01-26 21:59  CatalogMesh                  INFO     Painted 29360128 out of 45481717 objects to mesh.
[001184.19]  01-26 21:59  CatalogMesh                  INFO     Slab 29360128 ~ 33554432 / 45481717.
[001185.29]  01-26 21:59  CatalogMesh                  INFO     Painted 33554432 out of 45481717 objects to mesh.
[001185.29]  01-26 21:59  CatalogMesh                  INFO     Slab 33554432 ~ 37748736 / 45481717.
[001186.50]  01-26 21:59  CatalogMesh                  INFO     Painted 37748736 out of 45481717 objects to mesh.
[001186.50]  01-26 21:59  CatalogMesh                  INFO     Slab 37748736 ~ 41943040 / 45481717.
[001187.70]  01-26 21:59  CatalogMesh                  INFO     Painted 41943040 out of 45481717 objects to mesh.
[001187.70]  01-26 21:59  CatalogMesh                  INFO     Slab 41943040 ~ 46137344 / 45481717.
[001188.73]  01-26 21:59  CatalogMesh                  INFO     Painted 45481717 out of 45481717 objects to mesh.
[001194.25]  01-26 21:59  CatalogFFTPower              INFO     Done painting catalog 1 to mesh.
[001194.25]  01-26 21:59  CatalogFFTPower              INFO     Using 400 k-bins between 0.000 and 0.400.
[001194.25]  01-26 21:59  CatalogFFTPower              INFO     Meshes prepared in elapsed time 48.75 s.
[001194.25]  01-26 21:59  CatalogFFTPower              INFO     Running mesh calculation.
[001211.44]  01-26 21:59  CatalogFFTPower              INFO     Mesh calculations performed in elapsed time 17.20 s.
[001211.44]  01-26 21:59  CatalogFFTPower              INFO     Power spectrum computed in elapsed time 65.95 s.
[001211.45]  01-26 21:59  CatalogFFTPower              INFO     Saving /pscratch/sd/s/shengyu/galaxies/catalogs/Y3/AbacusHF-v2/Boxes/QSO/sn0p950/AbacusSummit_base_c000_ph002/mpspk/pkpoles_QSO_zp0.950_DR2_v1.0+dv_verr_empirical.npy.
[001211.45]  01-26 21:59  compute_2pt                  INFO     Save to /pscratch/sd/s/shengyu/galaxies/catalogs/Y3/AbacusHF-v2/Boxes/QSO/sn0p950/AbacusSummit_base_c000_ph002/mpspk/pkpoles_QSO_zp0.950_DR2_v1.0+dv_verr_empirical.npy
[001211.45]  01-26 21:59  TwoPointCorrelationFunction  INFO     Using estimator <class 'pycorr.twopoint_estimator.NaturalTwoPointEstimator'>.
[001211.45]  01-26 21:59  TwoPointCorrelationFunction  INFO     Running auto-correlation.
[001211.45]  01-26 21:59  TwoPointCorrelationFunction  INFO     Computing two-point counts D1D2.
[001274.87]  01-26 22:00  TwoPointCorrelationFunction  INFO     Analytically computing two-point counts R1R2.
[001274.87]  01-26 22:00  TwoPointCorrelationFunction  INFO     Correlation function computed in elapsed time 63.42 s.
[001274.87]  01-26 22:00  NaturalTwoPointEstimator     INFO     Saving /pscratch/sd/s/shengyu/galaxies/catalogs/Y3/AbacusHF-v2/Boxes/QSO/sn0p950/AbacusSummit_base_c000_ph002/mpspk/mpslog_QSO_zp0.950_DR2_v1.0+dv_verr_empirical.npy.
[001274.88]  01-26 22:00  compute_2pt                  INFO     Save to /pscratch/sd/s/shengyu/galaxies/catalogs/Y3/AbacusHF-v2/Boxes/QSO/sn0p950/AbacusSummit_base_c000_ph002/mpspk/mpslog_QSO_zp0.950_DR2_v1.0+dv_verr_empirical.npy
[001274.88]  01-26 22:00  TwoPointCorrelationFunction  INFO     Using estimator <class 'pycorr.twopoint_estimator.NaturalTwoPointEstimator'>.
[001274.88]  01-26 22:00  TwoPointCorrelationFunction  INFO     Running auto-correlation.
[001274.88]  01-26 22:00  TwoPointCorrelationFunction  INFO     Computing two-point counts D1D2.
[001316.68]  01-26 22:01  TwoPointCorrelationFunction  INFO     Analytically computing two-point counts R1R2.
[001316.68]  01-26 22:01  TwoPointCorrelationFunction  INFO     Correlation function computed in elapsed time 41.80 s.
[001316.68]  01-26 22:01  NaturalTwoPointEstimator     INFO     Saving /pscratch/sd/s/shengyu/galaxies/catalogs/Y3/AbacusHF-v2/Boxes/QSO/sn0p950/AbacusSummit_base_c000_ph002/mpspk/wplog_QSO_zp0.950_DR2_v1.0+dv_verr_empirical.npy.
[001316.68]  01-26 22:01  compute_2pt                  INFO     Save to /pscratch/sd/s/shengyu/galaxies/catalogs/Y3/AbacusHF-v2/Boxes/QSO/sn0p950/AbacusSummit_base_c000_ph002/mpspk/wplog_QSO_zp0.950_DR2_v1.0+dv_verr_empirical.npy
[001316.69]  01-26 22:01  compute_2pt                  INFO     Procceed {'version': 'AbacusHF-v2', 'domain': 'cubic', 'tracer': 'QSO', 'zsnap': 0.95, 'zrange': (0.8, 1.1), 'mock_id': 3, 'use_dv': 'verr_empirical'}
[001316.69]  01-26 22:01  cat_tools                    INFO     Load /pscratch/sd/s/shengyu/galaxies/catalogs/Y3/AbacusHF-v2/Boxes/QSO/sn0p950/AbacusSummit_base_c000_ph003/abacus_HF_QSO_0p950_DR2_v2.0_AbacusSummit_base_c000_ph003_base_clustering.dat.h5
[001316.69]  01-26 22:01  FileStack                    INFO     Reading /pscratch/sd/s/shengyu/galaxies/catalogs/Y3/AbacusHF-v2/Boxes/QSO/sn0p950/AbacusSummit_base_c000_ph003/abacus_HF_QSO_0p950_DR2_v2.0_AbacusSummit_base_c000_ph003_base_clustering.dat.h5.
[001316.69]  01-26 22:01  cat_tools                    INFO     use Z positions shifted in verr_empirical mode
[001318.47]  01-26 22:01  TwoPointCorrelationFunction  INFO     Using estimator <class 'pycorr.twopoint_estimator.NaturalTwoPointEstimator'>.
[001318.47]  01-26 22:01  TwoPointCorrelationFunction  INFO     Running auto-correlation.
[001318.47]  01-26 22:01  TwoPointCorrelationFunction  INFO     Computing two-point counts D1D2.
[001578.47]  01-26 22:05  TwoPointCorrelationFunction  INFO     Analytically computing two-point counts R1R2.
[001578.48]  01-26 22:05  TwoPointCorrelationFunction  INFO     Correlation function computed in elapsed time 260.01 s.
[001578.48]  01-26 22:05  NaturalTwoPointEstimator     INFO     Saving /pscratch/sd/s/shengyu/galaxies/catalogs/Y3/AbacusHF-v2/Boxes/QSO/sn0p950/AbacusSummit_base_c000_ph003/mpspk/xipoles_QSO_zp0.950_DR2_v1.0+dv_verr_empirical.npy.
[001578.48]  01-26 22:05  compute_2pt                  INFO     Save to /pscratch/sd/s/shengyu/galaxies/catalogs/Y3/AbacusHF-v2/Boxes/QSO/sn0p950/AbacusSummit_base_c000_ph003/mpspk/xipoles_QSO_zp0.950_DR2_v1.0+dv_verr_empirical.npy
[001584.65]  01-26 22:05  CatalogFFTPower              INFO     Painting catalog 1 to mesh CatalogMesh(nmesh=[512 512 512], boxsize=[2000. 2000. 2000.], boxcenter=[ 999.99999901  999.99996969 1000.00000812], dtype=float64).
[001585.23]  01-26 22:05  CatalogMesh                  INFO     Slab 0 ~ 4194304 / 45501509.
[001586.34]  01-26 22:06  CatalogMesh                  INFO     Painted 4194304 out of 45501509 objects to mesh.
[001586.34]  01-26 22:06  CatalogMesh                  INFO     Slab 4194304 ~ 8388608 / 45501509.
[001587.42]  01-26 22:06  CatalogMesh                  INFO     Painted 8388608 out of 45501509 objects to mesh.
[001587.42]  01-26 22:06  CatalogMesh                  INFO     Slab 8388608 ~ 12582912 / 45501509.
[001588.51]  01-26 22:06  CatalogMesh                  INFO     Painted 12582912 out of 45501509 objects to mesh.
[001588.51]  01-26 22:06  CatalogMesh                  INFO     Slab 12582912 ~ 16777216 / 45501509.
[001589.59]  01-26 22:06  CatalogMesh                  INFO     Painted 16777216 out of 45501509 objects to mesh.
[001589.59]  01-26 22:06  CatalogMesh                  INFO     Slab 16777216 ~ 20971520 / 45501509.
[001590.67]  01-26 22:06  CatalogMesh                  INFO     Painted 20971520 out of 45501509 objects to mesh.
[001590.67]  01-26 22:06  CatalogMesh                  INFO     Slab 20971520 ~ 25165824 / 45501509.
[001591.74]  01-26 22:06  CatalogMesh                  INFO     Painted 25165824 out of 45501509 objects to mesh.
[001591.74]  01-26 22:06  CatalogMesh                  INFO     Slab 25165824 ~ 29360128 / 45501509.
[001592.82]  01-26 22:06  CatalogMesh                  INFO     Painted 29360128 out of 45501509 objects to mesh.
[001592.82]  01-26 22:06  CatalogMesh                  INFO     Slab 29360128 ~ 33554432 / 45501509.
[001593.92]  01-26 22:06  CatalogMesh                  INFO     Painted 33554432 out of 45501509 objects to mesh.
[001593.92]  01-26 22:06  CatalogMesh                  INFO     Slab 33554432 ~ 37748736 / 45501509.
[001595.14]  01-26 22:06  CatalogMesh                  INFO     Painted 37748736 out of 45501509 objects to mesh.
[001595.14]  01-26 22:06  CatalogMesh                  INFO     Slab 37748736 ~ 41943040 / 45501509.
[001596.35]  01-26 22:06  CatalogMesh                  INFO     Painted 41943040 out of 45501509 objects to mesh.
[001596.35]  01-26 22:06  CatalogMesh                  INFO     Slab 41943040 ~ 46137344 / 45501509.
[001597.38]  01-26 22:06  CatalogMesh                  INFO     Painted 45501509 out of 45501509 objects to mesh.
[001597.38]  01-26 22:06  CatalogMesh                  INFO     Running interlacing at order 3.
[001599.81]  01-26 22:06  CatalogMesh                  INFO     Slab 0 ~ 4194304 / 45501509.
[001600.89]  01-26 22:06  CatalogMesh                  INFO     Painted 4194304 out of 45501509 objects to mesh.
[001600.89]  01-26 22:06  CatalogMesh                  INFO     Slab 4194304 ~ 8388608 / 45501509.
[001601.97]  01-26 22:06  CatalogMesh                  INFO     Painted 8388608 out of 45501509 objects to mesh.
[001601.97]  01-26 22:06  CatalogMesh                  INFO     Slab 8388608 ~ 12582912 / 45501509.
[001603.05]  01-26 22:06  CatalogMesh                  INFO     Painted 12582912 out of 45501509 objects to mesh.
[001603.05]  01-26 22:06  CatalogMesh                  INFO     Slab 12582912 ~ 16777216 / 45501509.
[001604.13]  01-26 22:06  CatalogMesh                  INFO     Painted 16777216 out of 45501509 objects to mesh.
[001604.13]  01-26 22:06  CatalogMesh                  INFO     Slab 16777216 ~ 20971520 / 45501509.
[001605.20]  01-26 22:06  CatalogMesh                  INFO     Painted 20971520 out of 45501509 objects to mesh.
[001605.20]  01-26 22:06  CatalogMesh                  INFO     Slab 20971520 ~ 25165824 / 45501509.
[001606.29]  01-26 22:06  CatalogMesh                  INFO     Painted 25165824 out of 45501509 objects to mesh.
[001606.29]  01-26 22:06  CatalogMesh                  INFO     Slab 25165824 ~ 29360128 / 45501509.
[001607.41]  01-26 22:06  CatalogMesh                  INFO     Painted 29360128 out of 45501509 objects to mesh.
[001607.41]  01-26 22:06  CatalogMesh                  INFO     Slab 29360128 ~ 33554432 / 45501509.
[001608.56]  01-26 22:06  CatalogMesh                  INFO     Painted 33554432 out of 45501509 objects to mesh.
[001608.56]  01-26 22:06  CatalogMesh                  INFO     Slab 33554432 ~ 37748736 / 45501509.
[001609.80]  01-26 22:06  CatalogMesh                  INFO     Painted 37748736 out of 45501509 objects to mesh.
[001609.80]  01-26 22:06  CatalogMesh                  INFO     Slab 37748736 ~ 41943040 / 45501509.
[001611.00]  01-26 22:06  CatalogMesh                  INFO     Painted 41943040 out of 45501509 objects to mesh.
[001611.00]  01-26 22:06  CatalogMesh                  INFO     Slab 41943040 ~ 46137344 / 45501509.
[001612.02]  01-26 22:06  CatalogMesh                  INFO     Painted 45501509 out of 45501509 objects to mesh.
[001616.01]  01-26 22:06  CatalogMesh                  INFO     Slab 0 ~ 4194304 / 45501509.
[001617.09]  01-26 22:06  CatalogMesh                  INFO     Painted 4194304 out of 45501509 objects to mesh.
[001617.09]  01-26 22:06  CatalogMesh                  INFO     Slab 4194304 ~ 8388608 / 45501509.
[001618.17]  01-26 22:06  CatalogMesh                  INFO     Painted 8388608 out of 45501509 objects to mesh.
[001618.17]  01-26 22:06  CatalogMesh                  INFO     Slab 8388608 ~ 12582912 / 45501509.
[001619.24]  01-26 22:06  CatalogMesh                  INFO     Painted 12582912 out of 45501509 objects to mesh.
[001619.24]  01-26 22:06  CatalogMesh                  INFO     Slab 12582912 ~ 16777216 / 45501509.
[001620.33]  01-26 22:06  CatalogMesh                  INFO     Painted 16777216 out of 45501509 objects to mesh.
[001620.33]  01-26 22:06  CatalogMesh                  INFO     Slab 16777216 ~ 20971520 / 45501509.
[001621.40]  01-26 22:06  CatalogMesh                  INFO     Painted 20971520 out of 45501509 objects to mesh.
[001621.40]  01-26 22:06  CatalogMesh                  INFO     Slab 20971520 ~ 25165824 / 45501509.
[001622.48]  01-26 22:06  CatalogMesh                  INFO     Painted 25165824 out of 45501509 objects to mesh.
[001622.48]  01-26 22:06  CatalogMesh                  INFO     Slab 25165824 ~ 29360128 / 45501509.
[001623.56]  01-26 22:06  CatalogMesh                  INFO     Painted 29360128 out of 45501509 objects to mesh.
[001623.56]  01-26 22:06  CatalogMesh                  INFO     Slab 29360128 ~ 33554432 / 45501509.
[001624.66]  01-26 22:06  CatalogMesh                  INFO     Painted 33554432 out of 45501509 objects to mesh.
[001624.66]  01-26 22:06  CatalogMesh                  INFO     Slab 33554432 ~ 37748736 / 45501509.
[001625.86]  01-26 22:06  CatalogMesh                  INFO     Painted 37748736 out of 45501509 objects to mesh.
[001625.86]  01-26 22:06  CatalogMesh                  INFO     Slab 37748736 ~ 41943040 / 45501509.
[001627.06]  01-26 22:06  CatalogMesh                  INFO     Painted 41943040 out of 45501509 objects to mesh.
[001627.06]  01-26 22:06  CatalogMesh                  INFO     Slab 41943040 ~ 46137344 / 45501509.
[001628.09]  01-26 22:06  CatalogMesh                  INFO     Painted 45501509 out of 45501509 objects to mesh.
[001633.61]  01-26 22:06  CatalogFFTPower              INFO     Done painting catalog 1 to mesh.
[001633.61]  01-26 22:06  CatalogFFTPower              INFO     Using 400 k-bins between 0.000 and 0.400.
[001633.61]  01-26 22:06  CatalogFFTPower              INFO     Meshes prepared in elapsed time 48.97 s.
[001633.61]  01-26 22:06  CatalogFFTPower              INFO     Running mesh calculation.
[001650.79]  01-26 22:07  CatalogFFTPower              INFO     Mesh calculations performed in elapsed time 17.17 s.
[001650.79]  01-26 22:07  CatalogFFTPower              INFO     Power spectrum computed in elapsed time 66.14 s.
[001650.79]  01-26 22:07  CatalogFFTPower              INFO     Saving /pscratch/sd/s/shengyu/galaxies/catalogs/Y3/AbacusHF-v2/Boxes/QSO/sn0p950/AbacusSummit_base_c000_ph003/mpspk/pkpoles_QSO_zp0.950_DR2_v1.0+dv_verr_empirical.npy.
[001650.79]  01-26 22:07  compute_2pt                  INFO     Save to /pscratch/sd/s/shengyu/galaxies/catalogs/Y3/AbacusHF-v2/Boxes/QSO/sn0p950/AbacusSummit_base_c000_ph003/mpspk/pkpoles_QSO_zp0.950_DR2_v1.0+dv_verr_empirical.npy
[001650.79]  01-26 22:07  TwoPointCorrelationFunction  INFO     Using estimator <class 'pycorr.twopoint_estimator.NaturalTwoPointEstimator'>.
[001650.79]  01-26 22:07  TwoPointCorrelationFunction  INFO     Running auto-correlation.
[001650.79]  01-26 22:07  TwoPointCorrelationFunction  INFO     Computing two-point counts D1D2.
[001710.24]  01-26 22:08  TwoPointCorrelationFunction  INFO     Analytically computing two-point counts R1R2.
[001710.24]  01-26 22:08  TwoPointCorrelationFunction  INFO     Correlation function computed in elapsed time 59.45 s.
[001710.24]  01-26 22:08  NaturalTwoPointEstimator     INFO     Saving /pscratch/sd/s/shengyu/galaxies/catalogs/Y3/AbacusHF-v2/Boxes/QSO/sn0p950/AbacusSummit_base_c000_ph003/mpspk/mpslog_QSO_zp0.950_DR2_v1.0+dv_verr_empirical.npy.
[001710.25]  01-26 22:08  compute_2pt                  INFO     Save to /pscratch/sd/s/shengyu/galaxies/catalogs/Y3/AbacusHF-v2/Boxes/QSO/sn0p950/AbacusSummit_base_c000_ph003/mpspk/mpslog_QSO_zp0.950_DR2_v1.0+dv_verr_empirical.npy
[001710.25]  01-26 22:08  TwoPointCorrelationFunction  INFO     Using estimator <class 'pycorr.twopoint_estimator.NaturalTwoPointEstimator'>.
[001710.25]  01-26 22:08  TwoPointCorrelationFunction  INFO     Running auto-correlation.
[001710.25]  01-26 22:08  TwoPointCorrelationFunction  INFO     Computing two-point counts D1D2.
[001751.88]  01-26 22:08  TwoPointCorrelationFunction  INFO     Analytically computing two-point counts R1R2.
[001751.89]  01-26 22:08  TwoPointCorrelationFunction  INFO     Correlation function computed in elapsed time 41.64 s.
[001751.89]  01-26 22:08  NaturalTwoPointEstimator     INFO     Saving /pscratch/sd/s/shengyu/galaxies/catalogs/Y3/AbacusHF-v2/Boxes/QSO/sn0p950/AbacusSummit_base_c000_ph003/mpspk/wplog_QSO_zp0.950_DR2_v1.0+dv_verr_empirical.npy.
[001751.89]  01-26 22:08  compute_2pt                  INFO     Save to /pscratch/sd/s/shengyu/galaxies/catalogs/Y3/AbacusHF-v2/Boxes/QSO/sn0p950/AbacusSummit_base_c000_ph003/mpspk/wplog_QSO_zp0.950_DR2_v1.0+dv_verr_empirical.npy
[001751.89]  01-26 22:08  compute_2pt                  INFO     Procceed {'version': 'AbacusHF-v2', 'domain': 'cubic', 'tracer': 'QSO', 'zsnap': 0.95, 'zrange': (0.8, 1.1), 'mock_id': 4, 'use_dv': 'verr_empirical'}
[001751.89]  01-26 22:08  cat_tools                    INFO     Load /pscratch/sd/s/shengyu/galaxies/catalogs/Y3/AbacusHF-v2/Boxes/QSO/sn0p950/AbacusSummit_base_c000_ph004/abacus_HF_QSO_0p950_DR2_v2.0_AbacusSummit_base_c000_ph004_base_clustering.dat.h5
[001751.89]  01-26 22:08  FileStack                    INFO     Reading /pscratch/sd/s/shengyu/galaxies/catalogs/Y3/AbacusHF-v2/Boxes/QSO/sn0p950/AbacusSummit_base_c000_ph004/abacus_HF_QSO_0p950_DR2_v2.0_AbacusSummit_base_c000_ph004_base_clustering.dat.h5.
[001751.90]  01-26 22:08  cat_tools                    INFO     use Z positions shifted in verr_empirical mode
[001753.66]  01-26 22:08  TwoPointCorrelationFunction  INFO     Using estimator <class 'pycorr.twopoint_estimator.NaturalTwoPointEstimator'>.
[001753.66]  01-26 22:08  TwoPointCorrelationFunction  INFO     Running auto-correlation.
[001753.66]  01-26 22:08  TwoPointCorrelationFunction  INFO     Computing two-point counts D1D2.
[002012.13]  01-26 22:13  TwoPointCorrelationFunction  INFO     Analytically computing two-point counts R1R2.
[002012.13]  01-26 22:13  TwoPointCorrelationFunction  INFO     Correlation function computed in elapsed time 258.48 s.
[002012.14]  01-26 22:13  NaturalTwoPointEstimator     INFO     Saving /pscratch/sd/s/shengyu/galaxies/catalogs/Y3/AbacusHF-v2/Boxes/QSO/sn0p950/AbacusSummit_base_c000_ph004/mpspk/xipoles_QSO_zp0.950_DR2_v1.0+dv_verr_empirical.npy.
[002012.14]  01-26 22:13  compute_2pt                  INFO     Save to /pscratch/sd/s/shengyu/galaxies/catalogs/Y3/AbacusHF-v2/Boxes/QSO/sn0p950/AbacusSummit_base_c000_ph004/mpspk/xipoles_QSO_zp0.950_DR2_v1.0+dv_verr_empirical.npy
[002018.31]  01-26 22:13  CatalogFFTPower              INFO     Painting catalog 1 to mesh CatalogMesh(nmesh=[512 512 512], boxsize=[2000. 2000. 2000.], boxcenter=[1000.00003012 1000.00002855  999.99998994], dtype=float64).
[002018.90]  01-26 22:13  CatalogMesh                  INFO     Slab 0 ~ 4194304 / 45520115.
[002020.00]  01-26 22:13  CatalogMesh                  INFO     Painted 4194304 out of 45520115 objects to mesh.
[002020.00]  01-26 22:13  CatalogMesh                  INFO     Slab 4194304 ~ 8388608 / 45520115.
[002021.08]  01-26 22:13  CatalogMesh                  INFO     Painted 8388608 out of 45520115 objects to mesh.
[002021.08]  01-26 22:13  CatalogMesh                  INFO     Slab 8388608 ~ 12582912 / 45520115.
[002022.15]  01-26 22:13  CatalogMesh                  INFO     Painted 12582912 out of 45520115 objects to mesh.
[002022.15]  01-26 22:13  CatalogMesh                  INFO     Slab 12582912 ~ 16777216 / 45520115.
[002023.24]  01-26 22:13  CatalogMesh                  INFO     Painted 16777216 out of 45520115 objects to mesh.
[002023.24]  01-26 22:13  CatalogMesh                  INFO     Slab 16777216 ~ 20971520 / 45520115.
[002024.32]  01-26 22:13  CatalogMesh                  INFO     Painted 20971520 out of 45520115 objects to mesh.
[002024.32]  01-26 22:13  CatalogMesh                  INFO     Slab 20971520 ~ 25165824 / 45520115.
[002025.40]  01-26 22:13  CatalogMesh                  INFO     Painted 25165824 out of 45520115 objects to mesh.
[002025.40]  01-26 22:13  CatalogMesh                  INFO     Slab 25165824 ~ 29360128 / 45520115.
[002026.48]  01-26 22:13  CatalogMesh                  INFO     Painted 29360128 out of 45520115 objects to mesh.
[002026.48]  01-26 22:13  CatalogMesh                  INFO     Slab 29360128 ~ 33554432 / 45520115.
[002027.58]  01-26 22:13  CatalogMesh                  INFO     Painted 33554432 out of 45520115 objects to mesh.
[002027.58]  01-26 22:13  CatalogMesh                  INFO     Slab 33554432 ~ 37748736 / 45520115.
[002028.78]  01-26 22:13  CatalogMesh                  INFO     Painted 37748736 out of 45520115 objects to mesh.
[002028.78]  01-26 22:13  CatalogMesh                  INFO     Slab 37748736 ~ 41943040 / 45520115.
[002029.98]  01-26 22:13  CatalogMesh                  INFO     Painted 41943040 out of 45520115 objects to mesh.
[002029.98]  01-26 22:13  CatalogMesh                  INFO     Slab 41943040 ~ 46137344 / 45520115.
[002031.02]  01-26 22:13  CatalogMesh                  INFO     Painted 45520115 out of 45520115 objects to mesh.
[002031.02]  01-26 22:13  CatalogMesh                  INFO     Running interlacing at order 3.
[002033.46]  01-26 22:13  CatalogMesh                  INFO     Slab 0 ~ 4194304 / 45520115.
[002034.53]  01-26 22:13  CatalogMesh                  INFO     Painted 4194304 out of 45520115 objects to mesh.
[002034.53]  01-26 22:13  CatalogMesh                  INFO     Slab 4194304 ~ 8388608 / 45520115.
[002035.62]  01-26 22:13  CatalogMesh                  INFO     Painted 8388608 out of 45520115 objects to mesh.
[002035.62]  01-26 22:13  CatalogMesh                  INFO     Slab 8388608 ~ 12582912 / 45520115.
[002036.70]  01-26 22:13  CatalogMesh                  INFO     Painted 12582912 out of 45520115 objects to mesh.
[002036.70]  01-26 22:13  CatalogMesh                  INFO     Slab 12582912 ~ 16777216 / 45520115.
[002037.78]  01-26 22:13  CatalogMesh                  INFO     Painted 16777216 out of 45520115 objects to mesh.
[002037.78]  01-26 22:13  CatalogMesh                  INFO     Slab 16777216 ~ 20971520 / 45520115.
[002038.87]  01-26 22:13  CatalogMesh                  INFO     Painted 20971520 out of 45520115 objects to mesh.
[002038.87]  01-26 22:13  CatalogMesh                  INFO     Slab 20971520 ~ 25165824 / 45520115.
[002039.94]  01-26 22:13  CatalogMesh                  INFO     Painted 25165824 out of 45520115 objects to mesh.
[002039.94]  01-26 22:13  CatalogMesh                  INFO     Slab 25165824 ~ 29360128 / 45520115.
[002041.02]  01-26 22:13  CatalogMesh                  INFO     Painted 29360128 out of 45520115 objects to mesh.
[002041.02]  01-26 22:13  CatalogMesh                  INFO     Slab 29360128 ~ 33554432 / 45520115.
[002042.12]  01-26 22:13  CatalogMesh                  INFO     Painted 33554432 out of 45520115 objects to mesh.
[002042.12]  01-26 22:13  CatalogMesh                  INFO     Slab 33554432 ~ 37748736 / 45520115.
[002043.33]  01-26 22:13  CatalogMesh                  INFO     Painted 37748736 out of 45520115 objects to mesh.
[002043.33]  01-26 22:13  CatalogMesh                  INFO     Slab 37748736 ~ 41943040 / 45520115.
[002044.53]  01-26 22:13  CatalogMesh                  INFO     Painted 41943040 out of 45520115 objects to mesh.
[002044.53]  01-26 22:13  CatalogMesh                  INFO     Slab 41943040 ~ 46137344 / 45520115.
[002045.57]  01-26 22:13  CatalogMesh                  INFO     Painted 45520115 out of 45520115 objects to mesh.
[002049.57]  01-26 22:13  CatalogMesh                  INFO     Slab 0 ~ 4194304 / 45520115.
[002050.67]  01-26 22:13  CatalogMesh                  INFO     Painted 4194304 out of 45520115 objects to mesh.
[002050.67]  01-26 22:13  CatalogMesh                  INFO     Slab 4194304 ~ 8388608 / 45520115.
[002051.75]  01-26 22:13  CatalogMesh                  INFO     Painted 8388608 out of 45520115 objects to mesh.
[002051.75]  01-26 22:13  CatalogMesh                  INFO     Slab 8388608 ~ 12582912 / 45520115.
[002052.83]  01-26 22:13  CatalogMesh                  INFO     Painted 12582912 out of 45520115 objects to mesh.
[002052.83]  01-26 22:13  CatalogMesh                  INFO     Slab 12582912 ~ 16777216 / 45520115.
[002053.92]  01-26 22:13  CatalogMesh                  INFO     Painted 16777216 out of 45520115 objects to mesh.
[002053.92]  01-26 22:13  CatalogMesh                  INFO     Slab 16777216 ~ 20971520 / 45520115.
[002055.00]  01-26 22:13  CatalogMesh                  INFO     Painted 20971520 out of 45520115 objects to mesh.
[002055.00]  01-26 22:13  CatalogMesh                  INFO     Slab 20971520 ~ 25165824 / 45520115.
[002056.08]  01-26 22:13  CatalogMesh                  INFO     Painted 25165824 out of 45520115 objects to mesh.
[002056.08]  01-26 22:13  CatalogMesh                  INFO     Slab 25165824 ~ 29360128 / 45520115.
[002057.16]  01-26 22:13  CatalogMesh                  INFO     Painted 29360128 out of 45520115 objects to mesh.
[002057.16]  01-26 22:13  CatalogMesh                  INFO     Slab 29360128 ~ 33554432 / 45520115.
[002058.26]  01-26 22:13  CatalogMesh                  INFO     Painted 33554432 out of 45520115 objects to mesh.
[002058.26]  01-26 22:13  CatalogMesh                  INFO     Slab 33554432 ~ 37748736 / 45520115.
[002059.46]  01-26 22:13  CatalogMesh                  INFO     Painted 37748736 out of 45520115 objects to mesh.
[002059.46]  01-26 22:13  CatalogMesh                  INFO     Slab 37748736 ~ 41943040 / 45520115.
[002060.68]  01-26 22:13  CatalogMesh                  INFO     Painted 41943040 out of 45520115 objects to mesh.
[002060.68]  01-26 22:13  CatalogMesh                  INFO     Slab 41943040 ~ 46137344 / 45520115.
[002061.71]  01-26 22:13  CatalogMesh                  INFO     Painted 45520115 out of 45520115 objects to mesh.
[002067.23]  01-26 22:14  CatalogFFTPower              INFO     Done painting catalog 1 to mesh.
[002067.23]  01-26 22:14  CatalogFFTPower              INFO     Using 400 k-bins between 0.000 and 0.400.
[002067.23]  01-26 22:14  CatalogFFTPower              INFO     Meshes prepared in elapsed time 48.92 s.
[002067.23]  01-26 22:14  CatalogFFTPower              INFO     Running mesh calculation.
[002084.47]  01-26 22:14  CatalogFFTPower              INFO     Mesh calculations performed in elapsed time 17.23 s.
[002084.47]  01-26 22:14  CatalogFFTPower              INFO     Power spectrum computed in elapsed time 66.15 s.
[002084.47]  01-26 22:14  CatalogFFTPower              INFO     Saving /pscratch/sd/s/shengyu/galaxies/catalogs/Y3/AbacusHF-v2/Boxes/QSO/sn0p950/AbacusSummit_base_c000_ph004/mpspk/pkpoles_QSO_zp0.950_DR2_v1.0+dv_verr_empirical.npy.
[002084.47]  01-26 22:14  compute_2pt                  INFO     Save to /pscratch/sd/s/shengyu/galaxies/catalogs/Y3/AbacusHF-v2/Boxes/QSO/sn0p950/AbacusSummit_base_c000_ph004/mpspk/pkpoles_QSO_zp0.950_DR2_v1.0+dv_verr_empirical.npy
[002084.47]  01-26 22:14  TwoPointCorrelationFunction  INFO     Using estimator <class 'pycorr.twopoint_estimator.NaturalTwoPointEstimator'>.
[002084.47]  01-26 22:14  TwoPointCorrelationFunction  INFO     Running auto-correlation.
[002084.47]  01-26 22:14  TwoPointCorrelationFunction  INFO     Computing two-point counts D1D2.
[002147.80]  01-26 22:15  TwoPointCorrelationFunction  INFO     Analytically computing two-point counts R1R2.
[002147.80]  01-26 22:15  TwoPointCorrelationFunction  INFO     Correlation function computed in elapsed time 63.33 s.
[002147.80]  01-26 22:15  NaturalTwoPointEstimator     INFO     Saving /pscratch/sd/s/shengyu/galaxies/catalogs/Y3/AbacusHF-v2/Boxes/QSO/sn0p950/AbacusSummit_base_c000_ph004/mpspk/mpslog_QSO_zp0.950_DR2_v1.0+dv_verr_empirical.npy.
[002147.81]  01-26 22:15  compute_2pt                  INFO     Save to /pscratch/sd/s/shengyu/galaxies/catalogs/Y3/AbacusHF-v2/Boxes/QSO/sn0p950/AbacusSummit_base_c000_ph004/mpspk/mpslog_QSO_zp0.950_DR2_v1.0+dv_verr_empirical.npy
[002147.81]  01-26 22:15  TwoPointCorrelationFunction  INFO     Using estimator <class 'pycorr.twopoint_estimator.NaturalTwoPointEstimator'>.
[002147.81]  01-26 22:15  TwoPointCorrelationFunction  INFO     Running auto-correlation.
[002147.81]  01-26 22:15  TwoPointCorrelationFunction  INFO     Computing two-point counts D1D2.
[002189.75]  01-26 22:16  TwoPointCorrelationFunction  INFO     Analytically computing two-point counts R1R2.
[002189.75]  01-26 22:16  TwoPointCorrelationFunction  INFO     Correlation function computed in elapsed time 41.94 s.
[002189.75]  01-26 22:16  NaturalTwoPointEstimator     INFO     Saving /pscratch/sd/s/shengyu/galaxies/catalogs/Y3/AbacusHF-v2/Boxes/QSO/sn0p950/AbacusSummit_base_c000_ph004/mpspk/wplog_QSO_zp0.950_DR2_v1.0+dv_verr_empirical.npy.
[002189.76]  01-26 22:16  compute_2pt                  INFO     Save to /pscratch/sd/s/shengyu/galaxies/catalogs/Y3/AbacusHF-v2/Boxes/QSO/sn0p950/AbacusSummit_base_c000_ph004/mpspk/wplog_QSO_zp0.950_DR2_v1.0+dv_verr_empirical.npy
[002189.76]  01-26 22:16  compute_2pt                  INFO     Procceed {'version': 'AbacusHF-v2', 'domain': 'cubic', 'tracer': 'QSO', 'zsnap': 0.95, 'zrange': (0.8, 1.1), 'mock_id': 5, 'use_dv': 'verr_empirical'}
[002189.76]  01-26 22:16  cat_tools                    INFO     Load /pscratch/sd/s/shengyu/galaxies/catalogs/Y3/AbacusHF-v2/Boxes/QSO/sn0p950/AbacusSummit_base_c000_ph005/abacus_HF_QSO_0p950_DR2_v2.0_AbacusSummit_base_c000_ph005_base_clustering.dat.h5
[002189.76]  01-26 22:16  FileStack                    INFO     Reading /pscratch/sd/s/shengyu/galaxies/catalogs/Y3/AbacusHF-v2/Boxes/QSO/sn0p950/AbacusSummit_base_c000_ph005/abacus_HF_QSO_0p950_DR2_v2.0_AbacusSummit_base_c000_ph005_base_clustering.dat.h5.
[002189.77]  01-26 22:16  cat_tools                    INFO     use Z positions shifted in verr_empirical mode
[002191.54]  01-26 22:16  TwoPointCorrelationFunction  INFO     Using estimator <class 'pycorr.twopoint_estimator.NaturalTwoPointEstimator'>.
[002191.54]  01-26 22:16  TwoPointCorrelationFunction  INFO     Running auto-correlation.
[002191.54]  01-26 22:16  TwoPointCorrelationFunction  INFO     Computing two-point counts D1D2.
[002458.81]  01-26 22:20  TwoPointCorrelationFunction  INFO     Analytically computing two-point counts R1R2.
[002458.82]  01-26 22:20  TwoPointCorrelationFunction  INFO     Correlation function computed in elapsed time 267.28 s.
[002458.82]  01-26 22:20  NaturalTwoPointEstimator     INFO     Saving /pscratch/sd/s/shengyu/galaxies/catalogs/Y3/AbacusHF-v2/Boxes/QSO/sn0p950/AbacusSummit_base_c000_ph005/mpspk/xipoles_QSO_zp0.950_DR2_v1.0+dv_verr_empirical.npy.
[002458.83]  01-26 22:20  compute_2pt                  INFO     Save to /pscratch/sd/s/shengyu/galaxies/catalogs/Y3/AbacusHF-v2/Boxes/QSO/sn0p950/AbacusSummit_base_c000_ph005/mpspk/xipoles_QSO_zp0.950_DR2_v1.0+dv_verr_empirical.npy
[002465.10]  01-26 22:20  CatalogFFTPower              INFO     Painting catalog 1 to mesh CatalogMesh(nmesh=[512 512 512], boxsize=[2000. 2000. 2000.], boxcenter=[ 999.99999842 1000.00005289 1000.00003396], dtype=float64).
[002465.68]  01-26 22:20  CatalogMesh                  INFO     Slab 0 ~ 4194304 / 45493670.
[002466.79]  01-26 22:20  CatalogMesh                  INFO     Painted 4194304 out of 45493670 objects to mesh.
[002466.79]  01-26 22:20  CatalogMesh                  INFO     Slab 4194304 ~ 8388608 / 45493670.
[002467.86]  01-26 22:20  CatalogMesh                  INFO     Painted 8388608 out of 45493670 objects to mesh.
[002467.86]  01-26 22:20  CatalogMesh                  INFO     Slab 8388608 ~ 12582912 / 45493670.
[002468.95]  01-26 22:20  CatalogMesh                  INFO     Painted 12582912 out of 45493670 objects to mesh.
[002468.95]  01-26 22:20  CatalogMesh                  INFO     Slab 12582912 ~ 16777216 / 45493670.
[002470.03]  01-26 22:20  CatalogMesh                  INFO     Painted 16777216 out of 45493670 objects to mesh.
[002470.03]  01-26 22:20  CatalogMesh                  INFO     Slab 16777216 ~ 20971520 / 45493670.
[002471.10]  01-26 22:20  CatalogMesh                  INFO     Painted 20971520 out of 45493670 objects to mesh.
[002471.10]  01-26 22:20  CatalogMesh                  INFO     Slab 20971520 ~ 25165824 / 45493670.
[002472.19]  01-26 22:20  CatalogMesh                  INFO     Painted 25165824 out of 45493670 objects to mesh.
[002472.19]  01-26 22:20  CatalogMesh                  INFO     Slab 25165824 ~ 29360128 / 45493670.
[002473.27]  01-26 22:20  CatalogMesh                  INFO     Painted 29360128 out of 45493670 objects to mesh.
[002473.27]  01-26 22:20  CatalogMesh                  INFO     Slab 29360128 ~ 33554432 / 45493670.
[002474.37]  01-26 22:20  CatalogMesh                  INFO     Painted 33554432 out of 45493670 objects to mesh.
[002474.37]  01-26 22:20  CatalogMesh                  INFO     Slab 33554432 ~ 37748736 / 45493670.
[002475.58]  01-26 22:20  CatalogMesh                  INFO     Painted 37748736 out of 45493670 objects to mesh.
[002475.58]  01-26 22:20  CatalogMesh                  INFO     Slab 37748736 ~ 41943040 / 45493670.
[002476.78]  01-26 22:20  CatalogMesh                  INFO     Painted 41943040 out of 45493670 objects to mesh.
[002476.78]  01-26 22:20  CatalogMesh                  INFO     Slab 41943040 ~ 46137344 / 45493670.
[002477.81]  01-26 22:20  CatalogMesh                  INFO     Painted 45493670 out of 45493670 objects to mesh.
[002477.81]  01-26 22:20  CatalogMesh                  INFO     Running interlacing at order 3.
[002480.23]  01-26 22:20  CatalogMesh                  INFO     Slab 0 ~ 4194304 / 45493670.
[002481.31]  01-26 22:20  CatalogMesh                  INFO     Painted 4194304 out of 45493670 objects to mesh.
[002481.31]  01-26 22:20  CatalogMesh                  INFO     Slab 4194304 ~ 8388608 / 45493670.
[002482.38]  01-26 22:20  CatalogMesh                  INFO     Painted 8388608 out of 45493670 objects to mesh.
[002482.38]  01-26 22:20  CatalogMesh                  INFO     Slab 8388608 ~ 12582912 / 45493670.
[002483.46]  01-26 22:20  CatalogMesh                  INFO     Painted 12582912 out of 45493670 objects to mesh.
[002483.46]  01-26 22:20  CatalogMesh                  INFO     Slab 12582912 ~ 16777216 / 45493670.
[002484.55]  01-26 22:20  CatalogMesh                  INFO     Painted 16777216 out of 45493670 objects to mesh.
[002484.55]  01-26 22:20  CatalogMesh                  INFO     Slab 16777216 ~ 20971520 / 45493670.
[002485.63]  01-26 22:20  CatalogMesh                  INFO     Painted 20971520 out of 45493670 objects to mesh.
[002485.63]  01-26 22:20  CatalogMesh                  INFO     Slab 20971520 ~ 25165824 / 45493670.
[002486.71]  01-26 22:21  CatalogMesh                  INFO     Painted 25165824 out of 45493670 objects to mesh.
[002486.71]  01-26 22:21  CatalogMesh                  INFO     Slab 25165824 ~ 29360128 / 45493670.
[002487.79]  01-26 22:21  CatalogMesh                  INFO     Painted 29360128 out of 45493670 objects to mesh.
[002487.79]  01-26 22:21  CatalogMesh                  INFO     Slab 29360128 ~ 33554432 / 45493670.
[002488.89]  01-26 22:21  CatalogMesh                  INFO     Painted 33554432 out of 45493670 objects to mesh.
[002488.89]  01-26 22:21  CatalogMesh                  INFO     Slab 33554432 ~ 37748736 / 45493670.
[002490.10]  01-26 22:21  CatalogMesh                  INFO     Painted 37748736 out of 45493670 objects to mesh.
[002490.10]  01-26 22:21  CatalogMesh                  INFO     Slab 37748736 ~ 41943040 / 45493670.
[002491.31]  01-26 22:21  CatalogMesh                  INFO     Painted 41943040 out of 45493670 objects to mesh.
[002491.31]  01-26 22:21  CatalogMesh                  INFO     Slab 41943040 ~ 46137344 / 45493670.
[002492.34]  01-26 22:21  CatalogMesh                  INFO     Painted 45493670 out of 45493670 objects to mesh.
[002496.33]  01-26 22:21  CatalogMesh                  INFO     Slab 0 ~ 4194304 / 45493670.
[002497.40]  01-26 22:21  CatalogMesh                  INFO     Painted 4194304 out of 45493670 objects to mesh.
[002497.40]  01-26 22:21  CatalogMesh                  INFO     Slab 4194304 ~ 8388608 / 45493670.
[002498.48]  01-26 22:21  CatalogMesh                  INFO     Painted 8388608 out of 45493670 objects to mesh.
[002498.48]  01-26 22:21  CatalogMesh                  INFO     Slab 8388608 ~ 12582912 / 45493670.
[002499.56]  01-26 22:21  CatalogMesh                  INFO     Painted 12582912 out of 45493670 objects to mesh.
[002499.56]  01-26 22:21  CatalogMesh                  INFO     Slab 12582912 ~ 16777216 / 45493670.
[002500.64]  01-26 22:21  CatalogMesh                  INFO     Painted 16777216 out of 45493670 objects to mesh.
[002500.64]  01-26 22:21  CatalogMesh                  INFO     Slab 16777216 ~ 20971520 / 45493670.
[002501.73]  01-26 22:21  CatalogMesh                  INFO     Painted 20971520 out of 45493670 objects to mesh.
[002501.73]  01-26 22:21  CatalogMesh                  INFO     Slab 20971520 ~ 25165824 / 45493670.
[002502.80]  01-26 22:21  CatalogMesh                  INFO     Painted 25165824 out of 45493670 objects to mesh.
[002502.80]  01-26 22:21  CatalogMesh                  INFO     Slab 25165824 ~ 29360128 / 45493670.
[002503.88]  01-26 22:21  CatalogMesh                  INFO     Painted 29360128 out of 45493670 objects to mesh.
[002503.88]  01-26 22:21  CatalogMesh                  INFO     Slab 29360128 ~ 33554432 / 45493670.
[002504.98]  01-26 22:21  CatalogMesh                  INFO     Painted 33554432 out of 45493670 objects to mesh.
[002504.98]  01-26 22:21  CatalogMesh                  INFO     Slab 33554432 ~ 37748736 / 45493670.
[002506.18]  01-26 22:21  CatalogMesh                  INFO     Painted 37748736 out of 45493670 objects to mesh.
[002506.18]  01-26 22:21  CatalogMesh                  INFO     Slab 37748736 ~ 41943040 / 45493670.
[002507.38]  01-26 22:21  CatalogMesh                  INFO     Painted 41943040 out of 45493670 objects to mesh.
[002507.38]  01-26 22:21  CatalogMesh                  INFO     Slab 41943040 ~ 46137344 / 45493670.
[002508.41]  01-26 22:21  CatalogMesh                  INFO     Painted 45493670 out of 45493670 objects to mesh.
[002513.95]  01-26 22:21  CatalogFFTPower              INFO     Done painting catalog 1 to mesh.
[002513.95]  01-26 22:21  CatalogFFTPower              INFO     Using 400 k-bins between 0.000 and 0.400.
[002513.95]  01-26 22:21  CatalogFFTPower              INFO     Meshes prepared in elapsed time 48.86 s.
[002513.95]  01-26 22:21  CatalogFFTPower              INFO     Running mesh calculation.
[002531.17]  01-26 22:21  CatalogFFTPower              INFO     Mesh calculations performed in elapsed time 17.22 s.
[002531.17]  01-26 22:21  CatalogFFTPower              INFO     Power spectrum computed in elapsed time 66.08 s.
[002531.17]  01-26 22:21  CatalogFFTPower              INFO     Saving /pscratch/sd/s/shengyu/galaxies/catalogs/Y3/AbacusHF-v2/Boxes/QSO/sn0p950/AbacusSummit_base_c000_ph005/mpspk/pkpoles_QSO_zp0.950_DR2_v1.0+dv_verr_empirical.npy.
[002531.18]  01-26 22:21  compute_2pt                  INFO     Save to /pscratch/sd/s/shengyu/galaxies/catalogs/Y3/AbacusHF-v2/Boxes/QSO/sn0p950/AbacusSummit_base_c000_ph005/mpspk/pkpoles_QSO_zp0.950_DR2_v1.0+dv_verr_empirical.npy
[002531.18]  01-26 22:21  TwoPointCorrelationFunction  INFO     Using estimator <class 'pycorr.twopoint_estimator.NaturalTwoPointEstimator'>.
[002531.18]  01-26 22:21  TwoPointCorrelationFunction  INFO     Running auto-correlation.
[002531.18]  01-26 22:21  TwoPointCorrelationFunction  INFO     Computing two-point counts D1D2.
[002590.03]  01-26 22:22  TwoPointCorrelationFunction  INFO     Analytically computing two-point counts R1R2.
[002590.03]  01-26 22:22  TwoPointCorrelationFunction  INFO     Correlation function computed in elapsed time 58.85 s.
[002590.03]  01-26 22:22  NaturalTwoPointEstimator     INFO     Saving /pscratch/sd/s/shengyu/galaxies/catalogs/Y3/AbacusHF-v2/Boxes/QSO/sn0p950/AbacusSummit_base_c000_ph005/mpspk/mpslog_QSO_zp0.950_DR2_v1.0+dv_verr_empirical.npy.
[002590.04]  01-26 22:22  compute_2pt                  INFO     Save to /pscratch/sd/s/shengyu/galaxies/catalogs/Y3/AbacusHF-v2/Boxes/QSO/sn0p950/AbacusSummit_base_c000_ph005/mpspk/mpslog_QSO_zp0.950_DR2_v1.0+dv_verr_empirical.npy
[002590.04]  01-26 22:22  TwoPointCorrelationFunction  INFO     Using estimator <class 'pycorr.twopoint_estimator.NaturalTwoPointEstimator'>.
[002590.04]  01-26 22:22  TwoPointCorrelationFunction  INFO     Running auto-correlation.
[002590.04]  01-26 22:22  TwoPointCorrelationFunction  INFO     Computing two-point counts D1D2.
[002632.34]  01-26 22:23  TwoPointCorrelationFunction  INFO     Analytically computing two-point counts R1R2.
[002632.34]  01-26 22:23  TwoPointCorrelationFunction  INFO     Correlation function computed in elapsed time 42.30 s.
[002632.34]  01-26 22:23  NaturalTwoPointEstimator     INFO     Saving /pscratch/sd/s/shengyu/galaxies/catalogs/Y3/AbacusHF-v2/Boxes/QSO/sn0p950/AbacusSummit_base_c000_ph005/mpspk/wplog_QSO_zp0.950_DR2_v1.0+dv_verr_empirical.npy.
[002632.34]  01-26 22:23  compute_2pt                  INFO     Save to /pscratch/sd/s/shengyu/galaxies/catalogs/Y3/AbacusHF-v2/Boxes/QSO/sn0p950/AbacusSummit_base_c000_ph005/mpspk/wplog_QSO_zp0.950_DR2_v1.0+dv_verr_empirical.npy
[002632.35]  01-26 22:23  compute_2pt                  INFO     Procceed {'version': 'AbacusHF-v2', 'domain': 'cubic', 'tracer': 'QSO', 'zsnap': 0.95, 'zrange': (0.8, 1.1), 'mock_id': 6, 'use_dv': 'verr_empirical'}
[002632.35]  01-26 22:23  cat_tools                    INFO     Load /pscratch/sd/s/shengyu/galaxies/catalogs/Y3/AbacusHF-v2/Boxes/QSO/sn0p950/AbacusSummit_base_c000_ph006/abacus_HF_QSO_0p950_DR2_v2.0_AbacusSummit_base_c000_ph006_base_clustering.dat.h5
[002632.35]  01-26 22:23  FileStack                    INFO     Reading /pscratch/sd/s/shengyu/galaxies/catalogs/Y3/AbacusHF-v2/Boxes/QSO/sn0p950/AbacusSummit_base_c000_ph006/abacus_HF_QSO_0p950_DR2_v2.0_AbacusSummit_base_c000_ph006_base_clustering.dat.h5.
[002632.35]  01-26 22:23  cat_tools                    INFO     use Z positions shifted in verr_empirical mode
[002634.12]  01-26 22:23  TwoPointCorrelationFunction  INFO     Using estimator <class 'pycorr.twopoint_estimator.NaturalTwoPointEstimator'>.
[002634.12]  01-26 22:23  TwoPointCorrelationFunction  INFO     Running auto-correlation.
[002634.12]  01-26 22:23  TwoPointCorrelationFunction  INFO     Computing two-point counts D1D2.
[002902.30]  01-26 22:27  TwoPointCorrelationFunction  INFO     Analytically computing two-point counts R1R2.
[002902.30]  01-26 22:27  TwoPointCorrelationFunction  INFO     Correlation function computed in elapsed time 268.18 s.
[002902.30]  01-26 22:27  NaturalTwoPointEstimator     INFO     Saving /pscratch/sd/s/shengyu/galaxies/catalogs/Y3/AbacusHF-v2/Boxes/QSO/sn0p950/AbacusSummit_base_c000_ph006/mpspk/xipoles_QSO_zp0.950_DR2_v1.0+dv_verr_empirical.npy.
[002902.30]  01-26 22:27  compute_2pt                  INFO     Save to /pscratch/sd/s/shengyu/galaxies/catalogs/Y3/AbacusHF-v2/Boxes/QSO/sn0p950/AbacusSummit_base_c000_ph006/mpspk/xipoles_QSO_zp0.950_DR2_v1.0+dv_verr_empirical.npy
[002908.45]  01-26 22:28  CatalogFFTPower              INFO     Painting catalog 1 to mesh CatalogMesh(nmesh=[512 512 512], boxsize=[2000. 2000. 2000.], boxcenter=[1000.00000227 1000.00003664 1000.00001127], dtype=float64).
[002909.02]  01-26 22:28  CatalogMesh                  INFO     Slab 0 ~ 4194304 / 45535459.
[002910.14]  01-26 22:28  CatalogMesh                  INFO     Painted 4194304 out of 45535459 objects to mesh.
[002910.14]  01-26 22:28  CatalogMesh                  INFO     Slab 4194304 ~ 8388608 / 45535459.
[002911.22]  01-26 22:28  CatalogMesh                  INFO     Painted 8388608 out of 45535459 objects to mesh.
[002911.22]  01-26 22:28  CatalogMesh                  INFO     Slab 8388608 ~ 12582912 / 45535459.
[002912.31]  01-26 22:28  CatalogMesh                  INFO     Painted 12582912 out of 45535459 objects to mesh.
[002912.31]  01-26 22:28  CatalogMesh                  INFO     Slab 12582912 ~ 16777216 / 45535459.
[002913.39]  01-26 22:28  CatalogMesh                  INFO     Painted 16777216 out of 45535459 objects to mesh.
[002913.40]  01-26 22:28  CatalogMesh                  INFO     Slab 16777216 ~ 20971520 / 45535459.
[002914.48]  01-26 22:28  CatalogMesh                  INFO     Painted 20971520 out of 45535459 objects to mesh.
[002914.48]  01-26 22:28  CatalogMesh                  INFO     Slab 20971520 ~ 25165824 / 45535459.
[002915.57]  01-26 22:28  CatalogMesh                  INFO     Painted 25165824 out of 45535459 objects to mesh.
[002915.57]  01-26 22:28  CatalogMesh                  INFO     Slab 25165824 ~ 29360128 / 45535459.
[002916.65]  01-26 22:28  CatalogMesh                  INFO     Painted 29360128 out of 45535459 objects to mesh.
[002916.65]  01-26 22:28  CatalogMesh                  INFO     Slab 29360128 ~ 33554432 / 45535459.
[002917.74]  01-26 22:28  CatalogMesh                  INFO     Painted 33554432 out of 45535459 objects to mesh.
[002917.74]  01-26 22:28  CatalogMesh                  INFO     Slab 33554432 ~ 37748736 / 45535459.
[002918.94]  01-26 22:28  CatalogMesh                  INFO     Painted 37748736 out of 45535459 objects to mesh.
[002918.94]  01-26 22:28  CatalogMesh                  INFO     Slab 37748736 ~ 41943040 / 45535459.
[002920.15]  01-26 22:28  CatalogMesh                  INFO     Painted 41943040 out of 45535459 objects to mesh.
[002920.15]  01-26 22:28  CatalogMesh                  INFO     Slab 41943040 ~ 46137344 / 45535459.
[002921.18]  01-26 22:28  CatalogMesh                  INFO     Painted 45535459 out of 45535459 objects to mesh.
[002921.18]  01-26 22:28  CatalogMesh                  INFO     Running interlacing at order 3.
[002923.59]  01-26 22:28  CatalogMesh                  INFO     Slab 0 ~ 4194304 / 45535459.
[002924.67]  01-26 22:28  CatalogMesh                  INFO     Painted 4194304 out of 45535459 objects to mesh.
[002924.67]  01-26 22:28  CatalogMesh                  INFO     Slab 4194304 ~ 8388608 / 45535459.
[002925.75]  01-26 22:28  CatalogMesh                  INFO     Painted 8388608 out of 45535459 objects to mesh.
[002925.75]  01-26 22:28  CatalogMesh                  INFO     Slab 8388608 ~ 12582912 / 45535459.
[002926.82]  01-26 22:28  CatalogMesh                  INFO     Painted 12582912 out of 45535459 objects to mesh.
[002926.82]  01-26 22:28  CatalogMesh                  INFO     Slab 12582912 ~ 16777216 / 45535459.
[002927.90]  01-26 22:28  CatalogMesh                  INFO     Painted 16777216 out of 45535459 objects to mesh.
[002927.90]  01-26 22:28  CatalogMesh                  INFO     Slab 16777216 ~ 20971520 / 45535459.
[002928.98]  01-26 22:28  CatalogMesh                  INFO     Painted 20971520 out of 45535459 objects to mesh.
[002928.98]  01-26 22:28  CatalogMesh                  INFO     Slab 20971520 ~ 25165824 / 45535459.
[002930.06]  01-26 22:28  CatalogMesh                  INFO     Painted 25165824 out of 45535459 objects to mesh.
[002930.06]  01-26 22:28  CatalogMesh                  INFO     Slab 25165824 ~ 29360128 / 45535459.
[002931.13]  01-26 22:28  CatalogMesh                  INFO     Painted 29360128 out of 45535459 objects to mesh.
[002931.13]  01-26 22:28  CatalogMesh                  INFO     Slab 29360128 ~ 33554432 / 45535459.
[002932.22]  01-26 22:28  CatalogMesh                  INFO     Painted 33554432 out of 45535459 objects to mesh.
[002932.23]  01-26 22:28  CatalogMesh                  INFO     Slab 33554432 ~ 37748736 / 45535459.
[002933.43]  01-26 22:28  CatalogMesh                  INFO     Painted 37748736 out of 45535459 objects to mesh.
[002933.43]  01-26 22:28  CatalogMesh                  INFO     Slab 37748736 ~ 41943040 / 45535459.
[002934.63]  01-26 22:28  CatalogMesh                  INFO     Painted 41943040 out of 45535459 objects to mesh.
[002934.63]  01-26 22:28  CatalogMesh                  INFO     Slab 41943040 ~ 46137344 / 45535459.
[002935.66]  01-26 22:28  CatalogMesh                  INFO     Painted 45535459 out of 45535459 objects to mesh.
[002939.62]  01-26 22:28  CatalogMesh                  INFO     Slab 0 ~ 4194304 / 45535459.
[002940.69]  01-26 22:28  CatalogMesh                  INFO     Painted 4194304 out of 45535459 objects to mesh.
[002940.69]  01-26 22:28  CatalogMesh                  INFO     Slab 4194304 ~ 8388608 / 45535459.
[002941.77]  01-26 22:28  CatalogMesh                  INFO     Painted 8388608 out of 45535459 objects to mesh.
[002941.77]  01-26 22:28  CatalogMesh                  INFO     Slab 8388608 ~ 12582912 / 45535459.
[002942.84]  01-26 22:28  CatalogMesh                  INFO     Painted 12582912 out of 45535459 objects to mesh.
[002942.84]  01-26 22:28  CatalogMesh                  INFO     Slab 12582912 ~ 16777216 / 45535459.
[002943.92]  01-26 22:28  CatalogMesh                  INFO     Painted 16777216 out of 45535459 objects to mesh.
[002943.92]  01-26 22:28  CatalogMesh                  INFO     Slab 16777216 ~ 20971520 / 45535459.
[002945.00]  01-26 22:28  CatalogMesh                  INFO     Painted 20971520 out of 45535459 objects to mesh.
[002945.00]  01-26 22:28  CatalogMesh                  INFO     Slab 20971520 ~ 25165824 / 45535459.
[002946.08]  01-26 22:28  CatalogMesh                  INFO     Painted 25165824 out of 45535459 objects to mesh.
[002946.08]  01-26 22:28  CatalogMesh                  INFO     Slab 25165824 ~ 29360128 / 45535459.
[002947.16]  01-26 22:28  CatalogMesh                  INFO     Painted 29360128 out of 45535459 objects to mesh.
[002947.16]  01-26 22:28  CatalogMesh                  INFO     Slab 29360128 ~ 33554432 / 45535459.
[002948.26]  01-26 22:28  CatalogMesh                  INFO     Painted 33554432 out of 45535459 objects to mesh.
[002948.26]  01-26 22:28  CatalogMesh                  INFO     Slab 33554432 ~ 37748736 / 45535459.
[002949.53]  01-26 22:28  CatalogMesh                  INFO     Painted 37748736 out of 45535459 objects to mesh.
[002949.53]  01-26 22:28  CatalogMesh                  INFO     Slab 37748736 ~ 41943040 / 45535459.
[002950.73]  01-26 22:28  CatalogMesh                  INFO     Painted 41943040 out of 45535459 objects to mesh.
[002950.73]  01-26 22:28  CatalogMesh                  INFO     Slab 41943040 ~ 46137344 / 45535459.
[002951.76]  01-26 22:28  CatalogMesh                  INFO     Painted 45535459 out of 45535459 objects to mesh.
[002957.27]  01-26 22:28  CatalogFFTPower              INFO     Done painting catalog 1 to mesh.
[002957.27]  01-26 22:28  CatalogFFTPower              INFO     Using 400 k-bins between 0.000 and 0.400.
[002957.27]  01-26 22:28  CatalogFFTPower              INFO     Meshes prepared in elapsed time 48.82 s.
[002957.27]  01-26 22:28  CatalogFFTPower              INFO     Running mesh calculation.
[002974.44]  01-26 22:29  CatalogFFTPower              INFO     Mesh calculations performed in elapsed time 17.17 s.
[002974.44]  01-26 22:29  CatalogFFTPower              INFO     Power spectrum computed in elapsed time 65.99 s.
[002974.45]  01-26 22:29  CatalogFFTPower              INFO     Saving /pscratch/sd/s/shengyu/galaxies/catalogs/Y3/AbacusHF-v2/Boxes/QSO/sn0p950/AbacusSummit_base_c000_ph006/mpspk/pkpoles_QSO_zp0.950_DR2_v1.0+dv_verr_empirical.npy.
[002974.45]  01-26 22:29  compute_2pt                  INFO     Save to /pscratch/sd/s/shengyu/galaxies/catalogs/Y3/AbacusHF-v2/Boxes/QSO/sn0p950/AbacusSummit_base_c000_ph006/mpspk/pkpoles_QSO_zp0.950_DR2_v1.0+dv_verr_empirical.npy
[002974.45]  01-26 22:29  TwoPointCorrelationFunction  INFO     Using estimator <class 'pycorr.twopoint_estimator.NaturalTwoPointEstimator'>.
[002974.46]  01-26 22:29  TwoPointCorrelationFunction  INFO     Running auto-correlation.
[002974.46]  01-26 22:29  TwoPointCorrelationFunction  INFO     Computing two-point counts D1D2.
[003033.61]  01-26 22:30  TwoPointCorrelationFunction  INFO     Analytically computing two-point counts R1R2.
[003033.61]  01-26 22:30  TwoPointCorrelationFunction  INFO     Correlation function computed in elapsed time 59.16 s.
[003033.61]  01-26 22:30  NaturalTwoPointEstimator     INFO     Saving /pscratch/sd/s/shengyu/galaxies/catalogs/Y3/AbacusHF-v2/Boxes/QSO/sn0p950/AbacusSummit_base_c000_ph006/mpspk/mpslog_QSO_zp0.950_DR2_v1.0+dv_verr_empirical.npy.
[003033.61]  01-26 22:30  compute_2pt                  INFO     Save to /pscratch/sd/s/shengyu/galaxies/catalogs/Y3/AbacusHF-v2/Boxes/QSO/sn0p950/AbacusSummit_base_c000_ph006/mpspk/mpslog_QSO_zp0.950_DR2_v1.0+dv_verr_empirical.npy
[003033.62]  01-26 22:30  TwoPointCorrelationFunction  INFO     Using estimator <class 'pycorr.twopoint_estimator.NaturalTwoPointEstimator'>.
[003033.62]  01-26 22:30  TwoPointCorrelationFunction  INFO     Running auto-correlation.
[003033.62]  01-26 22:30  TwoPointCorrelationFunction  INFO     Computing two-point counts D1D2.
[003075.58]  01-26 22:30  TwoPointCorrelationFunction  INFO     Analytically computing two-point counts R1R2.
[003075.58]  01-26 22:30  TwoPointCorrelationFunction  INFO     Correlation function computed in elapsed time 41.97 s.
[003075.59]  01-26 22:30  NaturalTwoPointEstimator     INFO     Saving /pscratch/sd/s/shengyu/galaxies/catalogs/Y3/AbacusHF-v2/Boxes/QSO/sn0p950/AbacusSummit_base_c000_ph006/mpspk/wplog_QSO_zp0.950_DR2_v1.0+dv_verr_empirical.npy.
[003075.59]  01-26 22:30  compute_2pt                  INFO     Save to /pscratch/sd/s/shengyu/galaxies/catalogs/Y3/AbacusHF-v2/Boxes/QSO/sn0p950/AbacusSummit_base_c000_ph006/mpspk/wplog_QSO_zp0.950_DR2_v1.0+dv_verr_empirical.npy
[003075.59]  01-26 22:30  compute_2pt                  INFO     Procceed {'version': 'AbacusHF-v2', 'domain': 'cubic', 'tracer': 'QSO', 'zsnap': 0.95, 'zrange': (0.8, 1.1), 'mock_id': 7, 'use_dv': 'verr_empirical'}
[003075.59]  01-26 22:30  cat_tools                    INFO     Load /pscratch/sd/s/shengyu/galaxies/catalogs/Y3/AbacusHF-v2/Boxes/QSO/sn0p950/AbacusSummit_base_c000_ph007/abacus_HF_QSO_0p950_DR2_v2.0_AbacusSummit_base_c000_ph007_base_clustering.dat.h5
[003075.59]  01-26 22:30  FileStack                    INFO     Reading /pscratch/sd/s/shengyu/galaxies/catalogs/Y3/AbacusHF-v2/Boxes/QSO/sn0p950/AbacusSummit_base_c000_ph007/abacus_HF_QSO_0p950_DR2_v2.0_AbacusSummit_base_c000_ph007_base_clustering.dat.h5.
[003075.60]  01-26 22:30  cat_tools                    INFO     use Z positions shifted in verr_empirical mode
[003077.36]  01-26 22:30  TwoPointCorrelationFunction  INFO     Using estimator <class 'pycorr.twopoint_estimator.NaturalTwoPointEstimator'>.
[003077.36]  01-26 22:30  TwoPointCorrelationFunction  INFO     Running auto-correlation.
[003077.36]  01-26 22:30  TwoPointCorrelationFunction  INFO     Computing two-point counts D1D2.
[003336.07]  01-26 22:35  TwoPointCorrelationFunction  INFO     Analytically computing two-point counts R1R2.
[003336.08]  01-26 22:35  TwoPointCorrelationFunction  INFO     Correlation function computed in elapsed time 258.71 s.
[003336.08]  01-26 22:35  NaturalTwoPointEstimator     INFO     Saving /pscratch/sd/s/shengyu/galaxies/catalogs/Y3/AbacusHF-v2/Boxes/QSO/sn0p950/AbacusSummit_base_c000_ph007/mpspk/xipoles_QSO_zp0.950_DR2_v1.0+dv_verr_empirical.npy.
[003336.08]  01-26 22:35  compute_2pt                  INFO     Save to /pscratch/sd/s/shengyu/galaxies/catalogs/Y3/AbacusHF-v2/Boxes/QSO/sn0p950/AbacusSummit_base_c000_ph007/mpspk/xipoles_QSO_zp0.950_DR2_v1.0+dv_verr_empirical.npy
[003342.33]  01-26 22:35  CatalogFFTPower              INFO     Painting catalog 1 to mesh CatalogMesh(nmesh=[512 512 512], boxsize=[2000. 2000. 2000.], boxcenter=[ 999.99999952 1000.00003157 1000.00003247], dtype=float64).
[003342.91]  01-26 22:35  CatalogMesh                  INFO     Slab 0 ~ 4194304 / 45506357.
[003344.04]  01-26 22:35  CatalogMesh                  INFO     Painted 4194304 out of 45506357 objects to mesh.
[003344.04]  01-26 22:35  CatalogMesh                  INFO     Slab 4194304 ~ 8388608 / 45506357.
[003345.11]  01-26 22:35  CatalogMesh                  INFO     Painted 8388608 out of 45506357 objects to mesh.
[003345.11]  01-26 22:35  CatalogMesh                  INFO     Slab 8388608 ~ 12582912 / 45506357.
[003346.19]  01-26 22:35  CatalogMesh                  INFO     Painted 12582912 out of 45506357 objects to mesh.
[003346.19]  01-26 22:35  CatalogMesh                  INFO     Slab 12582912 ~ 16777216 / 45506357.
[003347.31]  01-26 22:35  CatalogMesh                  INFO     Painted 16777216 out of 45506357 objects to mesh.
[003347.31]  01-26 22:35  CatalogMesh                  INFO     Slab 16777216 ~ 20971520 / 45506357.
[003348.40]  01-26 22:35  CatalogMesh                  INFO     Painted 20971520 out of 45506357 objects to mesh.
[003348.40]  01-26 22:35  CatalogMesh                  INFO     Slab 20971520 ~ 25165824 / 45506357.
[003349.47]  01-26 22:35  CatalogMesh                  INFO     Painted 25165824 out of 45506357 objects to mesh.
[003349.47]  01-26 22:35  CatalogMesh                  INFO     Slab 25165824 ~ 29360128 / 45506357.
[003350.55]  01-26 22:35  CatalogMesh                  INFO     Painted 29360128 out of 45506357 objects to mesh.
[003350.55]  01-26 22:35  CatalogMesh                  INFO     Slab 29360128 ~ 33554432 / 45506357.
[003351.64]  01-26 22:35  CatalogMesh                  INFO     Painted 33554432 out of 45506357 objects to mesh.
[003351.64]  01-26 22:35  CatalogMesh                  INFO     Slab 33554432 ~ 37748736 / 45506357.
[003352.85]  01-26 22:35  CatalogMesh                  INFO     Painted 37748736 out of 45506357 objects to mesh.
[003352.85]  01-26 22:35  CatalogMesh                  INFO     Slab 37748736 ~ 41943040 / 45506357.
[003354.05]  01-26 22:35  CatalogMesh                  INFO     Painted 41943040 out of 45506357 objects to mesh.
[003354.05]  01-26 22:35  CatalogMesh                  INFO     Slab 41943040 ~ 46137344 / 45506357.
[003355.08]  01-26 22:35  CatalogMesh                  INFO     Painted 45506357 out of 45506357 objects to mesh.
[003355.08]  01-26 22:35  CatalogMesh                  INFO     Running interlacing at order 3.
[003357.49]  01-26 22:35  CatalogMesh                  INFO     Slab 0 ~ 4194304 / 45506357.
[003358.56]  01-26 22:35  CatalogMesh                  INFO     Painted 4194304 out of 45506357 objects to mesh.
[003358.56]  01-26 22:35  CatalogMesh                  INFO     Slab 4194304 ~ 8388608 / 45506357.
[003359.63]  01-26 22:35  CatalogMesh                  INFO     Painted 8388608 out of 45506357 objects to mesh.
[003359.63]  01-26 22:35  CatalogMesh                  INFO     Slab 8388608 ~ 12582912 / 45506357.
[003360.70]  01-26 22:35  CatalogMesh                  INFO     Painted 12582912 out of 45506357 objects to mesh.
[003360.70]  01-26 22:35  CatalogMesh                  INFO     Slab 12582912 ~ 16777216 / 45506357.
[003361.78]  01-26 22:35  CatalogMesh                  INFO     Painted 16777216 out of 45506357 objects to mesh.
[003361.78]  01-26 22:35  CatalogMesh                  INFO     Slab 16777216 ~ 20971520 / 45506357.
[003362.86]  01-26 22:35  CatalogMesh                  INFO     Painted 20971520 out of 45506357 objects to mesh.
[003362.86]  01-26 22:35  CatalogMesh                  INFO     Slab 20971520 ~ 25165824 / 45506357.
[003363.94]  01-26 22:35  CatalogMesh                  INFO     Painted 25165824 out of 45506357 objects to mesh.
[003363.94]  01-26 22:35  CatalogMesh                  INFO     Slab 25165824 ~ 29360128 / 45506357.
[003365.02]  01-26 22:35  CatalogMesh                  INFO     Painted 29360128 out of 45506357 objects to mesh.
[003365.02]  01-26 22:35  CatalogMesh                  INFO     Slab 29360128 ~ 33554432 / 45506357.
[003366.11]  01-26 22:35  CatalogMesh                  INFO     Painted 33554432 out of 45506357 objects to mesh.
[003366.12]  01-26 22:35  CatalogMesh                  INFO     Slab 33554432 ~ 37748736 / 45506357.
[003367.32]  01-26 22:35  CatalogMesh                  INFO     Painted 37748736 out of 45506357 objects to mesh.
[003367.32]  01-26 22:35  CatalogMesh                  INFO     Slab 37748736 ~ 41943040 / 45506357.
[003368.52]  01-26 22:35  CatalogMesh                  INFO     Painted 41943040 out of 45506357 objects to mesh.
[003368.52]  01-26 22:35  CatalogMesh                  INFO     Slab 41943040 ~ 46137344 / 45506357.
[003369.55]  01-26 22:35  CatalogMesh                  INFO     Painted 45506357 out of 45506357 objects to mesh.
[003373.50]  01-26 22:35  CatalogMesh                  INFO     Slab 0 ~ 4194304 / 45506357.
[003374.57]  01-26 22:35  CatalogMesh                  INFO     Painted 4194304 out of 45506357 objects to mesh.
[003374.57]  01-26 22:35  CatalogMesh                  INFO     Slab 4194304 ~ 8388608 / 45506357.
[003375.65]  01-26 22:35  CatalogMesh                  INFO     Painted 8388608 out of 45506357 objects to mesh.
[003375.65]  01-26 22:35  CatalogMesh                  INFO     Slab 8388608 ~ 12582912 / 45506357.
[003376.73]  01-26 22:35  CatalogMesh                  INFO     Painted 12582912 out of 45506357 objects to mesh.
[003376.73]  01-26 22:35  CatalogMesh                  INFO     Slab 12582912 ~ 16777216 / 45506357.
[003377.82]  01-26 22:35  CatalogMesh                  INFO     Painted 16777216 out of 45506357 objects to mesh.
[003377.82]  01-26 22:35  CatalogMesh                  INFO     Slab 16777216 ~ 20971520 / 45506357.
[003378.90]  01-26 22:35  CatalogMesh                  INFO     Painted 20971520 out of 45506357 objects to mesh.
[003378.90]  01-26 22:35  CatalogMesh                  INFO     Slab 20971520 ~ 25165824 / 45506357.
[003379.97]  01-26 22:35  CatalogMesh                  INFO     Painted 25165824 out of 45506357 objects to mesh.
[003379.97]  01-26 22:35  CatalogMesh                  INFO     Slab 25165824 ~ 29360128 / 45506357.
[003381.05]  01-26 22:35  CatalogMesh                  INFO     Painted 29360128 out of 45506357 objects to mesh.
[003381.05]  01-26 22:35  CatalogMesh                  INFO     Slab 29360128 ~ 33554432 / 45506357.
[003382.14]  01-26 22:35  CatalogMesh                  INFO     Painted 33554432 out of 45506357 objects to mesh.
[003382.14]  01-26 22:35  CatalogMesh                  INFO     Slab 33554432 ~ 37748736 / 45506357.
[003383.34]  01-26 22:35  CatalogMesh                  INFO     Painted 37748736 out of 45506357 objects to mesh.
[003383.34]  01-26 22:35  CatalogMesh                  INFO     Slab 37748736 ~ 41943040 / 45506357.
[003384.54]  01-26 22:35  CatalogMesh                  INFO     Painted 41943040 out of 45506357 objects to mesh.
[003384.54]  01-26 22:35  CatalogMesh                  INFO     Slab 41943040 ~ 46137344 / 45506357.
[003385.57]  01-26 22:35  CatalogMesh                  INFO     Painted 45506357 out of 45506357 objects to mesh.
[003391.08]  01-26 22:36  CatalogFFTPower              INFO     Done painting catalog 1 to mesh.
[003391.08]  01-26 22:36  CatalogFFTPower              INFO     Using 400 k-bins between 0.000 and 0.400.
[003391.08]  01-26 22:36  CatalogFFTPower              INFO     Meshes prepared in elapsed time 48.75 s.
[003391.08]  01-26 22:36  CatalogFFTPower              INFO     Running mesh calculation.
[003408.27]  01-26 22:36  CatalogFFTPower              INFO     Mesh calculations performed in elapsed time 17.19 s.
[003408.27]  01-26 22:36  CatalogFFTPower              INFO     Power spectrum computed in elapsed time 65.94 s.
[003408.27]  01-26 22:36  CatalogFFTPower              INFO     Saving /pscratch/sd/s/shengyu/galaxies/catalogs/Y3/AbacusHF-v2/Boxes/QSO/sn0p950/AbacusSummit_base_c000_ph007/mpspk/pkpoles_QSO_zp0.950_DR2_v1.0+dv_verr_empirical.npy.
[003408.28]  01-26 22:36  compute_2pt                  INFO     Save to /pscratch/sd/s/shengyu/galaxies/catalogs/Y3/AbacusHF-v2/Boxes/QSO/sn0p950/AbacusSummit_base_c000_ph007/mpspk/pkpoles_QSO_zp0.950_DR2_v1.0+dv_verr_empirical.npy
[003408.28]  01-26 22:36  TwoPointCorrelationFunction  INFO     Using estimator <class 'pycorr.twopoint_estimator.NaturalTwoPointEstimator'>.
[003408.28]  01-26 22:36  TwoPointCorrelationFunction  INFO     Running auto-correlation.
[003408.28]  01-26 22:36  TwoPointCorrelationFunction  INFO     Computing two-point counts D1D2.
[003471.72]  01-26 22:37  TwoPointCorrelationFunction  INFO     Analytically computing two-point counts R1R2.
[003471.72]  01-26 22:37  TwoPointCorrelationFunction  INFO     Correlation function computed in elapsed time 63.44 s.
[003471.72]  01-26 22:37  NaturalTwoPointEstimator     INFO     Saving /pscratch/sd/s/shengyu/galaxies/catalogs/Y3/AbacusHF-v2/Boxes/QSO/sn0p950/AbacusSummit_base_c000_ph007/mpspk/mpslog_QSO_zp0.950_DR2_v1.0+dv_verr_empirical.npy.
[003471.72]  01-26 22:37  compute_2pt                  INFO     Save to /pscratch/sd/s/shengyu/galaxies/catalogs/Y3/AbacusHF-v2/Boxes/QSO/sn0p950/AbacusSummit_base_c000_ph007/mpspk/mpslog_QSO_zp0.950_DR2_v1.0+dv_verr_empirical.npy
[003471.72]  01-26 22:37  TwoPointCorrelationFunction  INFO     Using estimator <class 'pycorr.twopoint_estimator.NaturalTwoPointEstimator'>.
[003471.72]  01-26 22:37  TwoPointCorrelationFunction  INFO     Running auto-correlation.
[003471.72]  01-26 22:37  TwoPointCorrelationFunction  INFO     Computing two-point counts D1D2.
[003513.50]  01-26 22:38  TwoPointCorrelationFunction  INFO     Analytically computing two-point counts R1R2.
[003513.50]  01-26 22:38  TwoPointCorrelationFunction  INFO     Correlation function computed in elapsed time 41.78 s.
[003513.51]  01-26 22:38  NaturalTwoPointEstimator     INFO     Saving /pscratch/sd/s/shengyu/galaxies/catalogs/Y3/AbacusHF-v2/Boxes/QSO/sn0p950/AbacusSummit_base_c000_ph007/mpspk/wplog_QSO_zp0.950_DR2_v1.0+dv_verr_empirical.npy.
[003513.51]  01-26 22:38  compute_2pt                  INFO     Save to /pscratch/sd/s/shengyu/galaxies/catalogs/Y3/AbacusHF-v2/Boxes/QSO/sn0p950/AbacusSummit_base_c000_ph007/mpspk/wplog_QSO_zp0.950_DR2_v1.0+dv_verr_empirical.npy
[003513.51]  01-26 22:38  compute_2pt                  INFO     Procceed {'version': 'AbacusHF-v2', 'domain': 'cubic', 'tracer': 'QSO', 'zsnap': 0.95, 'zrange': (0.8, 1.1), 'mock_id': 8, 'use_dv': 'verr_empirical'}
[003513.51]  01-26 22:38  cat_tools                    INFO     Load /pscratch/sd/s/shengyu/galaxies/catalogs/Y3/AbacusHF-v2/Boxes/QSO/sn0p950/AbacusSummit_base_c000_ph008/abacus_HF_QSO_0p950_DR2_v2.0_AbacusSummit_base_c000_ph008_base_clustering.dat.h5
[003513.51]  01-26 22:38  FileStack                    INFO     Reading /pscratch/sd/s/shengyu/galaxies/catalogs/Y3/AbacusHF-v2/Boxes/QSO/sn0p950/AbacusSummit_base_c000_ph008/abacus_HF_QSO_0p950_DR2_v2.0_AbacusSummit_base_c000_ph008_base_clustering.dat.h5.
[003513.52]  01-26 22:38  cat_tools                    INFO     use Z positions shifted in verr_empirical mode
[003515.29]  01-26 22:38  TwoPointCorrelationFunction  INFO     Using estimator <class 'pycorr.twopoint_estimator.NaturalTwoPointEstimator'>.
[003515.29]  01-26 22:38  TwoPointCorrelationFunction  INFO     Running auto-correlation.
[003515.29]  01-26 22:38  TwoPointCorrelationFunction  INFO     Computing two-point counts D1D2.
[003781.89]  01-26 22:42  TwoPointCorrelationFunction  INFO     Analytically computing two-point counts R1R2.
[003781.89]  01-26 22:42  TwoPointCorrelationFunction  INFO     Correlation function computed in elapsed time 266.60 s.
[003781.89]  01-26 22:42  NaturalTwoPointEstimator     INFO     Saving /pscratch/sd/s/shengyu/galaxies/catalogs/Y3/AbacusHF-v2/Boxes/QSO/sn0p950/AbacusSummit_base_c000_ph008/mpspk/xipoles_QSO_zp0.950_DR2_v1.0+dv_verr_empirical.npy.
[003781.90]  01-26 22:42  compute_2pt                  INFO     Save to /pscratch/sd/s/shengyu/galaxies/catalogs/Y3/AbacusHF-v2/Boxes/QSO/sn0p950/AbacusSummit_base_c000_ph008/mpspk/xipoles_QSO_zp0.950_DR2_v1.0+dv_verr_empirical.npy
[003788.04]  01-26 22:42  CatalogFFTPower              INFO     Painting catalog 1 to mesh CatalogMesh(nmesh=[512 512 512], boxsize=[2000. 2000. 2000.], boxcenter=[ 999.99999942  999.99998404 1000.00000138], dtype=float64).
[003788.62]  01-26 22:42  CatalogMesh                  INFO     Slab 0 ~ 4194304 / 45525996.
[003789.76]  01-26 22:42  CatalogMesh                  INFO     Painted 4194304 out of 45525996 objects to mesh.
[003789.76]  01-26 22:42  CatalogMesh                  INFO     Slab 4194304 ~ 8388608 / 45525996.
[003790.83]  01-26 22:42  CatalogMesh                  INFO     Painted 8388608 out of 45525996 objects to mesh.
[003790.83]  01-26 22:42  CatalogMesh                  INFO     Slab 8388608 ~ 12582912 / 45525996.
[003791.91]  01-26 22:42  CatalogMesh                  INFO     Painted 12582912 out of 45525996 objects to mesh.
[003791.92]  01-26 22:42  CatalogMesh                  INFO     Slab 12582912 ~ 16777216 / 45525996.
[003792.99]  01-26 22:42  CatalogMesh                  INFO     Painted 16777216 out of 45525996 objects to mesh.
[003792.99]  01-26 22:42  CatalogMesh                  INFO     Slab 16777216 ~ 20971520 / 45525996.
[003794.07]  01-26 22:42  CatalogMesh                  INFO     Painted 20971520 out of 45525996 objects to mesh.
[003794.07]  01-26 22:42  CatalogMesh                  INFO     Slab 20971520 ~ 25165824 / 45525996.
[003795.14]  01-26 22:42  CatalogMesh                  INFO     Painted 25165824 out of 45525996 objects to mesh.
[003795.14]  01-26 22:42  CatalogMesh                  INFO     Slab 25165824 ~ 29360128 / 45525996.
[003796.21]  01-26 22:42  CatalogMesh                  INFO     Painted 29360128 out of 45525996 objects to mesh.
[003796.21]  01-26 22:42  CatalogMesh                  INFO     Slab 29360128 ~ 33554432 / 45525996.
[003797.31]  01-26 22:42  CatalogMesh                  INFO     Painted 33554432 out of 45525996 objects to mesh.
[003797.31]  01-26 22:42  CatalogMesh                  INFO     Slab 33554432 ~ 37748736 / 45525996.
[003798.50]  01-26 22:42  CatalogMesh                  INFO     Painted 37748736 out of 45525996 objects to mesh.
[003798.50]  01-26 22:42  CatalogMesh                  INFO     Slab 37748736 ~ 41943040 / 45525996.
[003799.70]  01-26 22:42  CatalogMesh                  INFO     Painted 41943040 out of 45525996 objects to mesh.
[003799.70]  01-26 22:42  CatalogMesh                  INFO     Slab 41943040 ~ 46137344 / 45525996.
[003800.72]  01-26 22:42  CatalogMesh                  INFO     Painted 45525996 out of 45525996 objects to mesh.
[003800.72]  01-26 22:42  CatalogMesh                  INFO     Running interlacing at order 3.
[003803.14]  01-26 22:42  CatalogMesh                  INFO     Slab 0 ~ 4194304 / 45525996.
[003804.22]  01-26 22:42  CatalogMesh                  INFO     Painted 4194304 out of 45525996 objects to mesh.
[003804.22]  01-26 22:42  CatalogMesh                  INFO     Slab 4194304 ~ 8388608 / 45525996.
[003805.29]  01-26 22:42  CatalogMesh                  INFO     Painted 8388608 out of 45525996 objects to mesh.
[003805.29]  01-26 22:42  CatalogMesh                  INFO     Slab 8388608 ~ 12582912 / 45525996.
[003806.36]  01-26 22:43  CatalogMesh                  INFO     Painted 12582912 out of 45525996 objects to mesh.
[003806.36]  01-26 22:43  CatalogMesh                  INFO     Slab 12582912 ~ 16777216 / 45525996.
[003807.44]  01-26 22:43  CatalogMesh                  INFO     Painted 16777216 out of 45525996 objects to mesh.
[003807.44]  01-26 22:43  CatalogMesh                  INFO     Slab 16777216 ~ 20971520 / 45525996.
[003808.51]  01-26 22:43  CatalogMesh                  INFO     Painted 20971520 out of 45525996 objects to mesh.
[003808.51]  01-26 22:43  CatalogMesh                  INFO     Slab 20971520 ~ 25165824 / 45525996.
[003809.59]  01-26 22:43  CatalogMesh                  INFO     Painted 25165824 out of 45525996 objects to mesh.
[003809.59]  01-26 22:43  CatalogMesh                  INFO     Slab 25165824 ~ 29360128 / 45525996.
[003810.66]  01-26 22:43  CatalogMesh                  INFO     Painted 29360128 out of 45525996 objects to mesh.
[003810.66]  01-26 22:43  CatalogMesh                  INFO     Slab 29360128 ~ 33554432 / 45525996.
[003811.76]  01-26 22:43  CatalogMesh                  INFO     Painted 33554432 out of 45525996 objects to mesh.
[003811.76]  01-26 22:43  CatalogMesh                  INFO     Slab 33554432 ~ 37748736 / 45525996.
[003812.95]  01-26 22:43  CatalogMesh                  INFO     Painted 37748736 out of 45525996 objects to mesh.
[003812.95]  01-26 22:43  CatalogMesh                  INFO     Slab 37748736 ~ 41943040 / 45525996.
[003814.15]  01-26 22:43  CatalogMesh                  INFO     Painted 41943040 out of 45525996 objects to mesh.
[003814.15]  01-26 22:43  CatalogMesh                  INFO     Slab 41943040 ~ 46137344 / 45525996.
[003815.19]  01-26 22:43  CatalogMesh                  INFO     Painted 45525996 out of 45525996 objects to mesh.
[003819.17]  01-26 22:43  CatalogMesh                  INFO     Slab 0 ~ 4194304 / 45525996.
[003820.24]  01-26 22:43  CatalogMesh                  INFO     Painted 4194304 out of 45525996 objects to mesh.
[003820.24]  01-26 22:43  CatalogMesh                  INFO     Slab 4194304 ~ 8388608 / 45525996.
[003821.31]  01-26 22:43  CatalogMesh                  INFO     Painted 8388608 out of 45525996 objects to mesh.
[003821.31]  01-26 22:43  CatalogMesh                  INFO     Slab 8388608 ~ 12582912 / 45525996.
[003822.38]  01-26 22:43  CatalogMesh                  INFO     Painted 12582912 out of 45525996 objects to mesh.
[003822.38]  01-26 22:43  CatalogMesh                  INFO     Slab 12582912 ~ 16777216 / 45525996.
[003823.45]  01-26 22:43  CatalogMesh                  INFO     Painted 16777216 out of 45525996 objects to mesh.
[003823.45]  01-26 22:43  CatalogMesh                  INFO     Slab 16777216 ~ 20971520 / 45525996.
[003824.52]  01-26 22:43  CatalogMesh                  INFO     Painted 20971520 out of 45525996 objects to mesh.
[003824.52]  01-26 22:43  CatalogMesh                  INFO     Slab 20971520 ~ 25165824 / 45525996.
[003825.60]  01-26 22:43  CatalogMesh                  INFO     Painted 25165824 out of 45525996 objects to mesh.
[003825.60]  01-26 22:43  CatalogMesh                  INFO     Slab 25165824 ~ 29360128 / 45525996.
[003826.67]  01-26 22:43  CatalogMesh                  INFO     Painted 29360128 out of 45525996 objects to mesh.
[003826.68]  01-26 22:43  CatalogMesh                  INFO     Slab 29360128 ~ 33554432 / 45525996.
[003827.77]  01-26 22:43  CatalogMesh                  INFO     Painted 33554432 out of 45525996 objects to mesh.
[003827.77]  01-26 22:43  CatalogMesh                  INFO     Slab 33554432 ~ 37748736 / 45525996.
[003828.98]  01-26 22:43  CatalogMesh                  INFO     Painted 37748736 out of 45525996 objects to mesh.
[003828.98]  01-26 22:43  CatalogMesh                  INFO     Slab 37748736 ~ 41943040 / 45525996.
[003830.18]  01-26 22:43  CatalogMesh                  INFO     Painted 41943040 out of 45525996 objects to mesh.
[003830.18]  01-26 22:43  CatalogMesh                  INFO     Slab 41943040 ~ 46137344 / 45525996.
[003831.21]  01-26 22:43  CatalogMesh                  INFO     Painted 45525996 out of 45525996 objects to mesh.
[003836.72]  01-26 22:43  CatalogFFTPower              INFO     Done painting catalog 1 to mesh.
[003836.73]  01-26 22:43  CatalogFFTPower              INFO     Using 400 k-bins between 0.000 and 0.400.
[003836.73]  01-26 22:43  CatalogFFTPower              INFO     Meshes prepared in elapsed time 48.68 s.
[003836.73]  01-26 22:43  CatalogFFTPower              INFO     Running mesh calculation.
[003853.92]  01-26 22:43  CatalogFFTPower              INFO     Mesh calculations performed in elapsed time 17.20 s.
[003853.92]  01-26 22:43  CatalogFFTPower              INFO     Power spectrum computed in elapsed time 65.88 s.
[003853.93]  01-26 22:43  CatalogFFTPower              INFO     Saving /pscratch/sd/s/shengyu/galaxies/catalogs/Y3/AbacusHF-v2/Boxes/QSO/sn0p950/AbacusSummit_base_c000_ph008/mpspk/pkpoles_QSO_zp0.950_DR2_v1.0+dv_verr_empirical.npy.
[003853.93]  01-26 22:43  compute_2pt                  INFO     Save to /pscratch/sd/s/shengyu/galaxies/catalogs/Y3/AbacusHF-v2/Boxes/QSO/sn0p950/AbacusSummit_base_c000_ph008/mpspk/pkpoles_QSO_zp0.950_DR2_v1.0+dv_verr_empirical.npy
[003853.93]  01-26 22:43  TwoPointCorrelationFunction  INFO     Using estimator <class 'pycorr.twopoint_estimator.NaturalTwoPointEstimator'>.
[003853.93]  01-26 22:43  TwoPointCorrelationFunction  INFO     Running auto-correlation.
[003853.93]  01-26 22:43  TwoPointCorrelationFunction  INFO     Computing two-point counts D1D2.
[003913.87]  01-26 22:44  TwoPointCorrelationFunction  INFO     Analytically computing two-point counts R1R2.
[003913.87]  01-26 22:44  TwoPointCorrelationFunction  INFO     Correlation function computed in elapsed time 59.94 s.
[003913.87]  01-26 22:44  NaturalTwoPointEstimator     INFO     Saving /pscratch/sd/s/shengyu/galaxies/catalogs/Y3/AbacusHF-v2/Boxes/QSO/sn0p950/AbacusSummit_base_c000_ph008/mpspk/mpslog_QSO_zp0.950_DR2_v1.0+dv_verr_empirical.npy.
[003913.88]  01-26 22:44  compute_2pt                  INFO     Save to /pscratch/sd/s/shengyu/galaxies/catalogs/Y3/AbacusHF-v2/Boxes/QSO/sn0p950/AbacusSummit_base_c000_ph008/mpspk/mpslog_QSO_zp0.950_DR2_v1.0+dv_verr_empirical.npy
[003913.88]  01-26 22:44  TwoPointCorrelationFunction  INFO     Using estimator <class 'pycorr.twopoint_estimator.NaturalTwoPointEstimator'>.
[003913.88]  01-26 22:44  TwoPointCorrelationFunction  INFO     Running auto-correlation.
[003913.88]  01-26 22:44  TwoPointCorrelationFunction  INFO     Computing two-point counts D1D2.
[003955.40]  01-26 22:45  TwoPointCorrelationFunction  INFO     Analytically computing two-point counts R1R2.
[003955.40]  01-26 22:45  TwoPointCorrelationFunction  INFO     Correlation function computed in elapsed time 41.52 s.
[003955.40]  01-26 22:45  NaturalTwoPointEstimator     INFO     Saving /pscratch/sd/s/shengyu/galaxies/catalogs/Y3/AbacusHF-v2/Boxes/QSO/sn0p950/AbacusSummit_base_c000_ph008/mpspk/wplog_QSO_zp0.950_DR2_v1.0+dv_verr_empirical.npy.
[003955.40]  01-26 22:45  compute_2pt                  INFO     Save to /pscratch/sd/s/shengyu/galaxies/catalogs/Y3/AbacusHF-v2/Boxes/QSO/sn0p950/AbacusSummit_base_c000_ph008/mpspk/wplog_QSO_zp0.950_DR2_v1.0+dv_verr_empirical.npy
[003955.41]  01-26 22:45  compute_2pt                  INFO     Procceed {'version': 'AbacusHF-v2', 'domain': 'cubic', 'tracer': 'QSO', 'zsnap': 0.95, 'zrange': (0.8, 1.1), 'mock_id': 9, 'use_dv': 'verr_empirical'}
[003955.41]  01-26 22:45  cat_tools                    INFO     Load /pscratch/sd/s/shengyu/galaxies/catalogs/Y3/AbacusHF-v2/Boxes/QSO/sn0p950/AbacusSummit_base_c000_ph009/abacus_HF_QSO_0p950_DR2_v2.0_AbacusSummit_base_c000_ph009_base_clustering.dat.h5
[003955.41]  01-26 22:45  FileStack                    INFO     Reading /pscratch/sd/s/shengyu/galaxies/catalogs/Y3/AbacusHF-v2/Boxes/QSO/sn0p950/AbacusSummit_base_c000_ph009/abacus_HF_QSO_0p950_DR2_v2.0_AbacusSummit_base_c000_ph009_base_clustering.dat.h5.
[003955.41]  01-26 22:45  cat_tools                    INFO     use Z positions shifted in verr_empirical mode
[003957.16]  01-26 22:45  TwoPointCorrelationFunction  INFO     Using estimator <class 'pycorr.twopoint_estimator.NaturalTwoPointEstimator'>.
[003957.17]  01-26 22:45  TwoPointCorrelationFunction  INFO     Running auto-correlation.
[003957.17]  01-26 22:45  TwoPointCorrelationFunction  INFO     Computing two-point counts D1D2.
[004218.93]  01-26 22:49  TwoPointCorrelationFunction  INFO     Analytically computing two-point counts R1R2.
[004218.93]  01-26 22:49  TwoPointCorrelationFunction  INFO     Correlation function computed in elapsed time 261.77 s.
[004218.93]  01-26 22:49  NaturalTwoPointEstimator     INFO     Saving /pscratch/sd/s/shengyu/galaxies/catalogs/Y3/AbacusHF-v2/Boxes/QSO/sn0p950/AbacusSummit_base_c000_ph009/mpspk/xipoles_QSO_zp0.950_DR2_v1.0+dv_verr_empirical.npy.
[004218.94]  01-26 22:49  compute_2pt                  INFO     Save to /pscratch/sd/s/shengyu/galaxies/catalogs/Y3/AbacusHF-v2/Boxes/QSO/sn0p950/AbacusSummit_base_c000_ph009/mpspk/xipoles_QSO_zp0.950_DR2_v1.0+dv_verr_empirical.npy
[004225.10]  01-26 22:49  CatalogFFTPower              INFO     Painting catalog 1 to mesh CatalogMesh(nmesh=[512 512 512], boxsize=[2000. 2000. 2000.], boxcenter=[ 999.99999736 1000.00001636  999.99997934], dtype=float64).
[004225.67]  01-26 22:49  CatalogMesh                  INFO     Slab 0 ~ 4194304 / 45496515.
[004226.77]  01-26 22:50  CatalogMesh                  INFO     Painted 4194304 out of 45496515 objects to mesh.
[004226.77]  01-26 22:50  CatalogMesh                  INFO     Slab 4194304 ~ 8388608 / 45496515.
[004227.84]  01-26 22:50  CatalogMesh                  INFO     Painted 8388608 out of 45496515 objects to mesh.
[004227.84]  01-26 22:50  CatalogMesh                  INFO     Slab 8388608 ~ 12582912 / 45496515.
[004228.93]  01-26 22:50  CatalogMesh                  INFO     Painted 12582912 out of 45496515 objects to mesh.
[004228.93]  01-26 22:50  CatalogMesh                  INFO     Slab 12582912 ~ 16777216 / 45496515.
[004230.00]  01-26 22:50  CatalogMesh                  INFO     Painted 16777216 out of 45496515 objects to mesh.
[004230.00]  01-26 22:50  CatalogMesh                  INFO     Slab 16777216 ~ 20971520 / 45496515.
[004231.08]  01-26 22:50  CatalogMesh                  INFO     Painted 20971520 out of 45496515 objects to mesh.
[004231.08]  01-26 22:50  CatalogMesh                  INFO     Slab 20971520 ~ 25165824 / 45496515.
[004232.16]  01-26 22:50  CatalogMesh                  INFO     Painted 25165824 out of 45496515 objects to mesh.
[004232.16]  01-26 22:50  CatalogMesh                  INFO     Slab 25165824 ~ 29360128 / 45496515.
[004233.23]  01-26 22:50  CatalogMesh                  INFO     Painted 29360128 out of 45496515 objects to mesh.
[004233.23]  01-26 22:50  CatalogMesh                  INFO     Slab 29360128 ~ 33554432 / 45496515.
[004234.33]  01-26 22:50  CatalogMesh                  INFO     Painted 33554432 out of 45496515 objects to mesh.
[004234.33]  01-26 22:50  CatalogMesh                  INFO     Slab 33554432 ~ 37748736 / 45496515.
[004235.54]  01-26 22:50  CatalogMesh                  INFO     Painted 37748736 out of 45496515 objects to mesh.
[004235.54]  01-26 22:50  CatalogMesh                  INFO     Slab 37748736 ~ 41943040 / 45496515.
[004236.73]  01-26 22:50  CatalogMesh                  INFO     Painted 41943040 out of 45496515 objects to mesh.
[004236.73]  01-26 22:50  CatalogMesh                  INFO     Slab 41943040 ~ 46137344 / 45496515.
[004237.77]  01-26 22:50  CatalogMesh                  INFO     Painted 45496515 out of 45496515 objects to mesh.
[004237.77]  01-26 22:50  CatalogMesh                  INFO     Running interlacing at order 3.
[004240.17]  01-26 22:50  CatalogMesh                  INFO     Slab 0 ~ 4194304 / 45496515.
[004241.25]  01-26 22:50  CatalogMesh                  INFO     Painted 4194304 out of 45496515 objects to mesh.
[004241.25]  01-26 22:50  CatalogMesh                  INFO     Slab 4194304 ~ 8388608 / 45496515.
[004242.33]  01-26 22:50  CatalogMesh                  INFO     Painted 8388608 out of 45496515 objects to mesh.
[004242.33]  01-26 22:50  CatalogMesh                  INFO     Slab 8388608 ~ 12582912 / 45496515.
[004243.40]  01-26 22:50  CatalogMesh                  INFO     Painted 12582912 out of 45496515 objects to mesh.
[004243.40]  01-26 22:50  CatalogMesh                  INFO     Slab 12582912 ~ 16777216 / 45496515.
[004244.47]  01-26 22:50  CatalogMesh                  INFO     Painted 16777216 out of 45496515 objects to mesh.
[004244.47]  01-26 22:50  CatalogMesh                  INFO     Slab 16777216 ~ 20971520 / 45496515.
[004245.54]  01-26 22:50  CatalogMesh                  INFO     Painted 20971520 out of 45496515 objects to mesh.
[004245.54]  01-26 22:50  CatalogMesh                  INFO     Slab 20971520 ~ 25165824 / 45496515.
[004246.62]  01-26 22:50  CatalogMesh                  INFO     Painted 25165824 out of 45496515 objects to mesh.
[004246.62]  01-26 22:50  CatalogMesh                  INFO     Slab 25165824 ~ 29360128 / 45496515.
[004247.69]  01-26 22:50  CatalogMesh                  INFO     Painted 29360128 out of 45496515 objects to mesh.
[004247.69]  01-26 22:50  CatalogMesh                  INFO     Slab 29360128 ~ 33554432 / 45496515.
[004248.78]  01-26 22:50  CatalogMesh                  INFO     Painted 33554432 out of 45496515 objects to mesh.
[004248.78]  01-26 22:50  CatalogMesh                  INFO     Slab 33554432 ~ 37748736 / 45496515.
[004249.97]  01-26 22:50  CatalogMesh                  INFO     Painted 37748736 out of 45496515 objects to mesh.
[004249.98]  01-26 22:50  CatalogMesh                  INFO     Slab 37748736 ~ 41943040 / 45496515.
[004251.17]  01-26 22:50  CatalogMesh                  INFO     Painted 41943040 out of 45496515 objects to mesh.
[004251.17]  01-26 22:50  CatalogMesh                  INFO     Slab 41943040 ~ 46137344 / 45496515.
[004252.19]  01-26 22:50  CatalogMesh                  INFO     Painted 45496515 out of 45496515 objects to mesh.
[004256.16]  01-26 22:50  CatalogMesh                  INFO     Slab 0 ~ 4194304 / 45496515.
[004257.23]  01-26 22:50  CatalogMesh                  INFO     Painted 4194304 out of 45496515 objects to mesh.
[004257.23]  01-26 22:50  CatalogMesh                  INFO     Slab 4194304 ~ 8388608 / 45496515.
[004258.31]  01-26 22:50  CatalogMesh                  INFO     Painted 8388608 out of 45496515 objects to mesh.
[004258.31]  01-26 22:50  CatalogMesh                  INFO     Slab 8388608 ~ 12582912 / 45496515.
[004259.38]  01-26 22:50  CatalogMesh                  INFO     Painted 12582912 out of 45496515 objects to mesh.
[004259.38]  01-26 22:50  CatalogMesh                  INFO     Slab 12582912 ~ 16777216 / 45496515.
[004260.45]  01-26 22:50  CatalogMesh                  INFO     Painted 16777216 out of 45496515 objects to mesh.
[004260.45]  01-26 22:50  CatalogMesh                  INFO     Slab 16777216 ~ 20971520 / 45496515.
[004261.51]  01-26 22:50  CatalogMesh                  INFO     Painted 20971520 out of 45496515 objects to mesh.
[004261.51]  01-26 22:50  CatalogMesh                  INFO     Slab 20971520 ~ 25165824 / 45496515.
[004262.58]  01-26 22:50  CatalogMesh                  INFO     Painted 25165824 out of 45496515 objects to mesh.
[004262.58]  01-26 22:50  CatalogMesh                  INFO     Slab 25165824 ~ 29360128 / 45496515.
[004263.65]  01-26 22:50  CatalogMesh                  INFO     Painted 29360128 out of 45496515 objects to mesh.
[004263.65]  01-26 22:50  CatalogMesh                  INFO     Slab 29360128 ~ 33554432 / 45496515.
[004264.74]  01-26 22:50  CatalogMesh                  INFO     Painted 33554432 out of 45496515 objects to mesh.
[004264.74]  01-26 22:50  CatalogMesh                  INFO     Slab 33554432 ~ 37748736 / 45496515.
[004265.95]  01-26 22:50  CatalogMesh                  INFO     Painted 37748736 out of 45496515 objects to mesh.
[004265.95]  01-26 22:50  CatalogMesh                  INFO     Slab 37748736 ~ 41943040 / 45496515.
[004267.15]  01-26 22:50  CatalogMesh                  INFO     Painted 41943040 out of 45496515 objects to mesh.
[004267.15]  01-26 22:50  CatalogMesh                  INFO     Slab 41943040 ~ 46137344 / 45496515.
[004268.17]  01-26 22:50  CatalogMesh                  INFO     Painted 45496515 out of 45496515 objects to mesh.
[004273.67]  01-26 22:50  CatalogFFTPower              INFO     Done painting catalog 1 to mesh.
[004273.67]  01-26 22:50  CatalogFFTPower              INFO     Using 400 k-bins between 0.000 and 0.400.
[004273.67]  01-26 22:50  CatalogFFTPower              INFO     Meshes prepared in elapsed time 48.58 s.
[004273.67]  01-26 22:50  CatalogFFTPower              INFO     Running mesh calculation.
[004290.82]  01-26 22:51  CatalogFFTPower              INFO     Mesh calculations performed in elapsed time 17.15 s.
[004290.82]  01-26 22:51  CatalogFFTPower              INFO     Power spectrum computed in elapsed time 65.73 s.
[004290.83]  01-26 22:51  CatalogFFTPower              INFO     Saving /pscratch/sd/s/shengyu/galaxies/catalogs/Y3/AbacusHF-v2/Boxes/QSO/sn0p950/AbacusSummit_base_c000_ph009/mpspk/pkpoles_QSO_zp0.950_DR2_v1.0+dv_verr_empirical.npy.
[004290.83]  01-26 22:51  compute_2pt                  INFO     Save to /pscratch/sd/s/shengyu/galaxies/catalogs/Y3/AbacusHF-v2/Boxes/QSO/sn0p950/AbacusSummit_base_c000_ph009/mpspk/pkpoles_QSO_zp0.950_DR2_v1.0+dv_verr_empirical.npy
[004290.83]  01-26 22:51  TwoPointCorrelationFunction  INFO     Using estimator <class 'pycorr.twopoint_estimator.NaturalTwoPointEstimator'>.
[004290.83]  01-26 22:51  TwoPointCorrelationFunction  INFO     Running auto-correlation.
[004290.83]  01-26 22:51  TwoPointCorrelationFunction  INFO     Computing two-point counts D1D2.
[004351.56]  01-26 22:52  TwoPointCorrelationFunction  INFO     Analytically computing two-point counts R1R2.
[004351.56]  01-26 22:52  TwoPointCorrelationFunction  INFO     Correlation function computed in elapsed time 60.73 s.
[004351.56]  01-26 22:52  NaturalTwoPointEstimator     INFO     Saving /pscratch/sd/s/shengyu/galaxies/catalogs/Y3/AbacusHF-v2/Boxes/QSO/sn0p950/AbacusSummit_base_c000_ph009/mpspk/mpslog_QSO_zp0.950_DR2_v1.0+dv_verr_empirical.npy.
[004351.56]  01-26 22:52  compute_2pt                  INFO     Save to /pscratch/sd/s/shengyu/galaxies/catalogs/Y3/AbacusHF-v2/Boxes/QSO/sn0p950/AbacusSummit_base_c000_ph009/mpspk/mpslog_QSO_zp0.950_DR2_v1.0+dv_verr_empirical.npy
[004351.56]  01-26 22:52  TwoPointCorrelationFunction  INFO     Using estimator <class 'pycorr.twopoint_estimator.NaturalTwoPointEstimator'>.
[004351.56]  01-26 22:52  TwoPointCorrelationFunction  INFO     Running auto-correlation.
[004351.57]  01-26 22:52  TwoPointCorrelationFunction  INFO     Computing two-point counts D1D2.
[004393.26]  01-26 22:52  TwoPointCorrelationFunction  INFO     Analytically computing two-point counts R1R2.
[004393.26]  01-26 22:52  TwoPointCorrelationFunction  INFO     Correlation function computed in elapsed time 41.70 s.
[004393.26]  01-26 22:52  NaturalTwoPointEstimator     INFO     Saving /pscratch/sd/s/shengyu/galaxies/catalogs/Y3/AbacusHF-v2/Boxes/QSO/sn0p950/AbacusSummit_base_c000_ph009/mpspk/wplog_QSO_zp0.950_DR2_v1.0+dv_verr_empirical.npy.
[004393.27]  01-26 22:52  compute_2pt                  INFO     Save to /pscratch/sd/s/shengyu/galaxies/catalogs/Y3/AbacusHF-v2/Boxes/QSO/sn0p950/AbacusSummit_base_c000_ph009/mpspk/wplog_QSO_zp0.950_DR2_v1.0+dv_verr_empirical.npy
[004393.27]  01-26 22:52  compute_2pt                  INFO     Procceed {'version': 'AbacusHF-v2', 'domain': 'cubic', 'tracer': 'QSO', 'zsnap': 0.95, 'zrange': (0.8, 1.1), 'mock_id': 10, 'use_dv': 'verr_empirical'}
[004393.27]  01-26 22:52  cat_tools                    INFO     Load /pscratch/sd/s/shengyu/galaxies/catalogs/Y3/AbacusHF-v2/Boxes/QSO/sn0p950/AbacusSummit_base_c000_ph010/abacus_HF_QSO_0p950_DR2_v2.0_AbacusSummit_base_c000_ph010_base_clustering.dat.h5
[004393.27]  01-26 22:52  FileStack                    INFO     Reading /pscratch/sd/s/shengyu/galaxies/catalogs/Y3/AbacusHF-v2/Boxes/QSO/sn0p950/AbacusSummit_base_c000_ph010/abacus_HF_QSO_0p950_DR2_v2.0_AbacusSummit_base_c000_ph010_base_clustering.dat.h5.
[004393.28]  01-26 22:52  cat_tools                    INFO     use Z positions shifted in verr_empirical mode
[004395.04]  01-26 22:52  TwoPointCorrelationFunction  INFO     Using estimator <class 'pycorr.twopoint_estimator.NaturalTwoPointEstimator'>.
[004395.04]  01-26 22:52  TwoPointCorrelationFunction  INFO     Running auto-correlation.
[004395.04]  01-26 22:52  TwoPointCorrelationFunction  INFO     Computing two-point counts D1D2.
[004661.05]  01-26 22:57  TwoPointCorrelationFunction  INFO     Analytically computing two-point counts R1R2.
[004661.05]  01-26 22:57  TwoPointCorrelationFunction  INFO     Correlation function computed in elapsed time 266.01 s.
[004661.05]  01-26 22:57  NaturalTwoPointEstimator     INFO     Saving /pscratch/sd/s/shengyu/galaxies/catalogs/Y3/AbacusHF-v2/Boxes/QSO/sn0p950/AbacusSummit_base_c000_ph010/mpspk/xipoles_QSO_zp0.950_DR2_v1.0+dv_verr_empirical.npy.
[004661.06]  01-26 22:57  compute_2pt                  INFO     Save to /pscratch/sd/s/shengyu/galaxies/catalogs/Y3/AbacusHF-v2/Boxes/QSO/sn0p950/AbacusSummit_base_c000_ph010/mpspk/xipoles_QSO_zp0.950_DR2_v1.0+dv_verr_empirical.npy
[004667.23]  01-26 22:57  CatalogFFTPower              INFO     Painting catalog 1 to mesh CatalogMesh(nmesh=[512 512 512], boxsize=[2000. 2000. 2000.], boxcenter=[999.99998434 999.99999607 999.99999935], dtype=float64).
[004667.81]  01-26 22:57  CatalogMesh                  INFO     Slab 0 ~ 4194304 / 45525611.
[004668.93]  01-26 22:57  CatalogMesh                  INFO     Painted 4194304 out of 45525611 objects to mesh.
[004668.93]  01-26 22:57  CatalogMesh                  INFO     Slab 4194304 ~ 8388608 / 45525611.
[004670.02]  01-26 22:57  CatalogMesh                  INFO     Painted 8388608 out of 45525611 objects to mesh.
[004670.02]  01-26 22:57  CatalogMesh                  INFO     Slab 8388608 ~ 12582912 / 45525611.
[004671.11]  01-26 22:57  CatalogMesh                  INFO     Painted 12582912 out of 45525611 objects to mesh.
[004671.11]  01-26 22:57  CatalogMesh                  INFO     Slab 12582912 ~ 16777216 / 45525611.
[004672.20]  01-26 22:57  CatalogMesh                  INFO     Painted 16777216 out of 45525611 objects to mesh.
[004672.20]  01-26 22:57  CatalogMesh                  INFO     Slab 16777216 ~ 20971520 / 45525611.
[004673.30]  01-26 22:57  CatalogMesh                  INFO     Painted 20971520 out of 45525611 objects to mesh.
[004673.30]  01-26 22:57  CatalogMesh                  INFO     Slab 20971520 ~ 25165824 / 45525611.
[004674.39]  01-26 22:57  CatalogMesh                  INFO     Painted 25165824 out of 45525611 objects to mesh.
[004674.39]  01-26 22:57  CatalogMesh                  INFO     Slab 25165824 ~ 29360128 / 45525611.
[004675.48]  01-26 22:57  CatalogMesh                  INFO     Painted 29360128 out of 45525611 objects to mesh.
[004675.48]  01-26 22:57  CatalogMesh                  INFO     Slab 29360128 ~ 33554432 / 45525611.
[004676.58]  01-26 22:57  CatalogMesh                  INFO     Painted 33554432 out of 45525611 objects to mesh.
[004676.58]  01-26 22:57  CatalogMesh                  INFO     Slab 33554432 ~ 37748736 / 45525611.
[004677.80]  01-26 22:57  CatalogMesh                  INFO     Painted 37748736 out of 45525611 objects to mesh.
[004677.80]  01-26 22:57  CatalogMesh                  INFO     Slab 37748736 ~ 41943040 / 45525611.
[004679.02]  01-26 22:57  CatalogMesh                  INFO     Painted 41943040 out of 45525611 objects to mesh.
[004679.02]  01-26 22:57  CatalogMesh                  INFO     Slab 41943040 ~ 46137344 / 45525611.
[004680.06]  01-26 22:57  CatalogMesh                  INFO     Painted 45525611 out of 45525611 objects to mesh.
[004680.06]  01-26 22:57  CatalogMesh                  INFO     Running interlacing at order 3.
[004682.48]  01-26 22:57  CatalogMesh                  INFO     Slab 0 ~ 4194304 / 45525611.
[004683.55]  01-26 22:57  CatalogMesh                  INFO     Painted 4194304 out of 45525611 objects to mesh.
[004683.55]  01-26 22:57  CatalogMesh                  INFO     Slab 4194304 ~ 8388608 / 45525611.
[004684.62]  01-26 22:57  CatalogMesh                  INFO     Painted 8388608 out of 45525611 objects to mesh.
[004684.62]  01-26 22:57  CatalogMesh                  INFO     Slab 8388608 ~ 12582912 / 45525611.
[004685.69]  01-26 22:57  CatalogMesh                  INFO     Painted 12582912 out of 45525611 objects to mesh.
[004685.69]  01-26 22:57  CatalogMesh                  INFO     Slab 12582912 ~ 16777216 / 45525611.
[004686.77]  01-26 22:57  CatalogMesh                  INFO     Painted 16777216 out of 45525611 objects to mesh.
[004686.77]  01-26 22:57  CatalogMesh                  INFO     Slab 16777216 ~ 20971520 / 45525611.
[004687.84]  01-26 22:57  CatalogMesh                  INFO     Painted 20971520 out of 45525611 objects to mesh.
[004687.84]  01-26 22:57  CatalogMesh                  INFO     Slab 20971520 ~ 25165824 / 45525611.
[004688.92]  01-26 22:57  CatalogMesh                  INFO     Painted 25165824 out of 45525611 objects to mesh.
[004688.92]  01-26 22:57  CatalogMesh                  INFO     Slab 25165824 ~ 29360128 / 45525611.
[004690.00]  01-26 22:57  CatalogMesh                  INFO     Painted 29360128 out of 45525611 objects to mesh.
[004690.00]  01-26 22:57  CatalogMesh                  INFO     Slab 29360128 ~ 33554432 / 45525611.
[004691.09]  01-26 22:57  CatalogMesh                  INFO     Painted 33554432 out of 45525611 objects to mesh.
[004691.09]  01-26 22:57  CatalogMesh                  INFO     Slab 33554432 ~ 37748736 / 45525611.
[004692.28]  01-26 22:57  CatalogMesh                  INFO     Painted 37748736 out of 45525611 objects to mesh.
[004692.29]  01-26 22:57  CatalogMesh                  INFO     Slab 37748736 ~ 41943040 / 45525611.
[004693.48]  01-26 22:57  CatalogMesh                  INFO     Painted 41943040 out of 45525611 objects to mesh.
[004693.48]  01-26 22:57  CatalogMesh                  INFO     Slab 41943040 ~ 46137344 / 45525611.
[004694.51]  01-26 22:57  CatalogMesh                  INFO     Painted 45525611 out of 45525611 objects to mesh.
[004698.50]  01-26 22:57  CatalogMesh                  INFO     Slab 0 ~ 4194304 / 45525611.
[004699.59]  01-26 22:57  CatalogMesh                  INFO     Painted 4194304 out of 45525611 objects to mesh.
[004699.59]  01-26 22:57  CatalogMesh                  INFO     Slab 4194304 ~ 8388608 / 45525611.
[004700.66]  01-26 22:57  CatalogMesh                  INFO     Painted 8388608 out of 45525611 objects to mesh.
[004700.66]  01-26 22:57  CatalogMesh                  INFO     Slab 8388608 ~ 12582912 / 45525611.
[004701.74]  01-26 22:57  CatalogMesh                  INFO     Painted 12582912 out of 45525611 objects to mesh.
[004701.74]  01-26 22:57  CatalogMesh                  INFO     Slab 12582912 ~ 16777216 / 45525611.
[004702.82]  01-26 22:57  CatalogMesh                  INFO     Painted 16777216 out of 45525611 objects to mesh.
[004702.82]  01-26 22:57  CatalogMesh                  INFO     Slab 16777216 ~ 20971520 / 45525611.
[004703.90]  01-26 22:57  CatalogMesh                  INFO     Painted 20971520 out of 45525611 objects to mesh.
[004703.90]  01-26 22:57  CatalogMesh                  INFO     Slab 20971520 ~ 25165824 / 45525611.
[004704.97]  01-26 22:57  CatalogMesh                  INFO     Painted 25165824 out of 45525611 objects to mesh.
[004704.97]  01-26 22:57  CatalogMesh                  INFO     Slab 25165824 ~ 29360128 / 45525611.
[004706.05]  01-26 22:57  CatalogMesh                  INFO     Painted 29360128 out of 45525611 objects to mesh.
[004706.05]  01-26 22:57  CatalogMesh                  INFO     Slab 29360128 ~ 33554432 / 45525611.
[004707.14]  01-26 22:58  CatalogMesh                  INFO     Painted 33554432 out of 45525611 objects to mesh.
[004707.14]  01-26 22:58  CatalogMesh                  INFO     Slab 33554432 ~ 37748736 / 45525611.
[004708.34]  01-26 22:58  CatalogMesh                  INFO     Painted 37748736 out of 45525611 objects to mesh.
[004708.34]  01-26 22:58  CatalogMesh                  INFO     Slab 37748736 ~ 41943040 / 45525611.
[004709.54]  01-26 22:58  CatalogMesh                  INFO     Painted 41943040 out of 45525611 objects to mesh.
[004709.54]  01-26 22:58  CatalogMesh                  INFO     Slab 41943040 ~ 46137344 / 45525611.
[004710.57]  01-26 22:58  CatalogMesh                  INFO     Painted 45525611 out of 45525611 objects to mesh.
[004716.15]  01-26 22:58  CatalogFFTPower              INFO     Done painting catalog 1 to mesh.
[004716.15]  01-26 22:58  CatalogFFTPower              INFO     Using 400 k-bins between 0.000 and 0.400.
[004716.15]  01-26 22:58  CatalogFFTPower              INFO     Meshes prepared in elapsed time 48.92 s.
[004716.15]  01-26 22:58  CatalogFFTPower              INFO     Running mesh calculation.
[004733.42]  01-26 22:58  CatalogFFTPower              INFO     Mesh calculations performed in elapsed time 17.27 s.
[004733.42]  01-26 22:58  CatalogFFTPower              INFO     Power spectrum computed in elapsed time 66.19 s.
[004733.42]  01-26 22:58  CatalogFFTPower              INFO     Saving /pscratch/sd/s/shengyu/galaxies/catalogs/Y3/AbacusHF-v2/Boxes/QSO/sn0p950/AbacusSummit_base_c000_ph010/mpspk/pkpoles_QSO_zp0.950_DR2_v1.0+dv_verr_empirical.npy.
[004733.43]  01-26 22:58  compute_2pt                  INFO     Save to /pscratch/sd/s/shengyu/galaxies/catalogs/Y3/AbacusHF-v2/Boxes/QSO/sn0p950/AbacusSummit_base_c000_ph010/mpspk/pkpoles_QSO_zp0.950_DR2_v1.0+dv_verr_empirical.npy
[004733.43]  01-26 22:58  TwoPointCorrelationFunction  INFO     Using estimator <class 'pycorr.twopoint_estimator.NaturalTwoPointEstimator'>.
[004733.43]  01-26 22:58  TwoPointCorrelationFunction  INFO     Running auto-correlation.
[004733.43]  01-26 22:58  TwoPointCorrelationFunction  INFO     Computing two-point counts D1D2.
[004793.27]  01-26 22:59  TwoPointCorrelationFunction  INFO     Analytically computing two-point counts R1R2.
[004793.27]  01-26 22:59  TwoPointCorrelationFunction  INFO     Correlation function computed in elapsed time 59.85 s.
[004793.27]  01-26 22:59  NaturalTwoPointEstimator     INFO     Saving /pscratch/sd/s/shengyu/galaxies/catalogs/Y3/AbacusHF-v2/Boxes/QSO/sn0p950/AbacusSummit_base_c000_ph010/mpspk/mpslog_QSO_zp0.950_DR2_v1.0+dv_verr_empirical.npy.
[004793.28]  01-26 22:59  compute_2pt                  INFO     Save to /pscratch/sd/s/shengyu/galaxies/catalogs/Y3/AbacusHF-v2/Boxes/QSO/sn0p950/AbacusSummit_base_c000_ph010/mpspk/mpslog_QSO_zp0.950_DR2_v1.0+dv_verr_empirical.npy
[004793.28]  01-26 22:59  TwoPointCorrelationFunction  INFO     Using estimator <class 'pycorr.twopoint_estimator.NaturalTwoPointEstimator'>.
[004793.28]  01-26 22:59  TwoPointCorrelationFunction  INFO     Running auto-correlation.
[004793.28]  01-26 22:59  TwoPointCorrelationFunction  INFO     Computing two-point counts D1D2.
[004835.14]  01-26 23:00  TwoPointCorrelationFunction  INFO     Analytically computing two-point counts R1R2.
[004835.14]  01-26 23:00  TwoPointCorrelationFunction  INFO     Correlation function computed in elapsed time 41.86 s.
[004835.14]  01-26 23:00  NaturalTwoPointEstimator     INFO     Saving /pscratch/sd/s/shengyu/galaxies/catalogs/Y3/AbacusHF-v2/Boxes/QSO/sn0p950/AbacusSummit_base_c000_ph010/mpspk/wplog_QSO_zp0.950_DR2_v1.0+dv_verr_empirical.npy.
[004835.14]  01-26 23:00  compute_2pt                  INFO     Save to /pscratch/sd/s/shengyu/galaxies/catalogs/Y3/AbacusHF-v2/Boxes/QSO/sn0p950/AbacusSummit_base_c000_ph010/mpspk/wplog_QSO_zp0.950_DR2_v1.0+dv_verr_empirical.npy
[004835.15]  01-26 23:00  compute_2pt                  INFO     Procceed {'version': 'AbacusHF-v2', 'domain': 'cubic', 'tracer': 'QSO', 'zsnap': 0.95, 'zrange': (0.8, 1.1), 'mock_id': 11, 'use_dv': 'verr_empirical'}
[004835.15]  01-26 23:00  cat_tools                    INFO     Load /pscratch/sd/s/shengyu/galaxies/catalogs/Y3/AbacusHF-v2/Boxes/QSO/sn0p950/AbacusSummit_base_c000_ph011/abacus_HF_QSO_0p950_DR2_v2.0_AbacusSummit_base_c000_ph011_base_clustering.dat.h5
[004835.15]  01-26 23:00  FileStack                    INFO     Reading /pscratch/sd/s/shengyu/galaxies/catalogs/Y3/AbacusHF-v2/Boxes/QSO/sn0p950/AbacusSummit_base_c000_ph011/abacus_HF_QSO_0p950_DR2_v2.0_AbacusSummit_base_c000_ph011_base_clustering.dat.h5.
[004835.15]  01-26 23:00  cat_tools                    INFO     use Z positions shifted in verr_empirical mode
[004836.93]  01-26 23:00  TwoPointCorrelationFunction  INFO     Using estimator <class 'pycorr.twopoint_estimator.NaturalTwoPointEstimator'>.
[004836.93]  01-26 23:00  TwoPointCorrelationFunction  INFO     Running auto-correlation.
[004836.93]  01-26 23:00  TwoPointCorrelationFunction  INFO     Computing two-point counts D1D2.
[005096.04]  01-26 23:04  TwoPointCorrelationFunction  INFO     Analytically computing two-point counts R1R2.
[005096.04]  01-26 23:04  TwoPointCorrelationFunction  INFO     Correlation function computed in elapsed time 259.11 s.
[005096.04]  01-26 23:04  NaturalTwoPointEstimator     INFO     Saving /pscratch/sd/s/shengyu/galaxies/catalogs/Y3/AbacusHF-v2/Boxes/QSO/sn0p950/AbacusSummit_base_c000_ph011/mpspk/xipoles_QSO_zp0.950_DR2_v1.0+dv_verr_empirical.npy.
[005096.05]  01-26 23:04  compute_2pt                  INFO     Save to /pscratch/sd/s/shengyu/galaxies/catalogs/Y3/AbacusHF-v2/Boxes/QSO/sn0p950/AbacusSummit_base_c000_ph011/mpspk/xipoles_QSO_zp0.950_DR2_v1.0+dv_verr_empirical.npy
[005102.14]  01-26 23:04  CatalogFFTPower              INFO     Painting catalog 1 to mesh CatalogMesh(nmesh=[512 512 512], boxsize=[2000. 2000. 2000.], boxcenter=[1000.00000683  999.99997383 1000.00003717], dtype=float64).
[005102.72]  01-26 23:04  CatalogMesh                  INFO     Slab 0 ~ 4194304 / 45481024.
[005103.82]  01-26 23:04  CatalogMesh                  INFO     Painted 4194304 out of 45481024 objects to mesh.
[005103.82]  01-26 23:04  CatalogMesh                  INFO     Slab 4194304 ~ 8388608 / 45481024.
[005104.89]  01-26 23:04  CatalogMesh                  INFO     Painted 8388608 out of 45481024 objects to mesh.
[005104.89]  01-26 23:04  CatalogMesh                  INFO     Slab 8388608 ~ 12582912 / 45481024.
[005105.96]  01-26 23:04  CatalogMesh                  INFO     Painted 12582912 out of 45481024 objects to mesh.
[005105.96]  01-26 23:04  CatalogMesh                  INFO     Slab 12582912 ~ 16777216 / 45481024.
[005107.03]  01-26 23:04  CatalogMesh                  INFO     Painted 16777216 out of 45481024 objects to mesh.
[005107.03]  01-26 23:04  CatalogMesh                  INFO     Slab 16777216 ~ 20971520 / 45481024.
[005108.10]  01-26 23:04  CatalogMesh                  INFO     Painted 20971520 out of 45481024 objects to mesh.
[005108.10]  01-26 23:04  CatalogMesh                  INFO     Slab 20971520 ~ 25165824 / 45481024.
[005109.17]  01-26 23:04  CatalogMesh                  INFO     Painted 25165824 out of 45481024 objects to mesh.
[005109.17]  01-26 23:04  CatalogMesh                  INFO     Slab 25165824 ~ 29360128 / 45481024.
[005110.25]  01-26 23:04  CatalogMesh                  INFO     Painted 29360128 out of 45481024 objects to mesh.
[005110.25]  01-26 23:04  CatalogMesh                  INFO     Slab 29360128 ~ 33554432 / 45481024.
[005111.35]  01-26 23:04  CatalogMesh                  INFO     Painted 33554432 out of 45481024 objects to mesh.
[005111.35]  01-26 23:04  CatalogMesh                  INFO     Slab 33554432 ~ 37748736 / 45481024.
[005112.55]  01-26 23:04  CatalogMesh                  INFO     Painted 37748736 out of 45481024 objects to mesh.
[005112.55]  01-26 23:04  CatalogMesh                  INFO     Slab 37748736 ~ 41943040 / 45481024.
[005113.75]  01-26 23:04  CatalogMesh                  INFO     Painted 41943040 out of 45481024 objects to mesh.
[005113.75]  01-26 23:04  CatalogMesh                  INFO     Slab 41943040 ~ 46137344 / 45481024.
[005114.77]  01-26 23:04  CatalogMesh                  INFO     Painted 45481024 out of 45481024 objects to mesh.
[005114.77]  01-26 23:04  CatalogMesh                  INFO     Running interlacing at order 3.
[005117.18]  01-26 23:04  CatalogMesh                  INFO     Slab 0 ~ 4194304 / 45481024.
[005118.26]  01-26 23:04  CatalogMesh                  INFO     Painted 4194304 out of 45481024 objects to mesh.
[005118.26]  01-26 23:04  CatalogMesh                  INFO     Slab 4194304 ~ 8388608 / 45481024.
[005119.34]  01-26 23:04  CatalogMesh                  INFO     Painted 8388608 out of 45481024 objects to mesh.
[005119.34]  01-26 23:04  CatalogMesh                  INFO     Slab 8388608 ~ 12582912 / 45481024.
[005120.42]  01-26 23:04  CatalogMesh                  INFO     Painted 12582912 out of 45481024 objects to mesh.
[005120.42]  01-26 23:04  CatalogMesh                  INFO     Slab 12582912 ~ 16777216 / 45481024.
[005121.50]  01-26 23:04  CatalogMesh                  INFO     Painted 16777216 out of 45481024 objects to mesh.
[005121.50]  01-26 23:04  CatalogMesh                  INFO     Slab 16777216 ~ 20971520 / 45481024.
[005122.58]  01-26 23:04  CatalogMesh                  INFO     Painted 20971520 out of 45481024 objects to mesh.
[005122.58]  01-26 23:04  CatalogMesh                  INFO     Slab 20971520 ~ 25165824 / 45481024.
[005123.66]  01-26 23:04  CatalogMesh                  INFO     Painted 25165824 out of 45481024 objects to mesh.
[005123.66]  01-26 23:04  CatalogMesh                  INFO     Slab 25165824 ~ 29360128 / 45481024.
[005124.73]  01-26 23:04  CatalogMesh                  INFO     Painted 29360128 out of 45481024 objects to mesh.
[005124.73]  01-26 23:04  CatalogMesh                  INFO     Slab 29360128 ~ 33554432 / 45481024.
[005125.83]  01-26 23:04  CatalogMesh                  INFO     Painted 33554432 out of 45481024 objects to mesh.
[005125.83]  01-26 23:04  CatalogMesh                  INFO     Slab 33554432 ~ 37748736 / 45481024.
[005127.02]  01-26 23:05  CatalogMesh                  INFO     Painted 37748736 out of 45481024 objects to mesh.
[005127.02]  01-26 23:05  CatalogMesh                  INFO     Slab 37748736 ~ 41943040 / 45481024.
[005128.23]  01-26 23:05  CatalogMesh                  INFO     Painted 41943040 out of 45481024 objects to mesh.
[005128.23]  01-26 23:05  CatalogMesh                  INFO     Slab 41943040 ~ 46137344 / 45481024.
[005129.25]  01-26 23:05  CatalogMesh                  INFO     Painted 45481024 out of 45481024 objects to mesh.
[005133.22]  01-26 23:05  CatalogMesh                  INFO     Slab 0 ~ 4194304 / 45481024.
[005134.30]  01-26 23:05  CatalogMesh                  INFO     Painted 4194304 out of 45481024 objects to mesh.
[005134.30]  01-26 23:05  CatalogMesh                  INFO     Slab 4194304 ~ 8388608 / 45481024.
[005135.39]  01-26 23:05  CatalogMesh                  INFO     Painted 8388608 out of 45481024 objects to mesh.
[005135.39]  01-26 23:05  CatalogMesh                  INFO     Slab 8388608 ~ 12582912 / 45481024.
[005136.47]  01-26 23:05  CatalogMesh                  INFO     Painted 12582912 out of 45481024 objects to mesh.
[005136.47]  01-26 23:05  CatalogMesh                  INFO     Slab 12582912 ~ 16777216 / 45481024.
[005137.55]  01-26 23:05  CatalogMesh                  INFO     Painted 16777216 out of 45481024 objects to mesh.
[005137.55]  01-26 23:05  CatalogMesh                  INFO     Slab 16777216 ~ 20971520 / 45481024.
[005138.63]  01-26 23:05  CatalogMesh                  INFO     Painted 20971520 out of 45481024 objects to mesh.
[005138.63]  01-26 23:05  CatalogMesh                  INFO     Slab 20971520 ~ 25165824 / 45481024.
[005139.70]  01-26 23:05  CatalogMesh                  INFO     Painted 25165824 out of 45481024 objects to mesh.
[005139.70]  01-26 23:05  CatalogMesh                  INFO     Slab 25165824 ~ 29360128 / 45481024.
[005140.77]  01-26 23:05  CatalogMesh                  INFO     Painted 29360128 out of 45481024 objects to mesh.
[005140.77]  01-26 23:05  CatalogMesh                  INFO     Slab 29360128 ~ 33554432 / 45481024.
[005141.86]  01-26 23:05  CatalogMesh                  INFO     Painted 33554432 out of 45481024 objects to mesh.
[005141.86]  01-26 23:05  CatalogMesh                  INFO     Slab 33554432 ~ 37748736 / 45481024.
[005143.06]  01-26 23:05  CatalogMesh                  INFO     Painted 37748736 out of 45481024 objects to mesh.
[005143.06]  01-26 23:05  CatalogMesh                  INFO     Slab 37748736 ~ 41943040 / 45481024.
[005144.26]  01-26 23:05  CatalogMesh                  INFO     Painted 41943040 out of 45481024 objects to mesh.
[005144.27]  01-26 23:05  CatalogMesh                  INFO     Slab 41943040 ~ 46137344 / 45481024.
[005145.28]  01-26 23:05  CatalogMesh                  INFO     Painted 45481024 out of 45481024 objects to mesh.
[005150.78]  01-26 23:05  CatalogFFTPower              INFO     Done painting catalog 1 to mesh.
[005150.78]  01-26 23:05  CatalogFFTPower              INFO     Using 400 k-bins between 0.000 and 0.400.
[005150.78]  01-26 23:05  CatalogFFTPower              INFO     Meshes prepared in elapsed time 48.64 s.
[005150.79]  01-26 23:05  CatalogFFTPower              INFO     Running mesh calculation.
[005167.90]  01-26 23:05  CatalogFFTPower              INFO     Mesh calculations performed in elapsed time 17.12 s.
[005167.90]  01-26 23:05  CatalogFFTPower              INFO     Power spectrum computed in elapsed time 65.76 s.
[005167.90]  01-26 23:05  CatalogFFTPower              INFO     Saving /pscratch/sd/s/shengyu/galaxies/catalogs/Y3/AbacusHF-v2/Boxes/QSO/sn0p950/AbacusSummit_base_c000_ph011/mpspk/pkpoles_QSO_zp0.950_DR2_v1.0+dv_verr_empirical.npy.
[005167.91]  01-26 23:05  compute_2pt                  INFO     Save to /pscratch/sd/s/shengyu/galaxies/catalogs/Y3/AbacusHF-v2/Boxes/QSO/sn0p950/AbacusSummit_base_c000_ph011/mpspk/pkpoles_QSO_zp0.950_DR2_v1.0+dv_verr_empirical.npy
[005167.91]  01-26 23:05  TwoPointCorrelationFunction  INFO     Using estimator <class 'pycorr.twopoint_estimator.NaturalTwoPointEstimator'>.
[005167.91]  01-26 23:05  TwoPointCorrelationFunction  INFO     Running auto-correlation.
[005167.91]  01-26 23:05  TwoPointCorrelationFunction  INFO     Computing two-point counts D1D2.
[005231.68]  01-26 23:06  TwoPointCorrelationFunction  INFO     Analytically computing two-point counts R1R2.
[005231.69]  01-26 23:06  TwoPointCorrelationFunction  INFO     Correlation function computed in elapsed time 63.78 s.
[005231.69]  01-26 23:06  NaturalTwoPointEstimator     INFO     Saving /pscratch/sd/s/shengyu/galaxies/catalogs/Y3/AbacusHF-v2/Boxes/QSO/sn0p950/AbacusSummit_base_c000_ph011/mpspk/mpslog_QSO_zp0.950_DR2_v1.0+dv_verr_empirical.npy.
[005231.69]  01-26 23:06  compute_2pt                  INFO     Save to /pscratch/sd/s/shengyu/galaxies/catalogs/Y3/AbacusHF-v2/Boxes/QSO/sn0p950/AbacusSummit_base_c000_ph011/mpspk/mpslog_QSO_zp0.950_DR2_v1.0+dv_verr_empirical.npy
[005231.69]  01-26 23:06  TwoPointCorrelationFunction  INFO     Using estimator <class 'pycorr.twopoint_estimator.NaturalTwoPointEstimator'>.
[005231.69]  01-26 23:06  TwoPointCorrelationFunction  INFO     Running auto-correlation.
[005231.69]  01-26 23:06  TwoPointCorrelationFunction  INFO     Computing two-point counts D1D2.
[005273.60]  01-26 23:07  TwoPointCorrelationFunction  INFO     Analytically computing two-point counts R1R2.
[005273.60]  01-26 23:07  TwoPointCorrelationFunction  INFO     Correlation function computed in elapsed time 41.91 s.
[005273.60]  01-26 23:07  NaturalTwoPointEstimator     INFO     Saving /pscratch/sd/s/shengyu/galaxies/catalogs/Y3/AbacusHF-v2/Boxes/QSO/sn0p950/AbacusSummit_base_c000_ph011/mpspk/wplog_QSO_zp0.950_DR2_v1.0+dv_verr_empirical.npy.
[005273.60]  01-26 23:07  compute_2pt                  INFO     Save to /pscratch/sd/s/shengyu/galaxies/catalogs/Y3/AbacusHF-v2/Boxes/QSO/sn0p950/AbacusSummit_base_c000_ph011/mpspk/wplog_QSO_zp0.950_DR2_v1.0+dv_verr_empirical.npy
[005273.61]  01-26 23:07  compute_2pt                  INFO     Procceed {'version': 'AbacusHF-v2', 'domain': 'cubic', 'tracer': 'QSO', 'zsnap': 0.95, 'zrange': (0.8, 1.1), 'mock_id': 12, 'use_dv': 'verr_empirical'}
[005273.61]  01-26 23:07  cat_tools                    INFO     Load /pscratch/sd/s/shengyu/galaxies/catalogs/Y3/AbacusHF-v2/Boxes/QSO/sn0p950/AbacusSummit_base_c000_ph012/abacus_HF_QSO_0p950_DR2_v2.0_AbacusSummit_base_c000_ph012_base_clustering.dat.h5
[005273.61]  01-26 23:07  FileStack                    INFO     Reading /pscratch/sd/s/shengyu/galaxies/catalogs/Y3/AbacusHF-v2/Boxes/QSO/sn0p950/AbacusSummit_base_c000_ph012/abacus_HF_QSO_0p950_DR2_v2.0_AbacusSummit_base_c000_ph012_base_clustering.dat.h5.
[005273.61]  01-26 23:07  cat_tools                    INFO     use Z positions shifted in verr_empirical mode
[005275.37]  01-26 23:07  TwoPointCorrelationFunction  INFO     Using estimator <class 'pycorr.twopoint_estimator.NaturalTwoPointEstimator'>.
[005275.37]  01-26 23:07  TwoPointCorrelationFunction  INFO     Running auto-correlation.
[005275.37]  01-26 23:07  TwoPointCorrelationFunction  INFO     Computing two-point counts D1D2.
[005538.44]  01-26 23:11  TwoPointCorrelationFunction  INFO     Analytically computing two-point counts R1R2.
[005538.45]  01-26 23:11  TwoPointCorrelationFunction  INFO     Correlation function computed in elapsed time 263.08 s.
[005538.45]  01-26 23:11  NaturalTwoPointEstimator     INFO     Saving /pscratch/sd/s/shengyu/galaxies/catalogs/Y3/AbacusHF-v2/Boxes/QSO/sn0p950/AbacusSummit_base_c000_ph012/mpspk/xipoles_QSO_zp0.950_DR2_v1.0+dv_verr_empirical.npy.
[005538.45]  01-26 23:11  compute_2pt                  INFO     Save to /pscratch/sd/s/shengyu/galaxies/catalogs/Y3/AbacusHF-v2/Boxes/QSO/sn0p950/AbacusSummit_base_c000_ph012/mpspk/xipoles_QSO_zp0.950_DR2_v1.0+dv_verr_empirical.npy
[005544.62]  01-26 23:11  CatalogFFTPower              INFO     Painting catalog 1 to mesh CatalogMesh(nmesh=[512 512 512], boxsize=[2000. 2000. 2000.], boxcenter=[ 999.99993869 1000.00000934  999.99997837], dtype=float64).
[005545.20]  01-26 23:11  CatalogMesh                  INFO     Slab 0 ~ 4194304 / 45522624.
[005546.30]  01-26 23:12  CatalogMesh                  INFO     Painted 4194304 out of 45522624 objects to mesh.
[005546.30]  01-26 23:12  CatalogMesh                  INFO     Slab 4194304 ~ 8388608 / 45522624.
[005547.37]  01-26 23:12  CatalogMesh                  INFO     Painted 8388608 out of 45522624 objects to mesh.
[005547.38]  01-26 23:12  CatalogMesh                  INFO     Slab 8388608 ~ 12582912 / 45522624.
[005548.45]  01-26 23:12  CatalogMesh                  INFO     Painted 12582912 out of 45522624 objects to mesh.
[005548.45]  01-26 23:12  CatalogMesh                  INFO     Slab 12582912 ~ 16777216 / 45522624.
[005549.53]  01-26 23:12  CatalogMesh                  INFO     Painted 16777216 out of 45522624 objects to mesh.
[005549.53]  01-26 23:12  CatalogMesh                  INFO     Slab 16777216 ~ 20971520 / 45522624.
[005550.61]  01-26 23:12  CatalogMesh                  INFO     Painted 20971520 out of 45522624 objects to mesh.
[005550.61]  01-26 23:12  CatalogMesh                  INFO     Slab 20971520 ~ 25165824 / 45522624.
[005551.68]  01-26 23:12  CatalogMesh                  INFO     Painted 25165824 out of 45522624 objects to mesh.
[005551.68]  01-26 23:12  CatalogMesh                  INFO     Slab 25165824 ~ 29360128 / 45522624.
[005552.77]  01-26 23:12  CatalogMesh                  INFO     Painted 29360128 out of 45522624 objects to mesh.
[005552.77]  01-26 23:12  CatalogMesh                  INFO     Slab 29360128 ~ 33554432 / 45522624.
[005553.87]  01-26 23:12  CatalogMesh                  INFO     Painted 33554432 out of 45522624 objects to mesh.
[005553.87]  01-26 23:12  CatalogMesh                  INFO     Slab 33554432 ~ 37748736 / 45522624.
[005555.07]  01-26 23:12  CatalogMesh                  INFO     Painted 37748736 out of 45522624 objects to mesh.
[005555.07]  01-26 23:12  CatalogMesh                  INFO     Slab 37748736 ~ 41943040 / 45522624.
[005556.28]  01-26 23:12  CatalogMesh                  INFO     Painted 41943040 out of 45522624 objects to mesh.
[005556.28]  01-26 23:12  CatalogMesh                  INFO     Slab 41943040 ~ 46137344 / 45522624.
[005557.31]  01-26 23:12  CatalogMesh                  INFO     Painted 45522624 out of 45522624 objects to mesh.
[005557.31]  01-26 23:12  CatalogMesh                  INFO     Running interlacing at order 3.
[005559.72]  01-26 23:12  CatalogMesh                  INFO     Slab 0 ~ 4194304 / 45522624.
[005560.80]  01-26 23:12  CatalogMesh                  INFO     Painted 4194304 out of 45522624 objects to mesh.
[005560.80]  01-26 23:12  CatalogMesh                  INFO     Slab 4194304 ~ 8388608 / 45522624.
[005561.88]  01-26 23:12  CatalogMesh                  INFO     Painted 8388608 out of 45522624 objects to mesh.
[005561.88]  01-26 23:12  CatalogMesh                  INFO     Slab 8388608 ~ 12582912 / 45522624.
[005562.96]  01-26 23:12  CatalogMesh                  INFO     Painted 12582912 out of 45522624 objects to mesh.
[005562.96]  01-26 23:12  CatalogMesh                  INFO     Slab 12582912 ~ 16777216 / 45522624.
[005564.04]  01-26 23:12  CatalogMesh                  INFO     Painted 16777216 out of 45522624 objects to mesh.
[005564.04]  01-26 23:12  CatalogMesh                  INFO     Slab 16777216 ~ 20971520 / 45522624.
[005565.12]  01-26 23:12  CatalogMesh                  INFO     Painted 20971520 out of 45522624 objects to mesh.
[005565.12]  01-26 23:12  CatalogMesh                  INFO     Slab 20971520 ~ 25165824 / 45522624.
[005566.20]  01-26 23:12  CatalogMesh                  INFO     Painted 25165824 out of 45522624 objects to mesh.
[005566.20]  01-26 23:12  CatalogMesh                  INFO     Slab 25165824 ~ 29360128 / 45522624.
[005567.28]  01-26 23:12  CatalogMesh                  INFO     Painted 29360128 out of 45522624 objects to mesh.
[005567.28]  01-26 23:12  CatalogMesh                  INFO     Slab 29360128 ~ 33554432 / 45522624.
[005568.38]  01-26 23:12  CatalogMesh                  INFO     Painted 33554432 out of 45522624 objects to mesh.
[005568.38]  01-26 23:12  CatalogMesh                  INFO     Slab 33554432 ~ 37748736 / 45522624.
[005569.58]  01-26 23:12  CatalogMesh                  INFO     Painted 37748736 out of 45522624 objects to mesh.
[005569.58]  01-26 23:12  CatalogMesh                  INFO     Slab 37748736 ~ 41943040 / 45522624.
[005570.79]  01-26 23:12  CatalogMesh                  INFO     Painted 41943040 out of 45522624 objects to mesh.
[005570.79]  01-26 23:12  CatalogMesh                  INFO     Slab 41943040 ~ 46137344 / 45522624.
[005571.82]  01-26 23:12  CatalogMesh                  INFO     Painted 45522624 out of 45522624 objects to mesh.
[005575.78]  01-26 23:12  CatalogMesh                  INFO     Slab 0 ~ 4194304 / 45522624.
[005576.85]  01-26 23:12  CatalogMesh                  INFO     Painted 4194304 out of 45522624 objects to mesh.
[005576.85]  01-26 23:12  CatalogMesh                  INFO     Slab 4194304 ~ 8388608 / 45522624.
[005577.93]  01-26 23:12  CatalogMesh                  INFO     Painted 8388608 out of 45522624 objects to mesh.
[005577.93]  01-26 23:12  CatalogMesh                  INFO     Slab 8388608 ~ 12582912 / 45522624.
[005579.01]  01-26 23:12  CatalogMesh                  INFO     Painted 12582912 out of 45522624 objects to mesh.
[005579.01]  01-26 23:12  CatalogMesh                  INFO     Slab 12582912 ~ 16777216 / 45522624.
[005580.09]  01-26 23:12  CatalogMesh                  INFO     Painted 16777216 out of 45522624 objects to mesh.
[005580.09]  01-26 23:12  CatalogMesh                  INFO     Slab 16777216 ~ 20971520 / 45522624.
[005581.16]  01-26 23:12  CatalogMesh                  INFO     Painted 20971520 out of 45522624 objects to mesh.
[005581.16]  01-26 23:12  CatalogMesh                  INFO     Slab 20971520 ~ 25165824 / 45522624.
[005582.25]  01-26 23:12  CatalogMesh                  INFO     Painted 25165824 out of 45522624 objects to mesh.
[005582.25]  01-26 23:12  CatalogMesh                  INFO     Slab 25165824 ~ 29360128 / 45522624.
[005583.33]  01-26 23:12  CatalogMesh                  INFO     Painted 29360128 out of 45522624 objects to mesh.
[005583.33]  01-26 23:12  CatalogMesh                  INFO     Slab 29360128 ~ 33554432 / 45522624.
[005584.42]  01-26 23:12  CatalogMesh                  INFO     Painted 33554432 out of 45522624 objects to mesh.
[005584.42]  01-26 23:12  CatalogMesh                  INFO     Slab 33554432 ~ 37748736 / 45522624.
[005585.63]  01-26 23:12  CatalogMesh                  INFO     Painted 37748736 out of 45522624 objects to mesh.
[005585.63]  01-26 23:12  CatalogMesh                  INFO     Slab 37748736 ~ 41943040 / 45522624.
[005586.84]  01-26 23:12  CatalogMesh                  INFO     Painted 41943040 out of 45522624 objects to mesh.
[005586.84]  01-26 23:12  CatalogMesh                  INFO     Slab 41943040 ~ 46137344 / 45522624.
[005587.87]  01-26 23:12  CatalogMesh                  INFO     Painted 45522624 out of 45522624 objects to mesh.
[005593.38]  01-26 23:12  CatalogFFTPower              INFO     Done painting catalog 1 to mesh.
[005593.38]  01-26 23:12  CatalogFFTPower              INFO     Using 400 k-bins between 0.000 and 0.400.
[005593.38]  01-26 23:12  CatalogFFTPower              INFO     Meshes prepared in elapsed time 48.76 s.
[005593.38]  01-26 23:12  CatalogFFTPower              INFO     Running mesh calculation.
[005610.50]  01-26 23:13  CatalogFFTPower              INFO     Mesh calculations performed in elapsed time 17.12 s.
[005610.50]  01-26 23:13  CatalogFFTPower              INFO     Power spectrum computed in elapsed time 65.88 s.
[005610.51]  01-26 23:13  CatalogFFTPower              INFO     Saving /pscratch/sd/s/shengyu/galaxies/catalogs/Y3/AbacusHF-v2/Boxes/QSO/sn0p950/AbacusSummit_base_c000_ph012/mpspk/pkpoles_QSO_zp0.950_DR2_v1.0+dv_verr_empirical.npy.
[005610.51]  01-26 23:13  compute_2pt                  INFO     Save to /pscratch/sd/s/shengyu/galaxies/catalogs/Y3/AbacusHF-v2/Boxes/QSO/sn0p950/AbacusSummit_base_c000_ph012/mpspk/pkpoles_QSO_zp0.950_DR2_v1.0+dv_verr_empirical.npy
[005610.51]  01-26 23:13  TwoPointCorrelationFunction  INFO     Using estimator <class 'pycorr.twopoint_estimator.NaturalTwoPointEstimator'>.
[005610.51]  01-26 23:13  TwoPointCorrelationFunction  INFO     Running auto-correlation.
[005610.51]  01-26 23:13  TwoPointCorrelationFunction  INFO     Computing two-point counts D1D2.
[005670.16]  01-26 23:14  TwoPointCorrelationFunction  INFO     Analytically computing two-point counts R1R2.
[005670.16]  01-26 23:14  TwoPointCorrelationFunction  INFO     Correlation function computed in elapsed time 59.66 s.
[005670.17]  01-26 23:14  NaturalTwoPointEstimator     INFO     Saving /pscratch/sd/s/shengyu/galaxies/catalogs/Y3/AbacusHF-v2/Boxes/QSO/sn0p950/AbacusSummit_base_c000_ph012/mpspk/mpslog_QSO_zp0.950_DR2_v1.0+dv_verr_empirical.npy.
[005670.17]  01-26 23:14  compute_2pt                  INFO     Save to /pscratch/sd/s/shengyu/galaxies/catalogs/Y3/AbacusHF-v2/Boxes/QSO/sn0p950/AbacusSummit_base_c000_ph012/mpspk/mpslog_QSO_zp0.950_DR2_v1.0+dv_verr_empirical.npy
[005670.17]  01-26 23:14  TwoPointCorrelationFunction  INFO     Using estimator <class 'pycorr.twopoint_estimator.NaturalTwoPointEstimator'>.
[005670.17]  01-26 23:14  TwoPointCorrelationFunction  INFO     Running auto-correlation.
[005670.17]  01-26 23:14  TwoPointCorrelationFunction  INFO     Computing two-point counts D1D2.
[005711.74]  01-26 23:14  TwoPointCorrelationFunction  INFO     Analytically computing two-point counts R1R2.
[005711.74]  01-26 23:14  TwoPointCorrelationFunction  INFO     Correlation function computed in elapsed time 41.57 s.
[005711.74]  01-26 23:14  NaturalTwoPointEstimator     INFO     Saving /pscratch/sd/s/shengyu/galaxies/catalogs/Y3/AbacusHF-v2/Boxes/QSO/sn0p950/AbacusSummit_base_c000_ph012/mpspk/wplog_QSO_zp0.950_DR2_v1.0+dv_verr_empirical.npy.
[005711.74]  01-26 23:14  compute_2pt                  INFO     Save to /pscratch/sd/s/shengyu/galaxies/catalogs/Y3/AbacusHF-v2/Boxes/QSO/sn0p950/AbacusSummit_base_c000_ph012/mpspk/wplog_QSO_zp0.950_DR2_v1.0+dv_verr_empirical.npy
[005711.74]  01-26 23:14  compute_2pt                  INFO     Procceed {'version': 'AbacusHF-v2', 'domain': 'cubic', 'tracer': 'QSO', 'zsnap': 0.95, 'zrange': (0.8, 1.1), 'mock_id': 13, 'use_dv': 'verr_empirical'}
[005711.75]  01-26 23:14  cat_tools                    INFO     Load /pscratch/sd/s/shengyu/galaxies/catalogs/Y3/AbacusHF-v2/Boxes/QSO/sn0p950/AbacusSummit_base_c000_ph013/abacus_HF_QSO_0p950_DR2_v2.0_AbacusSummit_base_c000_ph013_base_clustering.dat.h5
[005711.75]  01-26 23:14  FileStack                    INFO     Reading /pscratch/sd/s/shengyu/galaxies/catalogs/Y3/AbacusHF-v2/Boxes/QSO/sn0p950/AbacusSummit_base_c000_ph013/abacus_HF_QSO_0p950_DR2_v2.0_AbacusSummit_base_c000_ph013_base_clustering.dat.h5.
[005711.75]  01-26 23:14  cat_tools                    INFO     use Z positions shifted in verr_empirical mode
[005713.51]  01-26 23:14  TwoPointCorrelationFunction  INFO     Using estimator <class 'pycorr.twopoint_estimator.NaturalTwoPointEstimator'>.
[005713.51]  01-26 23:14  TwoPointCorrelationFunction  INFO     Running auto-correlation.
[005713.51]  01-26 23:14  TwoPointCorrelationFunction  INFO     Computing two-point counts D1D2.
[005966.94]  01-26 23:19  TwoPointCorrelationFunction  INFO     Analytically computing two-point counts R1R2.
[005966.94]  01-26 23:19  TwoPointCorrelationFunction  INFO     Correlation function computed in elapsed time 253.43 s.
[005966.94]  01-26 23:19  NaturalTwoPointEstimator     INFO     Saving /pscratch/sd/s/shengyu/galaxies/catalogs/Y3/AbacusHF-v2/Boxes/QSO/sn0p950/AbacusSummit_base_c000_ph013/mpspk/xipoles_QSO_zp0.950_DR2_v1.0+dv_verr_empirical.npy.
[005966.94]  01-26 23:19  compute_2pt                  INFO     Save to /pscratch/sd/s/shengyu/galaxies/catalogs/Y3/AbacusHF-v2/Boxes/QSO/sn0p950/AbacusSummit_base_c000_ph013/mpspk/xipoles_QSO_zp0.950_DR2_v1.0+dv_verr_empirical.npy
[005973.08]  01-26 23:19  CatalogFFTPower              INFO     Painting catalog 1 to mesh CatalogMesh(nmesh=[512 512 512], boxsize=[2000. 2000. 2000.], boxcenter=[ 999.99998956  999.99999807 1000.00000081], dtype=float64).
[005973.67]  01-26 23:19  CatalogMesh                  INFO     Slab 0 ~ 4194304 / 45515695.
[005974.80]  01-26 23:19  CatalogMesh                  INFO     Painted 4194304 out of 45515695 objects to mesh.
[005974.80]  01-26 23:19  CatalogMesh                  INFO     Slab 4194304 ~ 8388608 / 45515695.
[005975.88]  01-26 23:19  CatalogMesh                  INFO     Painted 8388608 out of 45515695 objects to mesh.
[005975.88]  01-26 23:19  CatalogMesh                  INFO     Slab 8388608 ~ 12582912 / 45515695.
[005976.95]  01-26 23:19  CatalogMesh                  INFO     Painted 12582912 out of 45515695 objects to mesh.
[005976.95]  01-26 23:19  CatalogMesh                  INFO     Slab 12582912 ~ 16777216 / 45515695.
[005978.04]  01-26 23:19  CatalogMesh                  INFO     Painted 16777216 out of 45515695 objects to mesh.
[005978.04]  01-26 23:19  CatalogMesh                  INFO     Slab 16777216 ~ 20971520 / 45515695.
[005979.11]  01-26 23:19  CatalogMesh                  INFO     Painted 20971520 out of 45515695 objects to mesh.
[005979.11]  01-26 23:19  CatalogMesh                  INFO     Slab 20971520 ~ 25165824 / 45515695.
[005980.19]  01-26 23:19  CatalogMesh                  INFO     Painted 25165824 out of 45515695 objects to mesh.
[005980.19]  01-26 23:19  CatalogMesh                  INFO     Slab 25165824 ~ 29360128 / 45515695.
[005981.26]  01-26 23:19  CatalogMesh                  INFO     Painted 29360128 out of 45515695 objects to mesh.
[005981.26]  01-26 23:19  CatalogMesh                  INFO     Slab 29360128 ~ 33554432 / 45515695.
[005982.36]  01-26 23:19  CatalogMesh                  INFO     Painted 33554432 out of 45515695 objects to mesh.
[005982.36]  01-26 23:19  CatalogMesh                  INFO     Slab 33554432 ~ 37748736 / 45515695.
[005983.56]  01-26 23:19  CatalogMesh                  INFO     Painted 37748736 out of 45515695 objects to mesh.
[005983.56]  01-26 23:19  CatalogMesh                  INFO     Slab 37748736 ~ 41943040 / 45515695.
[005984.76]  01-26 23:19  CatalogMesh                  INFO     Painted 41943040 out of 45515695 objects to mesh.
[005984.76]  01-26 23:19  CatalogMesh                  INFO     Slab 41943040 ~ 46137344 / 45515695.
[005985.80]  01-26 23:19  CatalogMesh                  INFO     Painted 45515695 out of 45515695 objects to mesh.
[005985.80]  01-26 23:19  CatalogMesh                  INFO     Running interlacing at order 3.
[005988.21]  01-26 23:19  CatalogMesh                  INFO     Slab 0 ~ 4194304 / 45515695.
[005989.37]  01-26 23:19  CatalogMesh                  INFO     Painted 4194304 out of 45515695 objects to mesh.
[005989.37]  01-26 23:19  CatalogMesh                  INFO     Slab 4194304 ~ 8388608 / 45515695.
[005990.54]  01-26 23:19  CatalogMesh                  INFO     Painted 8388608 out of 45515695 objects to mesh.
[005990.54]  01-26 23:19  CatalogMesh                  INFO     Slab 8388608 ~ 12582912 / 45515695.
[005991.71]  01-26 23:19  CatalogMesh                  INFO     Painted 12582912 out of 45515695 objects to mesh.
[005991.72]  01-26 23:19  CatalogMesh                  INFO     Slab 12582912 ~ 16777216 / 45515695.
[005992.89]  01-26 23:19  CatalogMesh                  INFO     Painted 16777216 out of 45515695 objects to mesh.
[005992.89]  01-26 23:19  CatalogMesh                  INFO     Slab 16777216 ~ 20971520 / 45515695.
[005994.07]  01-26 23:19  CatalogMesh                  INFO     Painted 20971520 out of 45515695 objects to mesh.
[005994.07]  01-26 23:19  CatalogMesh                  INFO     Slab 20971520 ~ 25165824 / 45515695.
[005995.24]  01-26 23:19  CatalogMesh                  INFO     Painted 25165824 out of 45515695 objects to mesh.
[005995.24]  01-26 23:19  CatalogMesh                  INFO     Slab 25165824 ~ 29360128 / 45515695.
[005996.38]  01-26 23:19  CatalogMesh                  INFO     Painted 29360128 out of 45515695 objects to mesh.
[005996.38]  01-26 23:19  CatalogMesh                  INFO     Slab 29360128 ~ 33554432 / 45515695.
[005997.57]  01-26 23:19  CatalogMesh                  INFO     Painted 33554432 out of 45515695 objects to mesh.
[005997.57]  01-26 23:19  CatalogMesh                  INFO     Slab 33554432 ~ 37748736 / 45515695.
[005998.80]  01-26 23:19  CatalogMesh                  INFO     Painted 37748736 out of 45515695 objects to mesh.
[005998.80]  01-26 23:19  CatalogMesh                  INFO     Slab 37748736 ~ 41943040 / 45515695.
[006000.00]  01-26 23:19  CatalogMesh                  INFO     Painted 41943040 out of 45515695 objects to mesh.
[006000.00]  01-26 23:19  CatalogMesh                  INFO     Slab 41943040 ~ 46137344 / 45515695.
[006001.03]  01-26 23:19  CatalogMesh                  INFO     Painted 45515695 out of 45515695 objects to mesh.
[006004.99]  01-26 23:19  CatalogMesh                  INFO     Slab 0 ~ 4194304 / 45515695.
[006006.06]  01-26 23:19  CatalogMesh                  INFO     Painted 4194304 out of 45515695 objects to mesh.
[006006.07]  01-26 23:19  CatalogMesh                  INFO     Slab 4194304 ~ 8388608 / 45515695.
[006007.14]  01-26 23:19  CatalogMesh                  INFO     Painted 8388608 out of 45515695 objects to mesh.
[006007.14]  01-26 23:19  CatalogMesh                  INFO     Slab 8388608 ~ 12582912 / 45515695.
[006008.21]  01-26 23:19  CatalogMesh                  INFO     Painted 12582912 out of 45515695 objects to mesh.
[006008.21]  01-26 23:19  CatalogMesh                  INFO     Slab 12582912 ~ 16777216 / 45515695.
[006009.28]  01-26 23:19  CatalogMesh                  INFO     Painted 16777216 out of 45515695 objects to mesh.
[006009.28]  01-26 23:19  CatalogMesh                  INFO     Slab 16777216 ~ 20971520 / 45515695.
[006010.36]  01-26 23:19  CatalogMesh                  INFO     Painted 20971520 out of 45515695 objects to mesh.
[006010.36]  01-26 23:19  CatalogMesh                  INFO     Slab 20971520 ~ 25165824 / 45515695.
[006011.44]  01-26 23:19  CatalogMesh                  INFO     Painted 25165824 out of 45515695 objects to mesh.
[006011.44]  01-26 23:19  CatalogMesh                  INFO     Slab 25165824 ~ 29360128 / 45515695.
[006012.51]  01-26 23:19  CatalogMesh                  INFO     Painted 29360128 out of 45515695 objects to mesh.
[006012.51]  01-26 23:19  CatalogMesh                  INFO     Slab 29360128 ~ 33554432 / 45515695.
[006013.60]  01-26 23:19  CatalogMesh                  INFO     Painted 33554432 out of 45515695 objects to mesh.
[006013.60]  01-26 23:19  CatalogMesh                  INFO     Slab 33554432 ~ 37748736 / 45515695.
[006014.80]  01-26 23:19  CatalogMesh                  INFO     Painted 37748736 out of 45515695 objects to mesh.
[006014.80]  01-26 23:19  CatalogMesh                  INFO     Slab 37748736 ~ 41943040 / 45515695.
[006016.01]  01-26 23:19  CatalogMesh                  INFO     Painted 41943040 out of 45515695 objects to mesh.
[006016.01]  01-26 23:19  CatalogMesh                  INFO     Slab 41943040 ~ 46137344 / 45515695.
[006017.04]  01-26 23:19  CatalogMesh                  INFO     Painted 45515695 out of 45515695 objects to mesh.
[006022.56]  01-26 23:19  CatalogFFTPower              INFO     Done painting catalog 1 to mesh.
[006022.56]  01-26 23:19  CatalogFFTPower              INFO     Using 400 k-bins between 0.000 and 0.400.
[006022.56]  01-26 23:19  CatalogFFTPower              INFO     Meshes prepared in elapsed time 49.47 s.
[006022.56]  01-26 23:19  CatalogFFTPower              INFO     Running mesh calculation.
[006039.74]  01-26 23:20  CatalogFFTPower              INFO     Mesh calculations performed in elapsed time 17.18 s.
[006039.74]  01-26 23:20  CatalogFFTPower              INFO     Power spectrum computed in elapsed time 66.65 s.
[006039.74]  01-26 23:20  CatalogFFTPower              INFO     Saving /pscratch/sd/s/shengyu/galaxies/catalogs/Y3/AbacusHF-v2/Boxes/QSO/sn0p950/AbacusSummit_base_c000_ph013/mpspk/pkpoles_QSO_zp0.950_DR2_v1.0+dv_verr_empirical.npy.
[006039.74]  01-26 23:20  compute_2pt                  INFO     Save to /pscratch/sd/s/shengyu/galaxies/catalogs/Y3/AbacusHF-v2/Boxes/QSO/sn0p950/AbacusSummit_base_c000_ph013/mpspk/pkpoles_QSO_zp0.950_DR2_v1.0+dv_verr_empirical.npy
[006039.74]  01-26 23:20  TwoPointCorrelationFunction  INFO     Using estimator <class 'pycorr.twopoint_estimator.NaturalTwoPointEstimator'>.
[006039.74]  01-26 23:20  TwoPointCorrelationFunction  INFO     Running auto-correlation.
[006039.74]  01-26 23:20  TwoPointCorrelationFunction  INFO     Computing two-point counts D1D2.
[006099.15]  01-26 23:21  TwoPointCorrelationFunction  INFO     Analytically computing two-point counts R1R2.
[006099.16]  01-26 23:21  TwoPointCorrelationFunction  INFO     Correlation function computed in elapsed time 59.41 s.
[006099.16]  01-26 23:21  NaturalTwoPointEstimator     INFO     Saving /pscratch/sd/s/shengyu/galaxies/catalogs/Y3/AbacusHF-v2/Boxes/QSO/sn0p950/AbacusSummit_base_c000_ph013/mpspk/mpslog_QSO_zp0.950_DR2_v1.0+dv_verr_empirical.npy.
[006099.16]  01-26 23:21  compute_2pt                  INFO     Save to /pscratch/sd/s/shengyu/galaxies/catalogs/Y3/AbacusHF-v2/Boxes/QSO/sn0p950/AbacusSummit_base_c000_ph013/mpspk/mpslog_QSO_zp0.950_DR2_v1.0+dv_verr_empirical.npy
[006099.16]  01-26 23:21  TwoPointCorrelationFunction  INFO     Using estimator <class 'pycorr.twopoint_estimator.NaturalTwoPointEstimator'>.
[006099.16]  01-26 23:21  TwoPointCorrelationFunction  INFO     Running auto-correlation.
[006099.16]  01-26 23:21  TwoPointCorrelationFunction  INFO     Computing two-point counts D1D2.
[006140.72]  01-26 23:21  TwoPointCorrelationFunction  INFO     Analytically computing two-point counts R1R2.
[006140.72]  01-26 23:21  TwoPointCorrelationFunction  INFO     Correlation function computed in elapsed time 41.56 s.
[006140.72]  01-26 23:21  NaturalTwoPointEstimator     INFO     Saving /pscratch/sd/s/shengyu/galaxies/catalogs/Y3/AbacusHF-v2/Boxes/QSO/sn0p950/AbacusSummit_base_c000_ph013/mpspk/wplog_QSO_zp0.950_DR2_v1.0+dv_verr_empirical.npy.
[006140.72]  01-26 23:21  compute_2pt                  INFO     Save to /pscratch/sd/s/shengyu/galaxies/catalogs/Y3/AbacusHF-v2/Boxes/QSO/sn0p950/AbacusSummit_base_c000_ph013/mpspk/wplog_QSO_zp0.950_DR2_v1.0+dv_verr_empirical.npy
[006140.73]  01-26 23:21  compute_2pt                  INFO     Procceed {'version': 'AbacusHF-v2', 'domain': 'cubic', 'tracer': 'QSO', 'zsnap': 0.95, 'zrange': (0.8, 1.1), 'mock_id': 14, 'use_dv': 'verr_empirical'}
[006140.73]  01-26 23:21  cat_tools                    INFO     Load /pscratch/sd/s/shengyu/galaxies/catalogs/Y3/AbacusHF-v2/Boxes/QSO/sn0p950/AbacusSummit_base_c000_ph014/abacus_HF_QSO_0p950_DR2_v2.0_AbacusSummit_base_c000_ph014_base_clustering.dat.h5
[006140.73]  01-26 23:21  FileStack                    INFO     Reading /pscratch/sd/s/shengyu/galaxies/catalogs/Y3/AbacusHF-v2/Boxes/QSO/sn0p950/AbacusSummit_base_c000_ph014/abacus_HF_QSO_0p950_DR2_v2.0_AbacusSummit_base_c000_ph014_base_clustering.dat.h5.
[006140.73]  01-26 23:21  cat_tools                    INFO     use Z positions shifted in verr_empirical mode
[006142.53]  01-26 23:21  TwoPointCorrelationFunction  INFO     Using estimator <class 'pycorr.twopoint_estimator.NaturalTwoPointEstimator'>.
[006142.53]  01-26 23:21  TwoPointCorrelationFunction  INFO     Running auto-correlation.
[006142.53]  01-26 23:21  TwoPointCorrelationFunction  INFO     Computing two-point counts D1D2.
[006406.36]  01-26 23:26  TwoPointCorrelationFunction  INFO     Analytically computing two-point counts R1R2.
[006406.36]  01-26 23:26  TwoPointCorrelationFunction  INFO     Correlation function computed in elapsed time 263.83 s.
[006406.36]  01-26 23:26  NaturalTwoPointEstimator     INFO     Saving /pscratch/sd/s/shengyu/galaxies/catalogs/Y3/AbacusHF-v2/Boxes/QSO/sn0p950/AbacusSummit_base_c000_ph014/mpspk/xipoles_QSO_zp0.950_DR2_v1.0+dv_verr_empirical.npy.
[006406.37]  01-26 23:26  compute_2pt                  INFO     Save to /pscratch/sd/s/shengyu/galaxies/catalogs/Y3/AbacusHF-v2/Boxes/QSO/sn0p950/AbacusSummit_base_c000_ph014/mpspk/xipoles_QSO_zp0.950_DR2_v1.0+dv_verr_empirical.npy
[006412.67]  01-26 23:26  CatalogFFTPower              INFO     Painting catalog 1 to mesh CatalogMesh(nmesh=[512 512 512], boxsize=[2000. 2000. 2000.], boxcenter=[999.9999741  999.99998315 999.99991773], dtype=float64).
[006413.24]  01-26 23:26  CatalogMesh                  INFO     Slab 0 ~ 4194304 / 45469906.
[006414.33]  01-26 23:26  CatalogMesh                  INFO     Painted 4194304 out of 45469906 objects to mesh.
[006414.33]  01-26 23:26  CatalogMesh                  INFO     Slab 4194304 ~ 8388608 / 45469906.
[006415.41]  01-26 23:26  CatalogMesh                  INFO     Painted 8388608 out of 45469906 objects to mesh.
[006415.41]  01-26 23:26  CatalogMesh                  INFO     Slab 8388608 ~ 12582912 / 45469906.
[006416.49]  01-26 23:26  CatalogMesh                  INFO     Painted 12582912 out of 45469906 objects to mesh.
[006416.49]  01-26 23:26  CatalogMesh                  INFO     Slab 12582912 ~ 16777216 / 45469906.
[006417.57]  01-26 23:26  CatalogMesh                  INFO     Painted 16777216 out of 45469906 objects to mesh.
[006417.57]  01-26 23:26  CatalogMesh                  INFO     Slab 16777216 ~ 20971520 / 45469906.
[006418.65]  01-26 23:26  CatalogMesh                  INFO     Painted 20971520 out of 45469906 objects to mesh.
[006418.65]  01-26 23:26  CatalogMesh                  INFO     Slab 20971520 ~ 25165824 / 45469906.
[006419.73]  01-26 23:26  CatalogMesh                  INFO     Painted 25165824 out of 45469906 objects to mesh.
[006419.73]  01-26 23:26  CatalogMesh                  INFO     Slab 25165824 ~ 29360128 / 45469906.
[006420.80]  01-26 23:26  CatalogMesh                  INFO     Painted 29360128 out of 45469906 objects to mesh.
[006420.80]  01-26 23:26  CatalogMesh                  INFO     Slab 29360128 ~ 33554432 / 45469906.
[006421.89]  01-26 23:26  CatalogMesh                  INFO     Painted 33554432 out of 45469906 objects to mesh.
[006421.89]  01-26 23:26  CatalogMesh                  INFO     Slab 33554432 ~ 37748736 / 45469906.
[006423.09]  01-26 23:26  CatalogMesh                  INFO     Painted 37748736 out of 45469906 objects to mesh.
[006423.09]  01-26 23:26  CatalogMesh                  INFO     Slab 37748736 ~ 41943040 / 45469906.
[006424.29]  01-26 23:26  CatalogMesh                  INFO     Painted 41943040 out of 45469906 objects to mesh.
[006424.29]  01-26 23:26  CatalogMesh                  INFO     Slab 41943040 ~ 46137344 / 45469906.
[006425.31]  01-26 23:26  CatalogMesh                  INFO     Painted 45469906 out of 45469906 objects to mesh.
[006425.31]  01-26 23:26  CatalogMesh                  INFO     Running interlacing at order 3.
[006427.72]  01-26 23:26  CatalogMesh                  INFO     Slab 0 ~ 4194304 / 45469906.
[006428.79]  01-26 23:26  CatalogMesh                  INFO     Painted 4194304 out of 45469906 objects to mesh.
[006428.79]  01-26 23:26  CatalogMesh                  INFO     Slab 4194304 ~ 8388608 / 45469906.
[006429.86]  01-26 23:26  CatalogMesh                  INFO     Painted 8388608 out of 45469906 objects to mesh.
[006429.86]  01-26 23:26  CatalogMesh                  INFO     Slab 8388608 ~ 12582912 / 45469906.
[006430.95]  01-26 23:26  CatalogMesh                  INFO     Painted 12582912 out of 45469906 objects to mesh.
[006430.95]  01-26 23:26  CatalogMesh                  INFO     Slab 12582912 ~ 16777216 / 45469906.
[006432.02]  01-26 23:26  CatalogMesh                  INFO     Painted 16777216 out of 45469906 objects to mesh.
[006432.03]  01-26 23:26  CatalogMesh                  INFO     Slab 16777216 ~ 20971520 / 45469906.
[006433.10]  01-26 23:26  CatalogMesh                  INFO     Painted 20971520 out of 45469906 objects to mesh.
[006433.11]  01-26 23:26  CatalogMesh                  INFO     Slab 20971520 ~ 25165824 / 45469906.
[006434.18]  01-26 23:26  CatalogMesh                  INFO     Painted 25165824 out of 45469906 objects to mesh.
[006434.18]  01-26 23:26  CatalogMesh                  INFO     Slab 25165824 ~ 29360128 / 45469906.
[006435.26]  01-26 23:26  CatalogMesh                  INFO     Painted 29360128 out of 45469906 objects to mesh.
[006435.26]  01-26 23:26  CatalogMesh                  INFO     Slab 29360128 ~ 33554432 / 45469906.
[006436.36]  01-26 23:26  CatalogMesh                  INFO     Painted 33554432 out of 45469906 objects to mesh.
[006436.36]  01-26 23:26  CatalogMesh                  INFO     Slab 33554432 ~ 37748736 / 45469906.
[006437.56]  01-26 23:26  CatalogMesh                  INFO     Painted 37748736 out of 45469906 objects to mesh.
[006437.56]  01-26 23:26  CatalogMesh                  INFO     Slab 37748736 ~ 41943040 / 45469906.
[006438.76]  01-26 23:26  CatalogMesh                  INFO     Painted 41943040 out of 45469906 objects to mesh.
[006438.76]  01-26 23:26  CatalogMesh                  INFO     Slab 41943040 ~ 46137344 / 45469906.
[006439.77]  01-26 23:26  CatalogMesh                  INFO     Painted 45469906 out of 45469906 objects to mesh.
[006443.73]  01-26 23:26  CatalogMesh                  INFO     Slab 0 ~ 4194304 / 45469906.
[006444.80]  01-26 23:26  CatalogMesh                  INFO     Painted 4194304 out of 45469906 objects to mesh.
[006444.81]  01-26 23:26  CatalogMesh                  INFO     Slab 4194304 ~ 8388608 / 45469906.
[006445.88]  01-26 23:26  CatalogMesh                  INFO     Painted 8388608 out of 45469906 objects to mesh.
[006445.88]  01-26 23:26  CatalogMesh                  INFO     Slab 8388608 ~ 12582912 / 45469906.
[006446.96]  01-26 23:27  CatalogMesh                  INFO     Painted 12582912 out of 45469906 objects to mesh.
[006446.96]  01-26 23:27  CatalogMesh                  INFO     Slab 12582912 ~ 16777216 / 45469906.
[006448.04]  01-26 23:27  CatalogMesh                  INFO     Painted 16777216 out of 45469906 objects to mesh.
[006448.04]  01-26 23:27  CatalogMesh                  INFO     Slab 16777216 ~ 20971520 / 45469906.
[006449.12]  01-26 23:27  CatalogMesh                  INFO     Painted 20971520 out of 45469906 objects to mesh.
[006449.12]  01-26 23:27  CatalogMesh                  INFO     Slab 20971520 ~ 25165824 / 45469906.
[006450.19]  01-26 23:27  CatalogMesh                  INFO     Painted 25165824 out of 45469906 objects to mesh.
[006450.19]  01-26 23:27  CatalogMesh                  INFO     Slab 25165824 ~ 29360128 / 45469906.
[006451.27]  01-26 23:27  CatalogMesh                  INFO     Painted 29360128 out of 45469906 objects to mesh.
[006451.27]  01-26 23:27  CatalogMesh                  INFO     Slab 29360128 ~ 33554432 / 45469906.
[006452.36]  01-26 23:27  CatalogMesh                  INFO     Painted 33554432 out of 45469906 objects to mesh.
[006452.36]  01-26 23:27  CatalogMesh                  INFO     Slab 33554432 ~ 37748736 / 45469906.
[006453.57]  01-26 23:27  CatalogMesh                  INFO     Painted 37748736 out of 45469906 objects to mesh.
[006453.57]  01-26 23:27  CatalogMesh                  INFO     Slab 37748736 ~ 41943040 / 45469906.
[006454.77]  01-26 23:27  CatalogMesh                  INFO     Painted 41943040 out of 45469906 objects to mesh.
[006454.77]  01-26 23:27  CatalogMesh                  INFO     Slab 41943040 ~ 46137344 / 45469906.
[006455.80]  01-26 23:27  CatalogMesh                  INFO     Painted 45469906 out of 45469906 objects to mesh.
[006461.30]  01-26 23:27  CatalogFFTPower              INFO     Done painting catalog 1 to mesh.
[006461.30]  01-26 23:27  CatalogFFTPower              INFO     Using 400 k-bins between 0.000 and 0.400.
[006461.30]  01-26 23:27  CatalogFFTPower              INFO     Meshes prepared in elapsed time 48.63 s.
[006461.30]  01-26 23:27  CatalogFFTPower              INFO     Running mesh calculation.
[006478.43]  01-26 23:27  CatalogFFTPower              INFO     Mesh calculations performed in elapsed time 17.12 s.
[006478.43]  01-26 23:27  CatalogFFTPower              INFO     Power spectrum computed in elapsed time 65.76 s.
[006478.43]  01-26 23:27  CatalogFFTPower              INFO     Saving /pscratch/sd/s/shengyu/galaxies/catalogs/Y3/AbacusHF-v2/Boxes/QSO/sn0p950/AbacusSummit_base_c000_ph014/mpspk/pkpoles_QSO_zp0.950_DR2_v1.0+dv_verr_empirical.npy.
[006478.43]  01-26 23:27  compute_2pt                  INFO     Save to /pscratch/sd/s/shengyu/galaxies/catalogs/Y3/AbacusHF-v2/Boxes/QSO/sn0p950/AbacusSummit_base_c000_ph014/mpspk/pkpoles_QSO_zp0.950_DR2_v1.0+dv_verr_empirical.npy
[006478.43]  01-26 23:27  TwoPointCorrelationFunction  INFO     Using estimator <class 'pycorr.twopoint_estimator.NaturalTwoPointEstimator'>.
[006478.43]  01-26 23:27  TwoPointCorrelationFunction  INFO     Running auto-correlation.
[006478.43]  01-26 23:27  TwoPointCorrelationFunction  INFO     Computing two-point counts D1D2.
[006536.58]  01-26 23:28  TwoPointCorrelationFunction  INFO     Analytically computing two-point counts R1R2.
[006536.58]  01-26 23:28  TwoPointCorrelationFunction  INFO     Correlation function computed in elapsed time 58.15 s.
[006536.58]  01-26 23:28  NaturalTwoPointEstimator     INFO     Saving /pscratch/sd/s/shengyu/galaxies/catalogs/Y3/AbacusHF-v2/Boxes/QSO/sn0p950/AbacusSummit_base_c000_ph014/mpspk/mpslog_QSO_zp0.950_DR2_v1.0+dv_verr_empirical.npy.
[006536.59]  01-26 23:28  compute_2pt                  INFO     Save to /pscratch/sd/s/shengyu/galaxies/catalogs/Y3/AbacusHF-v2/Boxes/QSO/sn0p950/AbacusSummit_base_c000_ph014/mpspk/mpslog_QSO_zp0.950_DR2_v1.0+dv_verr_empirical.npy
[006536.59]  01-26 23:28  TwoPointCorrelationFunction  INFO     Using estimator <class 'pycorr.twopoint_estimator.NaturalTwoPointEstimator'>.
[006536.59]  01-26 23:28  TwoPointCorrelationFunction  INFO     Running auto-correlation.
[006536.59]  01-26 23:28  TwoPointCorrelationFunction  INFO     Computing two-point counts D1D2.
[006577.77]  01-26 23:29  TwoPointCorrelationFunction  INFO     Analytically computing two-point counts R1R2.
[006577.78]  01-26 23:29  TwoPointCorrelationFunction  INFO     Correlation function computed in elapsed time 41.19 s.
[006577.78]  01-26 23:29  NaturalTwoPointEstimator     INFO     Saving /pscratch/sd/s/shengyu/galaxies/catalogs/Y3/AbacusHF-v2/Boxes/QSO/sn0p950/AbacusSummit_base_c000_ph014/mpspk/wplog_QSO_zp0.950_DR2_v1.0+dv_verr_empirical.npy.
[006577.78]  01-26 23:29  compute_2pt                  INFO     Save to /pscratch/sd/s/shengyu/galaxies/catalogs/Y3/AbacusHF-v2/Boxes/QSO/sn0p950/AbacusSummit_base_c000_ph014/mpspk/wplog_QSO_zp0.950_DR2_v1.0+dv_verr_empirical.npy
[006577.78]  01-26 23:29  compute_2pt                  INFO     Procceed {'version': 'AbacusHF-v2', 'domain': 'cubic', 'tracer': 'QSO', 'zsnap': 0.95, 'zrange': (0.8, 1.1), 'mock_id': 15, 'use_dv': 'verr_empirical'}
[006577.78]  01-26 23:29  cat_tools                    INFO     Load /pscratch/sd/s/shengyu/galaxies/catalogs/Y3/AbacusHF-v2/Boxes/QSO/sn0p950/AbacusSummit_base_c000_ph015/abacus_HF_QSO_0p950_DR2_v2.0_AbacusSummit_base_c000_ph015_base_clustering.dat.h5
[006577.78]  01-26 23:29  FileStack                    INFO     Reading /pscratch/sd/s/shengyu/galaxies/catalogs/Y3/AbacusHF-v2/Boxes/QSO/sn0p950/AbacusSummit_base_c000_ph015/abacus_HF_QSO_0p950_DR2_v2.0_AbacusSummit_base_c000_ph015_base_clustering.dat.h5.
[006577.79]  01-26 23:29  cat_tools                    INFO     use Z positions shifted in verr_empirical mode
[006579.57]  01-26 23:29  TwoPointCorrelationFunction  INFO     Using estimator <class 'pycorr.twopoint_estimator.NaturalTwoPointEstimator'>.
[006579.57]  01-26 23:29  TwoPointCorrelationFunction  INFO     Running auto-correlation.
[006579.57]  01-26 23:29  TwoPointCorrelationFunction  INFO     Computing two-point counts D1D2.
[006840.34]  01-26 23:33  TwoPointCorrelationFunction  INFO     Analytically computing two-point counts R1R2.
[006840.34]  01-26 23:33  TwoPointCorrelationFunction  INFO     Correlation function computed in elapsed time 260.77 s.
[006840.34]  01-26 23:33  NaturalTwoPointEstimator     INFO     Saving /pscratch/sd/s/shengyu/galaxies/catalogs/Y3/AbacusHF-v2/Boxes/QSO/sn0p950/AbacusSummit_base_c000_ph015/mpspk/xipoles_QSO_zp0.950_DR2_v1.0+dv_verr_empirical.npy.
[006840.35]  01-26 23:33  compute_2pt                  INFO     Save to /pscratch/sd/s/shengyu/galaxies/catalogs/Y3/AbacusHF-v2/Boxes/QSO/sn0p950/AbacusSummit_base_c000_ph015/mpspk/xipoles_QSO_zp0.950_DR2_v1.0+dv_verr_empirical.npy
[006846.52]  01-26 23:33  CatalogFFTPower              INFO     Painting catalog 1 to mesh CatalogMesh(nmesh=[512 512 512], boxsize=[2000. 2000. 2000.], boxcenter=[999.99998709 999.99999926 999.99999086], dtype=float64).
[006847.10]  01-26 23:33  CatalogMesh                  INFO     Slab 0 ~ 4194304 / 45476493.
[006848.19]  01-26 23:33  CatalogMesh                  INFO     Painted 4194304 out of 45476493 objects to mesh.
[006848.19]  01-26 23:33  CatalogMesh                  INFO     Slab 4194304 ~ 8388608 / 45476493.
[006849.27]  01-26 23:33  CatalogMesh                  INFO     Painted 8388608 out of 45476493 objects to mesh.
[006849.27]  01-26 23:33  CatalogMesh                  INFO     Slab 8388608 ~ 12582912 / 45476493.
[006850.35]  01-26 23:33  CatalogMesh                  INFO     Painted 12582912 out of 45476493 objects to mesh.
[006850.35]  01-26 23:33  CatalogMesh                  INFO     Slab 12582912 ~ 16777216 / 45476493.
[006851.42]  01-26 23:33  CatalogMesh                  INFO     Painted 16777216 out of 45476493 objects to mesh.
[006851.42]  01-26 23:33  CatalogMesh                  INFO     Slab 16777216 ~ 20971520 / 45476493.
[006852.50]  01-26 23:33  CatalogMesh                  INFO     Painted 20971520 out of 45476493 objects to mesh.
[006852.50]  01-26 23:33  CatalogMesh                  INFO     Slab 20971520 ~ 25165824 / 45476493.
[006853.58]  01-26 23:33  CatalogMesh                  INFO     Painted 25165824 out of 45476493 objects to mesh.
[006853.58]  01-26 23:33  CatalogMesh                  INFO     Slab 25165824 ~ 29360128 / 45476493.
[006854.65]  01-26 23:33  CatalogMesh                  INFO     Painted 29360128 out of 45476493 objects to mesh.
[006854.65]  01-26 23:33  CatalogMesh                  INFO     Slab 29360128 ~ 33554432 / 45476493.
[006855.74]  01-26 23:33  CatalogMesh                  INFO     Painted 33554432 out of 45476493 objects to mesh.
[006855.74]  01-26 23:33  CatalogMesh                  INFO     Slab 33554432 ~ 37748736 / 45476493.
[006856.94]  01-26 23:33  CatalogMesh                  INFO     Painted 37748736 out of 45476493 objects to mesh.
[006856.94]  01-26 23:33  CatalogMesh                  INFO     Slab 37748736 ~ 41943040 / 45476493.
[006858.15]  01-26 23:33  CatalogMesh                  INFO     Painted 41943040 out of 45476493 objects to mesh.
[006858.15]  01-26 23:33  CatalogMesh                  INFO     Slab 41943040 ~ 46137344 / 45476493.
[006859.17]  01-26 23:33  CatalogMesh                  INFO     Painted 45476493 out of 45476493 objects to mesh.
[006859.17]  01-26 23:33  CatalogMesh                  INFO     Running interlacing at order 3.
[006861.57]  01-26 23:33  CatalogMesh                  INFO     Slab 0 ~ 4194304 / 45476493.
[006862.65]  01-26 23:33  CatalogMesh                  INFO     Painted 4194304 out of 45476493 objects to mesh.
[006862.65]  01-26 23:33  CatalogMesh                  INFO     Slab 4194304 ~ 8388608 / 45476493.
[006863.72]  01-26 23:33  CatalogMesh                  INFO     Painted 8388608 out of 45476493 objects to mesh.
[006863.72]  01-26 23:33  CatalogMesh                  INFO     Slab 8388608 ~ 12582912 / 45476493.
[006864.80]  01-26 23:33  CatalogMesh                  INFO     Painted 12582912 out of 45476493 objects to mesh.
[006864.80]  01-26 23:33  CatalogMesh                  INFO     Slab 12582912 ~ 16777216 / 45476493.
[006865.87]  01-26 23:33  CatalogMesh                  INFO     Painted 16777216 out of 45476493 objects to mesh.
[006865.87]  01-26 23:33  CatalogMesh                  INFO     Slab 16777216 ~ 20971520 / 45476493.
[006866.95]  01-26 23:34  CatalogMesh                  INFO     Painted 20971520 out of 45476493 objects to mesh.
[006866.95]  01-26 23:34  CatalogMesh                  INFO     Slab 20971520 ~ 25165824 / 45476493.
[006868.02]  01-26 23:34  CatalogMesh                  INFO     Painted 25165824 out of 45476493 objects to mesh.
[006868.02]  01-26 23:34  CatalogMesh                  INFO     Slab 25165824 ~ 29360128 / 45476493.
[006869.10]  01-26 23:34  CatalogMesh                  INFO     Painted 29360128 out of 45476493 objects to mesh.
[006869.10]  01-26 23:34  CatalogMesh                  INFO     Slab 29360128 ~ 33554432 / 45476493.
[006870.19]  01-26 23:34  CatalogMesh                  INFO     Painted 33554432 out of 45476493 objects to mesh.
[006870.19]  01-26 23:34  CatalogMesh                  INFO     Slab 33554432 ~ 37748736 / 45476493.
[006871.40]  01-26 23:34  CatalogMesh                  INFO     Painted 37748736 out of 45476493 objects to mesh.
[006871.40]  01-26 23:34  CatalogMesh                  INFO     Slab 37748736 ~ 41943040 / 45476493.
[006872.61]  01-26 23:34  CatalogMesh                  INFO     Painted 41943040 out of 45476493 objects to mesh.
[006872.61]  01-26 23:34  CatalogMesh                  INFO     Slab 41943040 ~ 46137344 / 45476493.
[006873.63]  01-26 23:34  CatalogMesh                  INFO     Painted 45476493 out of 45476493 objects to mesh.
[006877.61]  01-26 23:34  CatalogMesh                  INFO     Slab 0 ~ 4194304 / 45476493.
[006878.68]  01-26 23:34  CatalogMesh                  INFO     Painted 4194304 out of 45476493 objects to mesh.
[006878.68]  01-26 23:34  CatalogMesh                  INFO     Slab 4194304 ~ 8388608 / 45476493.
[006879.76]  01-26 23:34  CatalogMesh                  INFO     Painted 8388608 out of 45476493 objects to mesh.
[006879.76]  01-26 23:34  CatalogMesh                  INFO     Slab 8388608 ~ 12582912 / 45476493.
[006880.84]  01-26 23:34  CatalogMesh                  INFO     Painted 12582912 out of 45476493 objects to mesh.
[006880.84]  01-26 23:34  CatalogMesh                  INFO     Slab 12582912 ~ 16777216 / 45476493.
[006881.92]  01-26 23:34  CatalogMesh                  INFO     Painted 16777216 out of 45476493 objects to mesh.
[006881.92]  01-26 23:34  CatalogMesh                  INFO     Slab 16777216 ~ 20971520 / 45476493.
[006883.00]  01-26 23:34  CatalogMesh                  INFO     Painted 20971520 out of 45476493 objects to mesh.
[006883.01]  01-26 23:34  CatalogMesh                  INFO     Slab 20971520 ~ 25165824 / 45476493.
[006884.08]  01-26 23:34  CatalogMesh                  INFO     Painted 25165824 out of 45476493 objects to mesh.
[006884.09]  01-26 23:34  CatalogMesh                  INFO     Slab 25165824 ~ 29360128 / 45476493.
[006885.16]  01-26 23:34  CatalogMesh                  INFO     Painted 29360128 out of 45476493 objects to mesh.
[006885.16]  01-26 23:34  CatalogMesh                  INFO     Slab 29360128 ~ 33554432 / 45476493.
[006886.25]  01-26 23:34  CatalogMesh                  INFO     Painted 33554432 out of 45476493 objects to mesh.
[006886.25]  01-26 23:34  CatalogMesh                  INFO     Slab 33554432 ~ 37748736 / 45476493.
[006887.45]  01-26 23:34  CatalogMesh                  INFO     Painted 37748736 out of 45476493 objects to mesh.
[006887.45]  01-26 23:34  CatalogMesh                  INFO     Slab 37748736 ~ 41943040 / 45476493.
[006888.65]  01-26 23:34  CatalogMesh                  INFO     Painted 41943040 out of 45476493 objects to mesh.
[006888.65]  01-26 23:34  CatalogMesh                  INFO     Slab 41943040 ~ 46137344 / 45476493.
[006889.67]  01-26 23:34  CatalogMesh                  INFO     Painted 45476493 out of 45476493 objects to mesh.
[006895.28]  01-26 23:34  CatalogFFTPower              INFO     Done painting catalog 1 to mesh.
[006895.28]  01-26 23:34  CatalogFFTPower              INFO     Using 400 k-bins between 0.000 and 0.400.
[006895.28]  01-26 23:34  CatalogFFTPower              INFO     Meshes prepared in elapsed time 48.75 s.
[006895.28]  01-26 23:34  CatalogFFTPower              INFO     Running mesh calculation.
[006912.46]  01-26 23:34  CatalogFFTPower              INFO     Mesh calculations performed in elapsed time 17.18 s.
[006912.46]  01-26 23:34  CatalogFFTPower              INFO     Power spectrum computed in elapsed time 65.93 s.
[006912.46]  01-26 23:34  CatalogFFTPower              INFO     Saving /pscratch/sd/s/shengyu/galaxies/catalogs/Y3/AbacusHF-v2/Boxes/QSO/sn0p950/AbacusSummit_base_c000_ph015/mpspk/pkpoles_QSO_zp0.950_DR2_v1.0+dv_verr_empirical.npy.
[006912.46]  01-26 23:34  compute_2pt                  INFO     Save to /pscratch/sd/s/shengyu/galaxies/catalogs/Y3/AbacusHF-v2/Boxes/QSO/sn0p950/AbacusSummit_base_c000_ph015/mpspk/pkpoles_QSO_zp0.950_DR2_v1.0+dv_verr_empirical.npy
[006912.46]  01-26 23:34  TwoPointCorrelationFunction  INFO     Using estimator <class 'pycorr.twopoint_estimator.NaturalTwoPointEstimator'>.
[006912.46]  01-26 23:34  TwoPointCorrelationFunction  INFO     Running auto-correlation.
[006912.46]  01-26 23:34  TwoPointCorrelationFunction  INFO     Computing two-point counts D1D2.
[006971.43]  01-26 23:35  TwoPointCorrelationFunction  INFO     Analytically computing two-point counts R1R2.
[006971.43]  01-26 23:35  TwoPointCorrelationFunction  INFO     Correlation function computed in elapsed time 58.97 s.
[006971.43]  01-26 23:35  NaturalTwoPointEstimator     INFO     Saving /pscratch/sd/s/shengyu/galaxies/catalogs/Y3/AbacusHF-v2/Boxes/QSO/sn0p950/AbacusSummit_base_c000_ph015/mpspk/mpslog_QSO_zp0.950_DR2_v1.0+dv_verr_empirical.npy.
[006971.43]  01-26 23:35  compute_2pt                  INFO     Save to /pscratch/sd/s/shengyu/galaxies/catalogs/Y3/AbacusHF-v2/Boxes/QSO/sn0p950/AbacusSummit_base_c000_ph015/mpspk/mpslog_QSO_zp0.950_DR2_v1.0+dv_verr_empirical.npy
[006971.43]  01-26 23:35  TwoPointCorrelationFunction  INFO     Using estimator <class 'pycorr.twopoint_estimator.NaturalTwoPointEstimator'>.
[006971.43]  01-26 23:35  TwoPointCorrelationFunction  INFO     Running auto-correlation.
[006971.43]  01-26 23:35  TwoPointCorrelationFunction  INFO     Computing two-point counts D1D2.
[007013.39]  01-26 23:36  TwoPointCorrelationFunction  INFO     Analytically computing two-point counts R1R2.
[007013.39]  01-26 23:36  TwoPointCorrelationFunction  INFO     Correlation function computed in elapsed time 41.96 s.
[007013.39]  01-26 23:36  NaturalTwoPointEstimator     INFO     Saving /pscratch/sd/s/shengyu/galaxies/catalogs/Y3/AbacusHF-v2/Boxes/QSO/sn0p950/AbacusSummit_base_c000_ph015/mpspk/wplog_QSO_zp0.950_DR2_v1.0+dv_verr_empirical.npy.
[007013.40]  01-26 23:36  compute_2pt                  INFO     Save to /pscratch/sd/s/shengyu/galaxies/catalogs/Y3/AbacusHF-v2/Boxes/QSO/sn0p950/AbacusSummit_base_c000_ph015/mpspk/wplog_QSO_zp0.950_DR2_v1.0+dv_verr_empirical.npy
[007013.40]  01-26 23:36  compute_2pt                  INFO     Procceed {'version': 'AbacusHF-v2', 'domain': 'cubic', 'tracer': 'QSO', 'zsnap': 0.95, 'zrange': (0.8, 1.1), 'mock_id': 16, 'use_dv': 'verr_empirical'}
[007013.40]  01-26 23:36  cat_tools                    INFO     Load /pscratch/sd/s/shengyu/galaxies/catalogs/Y3/AbacusHF-v2/Boxes/QSO/sn0p950/AbacusSummit_base_c000_ph016/abacus_HF_QSO_0p950_DR2_v2.0_AbacusSummit_base_c000_ph016_base_clustering.dat.h5
[007013.40]  01-26 23:36  FileStack                    INFO     Reading /pscratch/sd/s/shengyu/galaxies/catalogs/Y3/AbacusHF-v2/Boxes/QSO/sn0p950/AbacusSummit_base_c000_ph016/abacus_HF_QSO_0p950_DR2_v2.0_AbacusSummit_base_c000_ph016_base_clustering.dat.h5.
[007013.40]  01-26 23:36  cat_tools                    INFO     use Z positions shifted in verr_empirical mode
[007015.17]  01-26 23:36  TwoPointCorrelationFunction  INFO     Using estimator <class 'pycorr.twopoint_estimator.NaturalTwoPointEstimator'>.
[007015.17]  01-26 23:36  TwoPointCorrelationFunction  INFO     Running auto-correlation.
[007015.17]  01-26 23:36  TwoPointCorrelationFunction  INFO     Computing two-point counts D1D2.
[007270.95]  01-26 23:40  TwoPointCorrelationFunction  INFO     Analytically computing two-point counts R1R2.
[007270.95]  01-26 23:40  TwoPointCorrelationFunction  INFO     Correlation function computed in elapsed time 255.79 s.
[007270.95]  01-26 23:40  NaturalTwoPointEstimator     INFO     Saving /pscratch/sd/s/shengyu/galaxies/catalogs/Y3/AbacusHF-v2/Boxes/QSO/sn0p950/AbacusSummit_base_c000_ph016/mpspk/xipoles_QSO_zp0.950_DR2_v1.0+dv_verr_empirical.npy.
[007270.96]  01-26 23:40  compute_2pt                  INFO     Save to /pscratch/sd/s/shengyu/galaxies/catalogs/Y3/AbacusHF-v2/Boxes/QSO/sn0p950/AbacusSummit_base_c000_ph016/mpspk/xipoles_QSO_zp0.950_DR2_v1.0+dv_verr_empirical.npy
[007277.12]  01-26 23:40  CatalogFFTPower              INFO     Painting catalog 1 to mesh CatalogMesh(nmesh=[512 512 512], boxsize=[2000. 2000. 2000.], boxcenter=[999.99998302 999.99998994 999.99998997], dtype=float64).
[007277.71]  01-26 23:40  CatalogMesh                  INFO     Slab 0 ~ 4194304 / 45478493.
[007278.81]  01-26 23:40  CatalogMesh                  INFO     Painted 4194304 out of 45478493 objects to mesh.
[007278.81]  01-26 23:40  CatalogMesh                  INFO     Slab 4194304 ~ 8388608 / 45478493.
[007279.89]  01-26 23:40  CatalogMesh                  INFO     Painted 8388608 out of 45478493 objects to mesh.
[007279.89]  01-26 23:40  CatalogMesh                  INFO     Slab 8388608 ~ 12582912 / 45478493.
[007280.97]  01-26 23:40  CatalogMesh                  INFO     Painted 12582912 out of 45478493 objects to mesh.
[007280.97]  01-26 23:40  CatalogMesh                  INFO     Slab 12582912 ~ 16777216 / 45478493.
[007282.05]  01-26 23:40  CatalogMesh                  INFO     Painted 16777216 out of 45478493 objects to mesh.
[007282.05]  01-26 23:40  CatalogMesh                  INFO     Slab 16777216 ~ 20971520 / 45478493.
[007283.13]  01-26 23:40  CatalogMesh                  INFO     Painted 20971520 out of 45478493 objects to mesh.
[007283.13]  01-26 23:40  CatalogMesh                  INFO     Slab 20971520 ~ 25165824 / 45478493.
[007284.21]  01-26 23:40  CatalogMesh                  INFO     Painted 25165824 out of 45478493 objects to mesh.
[007284.21]  01-26 23:40  CatalogMesh                  INFO     Slab 25165824 ~ 29360128 / 45478493.
[007285.30]  01-26 23:40  CatalogMesh                  INFO     Painted 29360128 out of 45478493 objects to mesh.
[007285.30]  01-26 23:40  CatalogMesh                  INFO     Slab 29360128 ~ 33554432 / 45478493.
[007286.40]  01-26 23:41  CatalogMesh                  INFO     Painted 33554432 out of 45478493 objects to mesh.
[007286.40]  01-26 23:41  CatalogMesh                  INFO     Slab 33554432 ~ 37748736 / 45478493.
[007287.60]  01-26 23:41  CatalogMesh                  INFO     Painted 37748736 out of 45478493 objects to mesh.
[007287.60]  01-26 23:41  CatalogMesh                  INFO     Slab 37748736 ~ 41943040 / 45478493.
[007288.80]  01-26 23:41  CatalogMesh                  INFO     Painted 41943040 out of 45478493 objects to mesh.
[007288.80]  01-26 23:41  CatalogMesh                  INFO     Slab 41943040 ~ 46137344 / 45478493.
[007289.83]  01-26 23:41  CatalogMesh                  INFO     Painted 45478493 out of 45478493 objects to mesh.
[007289.83]  01-26 23:41  CatalogMesh                  INFO     Running interlacing at order 3.
[007292.24]  01-26 23:41  CatalogMesh                  INFO     Slab 0 ~ 4194304 / 45478493.
[007293.31]  01-26 23:41  CatalogMesh                  INFO     Painted 4194304 out of 45478493 objects to mesh.
[007293.31]  01-26 23:41  CatalogMesh                  INFO     Slab 4194304 ~ 8388608 / 45478493.
[007294.39]  01-26 23:41  CatalogMesh                  INFO     Painted 8388608 out of 45478493 objects to mesh.
[007294.39]  01-26 23:41  CatalogMesh                  INFO     Slab 8388608 ~ 12582912 / 45478493.
[007295.48]  01-26 23:41  CatalogMesh                  INFO     Painted 12582912 out of 45478493 objects to mesh.
[007295.48]  01-26 23:41  CatalogMesh                  INFO     Slab 12582912 ~ 16777216 / 45478493.
[007296.56]  01-26 23:41  CatalogMesh                  INFO     Painted 16777216 out of 45478493 objects to mesh.
[007296.56]  01-26 23:41  CatalogMesh                  INFO     Slab 16777216 ~ 20971520 / 45478493.
[007297.64]  01-26 23:41  CatalogMesh                  INFO     Painted 20971520 out of 45478493 objects to mesh.
[007297.64]  01-26 23:41  CatalogMesh                  INFO     Slab 20971520 ~ 25165824 / 45478493.
[007298.72]  01-26 23:41  CatalogMesh                  INFO     Painted 25165824 out of 45478493 objects to mesh.
[007298.72]  01-26 23:41  CatalogMesh                  INFO     Slab 25165824 ~ 29360128 / 45478493.
[007299.80]  01-26 23:41  CatalogMesh                  INFO     Painted 29360128 out of 45478493 objects to mesh.
[007299.80]  01-26 23:41  CatalogMesh                  INFO     Slab 29360128 ~ 33554432 / 45478493.
[007300.89]  01-26 23:41  CatalogMesh                  INFO     Painted 33554432 out of 45478493 objects to mesh.
[007300.89]  01-26 23:41  CatalogMesh                  INFO     Slab 33554432 ~ 37748736 / 45478493.
[007302.09]  01-26 23:41  CatalogMesh                  INFO     Painted 37748736 out of 45478493 objects to mesh.
[007302.09]  01-26 23:41  CatalogMesh                  INFO     Slab 37748736 ~ 41943040 / 45478493.
[007303.30]  01-26 23:41  CatalogMesh                  INFO     Painted 41943040 out of 45478493 objects to mesh.
[007303.30]  01-26 23:41  CatalogMesh                  INFO     Slab 41943040 ~ 46137344 / 45478493.
[007304.33]  01-26 23:41  CatalogMesh                  INFO     Painted 45478493 out of 45478493 objects to mesh.
[007308.30]  01-26 23:41  CatalogMesh                  INFO     Slab 0 ~ 4194304 / 45478493.
[007309.39]  01-26 23:41  CatalogMesh                  INFO     Painted 4194304 out of 45478493 objects to mesh.
[007309.39]  01-26 23:41  CatalogMesh                  INFO     Slab 4194304 ~ 8388608 / 45478493.
[007310.46]  01-26 23:41  CatalogMesh                  INFO     Painted 8388608 out of 45478493 objects to mesh.
[007310.46]  01-26 23:41  CatalogMesh                  INFO     Slab 8388608 ~ 12582912 / 45478493.
[007311.54]  01-26 23:41  CatalogMesh                  INFO     Painted 12582912 out of 45478493 objects to mesh.
[007311.54]  01-26 23:41  CatalogMesh                  INFO     Slab 12582912 ~ 16777216 / 45478493.
[007312.62]  01-26 23:41  CatalogMesh                  INFO     Painted 16777216 out of 45478493 objects to mesh.
[007312.62]  01-26 23:41  CatalogMesh                  INFO     Slab 16777216 ~ 20971520 / 45478493.
[007313.70]  01-26 23:41  CatalogMesh                  INFO     Painted 20971520 out of 45478493 objects to mesh.
[007313.70]  01-26 23:41  CatalogMesh                  INFO     Slab 20971520 ~ 25165824 / 45478493.
[007314.77]  01-26 23:41  CatalogMesh                  INFO     Painted 25165824 out of 45478493 objects to mesh.
[007314.77]  01-26 23:41  CatalogMesh                  INFO     Slab 25165824 ~ 29360128 / 45478493.
[007315.85]  01-26 23:41  CatalogMesh                  INFO     Painted 29360128 out of 45478493 objects to mesh.
[007315.85]  01-26 23:41  CatalogMesh                  INFO     Slab 29360128 ~ 33554432 / 45478493.
[007316.95]  01-26 23:41  CatalogMesh                  INFO     Painted 33554432 out of 45478493 objects to mesh.
[007316.95]  01-26 23:41  CatalogMesh                  INFO     Slab 33554432 ~ 37748736 / 45478493.
[007318.16]  01-26 23:41  CatalogMesh                  INFO     Painted 37748736 out of 45478493 objects to mesh.
[007318.16]  01-26 23:41  CatalogMesh                  INFO     Slab 37748736 ~ 41943040 / 45478493.
[007319.36]  01-26 23:41  CatalogMesh                  INFO     Painted 41943040 out of 45478493 objects to mesh.
[007319.36]  01-26 23:41  CatalogMesh                  INFO     Slab 41943040 ~ 46137344 / 45478493.
[007320.38]  01-26 23:41  CatalogMesh                  INFO     Painted 45478493 out of 45478493 objects to mesh.
[007325.90]  01-26 23:41  CatalogFFTPower              INFO     Done painting catalog 1 to mesh.
[007325.90]  01-26 23:41  CatalogFFTPower              INFO     Using 400 k-bins between 0.000 and 0.400.
[007325.90]  01-26 23:41  CatalogFFTPower              INFO     Meshes prepared in elapsed time 48.78 s.
[007325.90]  01-26 23:41  CatalogFFTPower              INFO     Running mesh calculation.
[007343.06]  01-26 23:41  CatalogFFTPower              INFO     Mesh calculations performed in elapsed time 17.16 s.
[007343.06]  01-26 23:41  CatalogFFTPower              INFO     Power spectrum computed in elapsed time 65.94 s.
[007343.06]  01-26 23:41  CatalogFFTPower              INFO     Saving /pscratch/sd/s/shengyu/galaxies/catalogs/Y3/AbacusHF-v2/Boxes/QSO/sn0p950/AbacusSummit_base_c000_ph016/mpspk/pkpoles_QSO_zp0.950_DR2_v1.0+dv_verr_empirical.npy.
[007343.07]  01-26 23:41  compute_2pt                  INFO     Save to /pscratch/sd/s/shengyu/galaxies/catalogs/Y3/AbacusHF-v2/Boxes/QSO/sn0p950/AbacusSummit_base_c000_ph016/mpspk/pkpoles_QSO_zp0.950_DR2_v1.0+dv_verr_empirical.npy
[007343.07]  01-26 23:41  TwoPointCorrelationFunction  INFO     Using estimator <class 'pycorr.twopoint_estimator.NaturalTwoPointEstimator'>.
[007343.07]  01-26 23:41  TwoPointCorrelationFunction  INFO     Running auto-correlation.
[007343.07]  01-26 23:41  TwoPointCorrelationFunction  INFO     Computing two-point counts D1D2.
[007401.59]  01-26 23:42  TwoPointCorrelationFunction  INFO     Analytically computing two-point counts R1R2.
[007401.60]  01-26 23:42  TwoPointCorrelationFunction  INFO     Correlation function computed in elapsed time 58.53 s.
[007401.60]  01-26 23:42  NaturalTwoPointEstimator     INFO     Saving /pscratch/sd/s/shengyu/galaxies/catalogs/Y3/AbacusHF-v2/Boxes/QSO/sn0p950/AbacusSummit_base_c000_ph016/mpspk/mpslog_QSO_zp0.950_DR2_v1.0+dv_verr_empirical.npy.
[007401.60]  01-26 23:42  compute_2pt                  INFO     Save to /pscratch/sd/s/shengyu/galaxies/catalogs/Y3/AbacusHF-v2/Boxes/QSO/sn0p950/AbacusSummit_base_c000_ph016/mpspk/mpslog_QSO_zp0.950_DR2_v1.0+dv_verr_empirical.npy
[007401.60]  01-26 23:42  TwoPointCorrelationFunction  INFO     Using estimator <class 'pycorr.twopoint_estimator.NaturalTwoPointEstimator'>.
[007401.60]  01-26 23:42  TwoPointCorrelationFunction  INFO     Running auto-correlation.
[007401.60]  01-26 23:42  TwoPointCorrelationFunction  INFO     Computing two-point counts D1D2.
[007443.91]  01-26 23:43  TwoPointCorrelationFunction  INFO     Analytically computing two-point counts R1R2.
[007443.91]  01-26 23:43  TwoPointCorrelationFunction  INFO     Correlation function computed in elapsed time 42.31 s.
[007443.91]  01-26 23:43  NaturalTwoPointEstimator     INFO     Saving /pscratch/sd/s/shengyu/galaxies/catalogs/Y3/AbacusHF-v2/Boxes/QSO/sn0p950/AbacusSummit_base_c000_ph016/mpspk/wplog_QSO_zp0.950_DR2_v1.0+dv_verr_empirical.npy.
[007443.91]  01-26 23:43  compute_2pt                  INFO     Save to /pscratch/sd/s/shengyu/galaxies/catalogs/Y3/AbacusHF-v2/Boxes/QSO/sn0p950/AbacusSummit_base_c000_ph016/mpspk/wplog_QSO_zp0.950_DR2_v1.0+dv_verr_empirical.npy
[007443.92]  01-26 23:43  compute_2pt                  INFO     Procceed {'version': 'AbacusHF-v2', 'domain': 'cubic', 'tracer': 'QSO', 'zsnap': 0.95, 'zrange': (0.8, 1.1), 'mock_id': 17, 'use_dv': 'verr_empirical'}
[007443.92]  01-26 23:43  cat_tools                    INFO     Load /pscratch/sd/s/shengyu/galaxies/catalogs/Y3/AbacusHF-v2/Boxes/QSO/sn0p950/AbacusSummit_base_c000_ph017/abacus_HF_QSO_0p950_DR2_v2.0_AbacusSummit_base_c000_ph017_base_clustering.dat.h5
[007443.92]  01-26 23:43  FileStack                    INFO     Reading /pscratch/sd/s/shengyu/galaxies/catalogs/Y3/AbacusHF-v2/Boxes/QSO/sn0p950/AbacusSummit_base_c000_ph017/abacus_HF_QSO_0p950_DR2_v2.0_AbacusSummit_base_c000_ph017_base_clustering.dat.h5.
[007443.92]  01-26 23:43  cat_tools                    INFO     use Z positions shifted in verr_empirical mode
[007445.68]  01-26 23:43  TwoPointCorrelationFunction  INFO     Using estimator <class 'pycorr.twopoint_estimator.NaturalTwoPointEstimator'>.
[007445.68]  01-26 23:43  TwoPointCorrelationFunction  INFO     Running auto-correlation.
[007445.68]  01-26 23:43  TwoPointCorrelationFunction  INFO     Computing two-point counts D1D2.
[007702.05]  01-26 23:47  TwoPointCorrelationFunction  INFO     Analytically computing two-point counts R1R2.
[007702.05]  01-26 23:47  TwoPointCorrelationFunction  INFO     Correlation function computed in elapsed time 256.37 s.
[007702.05]  01-26 23:47  NaturalTwoPointEstimator     INFO     Saving /pscratch/sd/s/shengyu/galaxies/catalogs/Y3/AbacusHF-v2/Boxes/QSO/sn0p950/AbacusSummit_base_c000_ph017/mpspk/xipoles_QSO_zp0.950_DR2_v1.0+dv_verr_empirical.npy.
[007702.07]  01-26 23:47  compute_2pt                  INFO     Save to /pscratch/sd/s/shengyu/galaxies/catalogs/Y3/AbacusHF-v2/Boxes/QSO/sn0p950/AbacusSummit_base_c000_ph017/mpspk/xipoles_QSO_zp0.950_DR2_v1.0+dv_verr_empirical.npy
[007708.23]  01-26 23:48  CatalogFFTPower              INFO     Painting catalog 1 to mesh CatalogMesh(nmesh=[512 512 512], boxsize=[2000. 2000. 2000.], boxcenter=[1000.0000125   999.99994256  999.99996379], dtype=float64).
[007708.83]  01-26 23:48  CatalogMesh                  INFO     Slab 0 ~ 4194304 / 45495773.
[007709.93]  01-26 23:48  CatalogMesh                  INFO     Painted 4194304 out of 45495773 objects to mesh.
[007709.93]  01-26 23:48  CatalogMesh                  INFO     Slab 4194304 ~ 8388608 / 45495773.
[007711.00]  01-26 23:48  CatalogMesh                  INFO     Painted 8388608 out of 45495773 objects to mesh.
[007711.00]  01-26 23:48  CatalogMesh                  INFO     Slab 8388608 ~ 12582912 / 45495773.
[007712.08]  01-26 23:48  CatalogMesh                  INFO     Painted 12582912 out of 45495773 objects to mesh.
[007712.08]  01-26 23:48  CatalogMesh                  INFO     Slab 12582912 ~ 16777216 / 45495773.
[007713.15]  01-26 23:48  CatalogMesh                  INFO     Painted 16777216 out of 45495773 objects to mesh.
[007713.15]  01-26 23:48  CatalogMesh                  INFO     Slab 16777216 ~ 20971520 / 45495773.
[007714.24]  01-26 23:48  CatalogMesh                  INFO     Painted 20971520 out of 45495773 objects to mesh.
[007714.24]  01-26 23:48  CatalogMesh                  INFO     Slab 20971520 ~ 25165824 / 45495773.
[007715.33]  01-26 23:48  CatalogMesh                  INFO     Painted 25165824 out of 45495773 objects to mesh.
[007715.33]  01-26 23:48  CatalogMesh                  INFO     Slab 25165824 ~ 29360128 / 45495773.
[007716.42]  01-26 23:48  CatalogMesh                  INFO     Painted 29360128 out of 45495773 objects to mesh.
[007716.42]  01-26 23:48  CatalogMesh                  INFO     Slab 29360128 ~ 33554432 / 45495773.
[007717.51]  01-26 23:48  CatalogMesh                  INFO     Painted 33554432 out of 45495773 objects to mesh.
[007717.51]  01-26 23:48  CatalogMesh                  INFO     Slab 33554432 ~ 37748736 / 45495773.
[007718.71]  01-26 23:48  CatalogMesh                  INFO     Painted 37748736 out of 45495773 objects to mesh.
[007718.71]  01-26 23:48  CatalogMesh                  INFO     Slab 37748736 ~ 41943040 / 45495773.
[007719.91]  01-26 23:48  CatalogMesh                  INFO     Painted 41943040 out of 45495773 objects to mesh.
[007719.91]  01-26 23:48  CatalogMesh                  INFO     Slab 41943040 ~ 46137344 / 45495773.
[007720.94]  01-26 23:48  CatalogMesh                  INFO     Painted 45495773 out of 45495773 objects to mesh.
[007720.94]  01-26 23:48  CatalogMesh                  INFO     Running interlacing at order 3.
[007723.36]  01-26 23:48  CatalogMesh                  INFO     Slab 0 ~ 4194304 / 45495773.
[007724.44]  01-26 23:48  CatalogMesh                  INFO     Painted 4194304 out of 45495773 objects to mesh.
[007724.44]  01-26 23:48  CatalogMesh                  INFO     Slab 4194304 ~ 8388608 / 45495773.
[007725.51]  01-26 23:48  CatalogMesh                  INFO     Painted 8388608 out of 45495773 objects to mesh.
[007725.51]  01-26 23:48  CatalogMesh                  INFO     Slab 8388608 ~ 12582912 / 45495773.
[007726.59]  01-26 23:48  CatalogMesh                  INFO     Painted 12582912 out of 45495773 objects to mesh.
[007726.59]  01-26 23:48  CatalogMesh                  INFO     Slab 12582912 ~ 16777216 / 45495773.
[007727.66]  01-26 23:48  CatalogMesh                  INFO     Painted 16777216 out of 45495773 objects to mesh.
[007727.66]  01-26 23:48  CatalogMesh                  INFO     Slab 16777216 ~ 20971520 / 45495773.
[007728.73]  01-26 23:48  CatalogMesh                  INFO     Painted 20971520 out of 45495773 objects to mesh.
[007728.73]  01-26 23:48  CatalogMesh                  INFO     Slab 20971520 ~ 25165824 / 45495773.
[007729.81]  01-26 23:48  CatalogMesh                  INFO     Painted 25165824 out of 45495773 objects to mesh.
[007729.81]  01-26 23:48  CatalogMesh                  INFO     Slab 25165824 ~ 29360128 / 45495773.
[007730.89]  01-26 23:48  CatalogMesh                  INFO     Painted 29360128 out of 45495773 objects to mesh.
[007730.89]  01-26 23:48  CatalogMesh                  INFO     Slab 29360128 ~ 33554432 / 45495773.
[007731.98]  01-26 23:48  CatalogMesh                  INFO     Painted 33554432 out of 45495773 objects to mesh.
[007731.98]  01-26 23:48  CatalogMesh                  INFO     Slab 33554432 ~ 37748736 / 45495773.
[007733.18]  01-26 23:48  CatalogMesh                  INFO     Painted 37748736 out of 45495773 objects to mesh.
[007733.18]  01-26 23:48  CatalogMesh                  INFO     Slab 37748736 ~ 41943040 / 45495773.
[007734.38]  01-26 23:48  CatalogMesh                  INFO     Painted 41943040 out of 45495773 objects to mesh.
[007734.38]  01-26 23:48  CatalogMesh                  INFO     Slab 41943040 ~ 46137344 / 45495773.
[007735.40]  01-26 23:48  CatalogMesh                  INFO     Painted 45495773 out of 45495773 objects to mesh.
[007739.38]  01-26 23:48  CatalogMesh                  INFO     Slab 0 ~ 4194304 / 45495773.
[007740.45]  01-26 23:48  CatalogMesh                  INFO     Painted 4194304 out of 45495773 objects to mesh.
[007740.45]  01-26 23:48  CatalogMesh                  INFO     Slab 4194304 ~ 8388608 / 45495773.
[007741.52]  01-26 23:48  CatalogMesh                  INFO     Painted 8388608 out of 45495773 objects to mesh.
[007741.52]  01-26 23:48  CatalogMesh                  INFO     Slab 8388608 ~ 12582912 / 45495773.
[007742.60]  01-26 23:48  CatalogMesh                  INFO     Painted 12582912 out of 45495773 objects to mesh.
[007742.60]  01-26 23:48  CatalogMesh                  INFO     Slab 12582912 ~ 16777216 / 45495773.
[007743.67]  01-26 23:48  CatalogMesh                  INFO     Painted 16777216 out of 45495773 objects to mesh.
[007743.67]  01-26 23:48  CatalogMesh                  INFO     Slab 16777216 ~ 20971520 / 45495773.
[007744.75]  01-26 23:48  CatalogMesh                  INFO     Painted 20971520 out of 45495773 objects to mesh.
[007744.75]  01-26 23:48  CatalogMesh                  INFO     Slab 20971520 ~ 25165824 / 45495773.
[007745.83]  01-26 23:48  CatalogMesh                  INFO     Painted 25165824 out of 45495773 objects to mesh.
[007745.83]  01-26 23:48  CatalogMesh                  INFO     Slab 25165824 ~ 29360128 / 45495773.
[007746.91]  01-26 23:48  CatalogMesh                  INFO     Painted 29360128 out of 45495773 objects to mesh.
[007746.91]  01-26 23:48  CatalogMesh                  INFO     Slab 29360128 ~ 33554432 / 45495773.
[007748.01]  01-26 23:48  CatalogMesh                  INFO     Painted 33554432 out of 45495773 objects to mesh.
[007748.01]  01-26 23:48  CatalogMesh                  INFO     Slab 33554432 ~ 37748736 / 45495773.
[007749.20]  01-26 23:48  CatalogMesh                  INFO     Painted 37748736 out of 45495773 objects to mesh.
[007749.21]  01-26 23:48  CatalogMesh                  INFO     Slab 37748736 ~ 41943040 / 45495773.
[007750.40]  01-26 23:48  CatalogMesh                  INFO     Painted 41943040 out of 45495773 objects to mesh.
[007750.41]  01-26 23:48  CatalogMesh                  INFO     Slab 41943040 ~ 46137344 / 45495773.
[007751.43]  01-26 23:48  CatalogMesh                  INFO     Painted 45495773 out of 45495773 objects to mesh.
[007756.93]  01-26 23:48  CatalogFFTPower              INFO     Done painting catalog 1 to mesh.
[007756.93]  01-26 23:48  CatalogFFTPower              INFO     Using 400 k-bins between 0.000 and 0.400.
[007756.93]  01-26 23:48  CatalogFFTPower              INFO     Meshes prepared in elapsed time 48.70 s.
[007756.93]  01-26 23:48  CatalogFFTPower              INFO     Running mesh calculation.
[007774.08]  01-26 23:49  CatalogFFTPower              INFO     Mesh calculations performed in elapsed time 17.14 s.
[007774.08]  01-26 23:49  CatalogFFTPower              INFO     Power spectrum computed in elapsed time 65.84 s.
[007774.08]  01-26 23:49  CatalogFFTPower              INFO     Saving /pscratch/sd/s/shengyu/galaxies/catalogs/Y3/AbacusHF-v2/Boxes/QSO/sn0p950/AbacusSummit_base_c000_ph017/mpspk/pkpoles_QSO_zp0.950_DR2_v1.0+dv_verr_empirical.npy.
[007774.08]  01-26 23:49  compute_2pt                  INFO     Save to /pscratch/sd/s/shengyu/galaxies/catalogs/Y3/AbacusHF-v2/Boxes/QSO/sn0p950/AbacusSummit_base_c000_ph017/mpspk/pkpoles_QSO_zp0.950_DR2_v1.0+dv_verr_empirical.npy
[007774.08]  01-26 23:49  TwoPointCorrelationFunction  INFO     Using estimator <class 'pycorr.twopoint_estimator.NaturalTwoPointEstimator'>.
[007774.08]  01-26 23:49  TwoPointCorrelationFunction  INFO     Running auto-correlation.
[007774.08]  01-26 23:49  TwoPointCorrelationFunction  INFO     Computing two-point counts D1D2.
[007833.53]  01-26 23:50  TwoPointCorrelationFunction  INFO     Analytically computing two-point counts R1R2.
[007833.53]  01-26 23:50  TwoPointCorrelationFunction  INFO     Correlation function computed in elapsed time 59.45 s.
[007833.53]  01-26 23:50  NaturalTwoPointEstimator     INFO     Saving /pscratch/sd/s/shengyu/galaxies/catalogs/Y3/AbacusHF-v2/Boxes/QSO/sn0p950/AbacusSummit_base_c000_ph017/mpspk/mpslog_QSO_zp0.950_DR2_v1.0+dv_verr_empirical.npy.
[007833.54]  01-26 23:50  compute_2pt                  INFO     Save to /pscratch/sd/s/shengyu/galaxies/catalogs/Y3/AbacusHF-v2/Boxes/QSO/sn0p950/AbacusSummit_base_c000_ph017/mpspk/mpslog_QSO_zp0.950_DR2_v1.0+dv_verr_empirical.npy
[007833.54]  01-26 23:50  TwoPointCorrelationFunction  INFO     Using estimator <class 'pycorr.twopoint_estimator.NaturalTwoPointEstimator'>.
[007833.54]  01-26 23:50  TwoPointCorrelationFunction  INFO     Running auto-correlation.
[007833.54]  01-26 23:50  TwoPointCorrelationFunction  INFO     Computing two-point counts D1D2.
[007874.74]  01-26 23:50  TwoPointCorrelationFunction  INFO     Analytically computing two-point counts R1R2.
[007874.74]  01-26 23:50  TwoPointCorrelationFunction  INFO     Correlation function computed in elapsed time 41.21 s.
[007874.74]  01-26 23:50  NaturalTwoPointEstimator     INFO     Saving /pscratch/sd/s/shengyu/galaxies/catalogs/Y3/AbacusHF-v2/Boxes/QSO/sn0p950/AbacusSummit_base_c000_ph017/mpspk/wplog_QSO_zp0.950_DR2_v1.0+dv_verr_empirical.npy.
[007874.75]  01-26 23:50  compute_2pt                  INFO     Save to /pscratch/sd/s/shengyu/galaxies/catalogs/Y3/AbacusHF-v2/Boxes/QSO/sn0p950/AbacusSummit_base_c000_ph017/mpspk/wplog_QSO_zp0.950_DR2_v1.0+dv_verr_empirical.npy
[007874.75]  01-26 23:50  compute_2pt                  INFO     Procceed {'version': 'AbacusHF-v2', 'domain': 'cubic', 'tracer': 'QSO', 'zsnap': 0.95, 'zrange': (0.8, 1.1), 'mock_id': 18, 'use_dv': 'verr_empirical'}
[007874.75]  01-26 23:50  cat_tools                    INFO     Load /pscratch/sd/s/shengyu/galaxies/catalogs/Y3/AbacusHF-v2/Boxes/QSO/sn0p950/AbacusSummit_base_c000_ph018/abacus_HF_QSO_0p950_DR2_v2.0_AbacusSummit_base_c000_ph018_base_clustering.dat.h5
[007874.75]  01-26 23:50  FileStack                    INFO     Reading /pscratch/sd/s/shengyu/galaxies/catalogs/Y3/AbacusHF-v2/Boxes/QSO/sn0p950/AbacusSummit_base_c000_ph018/abacus_HF_QSO_0p950_DR2_v2.0_AbacusSummit_base_c000_ph018_base_clustering.dat.h5.
[007874.76]  01-26 23:50  cat_tools                    INFO     use Z positions shifted in verr_empirical mode
[007876.51]  01-26 23:50  TwoPointCorrelationFunction  INFO     Using estimator <class 'pycorr.twopoint_estimator.NaturalTwoPointEstimator'>.
[007876.51]  01-26 23:50  TwoPointCorrelationFunction  INFO     Running auto-correlation.
[007876.51]  01-26 23:50  TwoPointCorrelationFunction  INFO     Computing two-point counts D1D2.
[008138.21]  01-26 23:55  TwoPointCorrelationFunction  INFO     Analytically computing two-point counts R1R2.
[008138.21]  01-26 23:55  TwoPointCorrelationFunction  INFO     Correlation function computed in elapsed time 261.70 s.
[008138.21]  01-26 23:55  NaturalTwoPointEstimator     INFO     Saving /pscratch/sd/s/shengyu/galaxies/catalogs/Y3/AbacusHF-v2/Boxes/QSO/sn0p950/AbacusSummit_base_c000_ph018/mpspk/xipoles_QSO_zp0.950_DR2_v1.0+dv_verr_empirical.npy.
[008138.22]  01-26 23:55  compute_2pt                  INFO     Save to /pscratch/sd/s/shengyu/galaxies/catalogs/Y3/AbacusHF-v2/Boxes/QSO/sn0p950/AbacusSummit_base_c000_ph018/mpspk/xipoles_QSO_zp0.950_DR2_v1.0+dv_verr_empirical.npy
[008144.35]  01-26 23:55  CatalogFFTPower              INFO     Painting catalog 1 to mesh CatalogMesh(nmesh=[512 512 512], boxsize=[2000. 2000. 2000.], boxcenter=[999.99999013 999.99999411 999.99990021], dtype=float64).
[008144.92]  01-26 23:55  CatalogMesh                  INFO     Slab 0 ~ 4194304 / 45532026.
[008146.01]  01-26 23:55  CatalogMesh                  INFO     Painted 4194304 out of 45532026 objects to mesh.
[008146.01]  01-26 23:55  CatalogMesh                  INFO     Slab 4194304 ~ 8388608 / 45532026.
[008147.09]  01-26 23:55  CatalogMesh                  INFO     Painted 8388608 out of 45532026 objects to mesh.
[008147.09]  01-26 23:55  CatalogMesh                  INFO     Slab 8388608 ~ 12582912 / 45532026.
[008148.16]  01-26 23:55  CatalogMesh                  INFO     Painted 12582912 out of 45532026 objects to mesh.
[008148.16]  01-26 23:55  CatalogMesh                  INFO     Slab 12582912 ~ 16777216 / 45532026.
[008149.24]  01-26 23:55  CatalogMesh                  INFO     Painted 16777216 out of 45532026 objects to mesh.
[008149.24]  01-26 23:55  CatalogMesh                  INFO     Slab 16777216 ~ 20971520 / 45532026.
[008150.31]  01-26 23:55  CatalogMesh                  INFO     Painted 20971520 out of 45532026 objects to mesh.
[008150.31]  01-26 23:55  CatalogMesh                  INFO     Slab 20971520 ~ 25165824 / 45532026.
[008151.38]  01-26 23:55  CatalogMesh                  INFO     Painted 25165824 out of 45532026 objects to mesh.
[008151.38]  01-26 23:55  CatalogMesh                  INFO     Slab 25165824 ~ 29360128 / 45532026.
[008152.45]  01-26 23:55  CatalogMesh                  INFO     Painted 29360128 out of 45532026 objects to mesh.
[008152.45]  01-26 23:55  CatalogMesh                  INFO     Slab 29360128 ~ 33554432 / 45532026.
[008153.54]  01-26 23:55  CatalogMesh                  INFO     Painted 33554432 out of 45532026 objects to mesh.
[008153.54]  01-26 23:55  CatalogMesh                  INFO     Slab 33554432 ~ 37748736 / 45532026.
[008154.73]  01-26 23:55  CatalogMesh                  INFO     Painted 37748736 out of 45532026 objects to mesh.
[008154.73]  01-26 23:55  CatalogMesh                  INFO     Slab 37748736 ~ 41943040 / 45532026.
[008155.93]  01-26 23:55  CatalogMesh                  INFO     Painted 41943040 out of 45532026 objects to mesh.
[008155.93]  01-26 23:55  CatalogMesh                  INFO     Slab 41943040 ~ 46137344 / 45532026.
[008157.02]  01-26 23:55  CatalogMesh                  INFO     Painted 45532026 out of 45532026 objects to mesh.
[008157.02]  01-26 23:55  CatalogMesh                  INFO     Running interlacing at order 3.
[008159.43]  01-26 23:55  CatalogMesh                  INFO     Slab 0 ~ 4194304 / 45532026.
[008160.50]  01-26 23:55  CatalogMesh                  INFO     Painted 4194304 out of 45532026 objects to mesh.
[008160.50]  01-26 23:55  CatalogMesh                  INFO     Slab 4194304 ~ 8388608 / 45532026.
[008161.57]  01-26 23:55  CatalogMesh                  INFO     Painted 8388608 out of 45532026 objects to mesh.
[008161.57]  01-26 23:55  CatalogMesh                  INFO     Slab 8388608 ~ 12582912 / 45532026.
[008162.64]  01-26 23:55  CatalogMesh                  INFO     Painted 12582912 out of 45532026 objects to mesh.
[008162.64]  01-26 23:55  CatalogMesh                  INFO     Slab 12582912 ~ 16777216 / 45532026.
[008163.71]  01-26 23:55  CatalogMesh                  INFO     Painted 16777216 out of 45532026 objects to mesh.
[008163.71]  01-26 23:55  CatalogMesh                  INFO     Slab 16777216 ~ 20971520 / 45532026.
[008164.78]  01-26 23:55  CatalogMesh                  INFO     Painted 20971520 out of 45532026 objects to mesh.
[008164.78]  01-26 23:55  CatalogMesh                  INFO     Slab 20971520 ~ 25165824 / 45532026.
[008165.85]  01-26 23:55  CatalogMesh                  INFO     Painted 25165824 out of 45532026 objects to mesh.
[008165.85]  01-26 23:55  CatalogMesh                  INFO     Slab 25165824 ~ 29360128 / 45532026.
[008166.92]  01-26 23:55  CatalogMesh                  INFO     Painted 29360128 out of 45532026 objects to mesh.
[008166.92]  01-26 23:55  CatalogMesh                  INFO     Slab 29360128 ~ 33554432 / 45532026.
[008168.01]  01-26 23:55  CatalogMesh                  INFO     Painted 33554432 out of 45532026 objects to mesh.
[008168.01]  01-26 23:55  CatalogMesh                  INFO     Slab 33554432 ~ 37748736 / 45532026.
[008169.21]  01-26 23:55  CatalogMesh                  INFO     Painted 37748736 out of 45532026 objects to mesh.
[008169.21]  01-26 23:55  CatalogMesh                  INFO     Slab 37748736 ~ 41943040 / 45532026.
[008170.41]  01-26 23:55  CatalogMesh                  INFO     Painted 41943040 out of 45532026 objects to mesh.
[008170.41]  01-26 23:55  CatalogMesh                  INFO     Slab 41943040 ~ 46137344 / 45532026.
[008171.45]  01-26 23:55  CatalogMesh                  INFO     Painted 45532026 out of 45532026 objects to mesh.
[008175.39]  01-26 23:55  CatalogMesh                  INFO     Slab 0 ~ 4194304 / 45532026.
[008176.46]  01-26 23:55  CatalogMesh                  INFO     Painted 4194304 out of 45532026 objects to mesh.
[008176.46]  01-26 23:55  CatalogMesh                  INFO     Slab 4194304 ~ 8388608 / 45532026.
[008177.53]  01-26 23:55  CatalogMesh                  INFO     Painted 8388608 out of 45532026 objects to mesh.
[008177.53]  01-26 23:55  CatalogMesh                  INFO     Slab 8388608 ~ 12582912 / 45532026.
[008178.60]  01-26 23:55  CatalogMesh                  INFO     Painted 12582912 out of 45532026 objects to mesh.
[008178.60]  01-26 23:55  CatalogMesh                  INFO     Slab 12582912 ~ 16777216 / 45532026.
[008179.68]  01-26 23:55  CatalogMesh                  INFO     Painted 16777216 out of 45532026 objects to mesh.
[008179.68]  01-26 23:55  CatalogMesh                  INFO     Slab 16777216 ~ 20971520 / 45532026.
[008180.75]  01-26 23:55  CatalogMesh                  INFO     Painted 20971520 out of 45532026 objects to mesh.
[008180.75]  01-26 23:55  CatalogMesh                  INFO     Slab 20971520 ~ 25165824 / 45532026.
[008181.82]  01-26 23:55  CatalogMesh                  INFO     Painted 25165824 out of 45532026 objects to mesh.
[008181.82]  01-26 23:55  CatalogMesh                  INFO     Slab 25165824 ~ 29360128 / 45532026.
[008182.89]  01-26 23:55  CatalogMesh                  INFO     Painted 29360128 out of 45532026 objects to mesh.
[008182.89]  01-26 23:55  CatalogMesh                  INFO     Slab 29360128 ~ 33554432 / 45532026.
[008183.98]  01-26 23:55  CatalogMesh                  INFO     Painted 33554432 out of 45532026 objects to mesh.
[008183.98]  01-26 23:55  CatalogMesh                  INFO     Slab 33554432 ~ 37748736 / 45532026.
[008185.18]  01-26 23:55  CatalogMesh                  INFO     Painted 37748736 out of 45532026 objects to mesh.
[008185.18]  01-26 23:55  CatalogMesh                  INFO     Slab 37748736 ~ 41943040 / 45532026.
[008186.37]  01-26 23:56  CatalogMesh                  INFO     Painted 41943040 out of 45532026 objects to mesh.
[008186.37]  01-26 23:56  CatalogMesh                  INFO     Slab 41943040 ~ 46137344 / 45532026.
[008187.40]  01-26 23:56  CatalogMesh                  INFO     Painted 45532026 out of 45532026 objects to mesh.
[008192.89]  01-26 23:56  CatalogFFTPower              INFO     Done painting catalog 1 to mesh.
[008192.89]  01-26 23:56  CatalogFFTPower              INFO     Using 400 k-bins between 0.000 and 0.400.
[008192.89]  01-26 23:56  CatalogFFTPower              INFO     Meshes prepared in elapsed time 48.54 s.
[008192.89]  01-26 23:56  CatalogFFTPower              INFO     Running mesh calculation.
[008209.98]  01-26 23:56  CatalogFFTPower              INFO     Mesh calculations performed in elapsed time 17.09 s.
[008209.98]  01-26 23:56  CatalogFFTPower              INFO     Power spectrum computed in elapsed time 65.63 s.
[008209.98]  01-26 23:56  CatalogFFTPower              INFO     Saving /pscratch/sd/s/shengyu/galaxies/catalogs/Y3/AbacusHF-v2/Boxes/QSO/sn0p950/AbacusSummit_base_c000_ph018/mpspk/pkpoles_QSO_zp0.950_DR2_v1.0+dv_verr_empirical.npy.
[008209.98]  01-26 23:56  compute_2pt                  INFO     Save to /pscratch/sd/s/shengyu/galaxies/catalogs/Y3/AbacusHF-v2/Boxes/QSO/sn0p950/AbacusSummit_base_c000_ph018/mpspk/pkpoles_QSO_zp0.950_DR2_v1.0+dv_verr_empirical.npy
[008209.98]  01-26 23:56  TwoPointCorrelationFunction  INFO     Using estimator <class 'pycorr.twopoint_estimator.NaturalTwoPointEstimator'>.
[008209.98]  01-26 23:56  TwoPointCorrelationFunction  INFO     Running auto-correlation.
[008209.98]  01-26 23:56  TwoPointCorrelationFunction  INFO     Computing two-point counts D1D2.
[008272.95]  01-26 23:57  TwoPointCorrelationFunction  INFO     Analytically computing two-point counts R1R2.
[008272.95]  01-26 23:57  TwoPointCorrelationFunction  INFO     Correlation function computed in elapsed time 62.97 s.
[008272.95]  01-26 23:57  NaturalTwoPointEstimator     INFO     Saving /pscratch/sd/s/shengyu/galaxies/catalogs/Y3/AbacusHF-v2/Boxes/QSO/sn0p950/AbacusSummit_base_c000_ph018/mpspk/mpslog_QSO_zp0.950_DR2_v1.0+dv_verr_empirical.npy.
[008272.96]  01-26 23:57  compute_2pt                  INFO     Save to /pscratch/sd/s/shengyu/galaxies/catalogs/Y3/AbacusHF-v2/Boxes/QSO/sn0p950/AbacusSummit_base_c000_ph018/mpspk/mpslog_QSO_zp0.950_DR2_v1.0+dv_verr_empirical.npy
[008272.96]  01-26 23:57  TwoPointCorrelationFunction  INFO     Using estimator <class 'pycorr.twopoint_estimator.NaturalTwoPointEstimator'>.
[008272.96]  01-26 23:57  TwoPointCorrelationFunction  INFO     Running auto-correlation.
[008272.96]  01-26 23:57  TwoPointCorrelationFunction  INFO     Computing two-point counts D1D2.
[008314.33]  01-26 23:58  TwoPointCorrelationFunction  INFO     Analytically computing two-point counts R1R2.
[008314.33]  01-26 23:58  TwoPointCorrelationFunction  INFO     Correlation function computed in elapsed time 41.37 s.
[008314.33]  01-26 23:58  NaturalTwoPointEstimator     INFO     Saving /pscratch/sd/s/shengyu/galaxies/catalogs/Y3/AbacusHF-v2/Boxes/QSO/sn0p950/AbacusSummit_base_c000_ph018/mpspk/wplog_QSO_zp0.950_DR2_v1.0+dv_verr_empirical.npy.
[008314.34]  01-26 23:58  compute_2pt                  INFO     Save to /pscratch/sd/s/shengyu/galaxies/catalogs/Y3/AbacusHF-v2/Boxes/QSO/sn0p950/AbacusSummit_base_c000_ph018/mpspk/wplog_QSO_zp0.950_DR2_v1.0+dv_verr_empirical.npy
[008314.34]  01-26 23:58  compute_2pt                  INFO     Procceed {'version': 'AbacusHF-v2', 'domain': 'cubic', 'tracer': 'QSO', 'zsnap': 0.95, 'zrange': (0.8, 1.1), 'mock_id': 19, 'use_dv': 'verr_empirical'}
[008314.34]  01-26 23:58  cat_tools                    INFO     Load /pscratch/sd/s/shengyu/galaxies/catalogs/Y3/AbacusHF-v2/Boxes/QSO/sn0p950/AbacusSummit_base_c000_ph019/abacus_HF_QSO_0p950_DR2_v2.0_AbacusSummit_base_c000_ph019_base_clustering.dat.h5
[008314.34]  01-26 23:58  FileStack                    INFO     Reading /pscratch/sd/s/shengyu/galaxies/catalogs/Y3/AbacusHF-v2/Boxes/QSO/sn0p950/AbacusSummit_base_c000_ph019/abacus_HF_QSO_0p950_DR2_v2.0_AbacusSummit_base_c000_ph019_base_clustering.dat.h5.
[008314.35]  01-26 23:58  cat_tools                    INFO     use Z positions shifted in verr_empirical mode
[008316.13]  01-26 23:58  TwoPointCorrelationFunction  INFO     Using estimator <class 'pycorr.twopoint_estimator.NaturalTwoPointEstimator'>.
[008316.13]  01-26 23:58  TwoPointCorrelationFunction  INFO     Running auto-correlation.
[008316.13]  01-26 23:58  TwoPointCorrelationFunction  INFO     Computing two-point counts D1D2.
[008570.32]  01-27 00:02  TwoPointCorrelationFunction  INFO     Analytically computing two-point counts R1R2.
[008570.32]  01-27 00:02  TwoPointCorrelationFunction  INFO     Correlation function computed in elapsed time 254.20 s.
[008570.33]  01-27 00:02  NaturalTwoPointEstimator     INFO     Saving /pscratch/sd/s/shengyu/galaxies/catalogs/Y3/AbacusHF-v2/Boxes/QSO/sn0p950/AbacusSummit_base_c000_ph019/mpspk/xipoles_QSO_zp0.950_DR2_v1.0+dv_verr_empirical.npy.
[008570.33]  01-27 00:02  compute_2pt                  INFO     Save to /pscratch/sd/s/shengyu/galaxies/catalogs/Y3/AbacusHF-v2/Boxes/QSO/sn0p950/AbacusSummit_base_c000_ph019/mpspk/xipoles_QSO_zp0.950_DR2_v1.0+dv_verr_empirical.npy
[008576.57]  01-27 00:02  CatalogFFTPower              INFO     Painting catalog 1 to mesh CatalogMesh(nmesh=[512 512 512], boxsize=[2000. 2000. 2000.], boxcenter=[ 999.99999733  999.99999939 1000.00006077], dtype=float64).
[008577.14]  01-27 00:02  CatalogMesh                  INFO     Slab 0 ~ 4194304 / 45511668.
[008578.23]  01-27 00:02  CatalogMesh                  INFO     Painted 4194304 out of 45511668 objects to mesh.
[008578.23]  01-27 00:02  CatalogMesh                  INFO     Slab 4194304 ~ 8388608 / 45511668.
[008579.31]  01-27 00:02  CatalogMesh                  INFO     Painted 8388608 out of 45511668 objects to mesh.
[008579.31]  01-27 00:02  CatalogMesh                  INFO     Slab 8388608 ~ 12582912 / 45511668.
[008580.38]  01-27 00:02  CatalogMesh                  INFO     Painted 12582912 out of 45511668 objects to mesh.
[008580.38]  01-27 00:02  CatalogMesh                  INFO     Slab 12582912 ~ 16777216 / 45511668.
[008581.46]  01-27 00:02  CatalogMesh                  INFO     Painted 16777216 out of 45511668 objects to mesh.
[008581.46]  01-27 00:02  CatalogMesh                  INFO     Slab 16777216 ~ 20971520 / 45511668.
[008582.53]  01-27 00:02  CatalogMesh                  INFO     Painted 20971520 out of 45511668 objects to mesh.
[008582.53]  01-27 00:02  CatalogMesh                  INFO     Slab 20971520 ~ 25165824 / 45511668.
[008583.60]  01-27 00:02  CatalogMesh                  INFO     Painted 25165824 out of 45511668 objects to mesh.
[008583.60]  01-27 00:02  CatalogMesh                  INFO     Slab 25165824 ~ 29360128 / 45511668.
[008584.67]  01-27 00:02  CatalogMesh                  INFO     Painted 29360128 out of 45511668 objects to mesh.
[008584.68]  01-27 00:02  CatalogMesh                  INFO     Slab 29360128 ~ 33554432 / 45511668.
[008585.77]  01-27 00:02  CatalogMesh                  INFO     Painted 33554432 out of 45511668 objects to mesh.
[008585.77]  01-27 00:02  CatalogMesh                  INFO     Slab 33554432 ~ 37748736 / 45511668.
[008586.96]  01-27 00:02  CatalogMesh                  INFO     Painted 37748736 out of 45511668 objects to mesh.
[008586.96]  01-27 00:02  CatalogMesh                  INFO     Slab 37748736 ~ 41943040 / 45511668.
[008588.16]  01-27 00:02  CatalogMesh                  INFO     Painted 41943040 out of 45511668 objects to mesh.
[008588.16]  01-27 00:02  CatalogMesh                  INFO     Slab 41943040 ~ 46137344 / 45511668.
[008589.19]  01-27 00:02  CatalogMesh                  INFO     Painted 45511668 out of 45511668 objects to mesh.
[008589.19]  01-27 00:02  CatalogMesh                  INFO     Running interlacing at order 3.
[008591.59]  01-27 00:02  CatalogMesh                  INFO     Slab 0 ~ 4194304 / 45511668.
[008592.66]  01-27 00:02  CatalogMesh                  INFO     Painted 4194304 out of 45511668 objects to mesh.
[008592.66]  01-27 00:02  CatalogMesh                  INFO     Slab 4194304 ~ 8388608 / 45511668.
[008593.73]  01-27 00:02  CatalogMesh                  INFO     Painted 8388608 out of 45511668 objects to mesh.
[008593.73]  01-27 00:02  CatalogMesh                  INFO     Slab 8388608 ~ 12582912 / 45511668.
[008594.81]  01-27 00:02  CatalogMesh                  INFO     Painted 12582912 out of 45511668 objects to mesh.
[008594.81]  01-27 00:02  CatalogMesh                  INFO     Slab 12582912 ~ 16777216 / 45511668.
[008595.88]  01-27 00:02  CatalogMesh                  INFO     Painted 16777216 out of 45511668 objects to mesh.
[008595.88]  01-27 00:02  CatalogMesh                  INFO     Slab 16777216 ~ 20971520 / 45511668.
[008596.96]  01-27 00:02  CatalogMesh                  INFO     Painted 20971520 out of 45511668 objects to mesh.
[008596.96]  01-27 00:02  CatalogMesh                  INFO     Slab 20971520 ~ 25165824 / 45511668.
[008598.03]  01-27 00:02  CatalogMesh                  INFO     Painted 25165824 out of 45511668 objects to mesh.
[008598.03]  01-27 00:02  CatalogMesh                  INFO     Slab 25165824 ~ 29360128 / 45511668.
[008599.10]  01-27 00:02  CatalogMesh                  INFO     Painted 29360128 out of 45511668 objects to mesh.
[008599.10]  01-27 00:02  CatalogMesh                  INFO     Slab 29360128 ~ 33554432 / 45511668.
[008600.20]  01-27 00:02  CatalogMesh                  INFO     Painted 33554432 out of 45511668 objects to mesh.
[008600.20]  01-27 00:02  CatalogMesh                  INFO     Slab 33554432 ~ 37748736 / 45511668.
[008601.39]  01-27 00:02  CatalogMesh                  INFO     Painted 37748736 out of 45511668 objects to mesh.
[008601.39]  01-27 00:02  CatalogMesh                  INFO     Slab 37748736 ~ 41943040 / 45511668.
[008602.59]  01-27 00:02  CatalogMesh                  INFO     Painted 41943040 out of 45511668 objects to mesh.
[008602.59]  01-27 00:02  CatalogMesh                  INFO     Slab 41943040 ~ 46137344 / 45511668.
[008603.62]  01-27 00:02  CatalogMesh                  INFO     Painted 45511668 out of 45511668 objects to mesh.
[008607.59]  01-27 00:03  CatalogMesh                  INFO     Slab 0 ~ 4194304 / 45511668.
[008608.66]  01-27 00:03  CatalogMesh                  INFO     Painted 4194304 out of 45511668 objects to mesh.
[008608.66]  01-27 00:03  CatalogMesh                  INFO     Slab 4194304 ~ 8388608 / 45511668.
[008609.74]  01-27 00:03  CatalogMesh                  INFO     Painted 8388608 out of 45511668 objects to mesh.
[008609.74]  01-27 00:03  CatalogMesh                  INFO     Slab 8388608 ~ 12582912 / 45511668.
[008610.81]  01-27 00:03  CatalogMesh                  INFO     Painted 12582912 out of 45511668 objects to mesh.
[008610.81]  01-27 00:03  CatalogMesh                  INFO     Slab 12582912 ~ 16777216 / 45511668.
[008611.88]  01-27 00:03  CatalogMesh                  INFO     Painted 16777216 out of 45511668 objects to mesh.
[008611.88]  01-27 00:03  CatalogMesh                  INFO     Slab 16777216 ~ 20971520 / 45511668.
[008612.95]  01-27 00:03  CatalogMesh                  INFO     Painted 20971520 out of 45511668 objects to mesh.
[008612.95]  01-27 00:03  CatalogMesh                  INFO     Slab 20971520 ~ 25165824 / 45511668.
[008614.03]  01-27 00:03  CatalogMesh                  INFO     Painted 25165824 out of 45511668 objects to mesh.
[008614.03]  01-27 00:03  CatalogMesh                  INFO     Slab 25165824 ~ 29360128 / 45511668.
[008615.11]  01-27 00:03  CatalogMesh                  INFO     Painted 29360128 out of 45511668 objects to mesh.
[008615.11]  01-27 00:03  CatalogMesh                  INFO     Slab 29360128 ~ 33554432 / 45511668.
[008616.21]  01-27 00:03  CatalogMesh                  INFO     Painted 33554432 out of 45511668 objects to mesh.
[008616.21]  01-27 00:03  CatalogMesh                  INFO     Slab 33554432 ~ 37748736 / 45511668.
[008617.41]  01-27 00:03  CatalogMesh                  INFO     Painted 37748736 out of 45511668 objects to mesh.
[008617.41]  01-27 00:03  CatalogMesh                  INFO     Slab 37748736 ~ 41943040 / 45511668.
[008618.60]  01-27 00:03  CatalogMesh                  INFO     Painted 41943040 out of 45511668 objects to mesh.
[008618.60]  01-27 00:03  CatalogMesh                  INFO     Slab 41943040 ~ 46137344 / 45511668.
[008619.62]  01-27 00:03  CatalogMesh                  INFO     Painted 45511668 out of 45511668 objects to mesh.
[008625.14]  01-27 00:03  CatalogFFTPower              INFO     Done painting catalog 1 to mesh.
[008625.14]  01-27 00:03  CatalogFFTPower              INFO     Using 400 k-bins between 0.000 and 0.400.
[008625.14]  01-27 00:03  CatalogFFTPower              INFO     Meshes prepared in elapsed time 48.57 s.
[008625.14]  01-27 00:03  CatalogFFTPower              INFO     Running mesh calculation.
[008642.27]  01-27 00:03  CatalogFFTPower              INFO     Mesh calculations performed in elapsed time 17.13 s.
[008642.27]  01-27 00:03  CatalogFFTPower              INFO     Power spectrum computed in elapsed time 65.70 s.
[008642.27]  01-27 00:03  CatalogFFTPower              INFO     Saving /pscratch/sd/s/shengyu/galaxies/catalogs/Y3/AbacusHF-v2/Boxes/QSO/sn0p950/AbacusSummit_base_c000_ph019/mpspk/pkpoles_QSO_zp0.950_DR2_v1.0+dv_verr_empirical.npy.
[008642.27]  01-27 00:03  compute_2pt                  INFO     Save to /pscratch/sd/s/shengyu/galaxies/catalogs/Y3/AbacusHF-v2/Boxes/QSO/sn0p950/AbacusSummit_base_c000_ph019/mpspk/pkpoles_QSO_zp0.950_DR2_v1.0+dv_verr_empirical.npy
[008642.28]  01-27 00:03  TwoPointCorrelationFunction  INFO     Using estimator <class 'pycorr.twopoint_estimator.NaturalTwoPointEstimator'>.
[008642.28]  01-27 00:03  TwoPointCorrelationFunction  INFO     Running auto-correlation.
[008642.28]  01-27 00:03  TwoPointCorrelationFunction  INFO     Computing two-point counts D1D2.
[008705.80]  01-27 00:04  TwoPointCorrelationFunction  INFO     Analytically computing two-point counts R1R2.
[008705.80]  01-27 00:04  TwoPointCorrelationFunction  INFO     Correlation function computed in elapsed time 63.52 s.
[008705.80]  01-27 00:04  NaturalTwoPointEstimator     INFO     Saving /pscratch/sd/s/shengyu/galaxies/catalogs/Y3/AbacusHF-v2/Boxes/QSO/sn0p950/AbacusSummit_base_c000_ph019/mpspk/mpslog_QSO_zp0.950_DR2_v1.0+dv_verr_empirical.npy.
[008705.80]  01-27 00:04  compute_2pt                  INFO     Save to /pscratch/sd/s/shengyu/galaxies/catalogs/Y3/AbacusHF-v2/Boxes/QSO/sn0p950/AbacusSummit_base_c000_ph019/mpspk/mpslog_QSO_zp0.950_DR2_v1.0+dv_verr_empirical.npy
[008705.80]  01-27 00:04  TwoPointCorrelationFunction  INFO     Using estimator <class 'pycorr.twopoint_estimator.NaturalTwoPointEstimator'>.
[008705.81]  01-27 00:04  TwoPointCorrelationFunction  INFO     Running auto-correlation.
[008705.81]  01-27 00:04  TwoPointCorrelationFunction  INFO     Computing two-point counts D1D2.
[008748.24]  01-27 00:05  TwoPointCorrelationFunction  INFO     Analytically computing two-point counts R1R2.
[008748.24]  01-27 00:05  TwoPointCorrelationFunction  INFO     Correlation function computed in elapsed time 42.43 s.
[008748.24]  01-27 00:05  NaturalTwoPointEstimator     INFO     Saving /pscratch/sd/s/shengyu/galaxies/catalogs/Y3/AbacusHF-v2/Boxes/QSO/sn0p950/AbacusSummit_base_c000_ph019/mpspk/wplog_QSO_zp0.950_DR2_v1.0+dv_verr_empirical.npy.
[008748.24]  01-27 00:05  compute_2pt                  INFO     Save to /pscratch/sd/s/shengyu/galaxies/catalogs/Y3/AbacusHF-v2/Boxes/QSO/sn0p950/AbacusSummit_base_c000_ph019/mpspk/wplog_QSO_zp0.950_DR2_v1.0+dv_verr_empirical.npy
[008748.24]  01-27 00:05  compute_2pt                  INFO     Procceed {'version': 'AbacusHF-v2', 'domain': 'cubic', 'tracer': 'QSO', 'zsnap': 0.95, 'zrange': (0.8, 1.1), 'mock_id': 20, 'use_dv': 'verr_empirical'}
[008748.24]  01-27 00:05  cat_tools                    INFO     Load /pscratch/sd/s/shengyu/galaxies/catalogs/Y3/AbacusHF-v2/Boxes/QSO/sn0p950/AbacusSummit_base_c000_ph020/abacus_HF_QSO_0p950_DR2_v2.0_AbacusSummit_base_c000_ph020_base_clustering.dat.h5
[008748.24]  01-27 00:05  FileStack                    INFO     Reading /pscratch/sd/s/shengyu/galaxies/catalogs/Y3/AbacusHF-v2/Boxes/QSO/sn0p950/AbacusSummit_base_c000_ph020/abacus_HF_QSO_0p950_DR2_v2.0_AbacusSummit_base_c000_ph020_base_clustering.dat.h5.
[008748.25]  01-27 00:05  cat_tools                    INFO     use Z positions shifted in verr_empirical mode
[008750.04]  01-27 00:05  TwoPointCorrelationFunction  INFO     Using estimator <class 'pycorr.twopoint_estimator.NaturalTwoPointEstimator'>.
[008750.04]  01-27 00:05  TwoPointCorrelationFunction  INFO     Running auto-correlation.
[008750.04]  01-27 00:05  TwoPointCorrelationFunction  INFO     Computing two-point counts D1D2.
[009008.20]  01-27 00:09  TwoPointCorrelationFunction  INFO     Analytically computing two-point counts R1R2.
[009008.20]  01-27 00:09  TwoPointCorrelationFunction  INFO     Correlation function computed in elapsed time 258.16 s.
[009008.20]  01-27 00:09  NaturalTwoPointEstimator     INFO     Saving /pscratch/sd/s/shengyu/galaxies/catalogs/Y3/AbacusHF-v2/Boxes/QSO/sn0p950/AbacusSummit_base_c000_ph020/mpspk/xipoles_QSO_zp0.950_DR2_v1.0+dv_verr_empirical.npy.
[009008.21]  01-27 00:09  compute_2pt                  INFO     Save to /pscratch/sd/s/shengyu/galaxies/catalogs/Y3/AbacusHF-v2/Boxes/QSO/sn0p950/AbacusSummit_base_c000_ph020/mpspk/xipoles_QSO_zp0.950_DR2_v1.0+dv_verr_empirical.npy
[009014.35]  01-27 00:09  CatalogFFTPower              INFO     Painting catalog 1 to mesh CatalogMesh(nmesh=[512 512 512], boxsize=[2000. 2000. 2000.], boxcenter=[1000.00000436 1000.00003668 1000.00004026], dtype=float64).
[009014.92]  01-27 00:09  CatalogMesh                  INFO     Slab 0 ~ 4194304 / 45522346.
[009016.01]  01-27 00:09  CatalogMesh                  INFO     Painted 4194304 out of 45522346 objects to mesh.
[009016.01]  01-27 00:09  CatalogMesh                  INFO     Slab 4194304 ~ 8388608 / 45522346.
[009017.08]  01-27 00:09  CatalogMesh                  INFO     Painted 8388608 out of 45522346 objects to mesh.
[009017.08]  01-27 00:09  CatalogMesh                  INFO     Slab 8388608 ~ 12582912 / 45522346.
[009018.15]  01-27 00:09  CatalogMesh                  INFO     Painted 12582912 out of 45522346 objects to mesh.
[009018.15]  01-27 00:09  CatalogMesh                  INFO     Slab 12582912 ~ 16777216 / 45522346.
[009019.23]  01-27 00:09  CatalogMesh                  INFO     Painted 16777216 out of 45522346 objects to mesh.
[009019.23]  01-27 00:09  CatalogMesh                  INFO     Slab 16777216 ~ 20971520 / 45522346.
[009020.30]  01-27 00:09  CatalogMesh                  INFO     Painted 20971520 out of 45522346 objects to mesh.
[009020.30]  01-27 00:09  CatalogMesh                  INFO     Slab 20971520 ~ 25165824 / 45522346.
[009021.36]  01-27 00:09  CatalogMesh                  INFO     Painted 25165824 out of 45522346 objects to mesh.
[009021.37]  01-27 00:09  CatalogMesh                  INFO     Slab 25165824 ~ 29360128 / 45522346.
[009022.44]  01-27 00:09  CatalogMesh                  INFO     Painted 29360128 out of 45522346 objects to mesh.
[009022.44]  01-27 00:09  CatalogMesh                  INFO     Slab 29360128 ~ 33554432 / 45522346.
[009023.53]  01-27 00:09  CatalogMesh                  INFO     Painted 33554432 out of 45522346 objects to mesh.
[009023.53]  01-27 00:09  CatalogMesh                  INFO     Slab 33554432 ~ 37748736 / 45522346.
[009024.74]  01-27 00:09  CatalogMesh                  INFO     Painted 37748736 out of 45522346 objects to mesh.
[009024.74]  01-27 00:09  CatalogMesh                  INFO     Slab 37748736 ~ 41943040 / 45522346.
[009025.93]  01-27 00:09  CatalogMesh                  INFO     Painted 41943040 out of 45522346 objects to mesh.
[009025.93]  01-27 00:09  CatalogMesh                  INFO     Slab 41943040 ~ 46137344 / 45522346.
[009026.96]  01-27 00:10  CatalogMesh                  INFO     Painted 45522346 out of 45522346 objects to mesh.
[009026.96]  01-27 00:10  CatalogMesh                  INFO     Running interlacing at order 3.
[009029.37]  01-27 00:10  CatalogMesh                  INFO     Slab 0 ~ 4194304 / 45522346.
[009030.44]  01-27 00:10  CatalogMesh                  INFO     Painted 4194304 out of 45522346 objects to mesh.
[009030.44]  01-27 00:10  CatalogMesh                  INFO     Slab 4194304 ~ 8388608 / 45522346.
[009031.51]  01-27 00:10  CatalogMesh                  INFO     Painted 8388608 out of 45522346 objects to mesh.
[009031.51]  01-27 00:10  CatalogMesh                  INFO     Slab 8388608 ~ 12582912 / 45522346.
[009032.58]  01-27 00:10  CatalogMesh                  INFO     Painted 12582912 out of 45522346 objects to mesh.
[009032.58]  01-27 00:10  CatalogMesh                  INFO     Slab 12582912 ~ 16777216 / 45522346.
[009033.66]  01-27 00:10  CatalogMesh                  INFO     Painted 16777216 out of 45522346 objects to mesh.
[009033.66]  01-27 00:10  CatalogMesh                  INFO     Slab 16777216 ~ 20971520 / 45522346.
[009034.73]  01-27 00:10  CatalogMesh                  INFO     Painted 20971520 out of 45522346 objects to mesh.
[009034.73]  01-27 00:10  CatalogMesh                  INFO     Slab 20971520 ~ 25165824 / 45522346.
[009035.82]  01-27 00:10  CatalogMesh                  INFO     Painted 25165824 out of 45522346 objects to mesh.
[009035.82]  01-27 00:10  CatalogMesh                  INFO     Slab 25165824 ~ 29360128 / 45522346.
[009036.92]  01-27 00:10  CatalogMesh                  INFO     Painted 29360128 out of 45522346 objects to mesh.
[009036.92]  01-27 00:10  CatalogMesh                  INFO     Slab 29360128 ~ 33554432 / 45522346.
[009038.05]  01-27 00:10  CatalogMesh                  INFO     Painted 33554432 out of 45522346 objects to mesh.
[009038.05]  01-27 00:10  CatalogMesh                  INFO     Slab 33554432 ~ 37748736 / 45522346.
[009039.30]  01-27 00:10  CatalogMesh                  INFO     Painted 37748736 out of 45522346 objects to mesh.
[009039.30]  01-27 00:10  CatalogMesh                  INFO     Slab 37748736 ~ 41943040 / 45522346.
[009040.54]  01-27 00:10  CatalogMesh                  INFO     Painted 41943040 out of 45522346 objects to mesh.
[009040.54]  01-27 00:10  CatalogMesh                  INFO     Slab 41943040 ~ 46137344 / 45522346.
[009041.58]  01-27 00:10  CatalogMesh                  INFO     Painted 45522346 out of 45522346 objects to mesh.
[009045.55]  01-27 00:10  CatalogMesh                  INFO     Slab 0 ~ 4194304 / 45522346.
[009046.62]  01-27 00:10  CatalogMesh                  INFO     Painted 4194304 out of 45522346 objects to mesh.
[009046.62]  01-27 00:10  CatalogMesh                  INFO     Slab 4194304 ~ 8388608 / 45522346.
[009047.69]  01-27 00:10  CatalogMesh                  INFO     Painted 8388608 out of 45522346 objects to mesh.
[009047.69]  01-27 00:10  CatalogMesh                  INFO     Slab 8388608 ~ 12582912 / 45522346.
[009048.76]  01-27 00:10  CatalogMesh                  INFO     Painted 12582912 out of 45522346 objects to mesh.
[009048.76]  01-27 00:10  CatalogMesh                  INFO     Slab 12582912 ~ 16777216 / 45522346.
[009049.84]  01-27 00:10  CatalogMesh                  INFO     Painted 16777216 out of 45522346 objects to mesh.
[009049.84]  01-27 00:10  CatalogMesh                  INFO     Slab 16777216 ~ 20971520 / 45522346.
[009050.91]  01-27 00:10  CatalogMesh                  INFO     Painted 20971520 out of 45522346 objects to mesh.
[009050.91]  01-27 00:10  CatalogMesh                  INFO     Slab 20971520 ~ 25165824 / 45522346.
[009051.97]  01-27 00:10  CatalogMesh                  INFO     Painted 25165824 out of 45522346 objects to mesh.
[009051.98]  01-27 00:10  CatalogMesh                  INFO     Slab 25165824 ~ 29360128 / 45522346.
[009053.05]  01-27 00:10  CatalogMesh                  INFO     Painted 29360128 out of 45522346 objects to mesh.
[009053.05]  01-27 00:10  CatalogMesh                  INFO     Slab 29360128 ~ 33554432 / 45522346.
[009054.14]  01-27 00:10  CatalogMesh                  INFO     Painted 33554432 out of 45522346 objects to mesh.
[009054.14]  01-27 00:10  CatalogMesh                  INFO     Slab 33554432 ~ 37748736 / 45522346.
[009055.33]  01-27 00:10  CatalogMesh                  INFO     Painted 37748736 out of 45522346 objects to mesh.
[009055.33]  01-27 00:10  CatalogMesh                  INFO     Slab 37748736 ~ 41943040 / 45522346.
[009056.53]  01-27 00:10  CatalogMesh                  INFO     Painted 41943040 out of 45522346 objects to mesh.
[009056.53]  01-27 00:10  CatalogMesh                  INFO     Slab 41943040 ~ 46137344 / 45522346.
[009057.55]  01-27 00:10  CatalogMesh                  INFO     Painted 45522346 out of 45522346 objects to mesh.
[009063.05]  01-27 00:10  CatalogFFTPower              INFO     Done painting catalog 1 to mesh.
[009063.05]  01-27 00:10  CatalogFFTPower              INFO     Using 400 k-bins between 0.000 and 0.400.
[009063.05]  01-27 00:10  CatalogFFTPower              INFO     Meshes prepared in elapsed time 48.70 s.
[009063.05]  01-27 00:10  CatalogFFTPower              INFO     Running mesh calculation.
[009080.11]  01-27 00:10  CatalogFFTPower              INFO     Mesh calculations performed in elapsed time 17.06 s.
[009080.11]  01-27 00:10  CatalogFFTPower              INFO     Power spectrum computed in elapsed time 65.76 s.
[009080.11]  01-27 00:10  CatalogFFTPower              INFO     Saving /pscratch/sd/s/shengyu/galaxies/catalogs/Y3/AbacusHF-v2/Boxes/QSO/sn0p950/AbacusSummit_base_c000_ph020/mpspk/pkpoles_QSO_zp0.950_DR2_v1.0+dv_verr_empirical.npy.
[009080.11]  01-27 00:10  compute_2pt                  INFO     Save to /pscratch/sd/s/shengyu/galaxies/catalogs/Y3/AbacusHF-v2/Boxes/QSO/sn0p950/AbacusSummit_base_c000_ph020/mpspk/pkpoles_QSO_zp0.950_DR2_v1.0+dv_verr_empirical.npy
[009080.12]  01-27 00:10  TwoPointCorrelationFunction  INFO     Using estimator <class 'pycorr.twopoint_estimator.NaturalTwoPointEstimator'>.
[009080.12]  01-27 00:10  TwoPointCorrelationFunction  INFO     Running auto-correlation.
[009080.12]  01-27 00:10  TwoPointCorrelationFunction  INFO     Computing two-point counts D1D2.
[009139.94]  01-27 00:11  TwoPointCorrelationFunction  INFO     Analytically computing two-point counts R1R2.
[009139.94]  01-27 00:11  TwoPointCorrelationFunction  INFO     Correlation function computed in elapsed time 59.82 s.
[009139.94]  01-27 00:11  NaturalTwoPointEstimator     INFO     Saving /pscratch/sd/s/shengyu/galaxies/catalogs/Y3/AbacusHF-v2/Boxes/QSO/sn0p950/AbacusSummit_base_c000_ph020/mpspk/mpslog_QSO_zp0.950_DR2_v1.0+dv_verr_empirical.npy.
[009139.94]  01-27 00:11  compute_2pt                  INFO     Save to /pscratch/sd/s/shengyu/galaxies/catalogs/Y3/AbacusHF-v2/Boxes/QSO/sn0p950/AbacusSummit_base_c000_ph020/mpspk/mpslog_QSO_zp0.950_DR2_v1.0+dv_verr_empirical.npy
[009139.94]  01-27 00:11  TwoPointCorrelationFunction  INFO     Using estimator <class 'pycorr.twopoint_estimator.NaturalTwoPointEstimator'>.
[009139.94]  01-27 00:11  TwoPointCorrelationFunction  INFO     Running auto-correlation.
[009139.94]  01-27 00:11  TwoPointCorrelationFunction  INFO     Computing two-point counts D1D2.
[009182.40]  01-27 00:12  TwoPointCorrelationFunction  INFO     Analytically computing two-point counts R1R2.
[009182.40]  01-27 00:12  TwoPointCorrelationFunction  INFO     Correlation function computed in elapsed time 42.46 s.
[009182.40]  01-27 00:12  NaturalTwoPointEstimator     INFO     Saving /pscratch/sd/s/shengyu/galaxies/catalogs/Y3/AbacusHF-v2/Boxes/QSO/sn0p950/AbacusSummit_base_c000_ph020/mpspk/wplog_QSO_zp0.950_DR2_v1.0+dv_verr_empirical.npy.
[009182.41]  01-27 00:12  compute_2pt                  INFO     Save to /pscratch/sd/s/shengyu/galaxies/catalogs/Y3/AbacusHF-v2/Boxes/QSO/sn0p950/AbacusSummit_base_c000_ph020/mpspk/wplog_QSO_zp0.950_DR2_v1.0+dv_verr_empirical.npy
[009182.41]  01-27 00:12  compute_2pt                  INFO     Procceed {'version': 'AbacusHF-v2', 'domain': 'cubic', 'tracer': 'QSO', 'zsnap': 0.95, 'zrange': (0.8, 1.1), 'mock_id': 21, 'use_dv': 'verr_empirical'}
[009182.41]  01-27 00:12  cat_tools                    INFO     Load /pscratch/sd/s/shengyu/galaxies/catalogs/Y3/AbacusHF-v2/Boxes/QSO/sn0p950/AbacusSummit_base_c000_ph021/abacus_HF_QSO_0p950_DR2_v2.0_AbacusSummit_base_c000_ph021_base_clustering.dat.h5
[009182.41]  01-27 00:12  FileStack                    INFO     Reading /pscratch/sd/s/shengyu/galaxies/catalogs/Y3/AbacusHF-v2/Boxes/QSO/sn0p950/AbacusSummit_base_c000_ph021/abacus_HF_QSO_0p950_DR2_v2.0_AbacusSummit_base_c000_ph021_base_clustering.dat.h5.
[009182.41]  01-27 00:12  cat_tools                    INFO     use Z positions shifted in verr_empirical mode
[009184.19]  01-27 00:12  TwoPointCorrelationFunction  INFO     Using estimator <class 'pycorr.twopoint_estimator.NaturalTwoPointEstimator'>.
[009184.19]  01-27 00:12  TwoPointCorrelationFunction  INFO     Running auto-correlation.
[009184.19]  01-27 00:12  TwoPointCorrelationFunction  INFO     Computing two-point counts D1D2.
[009446.57]  01-27 00:17  TwoPointCorrelationFunction  INFO     Analytically computing two-point counts R1R2.
[009446.57]  01-27 00:17  TwoPointCorrelationFunction  INFO     Correlation function computed in elapsed time 262.38 s.
[009446.57]  01-27 00:17  NaturalTwoPointEstimator     INFO     Saving /pscratch/sd/s/shengyu/galaxies/catalogs/Y3/AbacusHF-v2/Boxes/QSO/sn0p950/AbacusSummit_base_c000_ph021/mpspk/xipoles_QSO_zp0.950_DR2_v1.0+dv_verr_empirical.npy.
[009446.58]  01-27 00:17  compute_2pt                  INFO     Save to /pscratch/sd/s/shengyu/galaxies/catalogs/Y3/AbacusHF-v2/Boxes/QSO/sn0p950/AbacusSummit_base_c000_ph021/mpspk/xipoles_QSO_zp0.950_DR2_v1.0+dv_verr_empirical.npy
[009452.71]  01-27 00:17  CatalogFFTPower              INFO     Painting catalog 1 to mesh CatalogMesh(nmesh=[512 512 512], boxsize=[2000. 2000. 2000.], boxcenter=[ 999.99998219 1000.00007485  999.99989106], dtype=float64).
[009453.28]  01-27 00:17  CatalogMesh                  INFO     Slab 0 ~ 4194304 / 45467995.
[009454.37]  01-27 00:17  CatalogMesh                  INFO     Painted 4194304 out of 45467995 objects to mesh.
[009454.37]  01-27 00:17  CatalogMesh                  INFO     Slab 4194304 ~ 8388608 / 45467995.
[009455.46]  01-27 00:17  CatalogMesh                  INFO     Painted 8388608 out of 45467995 objects to mesh.
[009455.46]  01-27 00:17  CatalogMesh                  INFO     Slab 8388608 ~ 12582912 / 45467995.
[009456.54]  01-27 00:17  CatalogMesh                  INFO     Painted 12582912 out of 45467995 objects to mesh.
[009456.54]  01-27 00:17  CatalogMesh                  INFO     Slab 12582912 ~ 16777216 / 45467995.
[009457.62]  01-27 00:17  CatalogMesh                  INFO     Painted 16777216 out of 45467995 objects to mesh.
[009457.62]  01-27 00:17  CatalogMesh                  INFO     Slab 16777216 ~ 20971520 / 45467995.
[009458.70]  01-27 00:17  CatalogMesh                  INFO     Painted 20971520 out of 45467995 objects to mesh.
[009458.70]  01-27 00:17  CatalogMesh                  INFO     Slab 20971520 ~ 25165824 / 45467995.
[009459.78]  01-27 00:17  CatalogMesh                  INFO     Painted 25165824 out of 45467995 objects to mesh.
[009459.78]  01-27 00:17  CatalogMesh                  INFO     Slab 25165824 ~ 29360128 / 45467995.
[009460.85]  01-27 00:17  CatalogMesh                  INFO     Painted 29360128 out of 45467995 objects to mesh.
[009460.85]  01-27 00:17  CatalogMesh                  INFO     Slab 29360128 ~ 33554432 / 45467995.
[009461.94]  01-27 00:17  CatalogMesh                  INFO     Painted 33554432 out of 45467995 objects to mesh.
[009461.94]  01-27 00:17  CatalogMesh                  INFO     Slab 33554432 ~ 37748736 / 45467995.
[009463.14]  01-27 00:17  CatalogMesh                  INFO     Painted 37748736 out of 45467995 objects to mesh.
[009463.14]  01-27 00:17  CatalogMesh                  INFO     Slab 37748736 ~ 41943040 / 45467995.
[009464.35]  01-27 00:17  CatalogMesh                  INFO     Painted 41943040 out of 45467995 objects to mesh.
[009464.35]  01-27 00:17  CatalogMesh                  INFO     Slab 41943040 ~ 46137344 / 45467995.
[009465.36]  01-27 00:17  CatalogMesh                  INFO     Painted 45467995 out of 45467995 objects to mesh.
[009465.36]  01-27 00:17  CatalogMesh                  INFO     Running interlacing at order 3.
[009467.77]  01-27 00:17  CatalogMesh                  INFO     Slab 0 ~ 4194304 / 45467995.
[009468.84]  01-27 00:17  CatalogMesh                  INFO     Painted 4194304 out of 45467995 objects to mesh.
[009468.84]  01-27 00:17  CatalogMesh                  INFO     Slab 4194304 ~ 8388608 / 45467995.
[009469.91]  01-27 00:17  CatalogMesh                  INFO     Painted 8388608 out of 45467995 objects to mesh.
[009469.91]  01-27 00:17  CatalogMesh                  INFO     Slab 8388608 ~ 12582912 / 45467995.
[009470.99]  01-27 00:17  CatalogMesh                  INFO     Painted 12582912 out of 45467995 objects to mesh.
[009470.99]  01-27 00:17  CatalogMesh                  INFO     Slab 12582912 ~ 16777216 / 45467995.
[009472.07]  01-27 00:17  CatalogMesh                  INFO     Painted 16777216 out of 45467995 objects to mesh.
[009472.07]  01-27 00:17  CatalogMesh                  INFO     Slab 16777216 ~ 20971520 / 45467995.
[009473.14]  01-27 00:17  CatalogMesh                  INFO     Painted 20971520 out of 45467995 objects to mesh.
[009473.14]  01-27 00:17  CatalogMesh                  INFO     Slab 20971520 ~ 25165824 / 45467995.
[009474.21]  01-27 00:17  CatalogMesh                  INFO     Painted 25165824 out of 45467995 objects to mesh.
[009474.21]  01-27 00:17  CatalogMesh                  INFO     Slab 25165824 ~ 29360128 / 45467995.
[009475.28]  01-27 00:17  CatalogMesh                  INFO     Painted 29360128 out of 45467995 objects to mesh.
[009475.28]  01-27 00:17  CatalogMesh                  INFO     Slab 29360128 ~ 33554432 / 45467995.
[009476.37]  01-27 00:17  CatalogMesh                  INFO     Painted 33554432 out of 45467995 objects to mesh.
[009476.37]  01-27 00:17  CatalogMesh                  INFO     Slab 33554432 ~ 37748736 / 45467995.
[009477.57]  01-27 00:17  CatalogMesh                  INFO     Painted 37748736 out of 45467995 objects to mesh.
[009477.57]  01-27 00:17  CatalogMesh                  INFO     Slab 37748736 ~ 41943040 / 45467995.
[009478.77]  01-27 00:17  CatalogMesh                  INFO     Painted 41943040 out of 45467995 objects to mesh.
[009478.77]  01-27 00:17  CatalogMesh                  INFO     Slab 41943040 ~ 46137344 / 45467995.
[009479.78]  01-27 00:17  CatalogMesh                  INFO     Painted 45467995 out of 45467995 objects to mesh.
[009483.75]  01-27 00:17  CatalogMesh                  INFO     Slab 0 ~ 4194304 / 45467995.
[009484.82]  01-27 00:17  CatalogMesh                  INFO     Painted 4194304 out of 45467995 objects to mesh.
[009484.82]  01-27 00:17  CatalogMesh                  INFO     Slab 4194304 ~ 8388608 / 45467995.
[009485.90]  01-27 00:17  CatalogMesh                  INFO     Painted 8388608 out of 45467995 objects to mesh.
[009485.90]  01-27 00:17  CatalogMesh                  INFO     Slab 8388608 ~ 12582912 / 45467995.
[009486.97]  01-27 00:17  CatalogMesh                  INFO     Painted 12582912 out of 45467995 objects to mesh.
[009486.97]  01-27 00:17  CatalogMesh                  INFO     Slab 12582912 ~ 16777216 / 45467995.
[009488.04]  01-27 00:17  CatalogMesh                  INFO     Painted 16777216 out of 45467995 objects to mesh.
[009488.04]  01-27 00:17  CatalogMesh                  INFO     Slab 16777216 ~ 20971520 / 45467995.
[009489.11]  01-27 00:17  CatalogMesh                  INFO     Painted 20971520 out of 45467995 objects to mesh.
[009489.11]  01-27 00:17  CatalogMesh                  INFO     Slab 20971520 ~ 25165824 / 45467995.
[009490.18]  01-27 00:17  CatalogMesh                  INFO     Painted 25165824 out of 45467995 objects to mesh.
[009490.19]  01-27 00:17  CatalogMesh                  INFO     Slab 25165824 ~ 29360128 / 45467995.
[009491.26]  01-27 00:17  CatalogMesh                  INFO     Painted 29360128 out of 45467995 objects to mesh.
[009491.26]  01-27 00:17  CatalogMesh                  INFO     Slab 29360128 ~ 33554432 / 45467995.
[009492.35]  01-27 00:17  CatalogMesh                  INFO     Painted 33554432 out of 45467995 objects to mesh.
[009492.35]  01-27 00:17  CatalogMesh                  INFO     Slab 33554432 ~ 37748736 / 45467995.
[009493.55]  01-27 00:17  CatalogMesh                  INFO     Painted 37748736 out of 45467995 objects to mesh.
[009493.55]  01-27 00:17  CatalogMesh                  INFO     Slab 37748736 ~ 41943040 / 45467995.
[009494.74]  01-27 00:17  CatalogMesh                  INFO     Painted 41943040 out of 45467995 objects to mesh.
[009494.74]  01-27 00:17  CatalogMesh                  INFO     Slab 41943040 ~ 46137344 / 45467995.
[009495.76]  01-27 00:17  CatalogMesh                  INFO     Painted 45467995 out of 45467995 objects to mesh.
[009501.27]  01-27 00:17  CatalogFFTPower              INFO     Done painting catalog 1 to mesh.
[009501.27]  01-27 00:17  CatalogFFTPower              INFO     Using 400 k-bins between 0.000 and 0.400.
[009501.27]  01-27 00:17  CatalogFFTPower              INFO     Meshes prepared in elapsed time 48.57 s.
[009501.27]  01-27 00:17  CatalogFFTPower              INFO     Running mesh calculation.
[009518.42]  01-27 00:18  CatalogFFTPower              INFO     Mesh calculations performed in elapsed time 17.15 s.
[009518.42]  01-27 00:18  CatalogFFTPower              INFO     Power spectrum computed in elapsed time 65.72 s.
[009518.42]  01-27 00:18  CatalogFFTPower              INFO     Saving /pscratch/sd/s/shengyu/galaxies/catalogs/Y3/AbacusHF-v2/Boxes/QSO/sn0p950/AbacusSummit_base_c000_ph021/mpspk/pkpoles_QSO_zp0.950_DR2_v1.0+dv_verr_empirical.npy.
[009518.43]  01-27 00:18  compute_2pt                  INFO     Save to /pscratch/sd/s/shengyu/galaxies/catalogs/Y3/AbacusHF-v2/Boxes/QSO/sn0p950/AbacusSummit_base_c000_ph021/mpspk/pkpoles_QSO_zp0.950_DR2_v1.0+dv_verr_empirical.npy
[009518.43]  01-27 00:18  TwoPointCorrelationFunction  INFO     Using estimator <class 'pycorr.twopoint_estimator.NaturalTwoPointEstimator'>.
[009518.43]  01-27 00:18  TwoPointCorrelationFunction  INFO     Running auto-correlation.
[009518.43]  01-27 00:18  TwoPointCorrelationFunction  INFO     Computing two-point counts D1D2.
[009582.23]  01-27 00:19  TwoPointCorrelationFunction  INFO     Analytically computing two-point counts R1R2.
[009582.23]  01-27 00:19  TwoPointCorrelationFunction  INFO     Correlation function computed in elapsed time 63.80 s.
[009582.23]  01-27 00:19  NaturalTwoPointEstimator     INFO     Saving /pscratch/sd/s/shengyu/galaxies/catalogs/Y3/AbacusHF-v2/Boxes/QSO/sn0p950/AbacusSummit_base_c000_ph021/mpspk/mpslog_QSO_zp0.950_DR2_v1.0+dv_verr_empirical.npy.
[009582.24]  01-27 00:19  compute_2pt                  INFO     Save to /pscratch/sd/s/shengyu/galaxies/catalogs/Y3/AbacusHF-v2/Boxes/QSO/sn0p950/AbacusSummit_base_c000_ph021/mpspk/mpslog_QSO_zp0.950_DR2_v1.0+dv_verr_empirical.npy
[009582.24]  01-27 00:19  TwoPointCorrelationFunction  INFO     Using estimator <class 'pycorr.twopoint_estimator.NaturalTwoPointEstimator'>.
[009582.24]  01-27 00:19  TwoPointCorrelationFunction  INFO     Running auto-correlation.
[009582.24]  01-27 00:19  TwoPointCorrelationFunction  INFO     Computing two-point counts D1D2.
[009624.58]  01-27 00:19  TwoPointCorrelationFunction  INFO     Analytically computing two-point counts R1R2.
[009624.59]  01-27 00:19  TwoPointCorrelationFunction  INFO     Correlation function computed in elapsed time 42.35 s.
[009624.59]  01-27 00:19  NaturalTwoPointEstimator     INFO     Saving /pscratch/sd/s/shengyu/galaxies/catalogs/Y3/AbacusHF-v2/Boxes/QSO/sn0p950/AbacusSummit_base_c000_ph021/mpspk/wplog_QSO_zp0.950_DR2_v1.0+dv_verr_empirical.npy.
[009624.59]  01-27 00:19  compute_2pt                  INFO     Save to /pscratch/sd/s/shengyu/galaxies/catalogs/Y3/AbacusHF-v2/Boxes/QSO/sn0p950/AbacusSummit_base_c000_ph021/mpspk/wplog_QSO_zp0.950_DR2_v1.0+dv_verr_empirical.npy
[009624.59]  01-27 00:19  compute_2pt                  INFO     Procceed {'version': 'AbacusHF-v2', 'domain': 'cubic', 'tracer': 'QSO', 'zsnap': 0.95, 'zrange': (0.8, 1.1), 'mock_id': 22, 'use_dv': 'verr_empirical'}
[009624.59]  01-27 00:19  cat_tools                    INFO     Load /pscratch/sd/s/shengyu/galaxies/catalogs/Y3/AbacusHF-v2/Boxes/QSO/sn0p950/AbacusSummit_base_c000_ph022/abacus_HF_QSO_0p950_DR2_v2.0_AbacusSummit_base_c000_ph022_base_clustering.dat.h5
[009624.59]  01-27 00:19  FileStack                    INFO     Reading /pscratch/sd/s/shengyu/galaxies/catalogs/Y3/AbacusHF-v2/Boxes/QSO/sn0p950/AbacusSummit_base_c000_ph022/abacus_HF_QSO_0p950_DR2_v2.0_AbacusSummit_base_c000_ph022_base_clustering.dat.h5.
[009624.60]  01-27 00:19  cat_tools                    INFO     use Z positions shifted in verr_empirical mode
[009626.36]  01-27 00:20  TwoPointCorrelationFunction  INFO     Using estimator <class 'pycorr.twopoint_estimator.NaturalTwoPointEstimator'>.
[009626.36]  01-27 00:20  TwoPointCorrelationFunction  INFO     Running auto-correlation.
[009626.36]  01-27 00:20  TwoPointCorrelationFunction  INFO     Computing two-point counts D1D2.
[009891.74]  01-27 00:24  TwoPointCorrelationFunction  INFO     Analytically computing two-point counts R1R2.
[009891.75]  01-27 00:24  TwoPointCorrelationFunction  INFO     Correlation function computed in elapsed time 265.38 s.
[009891.75]  01-27 00:24  NaturalTwoPointEstimator     INFO     Saving /pscratch/sd/s/shengyu/galaxies/catalogs/Y3/AbacusHF-v2/Boxes/QSO/sn0p950/AbacusSummit_base_c000_ph022/mpspk/xipoles_QSO_zp0.950_DR2_v1.0+dv_verr_empirical.npy.
[009891.75]  01-27 00:24  compute_2pt                  INFO     Save to /pscratch/sd/s/shengyu/galaxies/catalogs/Y3/AbacusHF-v2/Boxes/QSO/sn0p950/AbacusSummit_base_c000_ph022/mpspk/xipoles_QSO_zp0.950_DR2_v1.0+dv_verr_empirical.npy
[009897.89]  01-27 00:24  CatalogFFTPower              INFO     Painting catalog 1 to mesh CatalogMesh(nmesh=[512 512 512], boxsize=[2000. 2000. 2000.], boxcenter=[1000.00002186 1000.00000447 1000.00000938], dtype=float64).
[009898.47]  01-27 00:24  CatalogMesh                  INFO     Slab 0 ~ 4194304 / 45453209.
[009899.56]  01-27 00:24  CatalogMesh                  INFO     Painted 4194304 out of 45453209 objects to mesh.
[009899.56]  01-27 00:24  CatalogMesh                  INFO     Slab 4194304 ~ 8388608 / 45453209.
[009900.63]  01-27 00:24  CatalogMesh                  INFO     Painted 8388608 out of 45453209 objects to mesh.
[009900.63]  01-27 00:24  CatalogMesh                  INFO     Slab 8388608 ~ 12582912 / 45453209.
[009901.70]  01-27 00:24  CatalogMesh                  INFO     Painted 12582912 out of 45453209 objects to mesh.
[009901.70]  01-27 00:24  CatalogMesh                  INFO     Slab 12582912 ~ 16777216 / 45453209.
[009902.78]  01-27 00:24  CatalogMesh                  INFO     Painted 16777216 out of 45453209 objects to mesh.
[009902.78]  01-27 00:24  CatalogMesh                  INFO     Slab 16777216 ~ 20971520 / 45453209.
[009903.85]  01-27 00:24  CatalogMesh                  INFO     Painted 20971520 out of 45453209 objects to mesh.
[009903.85]  01-27 00:24  CatalogMesh                  INFO     Slab 20971520 ~ 25165824 / 45453209.
[009904.93]  01-27 00:24  CatalogMesh                  INFO     Painted 25165824 out of 45453209 objects to mesh.
[009904.93]  01-27 00:24  CatalogMesh                  INFO     Slab 25165824 ~ 29360128 / 45453209.
[009906.00]  01-27 00:24  CatalogMesh                  INFO     Painted 29360128 out of 45453209 objects to mesh.
[009906.00]  01-27 00:24  CatalogMesh                  INFO     Slab 29360128 ~ 33554432 / 45453209.
[009907.09]  01-27 00:24  CatalogMesh                  INFO     Painted 33554432 out of 45453209 objects to mesh.
[009907.09]  01-27 00:24  CatalogMesh                  INFO     Slab 33554432 ~ 37748736 / 45453209.
[009908.29]  01-27 00:24  CatalogMesh                  INFO     Painted 37748736 out of 45453209 objects to mesh.
[009908.29]  01-27 00:24  CatalogMesh                  INFO     Slab 37748736 ~ 41943040 / 45453209.
[009909.49]  01-27 00:24  CatalogMesh                  INFO     Painted 41943040 out of 45453209 objects to mesh.
[009909.49]  01-27 00:24  CatalogMesh                  INFO     Slab 41943040 ~ 46137344 / 45453209.
[009910.50]  01-27 00:24  CatalogMesh                  INFO     Painted 45453209 out of 45453209 objects to mesh.
[009910.50]  01-27 00:24  CatalogMesh                  INFO     Running interlacing at order 3.
[009912.90]  01-27 00:24  CatalogMesh                  INFO     Slab 0 ~ 4194304 / 45453209.
[009913.97]  01-27 00:24  CatalogMesh                  INFO     Painted 4194304 out of 45453209 objects to mesh.
[009913.97]  01-27 00:24  CatalogMesh                  INFO     Slab 4194304 ~ 8388608 / 45453209.
[009915.05]  01-27 00:24  CatalogMesh                  INFO     Painted 8388608 out of 45453209 objects to mesh.
[009915.05]  01-27 00:24  CatalogMesh                  INFO     Slab 8388608 ~ 12582912 / 45453209.
[009916.13]  01-27 00:24  CatalogMesh                  INFO     Painted 12582912 out of 45453209 objects to mesh.
[009916.13]  01-27 00:24  CatalogMesh                  INFO     Slab 12582912 ~ 16777216 / 45453209.
[009917.21]  01-27 00:24  CatalogMesh                  INFO     Painted 16777216 out of 45453209 objects to mesh.
[009917.21]  01-27 00:24  CatalogMesh                  INFO     Slab 16777216 ~ 20971520 / 45453209.
[009918.29]  01-27 00:24  CatalogMesh                  INFO     Painted 20971520 out of 45453209 objects to mesh.
[009918.29]  01-27 00:24  CatalogMesh                  INFO     Slab 20971520 ~ 25165824 / 45453209.
[009919.36]  01-27 00:24  CatalogMesh                  INFO     Painted 25165824 out of 45453209 objects to mesh.
[009919.37]  01-27 00:24  CatalogMesh                  INFO     Slab 25165824 ~ 29360128 / 45453209.
[009920.45]  01-27 00:24  CatalogMesh                  INFO     Painted 29360128 out of 45453209 objects to mesh.
[009920.45]  01-27 00:24  CatalogMesh                  INFO     Slab 29360128 ~ 33554432 / 45453209.
[009921.54]  01-27 00:24  CatalogMesh                  INFO     Painted 33554432 out of 45453209 objects to mesh.
[009921.54]  01-27 00:24  CatalogMesh                  INFO     Slab 33554432 ~ 37748736 / 45453209.
[009922.74]  01-27 00:24  CatalogMesh                  INFO     Painted 37748736 out of 45453209 objects to mesh.
[009922.74]  01-27 00:24  CatalogMesh                  INFO     Slab 37748736 ~ 41943040 / 45453209.
[009923.94]  01-27 00:24  CatalogMesh                  INFO     Painted 41943040 out of 45453209 objects to mesh.
[009923.94]  01-27 00:24  CatalogMesh                  INFO     Slab 41943040 ~ 46137344 / 45453209.
[009924.96]  01-27 00:24  CatalogMesh                  INFO     Painted 45453209 out of 45453209 objects to mesh.
[009928.94]  01-27 00:25  CatalogMesh                  INFO     Slab 0 ~ 4194304 / 45453209.
[009930.02]  01-27 00:25  CatalogMesh                  INFO     Painted 4194304 out of 45453209 objects to mesh.
[009930.02]  01-27 00:25  CatalogMesh                  INFO     Slab 4194304 ~ 8388608 / 45453209.
[009931.10]  01-27 00:25  CatalogMesh                  INFO     Painted 8388608 out of 45453209 objects to mesh.
[009931.10]  01-27 00:25  CatalogMesh                  INFO     Slab 8388608 ~ 12582912 / 45453209.
[009932.18]  01-27 00:25  CatalogMesh                  INFO     Painted 12582912 out of 45453209 objects to mesh.
[009932.18]  01-27 00:25  CatalogMesh                  INFO     Slab 12582912 ~ 16777216 / 45453209.
[009933.26]  01-27 00:25  CatalogMesh                  INFO     Painted 16777216 out of 45453209 objects to mesh.
[009933.26]  01-27 00:25  CatalogMesh                  INFO     Slab 16777216 ~ 20971520 / 45453209.
[009934.33]  01-27 00:25  CatalogMesh                  INFO     Painted 20971520 out of 45453209 objects to mesh.
[009934.33]  01-27 00:25  CatalogMesh                  INFO     Slab 20971520 ~ 25165824 / 45453209.
[009935.41]  01-27 00:25  CatalogMesh                  INFO     Painted 25165824 out of 45453209 objects to mesh.
[009935.41]  01-27 00:25  CatalogMesh                  INFO     Slab 25165824 ~ 29360128 / 45453209.
[009936.50]  01-27 00:25  CatalogMesh                  INFO     Painted 29360128 out of 45453209 objects to mesh.
[009936.50]  01-27 00:25  CatalogMesh                  INFO     Slab 29360128 ~ 33554432 / 45453209.
[009937.59]  01-27 00:25  CatalogMesh                  INFO     Painted 33554432 out of 45453209 objects to mesh.
[009937.59]  01-27 00:25  CatalogMesh                  INFO     Slab 33554432 ~ 37748736 / 45453209.
[009938.80]  01-27 00:25  CatalogMesh                  INFO     Painted 37748736 out of 45453209 objects to mesh.
[009938.80]  01-27 00:25  CatalogMesh                  INFO     Slab 37748736 ~ 41943040 / 45453209.
[009939.99]  01-27 00:25  CatalogMesh                  INFO     Painted 41943040 out of 45453209 objects to mesh.
[009939.99]  01-27 00:25  CatalogMesh                  INFO     Slab 41943040 ~ 46137344 / 45453209.
[009941.01]  01-27 00:25  CatalogMesh                  INFO     Painted 45453209 out of 45453209 objects to mesh.
[009946.52]  01-27 00:25  CatalogFFTPower              INFO     Done painting catalog 1 to mesh.
[009946.52]  01-27 00:25  CatalogFFTPower              INFO     Using 400 k-bins between 0.000 and 0.400.
[009946.52]  01-27 00:25  CatalogFFTPower              INFO     Meshes prepared in elapsed time 48.63 s.
[009946.52]  01-27 00:25  CatalogFFTPower              INFO     Running mesh calculation.
[009963.68]  01-27 00:25  CatalogFFTPower              INFO     Mesh calculations performed in elapsed time 17.16 s.
[009963.68]  01-27 00:25  CatalogFFTPower              INFO     Power spectrum computed in elapsed time 65.79 s.
[009963.68]  01-27 00:25  CatalogFFTPower              INFO     Saving /pscratch/sd/s/shengyu/galaxies/catalogs/Y3/AbacusHF-v2/Boxes/QSO/sn0p950/AbacusSummit_base_c000_ph022/mpspk/pkpoles_QSO_zp0.950_DR2_v1.0+dv_verr_empirical.npy.
[009963.68]  01-27 00:25  compute_2pt                  INFO     Save to /pscratch/sd/s/shengyu/galaxies/catalogs/Y3/AbacusHF-v2/Boxes/QSO/sn0p950/AbacusSummit_base_c000_ph022/mpspk/pkpoles_QSO_zp0.950_DR2_v1.0+dv_verr_empirical.npy
[009963.68]  01-27 00:25  TwoPointCorrelationFunction  INFO     Using estimator <class 'pycorr.twopoint_estimator.NaturalTwoPointEstimator'>.
[009963.68]  01-27 00:25  TwoPointCorrelationFunction  INFO     Running auto-correlation.
[009963.69]  01-27 00:25  TwoPointCorrelationFunction  INFO     Computing two-point counts D1D2.
[010023.14]  01-27 00:26  TwoPointCorrelationFunction  INFO     Analytically computing two-point counts R1R2.
[010023.14]  01-27 00:26  TwoPointCorrelationFunction  INFO     Correlation function computed in elapsed time 59.46 s.
[010023.14]  01-27 00:26  NaturalTwoPointEstimator     INFO     Saving /pscratch/sd/s/shengyu/galaxies/catalogs/Y3/AbacusHF-v2/Boxes/QSO/sn0p950/AbacusSummit_base_c000_ph022/mpspk/mpslog_QSO_zp0.950_DR2_v1.0+dv_verr_empirical.npy.
[010023.14]  01-27 00:26  compute_2pt                  INFO     Save to /pscratch/sd/s/shengyu/galaxies/catalogs/Y3/AbacusHF-v2/Boxes/QSO/sn0p950/AbacusSummit_base_c000_ph022/mpspk/mpslog_QSO_zp0.950_DR2_v1.0+dv_verr_empirical.npy
[010023.15]  01-27 00:26  TwoPointCorrelationFunction  INFO     Using estimator <class 'pycorr.twopoint_estimator.NaturalTwoPointEstimator'>.
[010023.15]  01-27 00:26  TwoPointCorrelationFunction  INFO     Running auto-correlation.
[010023.15]  01-27 00:26  TwoPointCorrelationFunction  INFO     Computing two-point counts D1D2.
[010065.23]  01-27 00:27  TwoPointCorrelationFunction  INFO     Analytically computing two-point counts R1R2.
[010065.23]  01-27 00:27  TwoPointCorrelationFunction  INFO     Correlation function computed in elapsed time 42.09 s.
[010065.23]  01-27 00:27  NaturalTwoPointEstimator     INFO     Saving /pscratch/sd/s/shengyu/galaxies/catalogs/Y3/AbacusHF-v2/Boxes/QSO/sn0p950/AbacusSummit_base_c000_ph022/mpspk/wplog_QSO_zp0.950_DR2_v1.0+dv_verr_empirical.npy.
[010065.24]  01-27 00:27  compute_2pt                  INFO     Save to /pscratch/sd/s/shengyu/galaxies/catalogs/Y3/AbacusHF-v2/Boxes/QSO/sn0p950/AbacusSummit_base_c000_ph022/mpspk/wplog_QSO_zp0.950_DR2_v1.0+dv_verr_empirical.npy
[010065.24]  01-27 00:27  compute_2pt                  INFO     Procceed {'version': 'AbacusHF-v2', 'domain': 'cubic', 'tracer': 'QSO', 'zsnap': 0.95, 'zrange': (0.8, 1.1), 'mock_id': 23, 'use_dv': 'verr_empirical'}
[010065.24]  01-27 00:27  cat_tools                    INFO     Load /pscratch/sd/s/shengyu/galaxies/catalogs/Y3/AbacusHF-v2/Boxes/QSO/sn0p950/AbacusSummit_base_c000_ph023/abacus_HF_QSO_0p950_DR2_v2.0_AbacusSummit_base_c000_ph023_base_clustering.dat.h5
[010065.24]  01-27 00:27  FileStack                    INFO     Reading /pscratch/sd/s/shengyu/galaxies/catalogs/Y3/AbacusHF-v2/Boxes/QSO/sn0p950/AbacusSummit_base_c000_ph023/abacus_HF_QSO_0p950_DR2_v2.0_AbacusSummit_base_c000_ph023_base_clustering.dat.h5.
[010065.24]  01-27 00:27  cat_tools                    INFO     use Z positions shifted in verr_empirical mode
[010067.01]  01-27 00:27  TwoPointCorrelationFunction  INFO     Using estimator <class 'pycorr.twopoint_estimator.NaturalTwoPointEstimator'>.
[010067.01]  01-27 00:27  TwoPointCorrelationFunction  INFO     Running auto-correlation.
[010067.01]  01-27 00:27  TwoPointCorrelationFunction  INFO     Computing two-point counts D1D2.
[010324.81]  01-27 00:31  TwoPointCorrelationFunction  INFO     Analytically computing two-point counts R1R2.
[010324.81]  01-27 00:31  TwoPointCorrelationFunction  INFO     Correlation function computed in elapsed time 257.80 s.
[010324.81]  01-27 00:31  NaturalTwoPointEstimator     INFO     Saving /pscratch/sd/s/shengyu/galaxies/catalogs/Y3/AbacusHF-v2/Boxes/QSO/sn0p950/AbacusSummit_base_c000_ph023/mpspk/xipoles_QSO_zp0.950_DR2_v1.0+dv_verr_empirical.npy.
[010324.82]  01-27 00:31  compute_2pt                  INFO     Save to /pscratch/sd/s/shengyu/galaxies/catalogs/Y3/AbacusHF-v2/Boxes/QSO/sn0p950/AbacusSummit_base_c000_ph023/mpspk/xipoles_QSO_zp0.950_DR2_v1.0+dv_verr_empirical.npy
[010330.97]  01-27 00:31  CatalogFFTPower              INFO     Painting catalog 1 to mesh CatalogMesh(nmesh=[512 512 512], boxsize=[2000. 2000. 2000.], boxcenter=[1000.00001125 1000.00000431  999.99999683], dtype=float64).
[010331.55]  01-27 00:31  CatalogMesh                  INFO     Slab 0 ~ 4194304 / 45496165.
[010332.64]  01-27 00:31  CatalogMesh                  INFO     Painted 4194304 out of 45496165 objects to mesh.
[010332.64]  01-27 00:31  CatalogMesh                  INFO     Slab 4194304 ~ 8388608 / 45496165.
[010333.72]  01-27 00:31  CatalogMesh                  INFO     Painted 8388608 out of 45496165 objects to mesh.
[010333.72]  01-27 00:31  CatalogMesh                  INFO     Slab 8388608 ~ 12582912 / 45496165.
[010334.79]  01-27 00:31  CatalogMesh                  INFO     Painted 12582912 out of 45496165 objects to mesh.
[010334.79]  01-27 00:31  CatalogMesh                  INFO     Slab 12582912 ~ 16777216 / 45496165.
[010335.87]  01-27 00:31  CatalogMesh                  INFO     Painted 16777216 out of 45496165 objects to mesh.
[010335.88]  01-27 00:31  CatalogMesh                  INFO     Slab 16777216 ~ 20971520 / 45496165.
[010336.95]  01-27 00:31  CatalogMesh                  INFO     Painted 20971520 out of 45496165 objects to mesh.
[010336.95]  01-27 00:31  CatalogMesh                  INFO     Slab 20971520 ~ 25165824 / 45496165.
[010338.03]  01-27 00:31  CatalogMesh                  INFO     Painted 25165824 out of 45496165 objects to mesh.
[010338.03]  01-27 00:31  CatalogMesh                  INFO     Slab 25165824 ~ 29360128 / 45496165.
[010339.11]  01-27 00:31  CatalogMesh                  INFO     Painted 29360128 out of 45496165 objects to mesh.
[010339.11]  01-27 00:31  CatalogMesh                  INFO     Slab 29360128 ~ 33554432 / 45496165.
[010340.21]  01-27 00:31  CatalogMesh                  INFO     Painted 33554432 out of 45496165 objects to mesh.
[010340.21]  01-27 00:31  CatalogMesh                  INFO     Slab 33554432 ~ 37748736 / 45496165.
[010341.41]  01-27 00:31  CatalogMesh                  INFO     Painted 37748736 out of 45496165 objects to mesh.
[010341.41]  01-27 00:31  CatalogMesh                  INFO     Slab 37748736 ~ 41943040 / 45496165.
[010342.62]  01-27 00:31  CatalogMesh                  INFO     Painted 41943040 out of 45496165 objects to mesh.
[010342.62]  01-27 00:31  CatalogMesh                  INFO     Slab 41943040 ~ 46137344 / 45496165.
[010343.64]  01-27 00:31  CatalogMesh                  INFO     Painted 45496165 out of 45496165 objects to mesh.
[010343.65]  01-27 00:31  CatalogMesh                  INFO     Running interlacing at order 3.
[010346.08]  01-27 00:31  CatalogMesh                  INFO     Slab 0 ~ 4194304 / 45496165.
[010347.16]  01-27 00:32  CatalogMesh                  INFO     Painted 4194304 out of 45496165 objects to mesh.
[010347.16]  01-27 00:32  CatalogMesh                  INFO     Slab 4194304 ~ 8388608 / 45496165.
[010348.24]  01-27 00:32  CatalogMesh                  INFO     Painted 8388608 out of 45496165 objects to mesh.
[010348.24]  01-27 00:32  CatalogMesh                  INFO     Slab 8388608 ~ 12582912 / 45496165.
[010349.33]  01-27 00:32  CatalogMesh                  INFO     Painted 12582912 out of 45496165 objects to mesh.
[010349.33]  01-27 00:32  CatalogMesh                  INFO     Slab 12582912 ~ 16777216 / 45496165.
[010350.42]  01-27 00:32  CatalogMesh                  INFO     Painted 16777216 out of 45496165 objects to mesh.
[010350.42]  01-27 00:32  CatalogMesh                  INFO     Slab 16777216 ~ 20971520 / 45496165.
[010351.50]  01-27 00:32  CatalogMesh                  INFO     Painted 20971520 out of 45496165 objects to mesh.
[010351.50]  01-27 00:32  CatalogMesh                  INFO     Slab 20971520 ~ 25165824 / 45496165.
[010352.58]  01-27 00:32  CatalogMesh                  INFO     Painted 25165824 out of 45496165 objects to mesh.
[010352.58]  01-27 00:32  CatalogMesh                  INFO     Slab 25165824 ~ 29360128 / 45496165.
[010353.66]  01-27 00:32  CatalogMesh                  INFO     Painted 29360128 out of 45496165 objects to mesh.
[010353.66]  01-27 00:32  CatalogMesh                  INFO     Slab 29360128 ~ 33554432 / 45496165.
[010354.77]  01-27 00:32  CatalogMesh                  INFO     Painted 33554432 out of 45496165 objects to mesh.
[010354.77]  01-27 00:32  CatalogMesh                  INFO     Slab 33554432 ~ 37748736 / 45496165.
[010355.98]  01-27 00:32  CatalogMesh                  INFO     Painted 37748736 out of 45496165 objects to mesh.
[010355.98]  01-27 00:32  CatalogMesh                  INFO     Slab 37748736 ~ 41943040 / 45496165.
[010357.19]  01-27 00:32  CatalogMesh                  INFO     Painted 41943040 out of 45496165 objects to mesh.
[010357.19]  01-27 00:32  CatalogMesh                  INFO     Slab 41943040 ~ 46137344 / 45496165.
[010358.23]  01-27 00:32  CatalogMesh                  INFO     Painted 45496165 out of 45496165 objects to mesh.
[010362.23]  01-27 00:32  CatalogMesh                  INFO     Slab 0 ~ 4194304 / 45496165.
[010363.30]  01-27 00:32  CatalogMesh                  INFO     Painted 4194304 out of 45496165 objects to mesh.
[010363.30]  01-27 00:32  CatalogMesh                  INFO     Slab 4194304 ~ 8388608 / 45496165.
[010364.38]  01-27 00:32  CatalogMesh                  INFO     Painted 8388608 out of 45496165 objects to mesh.
[010364.38]  01-27 00:32  CatalogMesh                  INFO     Slab 8388608 ~ 12582912 / 45496165.
[010365.46]  01-27 00:32  CatalogMesh                  INFO     Painted 12582912 out of 45496165 objects to mesh.
[010365.46]  01-27 00:32  CatalogMesh                  INFO     Slab 12582912 ~ 16777216 / 45496165.
[010366.54]  01-27 00:32  CatalogMesh                  INFO     Painted 16777216 out of 45496165 objects to mesh.
[010366.54]  01-27 00:32  CatalogMesh                  INFO     Slab 16777216 ~ 20971520 / 45496165.
[010367.63]  01-27 00:32  CatalogMesh                  INFO     Painted 20971520 out of 45496165 objects to mesh.
[010367.63]  01-27 00:32  CatalogMesh                  INFO     Slab 20971520 ~ 25165824 / 45496165.
[010368.71]  01-27 00:32  CatalogMesh                  INFO     Painted 25165824 out of 45496165 objects to mesh.
[010368.71]  01-27 00:32  CatalogMesh                  INFO     Slab 25165824 ~ 29360128 / 45496165.
[010369.78]  01-27 00:32  CatalogMesh                  INFO     Painted 29360128 out of 45496165 objects to mesh.
[010369.78]  01-27 00:32  CatalogMesh                  INFO     Slab 29360128 ~ 33554432 / 45496165.
[010370.88]  01-27 00:32  CatalogMesh                  INFO     Painted 33554432 out of 45496165 objects to mesh.
[010370.88]  01-27 00:32  CatalogMesh                  INFO     Slab 33554432 ~ 37748736 / 45496165.
[010372.08]  01-27 00:32  CatalogMesh                  INFO     Painted 37748736 out of 45496165 objects to mesh.
[010372.08]  01-27 00:32  CatalogMesh                  INFO     Slab 37748736 ~ 41943040 / 45496165.
[010373.28]  01-27 00:32  CatalogMesh                  INFO     Painted 41943040 out of 45496165 objects to mesh.
[010373.28]  01-27 00:32  CatalogMesh                  INFO     Slab 41943040 ~ 46137344 / 45496165.
[010374.31]  01-27 00:32  CatalogMesh                  INFO     Painted 45496165 out of 45496165 objects to mesh.
[010379.86]  01-27 00:32  CatalogFFTPower              INFO     Done painting catalog 1 to mesh.
[010379.86]  01-27 00:32  CatalogFFTPower              INFO     Using 400 k-bins between 0.000 and 0.400.
[010379.86]  01-27 00:32  CatalogFFTPower              INFO     Meshes prepared in elapsed time 48.89 s.
[010379.86]  01-27 00:32  CatalogFFTPower              INFO     Running mesh calculation.
[010397.09]  01-27 00:32  CatalogFFTPower              INFO     Mesh calculations performed in elapsed time 17.24 s.
[010397.09]  01-27 00:32  CatalogFFTPower              INFO     Power spectrum computed in elapsed time 66.12 s.
[010397.09]  01-27 00:32  CatalogFFTPower              INFO     Saving /pscratch/sd/s/shengyu/galaxies/catalogs/Y3/AbacusHF-v2/Boxes/QSO/sn0p950/AbacusSummit_base_c000_ph023/mpspk/pkpoles_QSO_zp0.950_DR2_v1.0+dv_verr_empirical.npy.
[010397.10]  01-27 00:32  compute_2pt                  INFO     Save to /pscratch/sd/s/shengyu/galaxies/catalogs/Y3/AbacusHF-v2/Boxes/QSO/sn0p950/AbacusSummit_base_c000_ph023/mpspk/pkpoles_QSO_zp0.950_DR2_v1.0+dv_verr_empirical.npy
[010397.10]  01-27 00:32  TwoPointCorrelationFunction  INFO     Using estimator <class 'pycorr.twopoint_estimator.NaturalTwoPointEstimator'>.
[010397.10]  01-27 00:32  TwoPointCorrelationFunction  INFO     Running auto-correlation.
[010397.10]  01-27 00:32  TwoPointCorrelationFunction  INFO     Computing two-point counts D1D2.
[010456.58]  01-27 00:33  TwoPointCorrelationFunction  INFO     Analytically computing two-point counts R1R2.
[010456.58]  01-27 00:33  TwoPointCorrelationFunction  INFO     Correlation function computed in elapsed time 59.48 s.
[010456.58]  01-27 00:33  NaturalTwoPointEstimator     INFO     Saving /pscratch/sd/s/shengyu/galaxies/catalogs/Y3/AbacusHF-v2/Boxes/QSO/sn0p950/AbacusSummit_base_c000_ph023/mpspk/mpslog_QSO_zp0.950_DR2_v1.0+dv_verr_empirical.npy.
[010456.58]  01-27 00:33  compute_2pt                  INFO     Save to /pscratch/sd/s/shengyu/galaxies/catalogs/Y3/AbacusHF-v2/Boxes/QSO/sn0p950/AbacusSummit_base_c000_ph023/mpspk/mpslog_QSO_zp0.950_DR2_v1.0+dv_verr_empirical.npy
[010456.58]  01-27 00:33  TwoPointCorrelationFunction  INFO     Using estimator <class 'pycorr.twopoint_estimator.NaturalTwoPointEstimator'>.
[010456.58]  01-27 00:33  TwoPointCorrelationFunction  INFO     Running auto-correlation.
[010456.58]  01-27 00:33  TwoPointCorrelationFunction  INFO     Computing two-point counts D1D2.
[010498.82]  01-27 00:34  TwoPointCorrelationFunction  INFO     Analytically computing two-point counts R1R2.
[010498.82]  01-27 00:34  TwoPointCorrelationFunction  INFO     Correlation function computed in elapsed time 42.24 s.
[010498.82]  01-27 00:34  NaturalTwoPointEstimator     INFO     Saving /pscratch/sd/s/shengyu/galaxies/catalogs/Y3/AbacusHF-v2/Boxes/QSO/sn0p950/AbacusSummit_base_c000_ph023/mpspk/wplog_QSO_zp0.950_DR2_v1.0+dv_verr_empirical.npy.
[010498.83]  01-27 00:34  compute_2pt                  INFO     Save to /pscratch/sd/s/shengyu/galaxies/catalogs/Y3/AbacusHF-v2/Boxes/QSO/sn0p950/AbacusSummit_base_c000_ph023/mpspk/wplog_QSO_zp0.950_DR2_v1.0+dv_verr_empirical.npy
[010498.83]  01-27 00:34  compute_2pt                  INFO     Procceed {'version': 'AbacusHF-v2', 'domain': 'cubic', 'tracer': 'QSO', 'zsnap': 0.95, 'zrange': (0.8, 1.1), 'mock_id': 24, 'use_dv': 'verr_empirical'}
[010498.83]  01-27 00:34  cat_tools                    INFO     Load /pscratch/sd/s/shengyu/galaxies/catalogs/Y3/AbacusHF-v2/Boxes/QSO/sn0p950/AbacusSummit_base_c000_ph024/abacus_HF_QSO_0p950_DR2_v2.0_AbacusSummit_base_c000_ph024_base_clustering.dat.h5
[010498.83]  01-27 00:34  FileStack                    INFO     Reading /pscratch/sd/s/shengyu/galaxies/catalogs/Y3/AbacusHF-v2/Boxes/QSO/sn0p950/AbacusSummit_base_c000_ph024/abacus_HF_QSO_0p950_DR2_v2.0_AbacusSummit_base_c000_ph024_base_clustering.dat.h5.
[010498.83]  01-27 00:34  cat_tools                    INFO     use Z positions shifted in verr_empirical mode
[010500.59]  01-27 00:34  TwoPointCorrelationFunction  INFO     Using estimator <class 'pycorr.twopoint_estimator.NaturalTwoPointEstimator'>.
[010500.59]  01-27 00:34  TwoPointCorrelationFunction  INFO     Running auto-correlation.
[010500.59]  01-27 00:34  TwoPointCorrelationFunction  INFO     Computing two-point counts D1D2.
[010755.81]  01-27 00:38  TwoPointCorrelationFunction  INFO     Analytically computing two-point counts R1R2.
[010755.82]  01-27 00:38  TwoPointCorrelationFunction  INFO     Correlation function computed in elapsed time 255.23 s.
[010755.82]  01-27 00:38  NaturalTwoPointEstimator     INFO     Saving /pscratch/sd/s/shengyu/galaxies/catalogs/Y3/AbacusHF-v2/Boxes/QSO/sn0p950/AbacusSummit_base_c000_ph024/mpspk/xipoles_QSO_zp0.950_DR2_v1.0+dv_verr_empirical.npy.
[010755.82]  01-27 00:38  compute_2pt                  INFO     Save to /pscratch/sd/s/shengyu/galaxies/catalogs/Y3/AbacusHF-v2/Boxes/QSO/sn0p950/AbacusSummit_base_c000_ph024/mpspk/xipoles_QSO_zp0.950_DR2_v1.0+dv_verr_empirical.npy
[010761.97]  01-27 00:38  CatalogFFTPower              INFO     Painting catalog 1 to mesh CatalogMesh(nmesh=[512 512 512], boxsize=[2000. 2000. 2000.], boxcenter=[1000.00007111 1000.00001669 1000.00002818], dtype=float64).
[010762.55]  01-27 00:38  CatalogMesh                  INFO     Slab 0 ~ 4194304 / 45497014.
[010763.64]  01-27 00:38  CatalogMesh                  INFO     Painted 4194304 out of 45497014 objects to mesh.
[010763.64]  01-27 00:38  CatalogMesh                  INFO     Slab 4194304 ~ 8388608 / 45497014.
[010764.73]  01-27 00:38  CatalogMesh                  INFO     Painted 8388608 out of 45497014 objects to mesh.
[010764.73]  01-27 00:38  CatalogMesh                  INFO     Slab 8388608 ~ 12582912 / 45497014.
[010765.80]  01-27 00:38  CatalogMesh                  INFO     Painted 12582912 out of 45497014 objects to mesh.
[010765.80]  01-27 00:38  CatalogMesh                  INFO     Slab 12582912 ~ 16777216 / 45497014.
[010766.88]  01-27 00:39  CatalogMesh                  INFO     Painted 16777216 out of 45497014 objects to mesh.
[010766.88]  01-27 00:39  CatalogMesh                  INFO     Slab 16777216 ~ 20971520 / 45497014.
[010767.96]  01-27 00:39  CatalogMesh                  INFO     Painted 20971520 out of 45497014 objects to mesh.
[010767.96]  01-27 00:39  CatalogMesh                  INFO     Slab 20971520 ~ 25165824 / 45497014.
[010769.03]  01-27 00:39  CatalogMesh                  INFO     Painted 25165824 out of 45497014 objects to mesh.
[010769.03]  01-27 00:39  CatalogMesh                  INFO     Slab 25165824 ~ 29360128 / 45497014.
[010770.10]  01-27 00:39  CatalogMesh                  INFO     Painted 29360128 out of 45497014 objects to mesh.
[010770.10]  01-27 00:39  CatalogMesh                  INFO     Slab 29360128 ~ 33554432 / 45497014.
[010771.20]  01-27 00:39  CatalogMesh                  INFO     Painted 33554432 out of 45497014 objects to mesh.
[010771.20]  01-27 00:39  CatalogMesh                  INFO     Slab 33554432 ~ 37748736 / 45497014.
[010772.41]  01-27 00:39  CatalogMesh                  INFO     Painted 37748736 out of 45497014 objects to mesh.
[010772.41]  01-27 00:39  CatalogMesh                  INFO     Slab 37748736 ~ 41943040 / 45497014.
[010773.62]  01-27 00:39  CatalogMesh                  INFO     Painted 41943040 out of 45497014 objects to mesh.
[010773.62]  01-27 00:39  CatalogMesh                  INFO     Slab 41943040 ~ 46137344 / 45497014.
[010774.65]  01-27 00:39  CatalogMesh                  INFO     Painted 45497014 out of 45497014 objects to mesh.
[010774.65]  01-27 00:39  CatalogMesh                  INFO     Running interlacing at order 3.
[010777.09]  01-27 00:39  CatalogMesh                  INFO     Slab 0 ~ 4194304 / 45497014.
[010778.17]  01-27 00:39  CatalogMesh                  INFO     Painted 4194304 out of 45497014 objects to mesh.
[010778.17]  01-27 00:39  CatalogMesh                  INFO     Slab 4194304 ~ 8388608 / 45497014.
[010779.25]  01-27 00:39  CatalogMesh                  INFO     Painted 8388608 out of 45497014 objects to mesh.
[010779.25]  01-27 00:39  CatalogMesh                  INFO     Slab 8388608 ~ 12582912 / 45497014.
[010780.33]  01-27 00:39  CatalogMesh                  INFO     Painted 12582912 out of 45497014 objects to mesh.
[010780.33]  01-27 00:39  CatalogMesh                  INFO     Slab 12582912 ~ 16777216 / 45497014.
[010781.41]  01-27 00:39  CatalogMesh                  INFO     Painted 16777216 out of 45497014 objects to mesh.
[010781.41]  01-27 00:39  CatalogMesh                  INFO     Slab 16777216 ~ 20971520 / 45497014.
[010782.49]  01-27 00:39  CatalogMesh                  INFO     Painted 20971520 out of 45497014 objects to mesh.
[010782.49]  01-27 00:39  CatalogMesh                  INFO     Slab 20971520 ~ 25165824 / 45497014.
[010783.57]  01-27 00:39  CatalogMesh                  INFO     Painted 25165824 out of 45497014 objects to mesh.
[010783.57]  01-27 00:39  CatalogMesh                  INFO     Slab 25165824 ~ 29360128 / 45497014.
[010784.65]  01-27 00:39  CatalogMesh                  INFO     Painted 29360128 out of 45497014 objects to mesh.
[010784.65]  01-27 00:39  CatalogMesh                  INFO     Slab 29360128 ~ 33554432 / 45497014.
[010785.76]  01-27 00:39  CatalogMesh                  INFO     Painted 33554432 out of 45497014 objects to mesh.
[010785.76]  01-27 00:39  CatalogMesh                  INFO     Slab 33554432 ~ 37748736 / 45497014.
[010786.97]  01-27 00:39  CatalogMesh                  INFO     Painted 37748736 out of 45497014 objects to mesh.
[010786.97]  01-27 00:39  CatalogMesh                  INFO     Slab 37748736 ~ 41943040 / 45497014.
[010788.17]  01-27 00:39  CatalogMesh                  INFO     Painted 41943040 out of 45497014 objects to mesh.
[010788.17]  01-27 00:39  CatalogMesh                  INFO     Slab 41943040 ~ 46137344 / 45497014.
[010789.20]  01-27 00:39  CatalogMesh                  INFO     Painted 45497014 out of 45497014 objects to mesh.
[010793.16]  01-27 00:39  CatalogMesh                  INFO     Slab 0 ~ 4194304 / 45497014.
[010794.23]  01-27 00:39  CatalogMesh                  INFO     Painted 4194304 out of 45497014 objects to mesh.
[010794.23]  01-27 00:39  CatalogMesh                  INFO     Slab 4194304 ~ 8388608 / 45497014.
[010795.30]  01-27 00:39  CatalogMesh                  INFO     Painted 8388608 out of 45497014 objects to mesh.
[010795.30]  01-27 00:39  CatalogMesh                  INFO     Slab 8388608 ~ 12582912 / 45497014.
[010796.37]  01-27 00:39  CatalogMesh                  INFO     Painted 12582912 out of 45497014 objects to mesh.
[010796.37]  01-27 00:39  CatalogMesh                  INFO     Slab 12582912 ~ 16777216 / 45497014.
[010797.45]  01-27 00:39  CatalogMesh                  INFO     Painted 16777216 out of 45497014 objects to mesh.
[010797.45]  01-27 00:39  CatalogMesh                  INFO     Slab 16777216 ~ 20971520 / 45497014.
[010798.52]  01-27 00:39  CatalogMesh                  INFO     Painted 20971520 out of 45497014 objects to mesh.
[010798.52]  01-27 00:39  CatalogMesh                  INFO     Slab 20971520 ~ 25165824 / 45497014.
[010799.58]  01-27 00:39  CatalogMesh                  INFO     Painted 25165824 out of 45497014 objects to mesh.
[010799.58]  01-27 00:39  CatalogMesh                  INFO     Slab 25165824 ~ 29360128 / 45497014.
[010800.66]  01-27 00:39  CatalogMesh                  INFO     Painted 29360128 out of 45497014 objects to mesh.
[010800.66]  01-27 00:39  CatalogMesh                  INFO     Slab 29360128 ~ 33554432 / 45497014.
[010801.75]  01-27 00:39  CatalogMesh                  INFO     Painted 33554432 out of 45497014 objects to mesh.
[010801.75]  01-27 00:39  CatalogMesh                  INFO     Slab 33554432 ~ 37748736 / 45497014.
[010802.95]  01-27 00:39  CatalogMesh                  INFO     Painted 37748736 out of 45497014 objects to mesh.
[010802.95]  01-27 00:39  CatalogMesh                  INFO     Slab 37748736 ~ 41943040 / 45497014.
[010804.15]  01-27 00:39  CatalogMesh                  INFO     Painted 41943040 out of 45497014 objects to mesh.
[010804.15]  01-27 00:39  CatalogMesh                  INFO     Slab 41943040 ~ 46137344 / 45497014.
[010805.17]  01-27 00:39  CatalogMesh                  INFO     Painted 45497014 out of 45497014 objects to mesh.
[010810.69]  01-27 00:39  CatalogFFTPower              INFO     Done painting catalog 1 to mesh.
[010810.69]  01-27 00:39  CatalogFFTPower              INFO     Using 400 k-bins between 0.000 and 0.400.
[010810.69]  01-27 00:39  CatalogFFTPower              INFO     Meshes prepared in elapsed time 48.72 s.
[010810.69]  01-27 00:39  CatalogFFTPower              INFO     Running mesh calculation.
[010827.85]  01-27 00:40  CatalogFFTPower              INFO     Mesh calculations performed in elapsed time 17.16 s.
[010827.85]  01-27 00:40  CatalogFFTPower              INFO     Power spectrum computed in elapsed time 65.87 s.
[010827.85]  01-27 00:40  CatalogFFTPower              INFO     Saving /pscratch/sd/s/shengyu/galaxies/catalogs/Y3/AbacusHF-v2/Boxes/QSO/sn0p950/AbacusSummit_base_c000_ph024/mpspk/pkpoles_QSO_zp0.950_DR2_v1.0+dv_verr_empirical.npy.
[010827.85]  01-27 00:40  compute_2pt                  INFO     Save to /pscratch/sd/s/shengyu/galaxies/catalogs/Y3/AbacusHF-v2/Boxes/QSO/sn0p950/AbacusSummit_base_c000_ph024/mpspk/pkpoles_QSO_zp0.950_DR2_v1.0+dv_verr_empirical.npy
[010827.85]  01-27 00:40  TwoPointCorrelationFunction  INFO     Using estimator <class 'pycorr.twopoint_estimator.NaturalTwoPointEstimator'>.
[010827.85]  01-27 00:40  TwoPointCorrelationFunction  INFO     Running auto-correlation.
[010827.85]  01-27 00:40  TwoPointCorrelationFunction  INFO     Computing two-point counts D1D2.
[010887.12]  01-27 00:41  TwoPointCorrelationFunction  INFO     Analytically computing two-point counts R1R2.
[010887.12]  01-27 00:41  TwoPointCorrelationFunction  INFO     Correlation function computed in elapsed time 59.26 s.
[010887.12]  01-27 00:41  NaturalTwoPointEstimator     INFO     Saving /pscratch/sd/s/shengyu/galaxies/catalogs/Y3/AbacusHF-v2/Boxes/QSO/sn0p950/AbacusSummit_base_c000_ph024/mpspk/mpslog_QSO_zp0.950_DR2_v1.0+dv_verr_empirical.npy.
[010887.12]  01-27 00:41  compute_2pt                  INFO     Save to /pscratch/sd/s/shengyu/galaxies/catalogs/Y3/AbacusHF-v2/Boxes/QSO/sn0p950/AbacusSummit_base_c000_ph024/mpspk/mpslog_QSO_zp0.950_DR2_v1.0+dv_verr_empirical.npy
[010887.12]  01-27 00:41  TwoPointCorrelationFunction  INFO     Using estimator <class 'pycorr.twopoint_estimator.NaturalTwoPointEstimator'>.
[010887.12]  01-27 00:41  TwoPointCorrelationFunction  INFO     Running auto-correlation.
[010887.12]  01-27 00:41  TwoPointCorrelationFunction  INFO     Computing two-point counts D1D2.
[010928.75]  01-27 00:41  TwoPointCorrelationFunction  INFO     Analytically computing two-point counts R1R2.
[010928.75]  01-27 00:41  TwoPointCorrelationFunction  INFO     Correlation function computed in elapsed time 41.63 s.
[010928.75]  01-27 00:41  NaturalTwoPointEstimator     INFO     Saving /pscratch/sd/s/shengyu/galaxies/catalogs/Y3/AbacusHF-v2/Boxes/QSO/sn0p950/AbacusSummit_base_c000_ph024/mpspk/wplog_QSO_zp0.950_DR2_v1.0+dv_verr_empirical.npy.
[010928.75]  01-27 00:41  compute_2pt                  INFO     Save to /pscratch/sd/s/shengyu/galaxies/catalogs/Y3/AbacusHF-v2/Boxes/QSO/sn0p950/AbacusSummit_base_c000_ph024/mpspk/wplog_QSO_zp0.950_DR2_v1.0+dv_verr_empirical.npy
[010928.76]  01-27 00:41  compute_2pt                  INFO     Procceed {'version': 'AbacusHF-v2', 'domain': 'cubic', 'tracer': 'QSO', 'zsnap': 1.25, 'zrange': (1.1, 1.4), 'mock_id': 0, 'use_dv': 'verr_empirical'}
[010928.76]  01-27 00:41  cat_tools                    INFO     Load /pscratch/sd/s/shengyu/galaxies/catalogs/Y3/AbacusHF-v2/Boxes/QSO/sn1p250/AbacusSummit_base_c000_ph000/abacus_HF_QSO_1p250_DR2_v2.0_AbacusSummit_base_c000_ph000_base_clustering.dat.h5
[010928.76]  01-27 00:41  FileStack                    INFO     Reading /pscratch/sd/s/shengyu/galaxies/catalogs/Y3/AbacusHF-v2/Boxes/QSO/sn1p250/AbacusSummit_base_c000_ph000/abacus_HF_QSO_1p250_DR2_v2.0_AbacusSummit_base_c000_ph000_base_clustering.dat.h5.
[010928.76]  01-27 00:41  cat_tools                    INFO     use Z positions shifted in verr_empirical mode
[010929.89]  01-27 00:41  TwoPointCorrelationFunction  INFO     Using estimator <class 'pycorr.twopoint_estimator.NaturalTwoPointEstimator'>.
[010929.89]  01-27 00:41  TwoPointCorrelationFunction  INFO     Running auto-correlation.
[010929.89]  01-27 00:41  TwoPointCorrelationFunction  INFO     Computing two-point counts D1D2.
[011034.04]  01-27 00:43  TwoPointCorrelationFunction  INFO     Analytically computing two-point counts R1R2.
[011034.04]  01-27 00:43  TwoPointCorrelationFunction  INFO     Correlation function computed in elapsed time 104.16 s.
[011034.04]  01-27 00:43  NaturalTwoPointEstimator     INFO     Saving /pscratch/sd/s/shengyu/galaxies/catalogs/Y3/AbacusHF-v2/Boxes/QSO/sn1p250/AbacusSummit_base_c000_ph000/mpspk/xipoles_QSO_zp1.250_DR2_v1.0+dv_verr_empirical.npy.
[011034.05]  01-27 00:43  compute_2pt                  INFO     Save to /pscratch/sd/s/shengyu/galaxies/catalogs/Y3/AbacusHF-v2/Boxes/QSO/sn1p250/AbacusSummit_base_c000_ph000/mpspk/xipoles_QSO_zp1.250_DR2_v1.0+dv_verr_empirical.npy
[011037.88]  01-27 00:43  CatalogFFTPower              INFO     Painting catalog 1 to mesh CatalogMesh(nmesh=[512 512 512], boxsize=[2000. 2000. 2000.], boxcenter=[1000.0000081   999.99993321 1000.00002229], dtype=float64).
[011038.28]  01-27 00:43  CatalogMesh                  INFO     Slab 0 ~ 4194304 / 28361842.
[011039.40]  01-27 00:43  CatalogMesh                  INFO     Painted 4194304 out of 28361842 objects to mesh.
[011039.40]  01-27 00:43  CatalogMesh                  INFO     Slab 4194304 ~ 8388608 / 28361842.
[011040.51]  01-27 00:43  CatalogMesh                  INFO     Painted 8388608 out of 28361842 objects to mesh.
[011040.51]  01-27 00:43  CatalogMesh                  INFO     Slab 8388608 ~ 12582912 / 28361842.
[011041.62]  01-27 00:43  CatalogMesh                  INFO     Painted 12582912 out of 28361842 objects to mesh.
[011041.62]  01-27 00:43  CatalogMesh                  INFO     Slab 12582912 ~ 16777216 / 28361842.
[011042.73]  01-27 00:43  CatalogMesh                  INFO     Painted 16777216 out of 28361842 objects to mesh.
[011042.73]  01-27 00:43  CatalogMesh                  INFO     Slab 16777216 ~ 20971520 / 28361842.
[011043.84]  01-27 00:43  CatalogMesh                  INFO     Painted 20971520 out of 28361842 objects to mesh.
[011043.84]  01-27 00:43  CatalogMesh                  INFO     Slab 20971520 ~ 25165824 / 28361842.
[011045.06]  01-27 00:43  CatalogMesh                  INFO     Painted 25165824 out of 28361842 objects to mesh.
[011045.06]  01-27 00:43  CatalogMesh                  INFO     Slab 25165824 ~ 29360128 / 28361842.
[011046.09]  01-27 00:43  CatalogMesh                  INFO     Painted 28361842 out of 28361842 objects to mesh.
[011046.10]  01-27 00:43  CatalogMesh                  INFO     Running interlacing at order 3.
[011048.33]  01-27 00:43  CatalogMesh                  INFO     Slab 0 ~ 4194304 / 28361842.
[011049.43]  01-27 00:43  CatalogMesh                  INFO     Painted 4194304 out of 28361842 objects to mesh.
[011049.43]  01-27 00:43  CatalogMesh                  INFO     Slab 4194304 ~ 8388608 / 28361842.
[011050.54]  01-27 00:43  CatalogMesh                  INFO     Painted 8388608 out of 28361842 objects to mesh.
[011050.54]  01-27 00:43  CatalogMesh                  INFO     Slab 8388608 ~ 12582912 / 28361842.
[011051.65]  01-27 00:43  CatalogMesh                  INFO     Painted 12582912 out of 28361842 objects to mesh.
[011051.65]  01-27 00:43  CatalogMesh                  INFO     Slab 12582912 ~ 16777216 / 28361842.
[011052.75]  01-27 00:43  CatalogMesh                  INFO     Painted 16777216 out of 28361842 objects to mesh.
[011052.76]  01-27 00:43  CatalogMesh                  INFO     Slab 16777216 ~ 20971520 / 28361842.
[011053.87]  01-27 00:43  CatalogMesh                  INFO     Painted 20971520 out of 28361842 objects to mesh.
[011053.87]  01-27 00:43  CatalogMesh                  INFO     Slab 20971520 ~ 25165824 / 28361842.
[011055.09]  01-27 00:43  CatalogMesh                  INFO     Painted 25165824 out of 28361842 objects to mesh.
[011055.09]  01-27 00:43  CatalogMesh                  INFO     Slab 25165824 ~ 29360128 / 28361842.
[011056.13]  01-27 00:43  CatalogMesh                  INFO     Painted 28361842 out of 28361842 objects to mesh.
[011059.91]  01-27 00:43  CatalogMesh                  INFO     Slab 0 ~ 4194304 / 28361842.
[011061.02]  01-27 00:43  CatalogMesh                  INFO     Painted 4194304 out of 28361842 objects to mesh.
[011061.02]  01-27 00:43  CatalogMesh                  INFO     Slab 4194304 ~ 8388608 / 28361842.
[011062.13]  01-27 00:43  CatalogMesh                  INFO     Painted 8388608 out of 28361842 objects to mesh.
[011062.13]  01-27 00:43  CatalogMesh                  INFO     Slab 8388608 ~ 12582912 / 28361842.
[011063.24]  01-27 00:43  CatalogMesh                  INFO     Painted 12582912 out of 28361842 objects to mesh.
[011063.24]  01-27 00:43  CatalogMesh                  INFO     Slab 12582912 ~ 16777216 / 28361842.
[011064.35]  01-27 00:43  CatalogMesh                  INFO     Painted 16777216 out of 28361842 objects to mesh.
[011064.35]  01-27 00:43  CatalogMesh                  INFO     Slab 16777216 ~ 20971520 / 28361842.
[011065.46]  01-27 00:43  CatalogMesh                  INFO     Painted 20971520 out of 28361842 objects to mesh.
[011065.46]  01-27 00:43  CatalogMesh                  INFO     Slab 20971520 ~ 25165824 / 28361842.
[011066.68]  01-27 00:44  CatalogMesh                  INFO     Painted 25165824 out of 28361842 objects to mesh.
[011066.68]  01-27 00:44  CatalogMesh                  INFO     Slab 25165824 ~ 29360128 / 28361842.
[011067.72]  01-27 00:44  CatalogMesh                  INFO     Painted 28361842 out of 28361842 objects to mesh.
[011073.21]  01-27 00:44  CatalogFFTPower              INFO     Done painting catalog 1 to mesh.
[011073.21]  01-27 00:44  CatalogFFTPower              INFO     Using 400 k-bins between 0.000 and 0.400.
[011073.21]  01-27 00:44  CatalogFFTPower              INFO     Meshes prepared in elapsed time 35.34 s.
[011073.21]  01-27 00:44  CatalogFFTPower              INFO     Running mesh calculation.
[011090.31]  01-27 00:44  CatalogFFTPower              INFO     Mesh calculations performed in elapsed time 17.09 s.
[011090.31]  01-27 00:44  CatalogFFTPower              INFO     Power spectrum computed in elapsed time 52.43 s.
[011090.31]  01-27 00:44  CatalogFFTPower              INFO     Saving /pscratch/sd/s/shengyu/galaxies/catalogs/Y3/AbacusHF-v2/Boxes/QSO/sn1p250/AbacusSummit_base_c000_ph000/mpspk/pkpoles_QSO_zp1.250_DR2_v1.0+dv_verr_empirical.npy.
[011090.31]  01-27 00:44  compute_2pt                  INFO     Save to /pscratch/sd/s/shengyu/galaxies/catalogs/Y3/AbacusHF-v2/Boxes/QSO/sn1p250/AbacusSummit_base_c000_ph000/mpspk/pkpoles_QSO_zp1.250_DR2_v1.0+dv_verr_empirical.npy
[011090.31]  01-27 00:44  TwoPointCorrelationFunction  INFO     Using estimator <class 'pycorr.twopoint_estimator.NaturalTwoPointEstimator'>.
[011090.31]  01-27 00:44  TwoPointCorrelationFunction  INFO     Running auto-correlation.
[011090.31]  01-27 00:44  TwoPointCorrelationFunction  INFO     Computing two-point counts D1D2.
[011112.96]  01-27 00:44  TwoPointCorrelationFunction  INFO     Analytically computing two-point counts R1R2.
[011112.96]  01-27 00:44  TwoPointCorrelationFunction  INFO     Correlation function computed in elapsed time 22.64 s.
[011112.96]  01-27 00:44  NaturalTwoPointEstimator     INFO     Saving /pscratch/sd/s/shengyu/galaxies/catalogs/Y3/AbacusHF-v2/Boxes/QSO/sn1p250/AbacusSummit_base_c000_ph000/mpspk/mpslog_QSO_zp1.250_DR2_v1.0+dv_verr_empirical.npy.
[011112.96]  01-27 00:44  compute_2pt                  INFO     Save to /pscratch/sd/s/shengyu/galaxies/catalogs/Y3/AbacusHF-v2/Boxes/QSO/sn1p250/AbacusSummit_base_c000_ph000/mpspk/mpslog_QSO_zp1.250_DR2_v1.0+dv_verr_empirical.npy
[011112.96]  01-27 00:44  TwoPointCorrelationFunction  INFO     Using estimator <class 'pycorr.twopoint_estimator.NaturalTwoPointEstimator'>.
[011112.96]  01-27 00:44  TwoPointCorrelationFunction  INFO     Running auto-correlation.
[011112.96]  01-27 00:44  TwoPointCorrelationFunction  INFO     Computing two-point counts D1D2.
[011136.56]  01-27 00:45  TwoPointCorrelationFunction  INFO     Analytically computing two-point counts R1R2.
[011136.56]  01-27 00:45  TwoPointCorrelationFunction  INFO     Correlation function computed in elapsed time 23.59 s.
[011136.56]  01-27 00:45  NaturalTwoPointEstimator     INFO     Saving /pscratch/sd/s/shengyu/galaxies/catalogs/Y3/AbacusHF-v2/Boxes/QSO/sn1p250/AbacusSummit_base_c000_ph000/mpspk/wplog_QSO_zp1.250_DR2_v1.0+dv_verr_empirical.npy.
[011136.56]  01-27 00:45  compute_2pt                  INFO     Save to /pscratch/sd/s/shengyu/galaxies/catalogs/Y3/AbacusHF-v2/Boxes/QSO/sn1p250/AbacusSummit_base_c000_ph000/mpspk/wplog_QSO_zp1.250_DR2_v1.0+dv_verr_empirical.npy
[011136.56]  01-27 00:45  compute_2pt                  INFO     Procceed {'version': 'AbacusHF-v2', 'domain': 'cubic', 'tracer': 'QSO', 'zsnap': 1.25, 'zrange': (1.1, 1.4), 'mock_id': 1, 'use_dv': 'verr_empirical'}
[011136.56]  01-27 00:45  cat_tools                    INFO     Load /pscratch/sd/s/shengyu/galaxies/catalogs/Y3/AbacusHF-v2/Boxes/QSO/sn1p250/AbacusSummit_base_c000_ph001/abacus_HF_QSO_1p250_DR2_v2.0_AbacusSummit_base_c000_ph001_base_clustering.dat.h5
[011136.56]  01-27 00:45  FileStack                    INFO     Reading /pscratch/sd/s/shengyu/galaxies/catalogs/Y3/AbacusHF-v2/Boxes/QSO/sn1p250/AbacusSummit_base_c000_ph001/abacus_HF_QSO_1p250_DR2_v2.0_AbacusSummit_base_c000_ph001_base_clustering.dat.h5.
[011136.57]  01-27 00:45  cat_tools                    INFO     use Z positions shifted in verr_empirical mode
[011137.70]  01-27 00:45  TwoPointCorrelationFunction  INFO     Using estimator <class 'pycorr.twopoint_estimator.NaturalTwoPointEstimator'>.
[011137.70]  01-27 00:45  TwoPointCorrelationFunction  INFO     Running auto-correlation.
[011137.70]  01-27 00:45  TwoPointCorrelationFunction  INFO     Computing two-point counts D1D2.
[011242.23]  01-27 00:46  TwoPointCorrelationFunction  INFO     Analytically computing two-point counts R1R2.
[011242.24]  01-27 00:46  TwoPointCorrelationFunction  INFO     Correlation function computed in elapsed time 104.54 s.
[011242.24]  01-27 00:46  NaturalTwoPointEstimator     INFO     Saving /pscratch/sd/s/shengyu/galaxies/catalogs/Y3/AbacusHF-v2/Boxes/QSO/sn1p250/AbacusSummit_base_c000_ph001/mpspk/xipoles_QSO_zp1.250_DR2_v1.0+dv_verr_empirical.npy.
[011242.24]  01-27 00:46  compute_2pt                  INFO     Save to /pscratch/sd/s/shengyu/galaxies/catalogs/Y3/AbacusHF-v2/Boxes/QSO/sn1p250/AbacusSummit_base_c000_ph001/mpspk/xipoles_QSO_zp1.250_DR2_v1.0+dv_verr_empirical.npy
[011246.07]  01-27 00:46  CatalogFFTPower              INFO     Painting catalog 1 to mesh CatalogMesh(nmesh=[512 512 512], boxsize=[2000. 2000. 2000.], boxcenter=[1000.00003031 1000.00007072  999.99993184], dtype=float64).
[011246.48]  01-27 00:47  CatalogMesh                  INFO     Slab 0 ~ 4194304 / 28334002.
[011247.60]  01-27 00:47  CatalogMesh                  INFO     Painted 4194304 out of 28334002 objects to mesh.
[011247.60]  01-27 00:47  CatalogMesh                  INFO     Slab 4194304 ~ 8388608 / 28334002.
[011248.71]  01-27 00:47  CatalogMesh                  INFO     Painted 8388608 out of 28334002 objects to mesh.
[011248.71]  01-27 00:47  CatalogMesh                  INFO     Slab 8388608 ~ 12582912 / 28334002.
[011249.82]  01-27 00:47  CatalogMesh                  INFO     Painted 12582912 out of 28334002 objects to mesh.
[011249.82]  01-27 00:47  CatalogMesh                  INFO     Slab 12582912 ~ 16777216 / 28334002.
[011250.93]  01-27 00:47  CatalogMesh                  INFO     Painted 16777216 out of 28334002 objects to mesh.
[011250.93]  01-27 00:47  CatalogMesh                  INFO     Slab 16777216 ~ 20971520 / 28334002.
[011252.05]  01-27 00:47  CatalogMesh                  INFO     Painted 20971520 out of 28334002 objects to mesh.
[011252.05]  01-27 00:47  CatalogMesh                  INFO     Slab 20971520 ~ 25165824 / 28334002.
[011253.26]  01-27 00:47  CatalogMesh                  INFO     Painted 25165824 out of 28334002 objects to mesh.
[011253.26]  01-27 00:47  CatalogMesh                  INFO     Slab 25165824 ~ 29360128 / 28334002.
[011254.29]  01-27 00:47  CatalogMesh                  INFO     Painted 28334002 out of 28334002 objects to mesh.
[011254.30]  01-27 00:47  CatalogMesh                  INFO     Running interlacing at order 3.
[011256.54]  01-27 00:47  CatalogMesh                  INFO     Slab 0 ~ 4194304 / 28334002.
[011257.65]  01-27 00:47  CatalogMesh                  INFO     Painted 4194304 out of 28334002 objects to mesh.
[011257.65]  01-27 00:47  CatalogMesh                  INFO     Slab 4194304 ~ 8388608 / 28334002.
[011258.76]  01-27 00:47  CatalogMesh                  INFO     Painted 8388608 out of 28334002 objects to mesh.
[011258.76]  01-27 00:47  CatalogMesh                  INFO     Slab 8388608 ~ 12582912 / 28334002.
[011259.88]  01-27 00:47  CatalogMesh                  INFO     Painted 12582912 out of 28334002 objects to mesh.
[011259.88]  01-27 00:47  CatalogMesh                  INFO     Slab 12582912 ~ 16777216 / 28334002.
[011260.99]  01-27 00:47  CatalogMesh                  INFO     Painted 16777216 out of 28334002 objects to mesh.
[011260.99]  01-27 00:47  CatalogMesh                  INFO     Slab 16777216 ~ 20971520 / 28334002.
[011262.10]  01-27 00:47  CatalogMesh                  INFO     Painted 20971520 out of 28334002 objects to mesh.
[011262.10]  01-27 00:47  CatalogMesh                  INFO     Slab 20971520 ~ 25165824 / 28334002.
[011263.31]  01-27 00:47  CatalogMesh                  INFO     Painted 25165824 out of 28334002 objects to mesh.
[011263.31]  01-27 00:47  CatalogMesh                  INFO     Slab 25165824 ~ 29360128 / 28334002.
[011264.34]  01-27 00:47  CatalogMesh                  INFO     Painted 28334002 out of 28334002 objects to mesh.
[011268.13]  01-27 00:47  CatalogMesh                  INFO     Slab 0 ~ 4194304 / 28334002.
[011269.24]  01-27 00:47  CatalogMesh                  INFO     Painted 4194304 out of 28334002 objects to mesh.
[011269.24]  01-27 00:47  CatalogMesh                  INFO     Slab 4194304 ~ 8388608 / 28334002.
[011270.35]  01-27 00:47  CatalogMesh                  INFO     Painted 8388608 out of 28334002 objects to mesh.
[011270.35]  01-27 00:47  CatalogMesh                  INFO     Slab 8388608 ~ 12582912 / 28334002.
[011271.46]  01-27 00:47  CatalogMesh                  INFO     Painted 12582912 out of 28334002 objects to mesh.
[011271.46]  01-27 00:47  CatalogMesh                  INFO     Slab 12582912 ~ 16777216 / 28334002.
[011272.57]  01-27 00:47  CatalogMesh                  INFO     Painted 16777216 out of 28334002 objects to mesh.
[011272.57]  01-27 00:47  CatalogMesh                  INFO     Slab 16777216 ~ 20971520 / 28334002.
[011273.69]  01-27 00:47  CatalogMesh                  INFO     Painted 20971520 out of 28334002 objects to mesh.
[011273.69]  01-27 00:47  CatalogMesh                  INFO     Slab 20971520 ~ 25165824 / 28334002.
[011274.90]  01-27 00:47  CatalogMesh                  INFO     Painted 25165824 out of 28334002 objects to mesh.
[011274.90]  01-27 00:47  CatalogMesh                  INFO     Slab 25165824 ~ 29360128 / 28334002.
[011275.93]  01-27 00:47  CatalogMesh                  INFO     Painted 28334002 out of 28334002 objects to mesh.
[011281.43]  01-27 00:47  CatalogFFTPower              INFO     Done painting catalog 1 to mesh.
[011281.43]  01-27 00:47  CatalogFFTPower              INFO     Using 400 k-bins between 0.000 and 0.400.
[011281.43]  01-27 00:47  CatalogFFTPower              INFO     Meshes prepared in elapsed time 35.36 s.
[011281.43]  01-27 00:47  CatalogFFTPower              INFO     Running mesh calculation.
[011298.45]  01-27 00:47  CatalogFFTPower              INFO     Mesh calculations performed in elapsed time 17.02 s.
[011298.45]  01-27 00:47  CatalogFFTPower              INFO     Power spectrum computed in elapsed time 52.38 s.
[011298.45]  01-27 00:47  CatalogFFTPower              INFO     Saving /pscratch/sd/s/shengyu/galaxies/catalogs/Y3/AbacusHF-v2/Boxes/QSO/sn1p250/AbacusSummit_base_c000_ph001/mpspk/pkpoles_QSO_zp1.250_DR2_v1.0+dv_verr_empirical.npy.
[011298.45]  01-27 00:47  compute_2pt                  INFO     Save to /pscratch/sd/s/shengyu/galaxies/catalogs/Y3/AbacusHF-v2/Boxes/QSO/sn1p250/AbacusSummit_base_c000_ph001/mpspk/pkpoles_QSO_zp1.250_DR2_v1.0+dv_verr_empirical.npy
[011298.45]  01-27 00:47  TwoPointCorrelationFunction  INFO     Using estimator <class 'pycorr.twopoint_estimator.NaturalTwoPointEstimator'>.
[011298.45]  01-27 00:47  TwoPointCorrelationFunction  INFO     Running auto-correlation.
[011298.45]  01-27 00:47  TwoPointCorrelationFunction  INFO     Computing two-point counts D1D2.
[011322.12]  01-27 00:48  TwoPointCorrelationFunction  INFO     Analytically computing two-point counts R1R2.
[011322.12]  01-27 00:48  TwoPointCorrelationFunction  INFO     Correlation function computed in elapsed time 23.67 s.
[011322.12]  01-27 00:48  NaturalTwoPointEstimator     INFO     Saving /pscratch/sd/s/shengyu/galaxies/catalogs/Y3/AbacusHF-v2/Boxes/QSO/sn1p250/AbacusSummit_base_c000_ph001/mpspk/mpslog_QSO_zp1.250_DR2_v1.0+dv_verr_empirical.npy.
[011322.12]  01-27 00:48  compute_2pt                  INFO     Save to /pscratch/sd/s/shengyu/galaxies/catalogs/Y3/AbacusHF-v2/Boxes/QSO/sn1p250/AbacusSummit_base_c000_ph001/mpspk/mpslog_QSO_zp1.250_DR2_v1.0+dv_verr_empirical.npy
[011322.12]  01-27 00:48  TwoPointCorrelationFunction  INFO     Using estimator <class 'pycorr.twopoint_estimator.NaturalTwoPointEstimator'>.
[011322.12]  01-27 00:48  TwoPointCorrelationFunction  INFO     Running auto-correlation.
[011322.12]  01-27 00:48  TwoPointCorrelationFunction  INFO     Computing two-point counts D1D2.
[011345.36]  01-27 00:48  TwoPointCorrelationFunction  INFO     Analytically computing two-point counts R1R2.
[011345.37]  01-27 00:48  TwoPointCorrelationFunction  INFO     Correlation function computed in elapsed time 23.24 s.
[011345.37]  01-27 00:48  NaturalTwoPointEstimator     INFO     Saving /pscratch/sd/s/shengyu/galaxies/catalogs/Y3/AbacusHF-v2/Boxes/QSO/sn1p250/AbacusSummit_base_c000_ph001/mpspk/wplog_QSO_zp1.250_DR2_v1.0+dv_verr_empirical.npy.
[011345.37]  01-27 00:48  compute_2pt                  INFO     Save to /pscratch/sd/s/shengyu/galaxies/catalogs/Y3/AbacusHF-v2/Boxes/QSO/sn1p250/AbacusSummit_base_c000_ph001/mpspk/wplog_QSO_zp1.250_DR2_v1.0+dv_verr_empirical.npy
[011345.37]  01-27 00:48  compute_2pt                  INFO     Procceed {'version': 'AbacusHF-v2', 'domain': 'cubic', 'tracer': 'QSO', 'zsnap': 1.25, 'zrange': (1.1, 1.4), 'mock_id': 2, 'use_dv': 'verr_empirical'}
[011345.37]  01-27 00:48  cat_tools                    INFO     Load /pscratch/sd/s/shengyu/galaxies/catalogs/Y3/AbacusHF-v2/Boxes/QSO/sn1p250/AbacusSummit_base_c000_ph002/abacus_HF_QSO_1p250_DR2_v2.0_AbacusSummit_base_c000_ph002_base_clustering.dat.h5
[011345.37]  01-27 00:48  FileStack                    INFO     Reading /pscratch/sd/s/shengyu/galaxies/catalogs/Y3/AbacusHF-v2/Boxes/QSO/sn1p250/AbacusSummit_base_c000_ph002/abacus_HF_QSO_1p250_DR2_v2.0_AbacusSummit_base_c000_ph002_base_clustering.dat.h5.
[011345.38]  01-27 00:48  cat_tools                    INFO     use Z positions shifted in verr_empirical mode
[011346.47]  01-27 00:48  TwoPointCorrelationFunction  INFO     Using estimator <class 'pycorr.twopoint_estimator.NaturalTwoPointEstimator'>.
[011346.47]  01-27 00:48  TwoPointCorrelationFunction  INFO     Running auto-correlation.
[011346.47]  01-27 00:48  TwoPointCorrelationFunction  INFO     Computing two-point counts D1D2.
[011450.39]  01-27 00:50  TwoPointCorrelationFunction  INFO     Analytically computing two-point counts R1R2.
[011450.39]  01-27 00:50  TwoPointCorrelationFunction  INFO     Correlation function computed in elapsed time 103.92 s.
[011450.39]  01-27 00:50  NaturalTwoPointEstimator     INFO     Saving /pscratch/sd/s/shengyu/galaxies/catalogs/Y3/AbacusHF-v2/Boxes/QSO/sn1p250/AbacusSummit_base_c000_ph002/mpspk/xipoles_QSO_zp1.250_DR2_v1.0+dv_verr_empirical.npy.
[011450.40]  01-27 00:50  compute_2pt                  INFO     Save to /pscratch/sd/s/shengyu/galaxies/catalogs/Y3/AbacusHF-v2/Boxes/QSO/sn1p250/AbacusSummit_base_c000_ph002/mpspk/xipoles_QSO_zp1.250_DR2_v1.0+dv_verr_empirical.npy
[011454.24]  01-27 00:50  CatalogFFTPower              INFO     Painting catalog 1 to mesh CatalogMesh(nmesh=[512 512 512], boxsize=[2000. 2000. 2000.], boxcenter=[1000.00000828  999.99999139 1000.00005373], dtype=float64).
[011454.64]  01-27 00:50  CatalogMesh                  INFO     Slab 0 ~ 4194304 / 28376362.
[011455.76]  01-27 00:50  CatalogMesh                  INFO     Painted 4194304 out of 28376362 objects to mesh.
[011455.76]  01-27 00:50  CatalogMesh                  INFO     Slab 4194304 ~ 8388608 / 28376362.
[011456.87]  01-27 00:50  CatalogMesh                  INFO     Painted 8388608 out of 28376362 objects to mesh.
[011456.87]  01-27 00:50  CatalogMesh                  INFO     Slab 8388608 ~ 12582912 / 28376362.
[011457.98]  01-27 00:50  CatalogMesh                  INFO     Painted 12582912 out of 28376362 objects to mesh.
[011457.98]  01-27 00:50  CatalogMesh                  INFO     Slab 12582912 ~ 16777216 / 28376362.
[011459.09]  01-27 00:50  CatalogMesh                  INFO     Painted 16777216 out of 28376362 objects to mesh.
[011459.09]  01-27 00:50  CatalogMesh                  INFO     Slab 16777216 ~ 20971520 / 28376362.
[011460.20]  01-27 00:50  CatalogMesh                  INFO     Painted 20971520 out of 28376362 objects to mesh.
[011460.20]  01-27 00:50  CatalogMesh                  INFO     Slab 20971520 ~ 25165824 / 28376362.
[011461.41]  01-27 00:50  CatalogMesh                  INFO     Painted 25165824 out of 28376362 objects to mesh.
[011461.41]  01-27 00:50  CatalogMesh                  INFO     Slab 25165824 ~ 29360128 / 28376362.
[011462.46]  01-27 00:50  CatalogMesh                  INFO     Painted 28376362 out of 28376362 objects to mesh.
[011462.46]  01-27 00:50  CatalogMesh                  INFO     Running interlacing at order 3.
[011464.69]  01-27 00:50  CatalogMesh                  INFO     Slab 0 ~ 4194304 / 28376362.
[011465.80]  01-27 00:50  CatalogMesh                  INFO     Painted 4194304 out of 28376362 objects to mesh.
[011465.80]  01-27 00:50  CatalogMesh                  INFO     Slab 4194304 ~ 8388608 / 28376362.
[011466.92]  01-27 00:50  CatalogMesh                  INFO     Painted 8388608 out of 28376362 objects to mesh.
[011466.92]  01-27 00:50  CatalogMesh                  INFO     Slab 8388608 ~ 12582912 / 28376362.
[011468.03]  01-27 00:50  CatalogMesh                  INFO     Painted 12582912 out of 28376362 objects to mesh.
[011468.03]  01-27 00:50  CatalogMesh                  INFO     Slab 12582912 ~ 16777216 / 28376362.
[011469.14]  01-27 00:50  CatalogMesh                  INFO     Painted 16777216 out of 28376362 objects to mesh.
[011469.14]  01-27 00:50  CatalogMesh                  INFO     Slab 16777216 ~ 20971520 / 28376362.
[011470.25]  01-27 00:50  CatalogMesh                  INFO     Painted 20971520 out of 28376362 objects to mesh.
[011470.25]  01-27 00:50  CatalogMesh                  INFO     Slab 20971520 ~ 25165824 / 28376362.
[011471.46]  01-27 00:50  CatalogMesh                  INFO     Painted 25165824 out of 28376362 objects to mesh.
[011471.46]  01-27 00:50  CatalogMesh                  INFO     Slab 25165824 ~ 29360128 / 28376362.
[011472.51]  01-27 00:50  CatalogMesh                  INFO     Painted 28376362 out of 28376362 objects to mesh.
[011476.29]  01-27 00:50  CatalogMesh                  INFO     Slab 0 ~ 4194304 / 28376362.
[011477.40]  01-27 00:50  CatalogMesh                  INFO     Painted 4194304 out of 28376362 objects to mesh.
[011477.40]  01-27 00:50  CatalogMesh                  INFO     Slab 4194304 ~ 8388608 / 28376362.
[011478.52]  01-27 00:50  CatalogMesh                  INFO     Painted 8388608 out of 28376362 objects to mesh.
[011478.52]  01-27 00:50  CatalogMesh                  INFO     Slab 8388608 ~ 12582912 / 28376362.
[011479.63]  01-27 00:50  CatalogMesh                  INFO     Painted 12582912 out of 28376362 objects to mesh.
[011479.63]  01-27 00:50  CatalogMesh                  INFO     Slab 12582912 ~ 16777216 / 28376362.
[011480.74]  01-27 00:50  CatalogMesh                  INFO     Painted 16777216 out of 28376362 objects to mesh.
[011480.74]  01-27 00:50  CatalogMesh                  INFO     Slab 16777216 ~ 20971520 / 28376362.
[011481.85]  01-27 00:50  CatalogMesh                  INFO     Painted 20971520 out of 28376362 objects to mesh.
[011481.85]  01-27 00:50  CatalogMesh                  INFO     Slab 20971520 ~ 25165824 / 28376362.
[011483.06]  01-27 00:50  CatalogMesh                  INFO     Painted 25165824 out of 28376362 objects to mesh.
[011483.06]  01-27 00:50  CatalogMesh                  INFO     Slab 25165824 ~ 29360128 / 28376362.
[011484.10]  01-27 00:50  CatalogMesh                  INFO     Painted 28376362 out of 28376362 objects to mesh.
[011489.61]  01-27 00:51  CatalogFFTPower              INFO     Done painting catalog 1 to mesh.
[011489.61]  01-27 00:51  CatalogFFTPower              INFO     Using 400 k-bins between 0.000 and 0.400.
[011489.61]  01-27 00:51  CatalogFFTPower              INFO     Meshes prepared in elapsed time 35.38 s.
[011489.62]  01-27 00:51  CatalogFFTPower              INFO     Running mesh calculation.
[011506.70]  01-27 00:51  CatalogFFTPower              INFO     Mesh calculations performed in elapsed time 17.09 s.
[011506.70]  01-27 00:51  CatalogFFTPower              INFO     Power spectrum computed in elapsed time 52.46 s.
[011506.70]  01-27 00:51  CatalogFFTPower              INFO     Saving /pscratch/sd/s/shengyu/galaxies/catalogs/Y3/AbacusHF-v2/Boxes/QSO/sn1p250/AbacusSummit_base_c000_ph002/mpspk/pkpoles_QSO_zp1.250_DR2_v1.0+dv_verr_empirical.npy.
[011506.70]  01-27 00:51  compute_2pt                  INFO     Save to /pscratch/sd/s/shengyu/galaxies/catalogs/Y3/AbacusHF-v2/Boxes/QSO/sn1p250/AbacusSummit_base_c000_ph002/mpspk/pkpoles_QSO_zp1.250_DR2_v1.0+dv_verr_empirical.npy
[011506.70]  01-27 00:51  TwoPointCorrelationFunction  INFO     Using estimator <class 'pycorr.twopoint_estimator.NaturalTwoPointEstimator'>.
[011506.70]  01-27 00:51  TwoPointCorrelationFunction  INFO     Running auto-correlation.
[011506.70]  01-27 00:51  TwoPointCorrelationFunction  INFO     Computing two-point counts D1D2.
[011531.54]  01-27 00:51  TwoPointCorrelationFunction  INFO     Analytically computing two-point counts R1R2.
[011531.54]  01-27 00:51  TwoPointCorrelationFunction  INFO     Correlation function computed in elapsed time 24.84 s.
[011531.54]  01-27 00:51  NaturalTwoPointEstimator     INFO     Saving /pscratch/sd/s/shengyu/galaxies/catalogs/Y3/AbacusHF-v2/Boxes/QSO/sn1p250/AbacusSummit_base_c000_ph002/mpspk/mpslog_QSO_zp1.250_DR2_v1.0+dv_verr_empirical.npy.
[011531.55]  01-27 00:51  compute_2pt                  INFO     Save to /pscratch/sd/s/shengyu/galaxies/catalogs/Y3/AbacusHF-v2/Boxes/QSO/sn1p250/AbacusSummit_base_c000_ph002/mpspk/mpslog_QSO_zp1.250_DR2_v1.0+dv_verr_empirical.npy
[011531.55]  01-27 00:51  TwoPointCorrelationFunction  INFO     Using estimator <class 'pycorr.twopoint_estimator.NaturalTwoPointEstimator'>.
[011531.55]  01-27 00:51  TwoPointCorrelationFunction  INFO     Running auto-correlation.
[011531.55]  01-27 00:51  TwoPointCorrelationFunction  INFO     Computing two-point counts D1D2.
[011554.83]  01-27 00:52  TwoPointCorrelationFunction  INFO     Analytically computing two-point counts R1R2.
[011554.84]  01-27 00:52  TwoPointCorrelationFunction  INFO     Correlation function computed in elapsed time 23.29 s.
[011554.84]  01-27 00:52  NaturalTwoPointEstimator     INFO     Saving /pscratch/sd/s/shengyu/galaxies/catalogs/Y3/AbacusHF-v2/Boxes/QSO/sn1p250/AbacusSummit_base_c000_ph002/mpspk/wplog_QSO_zp1.250_DR2_v1.0+dv_verr_empirical.npy.
[011554.84]  01-27 00:52  compute_2pt                  INFO     Save to /pscratch/sd/s/shengyu/galaxies/catalogs/Y3/AbacusHF-v2/Boxes/QSO/sn1p250/AbacusSummit_base_c000_ph002/mpspk/wplog_QSO_zp1.250_DR2_v1.0+dv_verr_empirical.npy
[011554.84]  01-27 00:52  compute_2pt                  INFO     Procceed {'version': 'AbacusHF-v2', 'domain': 'cubic', 'tracer': 'QSO', 'zsnap': 1.25, 'zrange': (1.1, 1.4), 'mock_id': 3, 'use_dv': 'verr_empirical'}
[011554.84]  01-27 00:52  cat_tools                    INFO     Load /pscratch/sd/s/shengyu/galaxies/catalogs/Y3/AbacusHF-v2/Boxes/QSO/sn1p250/AbacusSummit_base_c000_ph003/abacus_HF_QSO_1p250_DR2_v2.0_AbacusSummit_base_c000_ph003_base_clustering.dat.h5
[011554.84]  01-27 00:52  FileStack                    INFO     Reading /pscratch/sd/s/shengyu/galaxies/catalogs/Y3/AbacusHF-v2/Boxes/QSO/sn1p250/AbacusSummit_base_c000_ph003/abacus_HF_QSO_1p250_DR2_v2.0_AbacusSummit_base_c000_ph003_base_clustering.dat.h5.
[011554.85]  01-27 00:52  cat_tools                    INFO     use Z positions shifted in verr_empirical mode
[011555.96]  01-27 00:52  TwoPointCorrelationFunction  INFO     Using estimator <class 'pycorr.twopoint_estimator.NaturalTwoPointEstimator'>.
[011555.96]  01-27 00:52  TwoPointCorrelationFunction  INFO     Running auto-correlation.
[011555.96]  01-27 00:52  TwoPointCorrelationFunction  INFO     Computing two-point counts D1D2.
[011659.86]  01-27 00:53  TwoPointCorrelationFunction  INFO     Analytically computing two-point counts R1R2.
[011659.86]  01-27 00:53  TwoPointCorrelationFunction  INFO     Correlation function computed in elapsed time 103.90 s.
[011659.86]  01-27 00:53  NaturalTwoPointEstimator     INFO     Saving /pscratch/sd/s/shengyu/galaxies/catalogs/Y3/AbacusHF-v2/Boxes/QSO/sn1p250/AbacusSummit_base_c000_ph003/mpspk/xipoles_QSO_zp1.250_DR2_v1.0+dv_verr_empirical.npy.
[011659.86]  01-27 00:53  compute_2pt                  INFO     Save to /pscratch/sd/s/shengyu/galaxies/catalogs/Y3/AbacusHF-v2/Boxes/QSO/sn1p250/AbacusSummit_base_c000_ph003/mpspk/xipoles_QSO_zp1.250_DR2_v1.0+dv_verr_empirical.npy
[011663.69]  01-27 00:53  CatalogFFTPower              INFO     Painting catalog 1 to mesh CatalogMesh(nmesh=[512 512 512], boxsize=[2000. 2000. 2000.], boxcenter=[1000.00000062  999.99996393  999.99999847], dtype=float64).
[011664.10]  01-27 00:53  CatalogMesh                  INFO     Slab 0 ~ 4194304 / 28332710.
[011665.23]  01-27 00:53  CatalogMesh                  INFO     Painted 4194304 out of 28332710 objects to mesh.
[011665.23]  01-27 00:53  CatalogMesh                  INFO     Slab 4194304 ~ 8388608 / 28332710.
[011666.35]  01-27 00:54  CatalogMesh                  INFO     Painted 8388608 out of 28332710 objects to mesh.
[011666.35]  01-27 00:54  CatalogMesh                  INFO     Slab 8388608 ~ 12582912 / 28332710.
[011667.47]  01-27 00:54  CatalogMesh                  INFO     Painted 12582912 out of 28332710 objects to mesh.
[011667.47]  01-27 00:54  CatalogMesh                  INFO     Slab 12582912 ~ 16777216 / 28332710.
[011668.59]  01-27 00:54  CatalogMesh                  INFO     Painted 16777216 out of 28332710 objects to mesh.
[011668.59]  01-27 00:54  CatalogMesh                  INFO     Slab 16777216 ~ 20971520 / 28332710.
[011669.71]  01-27 00:54  CatalogMesh                  INFO     Painted 20971520 out of 28332710 objects to mesh.
[011669.71]  01-27 00:54  CatalogMesh                  INFO     Slab 20971520 ~ 25165824 / 28332710.
[011670.93]  01-27 00:54  CatalogMesh                  INFO     Painted 25165824 out of 28332710 objects to mesh.
[011670.93]  01-27 00:54  CatalogMesh                  INFO     Slab 25165824 ~ 29360128 / 28332710.
[011671.97]  01-27 00:54  CatalogMesh                  INFO     Painted 28332710 out of 28332710 objects to mesh.
[011671.97]  01-27 00:54  CatalogMesh                  INFO     Running interlacing at order 3.
[011674.22]  01-27 00:54  CatalogMesh                  INFO     Slab 0 ~ 4194304 / 28332710.
[011675.34]  01-27 00:54  CatalogMesh                  INFO     Painted 4194304 out of 28332710 objects to mesh.
[011675.34]  01-27 00:54  CatalogMesh                  INFO     Slab 4194304 ~ 8388608 / 28332710.
[011676.48]  01-27 00:54  CatalogMesh                  INFO     Painted 8388608 out of 28332710 objects to mesh.
[011676.48]  01-27 00:54  CatalogMesh                  INFO     Slab 8388608 ~ 12582912 / 28332710.
[011677.61]  01-27 00:54  CatalogMesh                  INFO     Painted 12582912 out of 28332710 objects to mesh.
[011677.61]  01-27 00:54  CatalogMesh                  INFO     Slab 12582912 ~ 16777216 / 28332710.
[011678.74]  01-27 00:54  CatalogMesh                  INFO     Painted 16777216 out of 28332710 objects to mesh.
[011678.74]  01-27 00:54  CatalogMesh                  INFO     Slab 16777216 ~ 20971520 / 28332710.
[011679.86]  01-27 00:54  CatalogMesh                  INFO     Painted 20971520 out of 28332710 objects to mesh.
[011679.86]  01-27 00:54  CatalogMesh                  INFO     Slab 20971520 ~ 25165824 / 28332710.
[011681.08]  01-27 00:54  CatalogMesh                  INFO     Painted 25165824 out of 28332710 objects to mesh.
[011681.08]  01-27 00:54  CatalogMesh                  INFO     Slab 25165824 ~ 29360128 / 28332710.
[011682.11]  01-27 00:54  CatalogMesh                  INFO     Painted 28332710 out of 28332710 objects to mesh.
[011685.92]  01-27 00:54  CatalogMesh                  INFO     Slab 0 ~ 4194304 / 28332710.
[011687.04]  01-27 00:54  CatalogMesh                  INFO     Painted 4194304 out of 28332710 objects to mesh.
[011687.04]  01-27 00:54  CatalogMesh                  INFO     Slab 4194304 ~ 8388608 / 28332710.
[011688.15]  01-27 00:54  CatalogMesh                  INFO     Painted 8388608 out of 28332710 objects to mesh.
[011688.15]  01-27 00:54  CatalogMesh                  INFO     Slab 8388608 ~ 12582912 / 28332710.
[011689.27]  01-27 00:54  CatalogMesh                  INFO     Painted 12582912 out of 28332710 objects to mesh.
[011689.27]  01-27 00:54  CatalogMesh                  INFO     Slab 12582912 ~ 16777216 / 28332710.
[011690.41]  01-27 00:54  CatalogMesh                  INFO     Painted 16777216 out of 28332710 objects to mesh.
[011690.41]  01-27 00:54  CatalogMesh                  INFO     Slab 16777216 ~ 20971520 / 28332710.
[011691.53]  01-27 00:54  CatalogMesh                  INFO     Painted 20971520 out of 28332710 objects to mesh.
[011691.53]  01-27 00:54  CatalogMesh                  INFO     Slab 20971520 ~ 25165824 / 28332710.
[011692.74]  01-27 00:54  CatalogMesh                  INFO     Painted 25165824 out of 28332710 objects to mesh.
[011692.74]  01-27 00:54  CatalogMesh                  INFO     Slab 25165824 ~ 29360128 / 28332710.
[011693.77]  01-27 00:54  CatalogMesh                  INFO     Painted 28332710 out of 28332710 objects to mesh.
[011699.30]  01-27 00:54  CatalogFFTPower              INFO     Done painting catalog 1 to mesh.
[011699.30]  01-27 00:54  CatalogFFTPower              INFO     Using 400 k-bins between 0.000 and 0.400.
[011699.30]  01-27 00:54  CatalogFFTPower              INFO     Meshes prepared in elapsed time 35.61 s.
[011699.30]  01-27 00:54  CatalogFFTPower              INFO     Running mesh calculation.
[011716.42]  01-27 00:54  CatalogFFTPower              INFO     Mesh calculations performed in elapsed time 17.12 s.
[011716.42]  01-27 00:54  CatalogFFTPower              INFO     Power spectrum computed in elapsed time 52.73 s.
[011716.42]  01-27 00:54  CatalogFFTPower              INFO     Saving /pscratch/sd/s/shengyu/galaxies/catalogs/Y3/AbacusHF-v2/Boxes/QSO/sn1p250/AbacusSummit_base_c000_ph003/mpspk/pkpoles_QSO_zp1.250_DR2_v1.0+dv_verr_empirical.npy.
[011716.42]  01-27 00:54  compute_2pt                  INFO     Save to /pscratch/sd/s/shengyu/galaxies/catalogs/Y3/AbacusHF-v2/Boxes/QSO/sn1p250/AbacusSummit_base_c000_ph003/mpspk/pkpoles_QSO_zp1.250_DR2_v1.0+dv_verr_empirical.npy
[011716.43]  01-27 00:54  TwoPointCorrelationFunction  INFO     Using estimator <class 'pycorr.twopoint_estimator.NaturalTwoPointEstimator'>.
[011716.43]  01-27 00:54  TwoPointCorrelationFunction  INFO     Running auto-correlation.
[011716.43]  01-27 00:54  TwoPointCorrelationFunction  INFO     Computing two-point counts D1D2.
[011740.70]  01-27 00:55  TwoPointCorrelationFunction  INFO     Analytically computing two-point counts R1R2.
[011740.70]  01-27 00:55  TwoPointCorrelationFunction  INFO     Correlation function computed in elapsed time 24.28 s.
[011740.70]  01-27 00:55  NaturalTwoPointEstimator     INFO     Saving /pscratch/sd/s/shengyu/galaxies/catalogs/Y3/AbacusHF-v2/Boxes/QSO/sn1p250/AbacusSummit_base_c000_ph003/mpspk/mpslog_QSO_zp1.250_DR2_v1.0+dv_verr_empirical.npy.
[011740.70]  01-27 00:55  compute_2pt                  INFO     Save to /pscratch/sd/s/shengyu/galaxies/catalogs/Y3/AbacusHF-v2/Boxes/QSO/sn1p250/AbacusSummit_base_c000_ph003/mpspk/mpslog_QSO_zp1.250_DR2_v1.0+dv_verr_empirical.npy
[011740.71]  01-27 00:55  TwoPointCorrelationFunction  INFO     Using estimator <class 'pycorr.twopoint_estimator.NaturalTwoPointEstimator'>.
[011740.71]  01-27 00:55  TwoPointCorrelationFunction  INFO     Running auto-correlation.
[011740.71]  01-27 00:55  TwoPointCorrelationFunction  INFO     Computing two-point counts D1D2.
[011764.37]  01-27 00:55  TwoPointCorrelationFunction  INFO     Analytically computing two-point counts R1R2.
[011764.37]  01-27 00:55  TwoPointCorrelationFunction  INFO     Correlation function computed in elapsed time 23.66 s.
[011764.37]  01-27 00:55  NaturalTwoPointEstimator     INFO     Saving /pscratch/sd/s/shengyu/galaxies/catalogs/Y3/AbacusHF-v2/Boxes/QSO/sn1p250/AbacusSummit_base_c000_ph003/mpspk/wplog_QSO_zp1.250_DR2_v1.0+dv_verr_empirical.npy.
[011764.37]  01-27 00:55  compute_2pt                  INFO     Save to /pscratch/sd/s/shengyu/galaxies/catalogs/Y3/AbacusHF-v2/Boxes/QSO/sn1p250/AbacusSummit_base_c000_ph003/mpspk/wplog_QSO_zp1.250_DR2_v1.0+dv_verr_empirical.npy
[011764.38]  01-27 00:55  compute_2pt                  INFO     Procceed {'version': 'AbacusHF-v2', 'domain': 'cubic', 'tracer': 'QSO', 'zsnap': 1.25, 'zrange': (1.1, 1.4), 'mock_id': 4, 'use_dv': 'verr_empirical'}
[011764.38]  01-27 00:55  cat_tools                    INFO     Load /pscratch/sd/s/shengyu/galaxies/catalogs/Y3/AbacusHF-v2/Boxes/QSO/sn1p250/AbacusSummit_base_c000_ph004/abacus_HF_QSO_1p250_DR2_v2.0_AbacusSummit_base_c000_ph004_base_clustering.dat.h5
[011764.38]  01-27 00:55  FileStack                    INFO     Reading /pscratch/sd/s/shengyu/galaxies/catalogs/Y3/AbacusHF-v2/Boxes/QSO/sn1p250/AbacusSummit_base_c000_ph004/abacus_HF_QSO_1p250_DR2_v2.0_AbacusSummit_base_c000_ph004_base_clustering.dat.h5.
[011764.38]  01-27 00:55  cat_tools                    INFO     use Z positions shifted in verr_empirical mode
[011765.49]  01-27 00:55  TwoPointCorrelationFunction  INFO     Using estimator <class 'pycorr.twopoint_estimator.NaturalTwoPointEstimator'>.
[011765.49]  01-27 00:55  TwoPointCorrelationFunction  INFO     Running auto-correlation.
[011765.49]  01-27 00:55  TwoPointCorrelationFunction  INFO     Computing two-point counts D1D2.
[011870.17]  01-27 00:57  TwoPointCorrelationFunction  INFO     Analytically computing two-point counts R1R2.
[011870.17]  01-27 00:57  TwoPointCorrelationFunction  INFO     Correlation function computed in elapsed time 104.68 s.
[011870.17]  01-27 00:57  NaturalTwoPointEstimator     INFO     Saving /pscratch/sd/s/shengyu/galaxies/catalogs/Y3/AbacusHF-v2/Boxes/QSO/sn1p250/AbacusSummit_base_c000_ph004/mpspk/xipoles_QSO_zp1.250_DR2_v1.0+dv_verr_empirical.npy.
[011870.17]  01-27 00:57  compute_2pt                  INFO     Save to /pscratch/sd/s/shengyu/galaxies/catalogs/Y3/AbacusHF-v2/Boxes/QSO/sn1p250/AbacusSummit_base_c000_ph004/mpspk/xipoles_QSO_zp1.250_DR2_v1.0+dv_verr_empirical.npy
[011874.01]  01-27 00:57  CatalogFFTPower              INFO     Painting catalog 1 to mesh CatalogMesh(nmesh=[512 512 512], boxsize=[2000. 2000. 2000.], boxcenter=[ 999.99998142 1000.00004019  999.99998854], dtype=float64).
[011874.42]  01-27 00:57  CatalogMesh                  INFO     Slab 0 ~ 4194304 / 28338357.
[011875.55]  01-27 00:57  CatalogMesh                  INFO     Painted 4194304 out of 28338357 objects to mesh.
[011875.55]  01-27 00:57  CatalogMesh                  INFO     Slab 4194304 ~ 8388608 / 28338357.
[011876.67]  01-27 00:57  CatalogMesh                  INFO     Painted 8388608 out of 28338357 objects to mesh.
[011876.67]  01-27 00:57  CatalogMesh                  INFO     Slab 8388608 ~ 12582912 / 28338357.
[011877.79]  01-27 00:57  CatalogMesh                  INFO     Painted 12582912 out of 28338357 objects to mesh.
[011877.79]  01-27 00:57  CatalogMesh                  INFO     Slab 12582912 ~ 16777216 / 28338357.
[011878.90]  01-27 00:57  CatalogMesh                  INFO     Painted 16777216 out of 28338357 objects to mesh.
[011878.90]  01-27 00:57  CatalogMesh                  INFO     Slab 16777216 ~ 20971520 / 28338357.
[011880.02]  01-27 00:57  CatalogMesh                  INFO     Painted 20971520 out of 28338357 objects to mesh.
[011880.02]  01-27 00:57  CatalogMesh                  INFO     Slab 20971520 ~ 25165824 / 28338357.
[011881.23]  01-27 00:57  CatalogMesh                  INFO     Painted 25165824 out of 28338357 objects to mesh.
[011881.23]  01-27 00:57  CatalogMesh                  INFO     Slab 25165824 ~ 29360128 / 28338357.
[011882.26]  01-27 00:57  CatalogMesh                  INFO     Painted 28338357 out of 28338357 objects to mesh.
[011882.27]  01-27 00:57  CatalogMesh                  INFO     Running interlacing at order 3.
[011884.51]  01-27 00:57  CatalogMesh                  INFO     Slab 0 ~ 4194304 / 28338357.
[011885.62]  01-27 00:57  CatalogMesh                  INFO     Painted 4194304 out of 28338357 objects to mesh.
[011885.62]  01-27 00:57  CatalogMesh                  INFO     Slab 4194304 ~ 8388608 / 28338357.
[011886.74]  01-27 00:57  CatalogMesh                  INFO     Painted 8388608 out of 28338357 objects to mesh.
[011886.74]  01-27 00:57  CatalogMesh                  INFO     Slab 8388608 ~ 12582912 / 28338357.
[011887.85]  01-27 00:57  CatalogMesh                  INFO     Painted 12582912 out of 28338357 objects to mesh.
[011887.85]  01-27 00:57  CatalogMesh                  INFO     Slab 12582912 ~ 16777216 / 28338357.
[011888.97]  01-27 00:57  CatalogMesh                  INFO     Painted 16777216 out of 28338357 objects to mesh.
[011888.98]  01-27 00:57  CatalogMesh                  INFO     Slab 16777216 ~ 20971520 / 28338357.
[011890.10]  01-27 00:57  CatalogMesh                  INFO     Painted 20971520 out of 28338357 objects to mesh.
[011890.10]  01-27 00:57  CatalogMesh                  INFO     Slab 20971520 ~ 25165824 / 28338357.
[011891.31]  01-27 00:57  CatalogMesh                  INFO     Painted 25165824 out of 28338357 objects to mesh.
[011891.31]  01-27 00:57  CatalogMesh                  INFO     Slab 25165824 ~ 29360128 / 28338357.
[011892.34]  01-27 00:57  CatalogMesh                  INFO     Painted 28338357 out of 28338357 objects to mesh.
[011896.14]  01-27 00:57  CatalogMesh                  INFO     Slab 0 ~ 4194304 / 28338357.
[011897.25]  01-27 00:57  CatalogMesh                  INFO     Painted 4194304 out of 28338357 objects to mesh.
[011897.25]  01-27 00:57  CatalogMesh                  INFO     Slab 4194304 ~ 8388608 / 28338357.
[011898.37]  01-27 00:57  CatalogMesh                  INFO     Painted 8388608 out of 28338357 objects to mesh.
[011898.37]  01-27 00:57  CatalogMesh                  INFO     Slab 8388608 ~ 12582912 / 28338357.
[011899.48]  01-27 00:57  CatalogMesh                  INFO     Painted 12582912 out of 28338357 objects to mesh.
[011899.48]  01-27 00:57  CatalogMesh                  INFO     Slab 12582912 ~ 16777216 / 28338357.
[011900.59]  01-27 00:57  CatalogMesh                  INFO     Painted 16777216 out of 28338357 objects to mesh.
[011900.59]  01-27 00:57  CatalogMesh                  INFO     Slab 16777216 ~ 20971520 / 28338357.
[011901.71]  01-27 00:57  CatalogMesh                  INFO     Painted 20971520 out of 28338357 objects to mesh.
[011901.71]  01-27 00:57  CatalogMesh                  INFO     Slab 20971520 ~ 25165824 / 28338357.
[011902.92]  01-27 00:57  CatalogMesh                  INFO     Painted 25165824 out of 28338357 objects to mesh.
[011902.92]  01-27 00:57  CatalogMesh                  INFO     Slab 25165824 ~ 29360128 / 28338357.
[011903.95]  01-27 00:57  CatalogMesh                  INFO     Painted 28338357 out of 28338357 objects to mesh.
[011909.46]  01-27 00:58  CatalogFFTPower              INFO     Done painting catalog 1 to mesh.
[011909.46]  01-27 00:58  CatalogFFTPower              INFO     Using 400 k-bins between 0.000 and 0.400.
[011909.46]  01-27 00:58  CatalogFFTPower              INFO     Meshes prepared in elapsed time 35.45 s.
[011909.46]  01-27 00:58  CatalogFFTPower              INFO     Running mesh calculation.
[011926.59]  01-27 00:58  CatalogFFTPower              INFO     Mesh calculations performed in elapsed time 17.13 s.
[011926.59]  01-27 00:58  CatalogFFTPower              INFO     Power spectrum computed in elapsed time 52.58 s.
[011926.59]  01-27 00:58  CatalogFFTPower              INFO     Saving /pscratch/sd/s/shengyu/galaxies/catalogs/Y3/AbacusHF-v2/Boxes/QSO/sn1p250/AbacusSummit_base_c000_ph004/mpspk/pkpoles_QSO_zp1.250_DR2_v1.0+dv_verr_empirical.npy.
[011926.60]  01-27 00:58  compute_2pt                  INFO     Save to /pscratch/sd/s/shengyu/galaxies/catalogs/Y3/AbacusHF-v2/Boxes/QSO/sn1p250/AbacusSummit_base_c000_ph004/mpspk/pkpoles_QSO_zp1.250_DR2_v1.0+dv_verr_empirical.npy
[011926.60]  01-27 00:58  TwoPointCorrelationFunction  INFO     Using estimator <class 'pycorr.twopoint_estimator.NaturalTwoPointEstimator'>.
[011926.60]  01-27 00:58  TwoPointCorrelationFunction  INFO     Running auto-correlation.
[011926.60]  01-27 00:58  TwoPointCorrelationFunction  INFO     Computing two-point counts D1D2.
[011949.43]  01-27 00:58  TwoPointCorrelationFunction  INFO     Analytically computing two-point counts R1R2.
[011949.43]  01-27 00:58  TwoPointCorrelationFunction  INFO     Correlation function computed in elapsed time 22.84 s.
[011949.43]  01-27 00:58  NaturalTwoPointEstimator     INFO     Saving /pscratch/sd/s/shengyu/galaxies/catalogs/Y3/AbacusHF-v2/Boxes/QSO/sn1p250/AbacusSummit_base_c000_ph004/mpspk/mpslog_QSO_zp1.250_DR2_v1.0+dv_verr_empirical.npy.
[011949.44]  01-27 00:58  compute_2pt                  INFO     Save to /pscratch/sd/s/shengyu/galaxies/catalogs/Y3/AbacusHF-v2/Boxes/QSO/sn1p250/AbacusSummit_base_c000_ph004/mpspk/mpslog_QSO_zp1.250_DR2_v1.0+dv_verr_empirical.npy
[011949.44]  01-27 00:58  TwoPointCorrelationFunction  INFO     Using estimator <class 'pycorr.twopoint_estimator.NaturalTwoPointEstimator'>.
[011949.44]  01-27 00:58  TwoPointCorrelationFunction  INFO     Running auto-correlation.
[011949.44]  01-27 00:58  TwoPointCorrelationFunction  INFO     Computing two-point counts D1D2.
[011972.59]  01-27 00:59  TwoPointCorrelationFunction  INFO     Analytically computing two-point counts R1R2.
[011972.59]  01-27 00:59  TwoPointCorrelationFunction  INFO     Correlation function computed in elapsed time 23.15 s.
[011972.59]  01-27 00:59  NaturalTwoPointEstimator     INFO     Saving /pscratch/sd/s/shengyu/galaxies/catalogs/Y3/AbacusHF-v2/Boxes/QSO/sn1p250/AbacusSummit_base_c000_ph004/mpspk/wplog_QSO_zp1.250_DR2_v1.0+dv_verr_empirical.npy.
[011972.59]  01-27 00:59  compute_2pt                  INFO     Save to /pscratch/sd/s/shengyu/galaxies/catalogs/Y3/AbacusHF-v2/Boxes/QSO/sn1p250/AbacusSummit_base_c000_ph004/mpspk/wplog_QSO_zp1.250_DR2_v1.0+dv_verr_empirical.npy
[011972.59]  01-27 00:59  compute_2pt                  INFO     Procceed {'version': 'AbacusHF-v2', 'domain': 'cubic', 'tracer': 'QSO', 'zsnap': 1.25, 'zrange': (1.1, 1.4), 'mock_id': 5, 'use_dv': 'verr_empirical'}
[011972.59]  01-27 00:59  cat_tools                    INFO     Load /pscratch/sd/s/shengyu/galaxies/catalogs/Y3/AbacusHF-v2/Boxes/QSO/sn1p250/AbacusSummit_base_c000_ph005/abacus_HF_QSO_1p250_DR2_v2.0_AbacusSummit_base_c000_ph005_base_clustering.dat.h5
[011972.59]  01-27 00:59  FileStack                    INFO     Reading /pscratch/sd/s/shengyu/galaxies/catalogs/Y3/AbacusHF-v2/Boxes/QSO/sn1p250/AbacusSummit_base_c000_ph005/abacus_HF_QSO_1p250_DR2_v2.0_AbacusSummit_base_c000_ph005_base_clustering.dat.h5.
[011972.60]  01-27 00:59  cat_tools                    INFO     use Z positions shifted in verr_empirical mode
[011973.71]  01-27 00:59  TwoPointCorrelationFunction  INFO     Using estimator <class 'pycorr.twopoint_estimator.NaturalTwoPointEstimator'>.
[011973.71]  01-27 00:59  TwoPointCorrelationFunction  INFO     Running auto-correlation.
[011973.71]  01-27 00:59  TwoPointCorrelationFunction  INFO     Computing two-point counts D1D2.
[012075.75]  01-27 01:00  TwoPointCorrelationFunction  INFO     Analytically computing two-point counts R1R2.
[012075.75]  01-27 01:00  TwoPointCorrelationFunction  INFO     Correlation function computed in elapsed time 102.04 s.
[012075.75]  01-27 01:00  NaturalTwoPointEstimator     INFO     Saving /pscratch/sd/s/shengyu/galaxies/catalogs/Y3/AbacusHF-v2/Boxes/QSO/sn1p250/AbacusSummit_base_c000_ph005/mpspk/xipoles_QSO_zp1.250_DR2_v1.0+dv_verr_empirical.npy.
[012075.75]  01-27 01:00  compute_2pt                  INFO     Save to /pscratch/sd/s/shengyu/galaxies/catalogs/Y3/AbacusHF-v2/Boxes/QSO/sn1p250/AbacusSummit_base_c000_ph005/mpspk/xipoles_QSO_zp1.250_DR2_v1.0+dv_verr_empirical.npy
[012079.60]  01-27 01:00  CatalogFFTPower              INFO     Painting catalog 1 to mesh CatalogMesh(nmesh=[512 512 512], boxsize=[2000. 2000. 2000.], boxcenter=[1000.0000362  1000.00007769 1000.00002188], dtype=float64).
[012080.01]  01-27 01:00  CatalogMesh                  INFO     Slab 0 ~ 4194304 / 28374959.
[012081.14]  01-27 01:00  CatalogMesh                  INFO     Painted 4194304 out of 28374959 objects to mesh.
[012081.14]  01-27 01:00  CatalogMesh                  INFO     Slab 4194304 ~ 8388608 / 28374959.
[012082.25]  01-27 01:00  CatalogMesh                  INFO     Painted 8388608 out of 28374959 objects to mesh.
[012082.25]  01-27 01:00  CatalogMesh                  INFO     Slab 8388608 ~ 12582912 / 28374959.
[012083.37]  01-27 01:00  CatalogMesh                  INFO     Painted 12582912 out of 28374959 objects to mesh.
[012083.37]  01-27 01:00  CatalogMesh                  INFO     Slab 12582912 ~ 16777216 / 28374959.
[012084.48]  01-27 01:00  CatalogMesh                  INFO     Painted 16777216 out of 28374959 objects to mesh.
[012084.48]  01-27 01:00  CatalogMesh                  INFO     Slab 16777216 ~ 20971520 / 28374959.
[012085.60]  01-27 01:00  CatalogMesh                  INFO     Painted 20971520 out of 28374959 objects to mesh.
[012085.60]  01-27 01:00  CatalogMesh                  INFO     Slab 20971520 ~ 25165824 / 28374959.
[012086.81]  01-27 01:01  CatalogMesh                  INFO     Painted 25165824 out of 28374959 objects to mesh.
[012086.81]  01-27 01:01  CatalogMesh                  INFO     Slab 25165824 ~ 29360128 / 28374959.
[012087.86]  01-27 01:01  CatalogMesh                  INFO     Painted 28374959 out of 28374959 objects to mesh.
[012087.86]  01-27 01:01  CatalogMesh                  INFO     Running interlacing at order 3.
[012090.11]  01-27 01:01  CatalogMesh                  INFO     Slab 0 ~ 4194304 / 28374959.
[012091.23]  01-27 01:01  CatalogMesh                  INFO     Painted 4194304 out of 28374959 objects to mesh.
[012091.23]  01-27 01:01  CatalogMesh                  INFO     Slab 4194304 ~ 8388608 / 28374959.
[012092.35]  01-27 01:01  CatalogMesh                  INFO     Painted 8388608 out of 28374959 objects to mesh.
[012092.35]  01-27 01:01  CatalogMesh                  INFO     Slab 8388608 ~ 12582912 / 28374959.
[012093.46]  01-27 01:01  CatalogMesh                  INFO     Painted 12582912 out of 28374959 objects to mesh.
[012093.46]  01-27 01:01  CatalogMesh                  INFO     Slab 12582912 ~ 16777216 / 28374959.
[012094.58]  01-27 01:01  CatalogMesh                  INFO     Painted 16777216 out of 28374959 objects to mesh.
[012094.58]  01-27 01:01  CatalogMesh                  INFO     Slab 16777216 ~ 20971520 / 28374959.
[012095.70]  01-27 01:01  CatalogMesh                  INFO     Painted 20971520 out of 28374959 objects to mesh.
[012095.70]  01-27 01:01  CatalogMesh                  INFO     Slab 20971520 ~ 25165824 / 28374959.
[012096.91]  01-27 01:01  CatalogMesh                  INFO     Painted 25165824 out of 28374959 objects to mesh.
[012096.91]  01-27 01:01  CatalogMesh                  INFO     Slab 25165824 ~ 29360128 / 28374959.
[012097.97]  01-27 01:01  CatalogMesh                  INFO     Painted 28374959 out of 28374959 objects to mesh.
[012101.78]  01-27 01:01  CatalogMesh                  INFO     Slab 0 ~ 4194304 / 28374959.
[012102.89]  01-27 01:01  CatalogMesh                  INFO     Painted 4194304 out of 28374959 objects to mesh.
[012102.89]  01-27 01:01  CatalogMesh                  INFO     Slab 4194304 ~ 8388608 / 28374959.
[012104.00]  01-27 01:01  CatalogMesh                  INFO     Painted 8388608 out of 28374959 objects to mesh.
[012104.00]  01-27 01:01  CatalogMesh                  INFO     Slab 8388608 ~ 12582912 / 28374959.
[012105.12]  01-27 01:01  CatalogMesh                  INFO     Painted 12582912 out of 28374959 objects to mesh.
[012105.12]  01-27 01:01  CatalogMesh                  INFO     Slab 12582912 ~ 16777216 / 28374959.
[012106.23]  01-27 01:01  CatalogMesh                  INFO     Painted 16777216 out of 28374959 objects to mesh.
[012106.23]  01-27 01:01  CatalogMesh                  INFO     Slab 16777216 ~ 20971520 / 28374959.
[012107.35]  01-27 01:01  CatalogMesh                  INFO     Painted 20971520 out of 28374959 objects to mesh.
[012107.35]  01-27 01:01  CatalogMesh                  INFO     Slab 20971520 ~ 25165824 / 28374959.
[012108.56]  01-27 01:01  CatalogMesh                  INFO     Painted 25165824 out of 28374959 objects to mesh.
[012108.56]  01-27 01:01  CatalogMesh                  INFO     Slab 25165824 ~ 29360128 / 28374959.
[012109.61]  01-27 01:01  CatalogMesh                  INFO     Painted 28374959 out of 28374959 objects to mesh.
[012115.12]  01-27 01:01  CatalogFFTPower              INFO     Done painting catalog 1 to mesh.
[012115.12]  01-27 01:01  CatalogFFTPower              INFO     Using 400 k-bins between 0.000 and 0.400.
[012115.12]  01-27 01:01  CatalogFFTPower              INFO     Meshes prepared in elapsed time 35.52 s.
[012115.12]  01-27 01:01  CatalogFFTPower              INFO     Running mesh calculation.
[012132.21]  01-27 01:01  CatalogFFTPower              INFO     Mesh calculations performed in elapsed time 17.10 s.
[012132.21]  01-27 01:01  CatalogFFTPower              INFO     Power spectrum computed in elapsed time 52.61 s.
[012132.21]  01-27 01:01  CatalogFFTPower              INFO     Saving /pscratch/sd/s/shengyu/galaxies/catalogs/Y3/AbacusHF-v2/Boxes/QSO/sn1p250/AbacusSummit_base_c000_ph005/mpspk/pkpoles_QSO_zp1.250_DR2_v1.0+dv_verr_empirical.npy.
[012132.22]  01-27 01:01  compute_2pt                  INFO     Save to /pscratch/sd/s/shengyu/galaxies/catalogs/Y3/AbacusHF-v2/Boxes/QSO/sn1p250/AbacusSummit_base_c000_ph005/mpspk/pkpoles_QSO_zp1.250_DR2_v1.0+dv_verr_empirical.npy
[012132.22]  01-27 01:01  TwoPointCorrelationFunction  INFO     Using estimator <class 'pycorr.twopoint_estimator.NaturalTwoPointEstimator'>.
[012132.22]  01-27 01:01  TwoPointCorrelationFunction  INFO     Running auto-correlation.
[012132.22]  01-27 01:01  TwoPointCorrelationFunction  INFO     Computing two-point counts D1D2.
[012155.13]  01-27 01:02  TwoPointCorrelationFunction  INFO     Analytically computing two-point counts R1R2.
[012155.13]  01-27 01:02  TwoPointCorrelationFunction  INFO     Correlation function computed in elapsed time 22.92 s.
[012155.13]  01-27 01:02  NaturalTwoPointEstimator     INFO     Saving /pscratch/sd/s/shengyu/galaxies/catalogs/Y3/AbacusHF-v2/Boxes/QSO/sn1p250/AbacusSummit_base_c000_ph005/mpspk/mpslog_QSO_zp1.250_DR2_v1.0+dv_verr_empirical.npy.
[012155.14]  01-27 01:02  compute_2pt                  INFO     Save to /pscratch/sd/s/shengyu/galaxies/catalogs/Y3/AbacusHF-v2/Boxes/QSO/sn1p250/AbacusSummit_base_c000_ph005/mpspk/mpslog_QSO_zp1.250_DR2_v1.0+dv_verr_empirical.npy
[012155.14]  01-27 01:02  TwoPointCorrelationFunction  INFO     Using estimator <class 'pycorr.twopoint_estimator.NaturalTwoPointEstimator'>.
[012155.14]  01-27 01:02  TwoPointCorrelationFunction  INFO     Running auto-correlation.
[012155.14]  01-27 01:02  TwoPointCorrelationFunction  INFO     Computing two-point counts D1D2.
[012178.67]  01-27 01:02  TwoPointCorrelationFunction  INFO     Analytically computing two-point counts R1R2.
[012178.67]  01-27 01:02  TwoPointCorrelationFunction  INFO     Correlation function computed in elapsed time 23.53 s.
[012178.67]  01-27 01:02  NaturalTwoPointEstimator     INFO     Saving /pscratch/sd/s/shengyu/galaxies/catalogs/Y3/AbacusHF-v2/Boxes/QSO/sn1p250/AbacusSummit_base_c000_ph005/mpspk/wplog_QSO_zp1.250_DR2_v1.0+dv_verr_empirical.npy.
[012178.67]  01-27 01:02  compute_2pt                  INFO     Save to /pscratch/sd/s/shengyu/galaxies/catalogs/Y3/AbacusHF-v2/Boxes/QSO/sn1p250/AbacusSummit_base_c000_ph005/mpspk/wplog_QSO_zp1.250_DR2_v1.0+dv_verr_empirical.npy
[012178.68]  01-27 01:02  compute_2pt                  INFO     Procceed {'version': 'AbacusHF-v2', 'domain': 'cubic', 'tracer': 'QSO', 'zsnap': 1.25, 'zrange': (1.1, 1.4), 'mock_id': 6, 'use_dv': 'verr_empirical'}
[012178.68]  01-27 01:02  cat_tools                    INFO     Load /pscratch/sd/s/shengyu/galaxies/catalogs/Y3/AbacusHF-v2/Boxes/QSO/sn1p250/AbacusSummit_base_c000_ph006/abacus_HF_QSO_1p250_DR2_v2.0_AbacusSummit_base_c000_ph006_base_clustering.dat.h5
[012178.68]  01-27 01:02  FileStack                    INFO     Reading /pscratch/sd/s/shengyu/galaxies/catalogs/Y3/AbacusHF-v2/Boxes/QSO/sn1p250/AbacusSummit_base_c000_ph006/abacus_HF_QSO_1p250_DR2_v2.0_AbacusSummit_base_c000_ph006_base_clustering.dat.h5.
[012178.68]  01-27 01:02  cat_tools                    INFO     use Z positions shifted in verr_empirical mode
[012179.81]  01-27 01:02  TwoPointCorrelationFunction  INFO     Using estimator <class 'pycorr.twopoint_estimator.NaturalTwoPointEstimator'>.
[012179.81]  01-27 01:02  TwoPointCorrelationFunction  INFO     Running auto-correlation.
[012179.81]  01-27 01:02  TwoPointCorrelationFunction  INFO     Computing two-point counts D1D2.
[012283.82]  01-27 01:04  TwoPointCorrelationFunction  INFO     Analytically computing two-point counts R1R2.
[012283.82]  01-27 01:04  TwoPointCorrelationFunction  INFO     Correlation function computed in elapsed time 104.01 s.
[012283.82]  01-27 01:04  NaturalTwoPointEstimator     INFO     Saving /pscratch/sd/s/shengyu/galaxies/catalogs/Y3/AbacusHF-v2/Boxes/QSO/sn1p250/AbacusSummit_base_c000_ph006/mpspk/xipoles_QSO_zp1.250_DR2_v1.0+dv_verr_empirical.npy.
[012283.83]  01-27 01:04  compute_2pt                  INFO     Save to /pscratch/sd/s/shengyu/galaxies/catalogs/Y3/AbacusHF-v2/Boxes/QSO/sn1p250/AbacusSummit_base_c000_ph006/mpspk/xipoles_QSO_zp1.250_DR2_v1.0+dv_verr_empirical.npy
[012287.69]  01-27 01:04  CatalogFFTPower              INFO     Painting catalog 1 to mesh CatalogMesh(nmesh=[512 512 512], boxsize=[2000. 2000. 2000.], boxcenter=[1000.00003877  999.99997158 1000.00001721], dtype=float64).
[012288.09]  01-27 01:04  CatalogMesh                  INFO     Slab 0 ~ 4194304 / 28361884.
[012289.22]  01-27 01:04  CatalogMesh                  INFO     Painted 4194304 out of 28361884 objects to mesh.
[012289.22]  01-27 01:04  CatalogMesh                  INFO     Slab 4194304 ~ 8388608 / 28361884.
[012290.34]  01-27 01:04  CatalogMesh                  INFO     Painted 8388608 out of 28361884 objects to mesh.
[012290.34]  01-27 01:04  CatalogMesh                  INFO     Slab 8388608 ~ 12582912 / 28361884.
[012291.45]  01-27 01:04  CatalogMesh                  INFO     Painted 12582912 out of 28361884 objects to mesh.
[012291.45]  01-27 01:04  CatalogMesh                  INFO     Slab 12582912 ~ 16777216 / 28361884.
[012292.56]  01-27 01:04  CatalogMesh                  INFO     Painted 16777216 out of 28361884 objects to mesh.
[012292.56]  01-27 01:04  CatalogMesh                  INFO     Slab 16777216 ~ 20971520 / 28361884.
[012293.67]  01-27 01:04  CatalogMesh                  INFO     Painted 20971520 out of 28361884 objects to mesh.
[012293.67]  01-27 01:04  CatalogMesh                  INFO     Slab 20971520 ~ 25165824 / 28361884.
[012294.89]  01-27 01:04  CatalogMesh                  INFO     Painted 25165824 out of 28361884 objects to mesh.
[012294.89]  01-27 01:04  CatalogMesh                  INFO     Slab 25165824 ~ 29360128 / 28361884.
[012295.94]  01-27 01:04  CatalogMesh                  INFO     Painted 28361884 out of 28361884 objects to mesh.
[012295.94]  01-27 01:04  CatalogMesh                  INFO     Running interlacing at order 3.
[012298.17]  01-27 01:04  CatalogMesh                  INFO     Slab 0 ~ 4194304 / 28361884.
[012299.28]  01-27 01:04  CatalogMesh                  INFO     Painted 4194304 out of 28361884 objects to mesh.
[012299.28]  01-27 01:04  CatalogMesh                  INFO     Slab 4194304 ~ 8388608 / 28361884.
[012300.39]  01-27 01:04  CatalogMesh                  INFO     Painted 8388608 out of 28361884 objects to mesh.
[012300.39]  01-27 01:04  CatalogMesh                  INFO     Slab 8388608 ~ 12582912 / 28361884.
[012301.50]  01-27 01:04  CatalogMesh                  INFO     Painted 12582912 out of 28361884 objects to mesh.
[012301.50]  01-27 01:04  CatalogMesh                  INFO     Slab 12582912 ~ 16777216 / 28361884.
[012302.61]  01-27 01:04  CatalogMesh                  INFO     Painted 16777216 out of 28361884 objects to mesh.
[012302.61]  01-27 01:04  CatalogMesh                  INFO     Slab 16777216 ~ 20971520 / 28361884.
[012303.72]  01-27 01:04  CatalogMesh                  INFO     Painted 20971520 out of 28361884 objects to mesh.
[012303.72]  01-27 01:04  CatalogMesh                  INFO     Slab 20971520 ~ 25165824 / 28361884.
[012304.93]  01-27 01:04  CatalogMesh                  INFO     Painted 25165824 out of 28361884 objects to mesh.
[012304.93]  01-27 01:04  CatalogMesh                  INFO     Slab 25165824 ~ 29360128 / 28361884.
[012305.98]  01-27 01:04  CatalogMesh                  INFO     Painted 28361884 out of 28361884 objects to mesh.
[012309.76]  01-27 01:04  CatalogMesh                  INFO     Slab 0 ~ 4194304 / 28361884.
[012310.87]  01-27 01:04  CatalogMesh                  INFO     Painted 4194304 out of 28361884 objects to mesh.
[012310.87]  01-27 01:04  CatalogMesh                  INFO     Slab 4194304 ~ 8388608 / 28361884.
[012311.98]  01-27 01:04  CatalogMesh                  INFO     Painted 8388608 out of 28361884 objects to mesh.
[012311.98]  01-27 01:04  CatalogMesh                  INFO     Slab 8388608 ~ 12582912 / 28361884.
[012313.10]  01-27 01:04  CatalogMesh                  INFO     Painted 12582912 out of 28361884 objects to mesh.
[012313.10]  01-27 01:04  CatalogMesh                  INFO     Slab 12582912 ~ 16777216 / 28361884.
[012314.21]  01-27 01:04  CatalogMesh                  INFO     Painted 16777216 out of 28361884 objects to mesh.
[012314.21]  01-27 01:04  CatalogMesh                  INFO     Slab 16777216 ~ 20971520 / 28361884.
[012315.33]  01-27 01:04  CatalogMesh                  INFO     Painted 20971520 out of 28361884 objects to mesh.
[012315.33]  01-27 01:04  CatalogMesh                  INFO     Slab 20971520 ~ 25165824 / 28361884.
[012316.55]  01-27 01:04  CatalogMesh                  INFO     Painted 25165824 out of 28361884 objects to mesh.
[012316.55]  01-27 01:04  CatalogMesh                  INFO     Slab 25165824 ~ 29360128 / 28361884.
[012317.60]  01-27 01:04  CatalogMesh                  INFO     Painted 28361884 out of 28361884 objects to mesh.
[012323.10]  01-27 01:04  CatalogFFTPower              INFO     Done painting catalog 1 to mesh.
[012323.10]  01-27 01:04  CatalogFFTPower              INFO     Using 400 k-bins between 0.000 and 0.400.
[012323.10]  01-27 01:04  CatalogFFTPower              INFO     Meshes prepared in elapsed time 35.42 s.
[012323.10]  01-27 01:04  CatalogFFTPower              INFO     Running mesh calculation.
[012340.20]  01-27 01:05  CatalogFFTPower              INFO     Mesh calculations performed in elapsed time 17.10 s.
[012340.20]  01-27 01:05  CatalogFFTPower              INFO     Power spectrum computed in elapsed time 52.52 s.
[012340.21]  01-27 01:05  CatalogFFTPower              INFO     Saving /pscratch/sd/s/shengyu/galaxies/catalogs/Y3/AbacusHF-v2/Boxes/QSO/sn1p250/AbacusSummit_base_c000_ph006/mpspk/pkpoles_QSO_zp1.250_DR2_v1.0+dv_verr_empirical.npy.
[012340.21]  01-27 01:05  compute_2pt                  INFO     Save to /pscratch/sd/s/shengyu/galaxies/catalogs/Y3/AbacusHF-v2/Boxes/QSO/sn1p250/AbacusSummit_base_c000_ph006/mpspk/pkpoles_QSO_zp1.250_DR2_v1.0+dv_verr_empirical.npy
[012340.21]  01-27 01:05  TwoPointCorrelationFunction  INFO     Using estimator <class 'pycorr.twopoint_estimator.NaturalTwoPointEstimator'>.
[012340.21]  01-27 01:05  TwoPointCorrelationFunction  INFO     Running auto-correlation.
[012340.21]  01-27 01:05  TwoPointCorrelationFunction  INFO     Computing two-point counts D1D2.
[012360.25]  01-27 01:05  TwoPointCorrelationFunction  INFO     Analytically computing two-point counts R1R2.
[012360.25]  01-27 01:05  TwoPointCorrelationFunction  INFO     Correlation function computed in elapsed time 20.04 s.
[012360.25]  01-27 01:05  NaturalTwoPointEstimator     INFO     Saving /pscratch/sd/s/shengyu/galaxies/catalogs/Y3/AbacusHF-v2/Boxes/QSO/sn1p250/AbacusSummit_base_c000_ph006/mpspk/mpslog_QSO_zp1.250_DR2_v1.0+dv_verr_empirical.npy.
[012360.25]  01-27 01:05  compute_2pt                  INFO     Save to /pscratch/sd/s/shengyu/galaxies/catalogs/Y3/AbacusHF-v2/Boxes/QSO/sn1p250/AbacusSummit_base_c000_ph006/mpspk/mpslog_QSO_zp1.250_DR2_v1.0+dv_verr_empirical.npy
[012360.25]  01-27 01:05  TwoPointCorrelationFunction  INFO     Using estimator <class 'pycorr.twopoint_estimator.NaturalTwoPointEstimator'>.
[012360.25]  01-27 01:05  TwoPointCorrelationFunction  INFO     Running auto-correlation.
[012360.25]  01-27 01:05  TwoPointCorrelationFunction  INFO     Computing two-point counts D1D2.
[012383.51]  01-27 01:05  TwoPointCorrelationFunction  INFO     Analytically computing two-point counts R1R2.
[012383.51]  01-27 01:05  TwoPointCorrelationFunction  INFO     Correlation function computed in elapsed time 23.26 s.
[012383.51]  01-27 01:05  NaturalTwoPointEstimator     INFO     Saving /pscratch/sd/s/shengyu/galaxies/catalogs/Y3/AbacusHF-v2/Boxes/QSO/sn1p250/AbacusSummit_base_c000_ph006/mpspk/wplog_QSO_zp1.250_DR2_v1.0+dv_verr_empirical.npy.
[012383.52]  01-27 01:05  compute_2pt                  INFO     Save to /pscratch/sd/s/shengyu/galaxies/catalogs/Y3/AbacusHF-v2/Boxes/QSO/sn1p250/AbacusSummit_base_c000_ph006/mpspk/wplog_QSO_zp1.250_DR2_v1.0+dv_verr_empirical.npy
[012383.52]  01-27 01:05  compute_2pt                  INFO     Procceed {'version': 'AbacusHF-v2', 'domain': 'cubic', 'tracer': 'QSO', 'zsnap': 1.25, 'zrange': (1.1, 1.4), 'mock_id': 7, 'use_dv': 'verr_empirical'}
[012383.52]  01-27 01:05  cat_tools                    INFO     Load /pscratch/sd/s/shengyu/galaxies/catalogs/Y3/AbacusHF-v2/Boxes/QSO/sn1p250/AbacusSummit_base_c000_ph007/abacus_HF_QSO_1p250_DR2_v2.0_AbacusSummit_base_c000_ph007_base_clustering.dat.h5
[012383.52]  01-27 01:05  FileStack                    INFO     Reading /pscratch/sd/s/shengyu/galaxies/catalogs/Y3/AbacusHF-v2/Boxes/QSO/sn1p250/AbacusSummit_base_c000_ph007/abacus_HF_QSO_1p250_DR2_v2.0_AbacusSummit_base_c000_ph007_base_clustering.dat.h5.
[012383.52]  01-27 01:05  cat_tools                    INFO     use Z positions shifted in verr_empirical mode
[012384.63]  01-27 01:05  TwoPointCorrelationFunction  INFO     Using estimator <class 'pycorr.twopoint_estimator.NaturalTwoPointEstimator'>.
[012384.63]  01-27 01:05  TwoPointCorrelationFunction  INFO     Running auto-correlation.
[012384.63]  01-27 01:05  TwoPointCorrelationFunction  INFO     Computing two-point counts D1D2.
[012486.72]  01-27 01:07  TwoPointCorrelationFunction  INFO     Analytically computing two-point counts R1R2.
[012486.72]  01-27 01:07  TwoPointCorrelationFunction  INFO     Correlation function computed in elapsed time 102.09 s.
[012486.72]  01-27 01:07  NaturalTwoPointEstimator     INFO     Saving /pscratch/sd/s/shengyu/galaxies/catalogs/Y3/AbacusHF-v2/Boxes/QSO/sn1p250/AbacusSummit_base_c000_ph007/mpspk/xipoles_QSO_zp1.250_DR2_v1.0+dv_verr_empirical.npy.
[012486.72]  01-27 01:07  compute_2pt                  INFO     Save to /pscratch/sd/s/shengyu/galaxies/catalogs/Y3/AbacusHF-v2/Boxes/QSO/sn1p250/AbacusSummit_base_c000_ph007/mpspk/xipoles_QSO_zp1.250_DR2_v1.0+dv_verr_empirical.npy
[012490.57]  01-27 01:07  CatalogFFTPower              INFO     Painting catalog 1 to mesh CatalogMesh(nmesh=[512 512 512], boxsize=[2000. 2000. 2000.], boxcenter=[1000.00000169  999.99999826 1000.00001631], dtype=float64).
[012490.97]  01-27 01:07  CatalogMesh                  INFO     Slab 0 ~ 4194304 / 28379665.
[012492.08]  01-27 01:07  CatalogMesh                  INFO     Painted 4194304 out of 28379665 objects to mesh.
[012492.08]  01-27 01:07  CatalogMesh                  INFO     Slab 4194304 ~ 8388608 / 28379665.
[012493.19]  01-27 01:07  CatalogMesh                  INFO     Painted 8388608 out of 28379665 objects to mesh.
[012493.19]  01-27 01:07  CatalogMesh                  INFO     Slab 8388608 ~ 12582912 / 28379665.
[012494.31]  01-27 01:07  CatalogMesh                  INFO     Painted 12582912 out of 28379665 objects to mesh.
[012494.31]  01-27 01:07  CatalogMesh                  INFO     Slab 12582912 ~ 16777216 / 28379665.
[012495.42]  01-27 01:07  CatalogMesh                  INFO     Painted 16777216 out of 28379665 objects to mesh.
[012495.42]  01-27 01:07  CatalogMesh                  INFO     Slab 16777216 ~ 20971520 / 28379665.
[012496.53]  01-27 01:07  CatalogMesh                  INFO     Painted 20971520 out of 28379665 objects to mesh.
[012496.53]  01-27 01:07  CatalogMesh                  INFO     Slab 20971520 ~ 25165824 / 28379665.
[012497.74]  01-27 01:07  CatalogMesh                  INFO     Painted 25165824 out of 28379665 objects to mesh.
[012497.74]  01-27 01:07  CatalogMesh                  INFO     Slab 25165824 ~ 29360128 / 28379665.
[012498.79]  01-27 01:07  CatalogMesh                  INFO     Painted 28379665 out of 28379665 objects to mesh.
[012498.79]  01-27 01:07  CatalogMesh                  INFO     Running interlacing at order 3.
[012501.03]  01-27 01:07  CatalogMesh                  INFO     Slab 0 ~ 4194304 / 28379665.
[012502.14]  01-27 01:07  CatalogMesh                  INFO     Painted 4194304 out of 28379665 objects to mesh.
[012502.14]  01-27 01:07  CatalogMesh                  INFO     Slab 4194304 ~ 8388608 / 28379665.
[012503.26]  01-27 01:07  CatalogMesh                  INFO     Painted 8388608 out of 28379665 objects to mesh.
[012503.26]  01-27 01:07  CatalogMesh                  INFO     Slab 8388608 ~ 12582912 / 28379665.
[012504.37]  01-27 01:07  CatalogMesh                  INFO     Painted 12582912 out of 28379665 objects to mesh.
[012504.37]  01-27 01:07  CatalogMesh                  INFO     Slab 12582912 ~ 16777216 / 28379665.
[012505.48]  01-27 01:07  CatalogMesh                  INFO     Painted 16777216 out of 28379665 objects to mesh.
[012505.48]  01-27 01:07  CatalogMesh                  INFO     Slab 16777216 ~ 20971520 / 28379665.
[012506.60]  01-27 01:08  CatalogMesh                  INFO     Painted 20971520 out of 28379665 objects to mesh.
[012506.60]  01-27 01:08  CatalogMesh                  INFO     Slab 20971520 ~ 25165824 / 28379665.
[012507.81]  01-27 01:08  CatalogMesh                  INFO     Painted 25165824 out of 28379665 objects to mesh.
[012507.81]  01-27 01:08  CatalogMesh                  INFO     Slab 25165824 ~ 29360128 / 28379665.
[012508.86]  01-27 01:08  CatalogMesh                  INFO     Painted 28379665 out of 28379665 objects to mesh.
[012512.65]  01-27 01:08  CatalogMesh                  INFO     Slab 0 ~ 4194304 / 28379665.
[012513.76]  01-27 01:08  CatalogMesh                  INFO     Painted 4194304 out of 28379665 objects to mesh.
[012513.76]  01-27 01:08  CatalogMesh                  INFO     Slab 4194304 ~ 8388608 / 28379665.
[012514.87]  01-27 01:08  CatalogMesh                  INFO     Painted 8388608 out of 28379665 objects to mesh.
[012514.87]  01-27 01:08  CatalogMesh                  INFO     Slab 8388608 ~ 12582912 / 28379665.
[012515.99]  01-27 01:08  CatalogMesh                  INFO     Painted 12582912 out of 28379665 objects to mesh.
[012515.99]  01-27 01:08  CatalogMesh                  INFO     Slab 12582912 ~ 16777216 / 28379665.
[012517.11]  01-27 01:08  CatalogMesh                  INFO     Painted 16777216 out of 28379665 objects to mesh.
[012517.11]  01-27 01:08  CatalogMesh                  INFO     Slab 16777216 ~ 20971520 / 28379665.
[012518.22]  01-27 01:08  CatalogMesh                  INFO     Painted 20971520 out of 28379665 objects to mesh.
[012518.22]  01-27 01:08  CatalogMesh                  INFO     Slab 20971520 ~ 25165824 / 28379665.
[012519.43]  01-27 01:08  CatalogMesh                  INFO     Painted 25165824 out of 28379665 objects to mesh.
[012519.43]  01-27 01:08  CatalogMesh                  INFO     Slab 25165824 ~ 29360128 / 28379665.
[012520.48]  01-27 01:08  CatalogMesh                  INFO     Painted 28379665 out of 28379665 objects to mesh.
[012525.98]  01-27 01:08  CatalogFFTPower              INFO     Done painting catalog 1 to mesh.
[012525.98]  01-27 01:08  CatalogFFTPower              INFO     Using 400 k-bins between 0.000 and 0.400.
[012525.98]  01-27 01:08  CatalogFFTPower              INFO     Meshes prepared in elapsed time 35.41 s.
[012525.98]  01-27 01:08  CatalogFFTPower              INFO     Running mesh calculation.
[012543.07]  01-27 01:08  CatalogFFTPower              INFO     Mesh calculations performed in elapsed time 17.09 s.
[012543.07]  01-27 01:08  CatalogFFTPower              INFO     Power spectrum computed in elapsed time 52.50 s.
[012543.07]  01-27 01:08  CatalogFFTPower              INFO     Saving /pscratch/sd/s/shengyu/galaxies/catalogs/Y3/AbacusHF-v2/Boxes/QSO/sn1p250/AbacusSummit_base_c000_ph007/mpspk/pkpoles_QSO_zp1.250_DR2_v1.0+dv_verr_empirical.npy.
[012543.07]  01-27 01:08  compute_2pt                  INFO     Save to /pscratch/sd/s/shengyu/galaxies/catalogs/Y3/AbacusHF-v2/Boxes/QSO/sn1p250/AbacusSummit_base_c000_ph007/mpspk/pkpoles_QSO_zp1.250_DR2_v1.0+dv_verr_empirical.npy
[012543.08]  01-27 01:08  TwoPointCorrelationFunction  INFO     Using estimator <class 'pycorr.twopoint_estimator.NaturalTwoPointEstimator'>.
[012543.08]  01-27 01:08  TwoPointCorrelationFunction  INFO     Running auto-correlation.
[012543.08]  01-27 01:08  TwoPointCorrelationFunction  INFO     Computing two-point counts D1D2.
[012567.03]  01-27 01:09  TwoPointCorrelationFunction  INFO     Analytically computing two-point counts R1R2.
[012567.03]  01-27 01:09  TwoPointCorrelationFunction  INFO     Correlation function computed in elapsed time 23.96 s.
[012567.03]  01-27 01:09  NaturalTwoPointEstimator     INFO     Saving /pscratch/sd/s/shengyu/galaxies/catalogs/Y3/AbacusHF-v2/Boxes/QSO/sn1p250/AbacusSummit_base_c000_ph007/mpspk/mpslog_QSO_zp1.250_DR2_v1.0+dv_verr_empirical.npy.
[012567.04]  01-27 01:09  compute_2pt                  INFO     Save to /pscratch/sd/s/shengyu/galaxies/catalogs/Y3/AbacusHF-v2/Boxes/QSO/sn1p250/AbacusSummit_base_c000_ph007/mpspk/mpslog_QSO_zp1.250_DR2_v1.0+dv_verr_empirical.npy
[012567.04]  01-27 01:09  TwoPointCorrelationFunction  INFO     Using estimator <class 'pycorr.twopoint_estimator.NaturalTwoPointEstimator'>.
[012567.04]  01-27 01:09  TwoPointCorrelationFunction  INFO     Running auto-correlation.
[012567.04]  01-27 01:09  TwoPointCorrelationFunction  INFO     Computing two-point counts D1D2.
[012590.54]  01-27 01:09  TwoPointCorrelationFunction  INFO     Analytically computing two-point counts R1R2.
[012590.54]  01-27 01:09  TwoPointCorrelationFunction  INFO     Correlation function computed in elapsed time 23.50 s.
[012590.54]  01-27 01:09  NaturalTwoPointEstimator     INFO     Saving /pscratch/sd/s/shengyu/galaxies/catalogs/Y3/AbacusHF-v2/Boxes/QSO/sn1p250/AbacusSummit_base_c000_ph007/mpspk/wplog_QSO_zp1.250_DR2_v1.0+dv_verr_empirical.npy.
[012590.55]  01-27 01:09  compute_2pt                  INFO     Save to /pscratch/sd/s/shengyu/galaxies/catalogs/Y3/AbacusHF-v2/Boxes/QSO/sn1p250/AbacusSummit_base_c000_ph007/mpspk/wplog_QSO_zp1.250_DR2_v1.0+dv_verr_empirical.npy
[012590.55]  01-27 01:09  compute_2pt                  INFO     Procceed {'version': 'AbacusHF-v2', 'domain': 'cubic', 'tracer': 'QSO', 'zsnap': 1.25, 'zrange': (1.1, 1.4), 'mock_id': 8, 'use_dv': 'verr_empirical'}
[012590.55]  01-27 01:09  cat_tools                    INFO     Load /pscratch/sd/s/shengyu/galaxies/catalogs/Y3/AbacusHF-v2/Boxes/QSO/sn1p250/AbacusSummit_base_c000_ph008/abacus_HF_QSO_1p250_DR2_v2.0_AbacusSummit_base_c000_ph008_base_clustering.dat.h5
[012590.55]  01-27 01:09  FileStack                    INFO     Reading /pscratch/sd/s/shengyu/galaxies/catalogs/Y3/AbacusHF-v2/Boxes/QSO/sn1p250/AbacusSummit_base_c000_ph008/abacus_HF_QSO_1p250_DR2_v2.0_AbacusSummit_base_c000_ph008_base_clustering.dat.h5.
[012590.55]  01-27 01:09  cat_tools                    INFO     use Z positions shifted in verr_empirical mode
[012591.66]  01-27 01:09  TwoPointCorrelationFunction  INFO     Using estimator <class 'pycorr.twopoint_estimator.NaturalTwoPointEstimator'>.
[012591.66]  01-27 01:09  TwoPointCorrelationFunction  INFO     Running auto-correlation.
[012591.66]  01-27 01:09  TwoPointCorrelationFunction  INFO     Computing two-point counts D1D2.
[012694.84]  01-27 01:11  TwoPointCorrelationFunction  INFO     Analytically computing two-point counts R1R2.
[012694.84]  01-27 01:11  TwoPointCorrelationFunction  INFO     Correlation function computed in elapsed time 103.18 s.
[012694.84]  01-27 01:11  NaturalTwoPointEstimator     INFO     Saving /pscratch/sd/s/shengyu/galaxies/catalogs/Y3/AbacusHF-v2/Boxes/QSO/sn1p250/AbacusSummit_base_c000_ph008/mpspk/xipoles_QSO_zp1.250_DR2_v1.0+dv_verr_empirical.npy.
[012694.84]  01-27 01:11  compute_2pt                  INFO     Save to /pscratch/sd/s/shengyu/galaxies/catalogs/Y3/AbacusHF-v2/Boxes/QSO/sn1p250/AbacusSummit_base_c000_ph008/mpspk/xipoles_QSO_zp1.250_DR2_v1.0+dv_verr_empirical.npy
[012698.68]  01-27 01:11  CatalogFFTPower              INFO     Painting catalog 1 to mesh CatalogMesh(nmesh=[512 512 512], boxsize=[2000. 2000. 2000.], boxcenter=[ 999.999989    999.99997621 1000.00004631], dtype=float64).
[012699.09]  01-27 01:11  CatalogMesh                  INFO     Slab 0 ~ 4194304 / 28339838.
[012700.23]  01-27 01:11  CatalogMesh                  INFO     Painted 4194304 out of 28339838 objects to mesh.
[012700.23]  01-27 01:11  CatalogMesh                  INFO     Slab 4194304 ~ 8388608 / 28339838.
[012701.35]  01-27 01:11  CatalogMesh                  INFO     Painted 8388608 out of 28339838 objects to mesh.
[012701.35]  01-27 01:11  CatalogMesh                  INFO     Slab 8388608 ~ 12582912 / 28339838.
[012702.46]  01-27 01:11  CatalogMesh                  INFO     Painted 12582912 out of 28339838 objects to mesh.
[012702.46]  01-27 01:11  CatalogMesh                  INFO     Slab 12582912 ~ 16777216 / 28339838.
[012703.57]  01-27 01:11  CatalogMesh                  INFO     Painted 16777216 out of 28339838 objects to mesh.
[012703.57]  01-27 01:11  CatalogMesh                  INFO     Slab 16777216 ~ 20971520 / 28339838.
[012704.69]  01-27 01:11  CatalogMesh                  INFO     Painted 20971520 out of 28339838 objects to mesh.
[012704.69]  01-27 01:11  CatalogMesh                  INFO     Slab 20971520 ~ 25165824 / 28339838.
[012705.90]  01-27 01:11  CatalogMesh                  INFO     Painted 25165824 out of 28339838 objects to mesh.
[012705.90]  01-27 01:11  CatalogMesh                  INFO     Slab 25165824 ~ 29360128 / 28339838.
[012706.95]  01-27 01:11  CatalogMesh                  INFO     Painted 28339838 out of 28339838 objects to mesh.
[012706.95]  01-27 01:11  CatalogMesh                  INFO     Running interlacing at order 3.
[012709.22]  01-27 01:11  CatalogMesh                  INFO     Slab 0 ~ 4194304 / 28339838.
[012710.39]  01-27 01:11  CatalogMesh                  INFO     Painted 4194304 out of 28339838 objects to mesh.
[012710.39]  01-27 01:11  CatalogMesh                  INFO     Slab 4194304 ~ 8388608 / 28339838.
[012711.53]  01-27 01:11  CatalogMesh                  INFO     Painted 8388608 out of 28339838 objects to mesh.
[012711.53]  01-27 01:11  CatalogMesh                  INFO     Slab 8388608 ~ 12582912 / 28339838.
[012712.67]  01-27 01:11  CatalogMesh                  INFO     Painted 12582912 out of 28339838 objects to mesh.
[012712.67]  01-27 01:11  CatalogMesh                  INFO     Slab 12582912 ~ 16777216 / 28339838.
[012713.79]  01-27 01:11  CatalogMesh                  INFO     Painted 16777216 out of 28339838 objects to mesh.
[012713.79]  01-27 01:11  CatalogMesh                  INFO     Slab 16777216 ~ 20971520 / 28339838.
[012714.90]  01-27 01:11  CatalogMesh                  INFO     Painted 20971520 out of 28339838 objects to mesh.
[012714.90]  01-27 01:11  CatalogMesh                  INFO     Slab 20971520 ~ 25165824 / 28339838.
[012716.12]  01-27 01:11  CatalogMesh                  INFO     Painted 25165824 out of 28339838 objects to mesh.
[012716.12]  01-27 01:11  CatalogMesh                  INFO     Slab 25165824 ~ 29360128 / 28339838.
[012717.15]  01-27 01:11  CatalogMesh                  INFO     Painted 28339838 out of 28339838 objects to mesh.
[012720.93]  01-27 01:11  CatalogMesh                  INFO     Slab 0 ~ 4194304 / 28339838.
[012722.04]  01-27 01:11  CatalogMesh                  INFO     Painted 4194304 out of 28339838 objects to mesh.
[012722.04]  01-27 01:11  CatalogMesh                  INFO     Slab 4194304 ~ 8388608 / 28339838.
[012723.15]  01-27 01:11  CatalogMesh                  INFO     Painted 8388608 out of 28339838 objects to mesh.
[012723.15]  01-27 01:11  CatalogMesh                  INFO     Slab 8388608 ~ 12582912 / 28339838.
[012724.27]  01-27 01:11  CatalogMesh                  INFO     Painted 12582912 out of 28339838 objects to mesh.
[012724.27]  01-27 01:11  CatalogMesh                  INFO     Slab 12582912 ~ 16777216 / 28339838.
[012725.38]  01-27 01:11  CatalogMesh                  INFO     Painted 16777216 out of 28339838 objects to mesh.
[012725.39]  01-27 01:11  CatalogMesh                  INFO     Slab 16777216 ~ 20971520 / 28339838.
[012726.50]  01-27 01:11  CatalogMesh                  INFO     Painted 20971520 out of 28339838 objects to mesh.
[012726.50]  01-27 01:11  CatalogMesh                  INFO     Slab 20971520 ~ 25165824 / 28339838.
[012727.71]  01-27 01:11  CatalogMesh                  INFO     Painted 25165824 out of 28339838 objects to mesh.
[012727.71]  01-27 01:11  CatalogMesh                  INFO     Slab 25165824 ~ 29360128 / 28339838.
[012728.75]  01-27 01:11  CatalogMesh                  INFO     Painted 28339838 out of 28339838 objects to mesh.
[012734.23]  01-27 01:11  CatalogFFTPower              INFO     Done painting catalog 1 to mesh.
[012734.23]  01-27 01:11  CatalogFFTPower              INFO     Using 400 k-bins between 0.000 and 0.400.
[012734.23]  01-27 01:11  CatalogFFTPower              INFO     Meshes prepared in elapsed time 35.55 s.
[012734.23]  01-27 01:11  CatalogFFTPower              INFO     Running mesh calculation.
[012751.29]  01-27 01:12  CatalogFFTPower              INFO     Mesh calculations performed in elapsed time 17.06 s.
[012751.29]  01-27 01:12  CatalogFFTPower              INFO     Power spectrum computed in elapsed time 52.61 s.
[012751.29]  01-27 01:12  CatalogFFTPower              INFO     Saving /pscratch/sd/s/shengyu/galaxies/catalogs/Y3/AbacusHF-v2/Boxes/QSO/sn1p250/AbacusSummit_base_c000_ph008/mpspk/pkpoles_QSO_zp1.250_DR2_v1.0+dv_verr_empirical.npy.
[012751.30]  01-27 01:12  compute_2pt                  INFO     Save to /pscratch/sd/s/shengyu/galaxies/catalogs/Y3/AbacusHF-v2/Boxes/QSO/sn1p250/AbacusSummit_base_c000_ph008/mpspk/pkpoles_QSO_zp1.250_DR2_v1.0+dv_verr_empirical.npy
[012751.30]  01-27 01:12  TwoPointCorrelationFunction  INFO     Using estimator <class 'pycorr.twopoint_estimator.NaturalTwoPointEstimator'>.
[012751.30]  01-27 01:12  TwoPointCorrelationFunction  INFO     Running auto-correlation.
[012751.30]  01-27 01:12  TwoPointCorrelationFunction  INFO     Computing two-point counts D1D2.
[012773.15]  01-27 01:12  TwoPointCorrelationFunction  INFO     Analytically computing two-point counts R1R2.
[012773.15]  01-27 01:12  TwoPointCorrelationFunction  INFO     Correlation function computed in elapsed time 21.85 s.
[012773.15]  01-27 01:12  NaturalTwoPointEstimator     INFO     Saving /pscratch/sd/s/shengyu/galaxies/catalogs/Y3/AbacusHF-v2/Boxes/QSO/sn1p250/AbacusSummit_base_c000_ph008/mpspk/mpslog_QSO_zp1.250_DR2_v1.0+dv_verr_empirical.npy.
[012773.16]  01-27 01:12  compute_2pt                  INFO     Save to /pscratch/sd/s/shengyu/galaxies/catalogs/Y3/AbacusHF-v2/Boxes/QSO/sn1p250/AbacusSummit_base_c000_ph008/mpspk/mpslog_QSO_zp1.250_DR2_v1.0+dv_verr_empirical.npy
[012773.16]  01-27 01:12  TwoPointCorrelationFunction  INFO     Using estimator <class 'pycorr.twopoint_estimator.NaturalTwoPointEstimator'>.
[012773.16]  01-27 01:12  TwoPointCorrelationFunction  INFO     Running auto-correlation.
[012773.16]  01-27 01:12  TwoPointCorrelationFunction  INFO     Computing two-point counts D1D2.
[012796.51]  01-27 01:12  TwoPointCorrelationFunction  INFO     Analytically computing two-point counts R1R2.
[012796.51]  01-27 01:12  TwoPointCorrelationFunction  INFO     Correlation function computed in elapsed time 23.35 s.
[012796.51]  01-27 01:12  NaturalTwoPointEstimator     INFO     Saving /pscratch/sd/s/shengyu/galaxies/catalogs/Y3/AbacusHF-v2/Boxes/QSO/sn1p250/AbacusSummit_base_c000_ph008/mpspk/wplog_QSO_zp1.250_DR2_v1.0+dv_verr_empirical.npy.
[012796.51]  01-27 01:12  compute_2pt                  INFO     Save to /pscratch/sd/s/shengyu/galaxies/catalogs/Y3/AbacusHF-v2/Boxes/QSO/sn1p250/AbacusSummit_base_c000_ph008/mpspk/wplog_QSO_zp1.250_DR2_v1.0+dv_verr_empirical.npy
[012796.51]  01-27 01:12  compute_2pt                  INFO     Procceed {'version': 'AbacusHF-v2', 'domain': 'cubic', 'tracer': 'QSO', 'zsnap': 1.25, 'zrange': (1.1, 1.4), 'mock_id': 9, 'use_dv': 'verr_empirical'}
[012796.52]  01-27 01:12  cat_tools                    INFO     Load /pscratch/sd/s/shengyu/galaxies/catalogs/Y3/AbacusHF-v2/Boxes/QSO/sn1p250/AbacusSummit_base_c000_ph009/abacus_HF_QSO_1p250_DR2_v2.0_AbacusSummit_base_c000_ph009_base_clustering.dat.h5
[012796.52]  01-27 01:12  FileStack                    INFO     Reading /pscratch/sd/s/shengyu/galaxies/catalogs/Y3/AbacusHF-v2/Boxes/QSO/sn1p250/AbacusSummit_base_c000_ph009/abacus_HF_QSO_1p250_DR2_v2.0_AbacusSummit_base_c000_ph009_base_clustering.dat.h5.
[012796.52]  01-27 01:12  cat_tools                    INFO     use Z positions shifted in verr_empirical mode
[012797.64]  01-27 01:12  TwoPointCorrelationFunction  INFO     Using estimator <class 'pycorr.twopoint_estimator.NaturalTwoPointEstimator'>.
[012797.64]  01-27 01:12  TwoPointCorrelationFunction  INFO     Running auto-correlation.
[012797.64]  01-27 01:12  TwoPointCorrelationFunction  INFO     Computing two-point counts D1D2.
[012901.03]  01-27 01:14  TwoPointCorrelationFunction  INFO     Analytically computing two-point counts R1R2.
[012901.03]  01-27 01:14  TwoPointCorrelationFunction  INFO     Correlation function computed in elapsed time 103.39 s.
[012901.03]  01-27 01:14  NaturalTwoPointEstimator     INFO     Saving /pscratch/sd/s/shengyu/galaxies/catalogs/Y3/AbacusHF-v2/Boxes/QSO/sn1p250/AbacusSummit_base_c000_ph009/mpspk/xipoles_QSO_zp1.250_DR2_v1.0+dv_verr_empirical.npy.
[012901.04]  01-27 01:14  compute_2pt                  INFO     Save to /pscratch/sd/s/shengyu/galaxies/catalogs/Y3/AbacusHF-v2/Boxes/QSO/sn1p250/AbacusSummit_base_c000_ph009/mpspk/xipoles_QSO_zp1.250_DR2_v1.0+dv_verr_empirical.npy
[012904.93]  01-27 01:14  CatalogFFTPower              INFO     Painting catalog 1 to mesh CatalogMesh(nmesh=[512 512 512], boxsize=[2000. 2000. 2000.], boxcenter=[1000.00000057 1000.00003075  999.99997423], dtype=float64).
[012905.33]  01-27 01:14  CatalogMesh                  INFO     Slab 0 ~ 4194304 / 28334246.
[012906.47]  01-27 01:14  CatalogMesh                  INFO     Painted 4194304 out of 28334246 objects to mesh.
[012906.47]  01-27 01:14  CatalogMesh                  INFO     Slab 4194304 ~ 8388608 / 28334246.
[012907.58]  01-27 01:14  CatalogMesh                  INFO     Painted 8388608 out of 28334246 objects to mesh.
[012907.58]  01-27 01:14  CatalogMesh                  INFO     Slab 8388608 ~ 12582912 / 28334246.
[012908.69]  01-27 01:14  CatalogMesh                  INFO     Painted 12582912 out of 28334246 objects to mesh.
[012908.69]  01-27 01:14  CatalogMesh                  INFO     Slab 12582912 ~ 16777216 / 28334246.
[012909.81]  01-27 01:14  CatalogMesh                  INFO     Painted 16777216 out of 28334246 objects to mesh.
[012909.81]  01-27 01:14  CatalogMesh                  INFO     Slab 16777216 ~ 20971520 / 28334246.
[012910.91]  01-27 01:14  CatalogMesh                  INFO     Painted 20971520 out of 28334246 objects to mesh.
[012910.92]  01-27 01:14  CatalogMesh                  INFO     Slab 20971520 ~ 25165824 / 28334246.
[012912.13]  01-27 01:14  CatalogMesh                  INFO     Painted 25165824 out of 28334246 objects to mesh.
[012912.13]  01-27 01:14  CatalogMesh                  INFO     Slab 25165824 ~ 29360128 / 28334246.
[012913.16]  01-27 01:14  CatalogMesh                  INFO     Painted 28334246 out of 28334246 objects to mesh.
[012913.16]  01-27 01:14  CatalogMesh                  INFO     Running interlacing at order 3.
[012915.40]  01-27 01:14  CatalogMesh                  INFO     Slab 0 ~ 4194304 / 28334246.
[012916.51]  01-27 01:14  CatalogMesh                  INFO     Painted 4194304 out of 28334246 objects to mesh.
[012916.51]  01-27 01:14  CatalogMesh                  INFO     Slab 4194304 ~ 8388608 / 28334246.
[012917.62]  01-27 01:14  CatalogMesh                  INFO     Painted 8388608 out of 28334246 objects to mesh.
[012917.62]  01-27 01:14  CatalogMesh                  INFO     Slab 8388608 ~ 12582912 / 28334246.
[012918.73]  01-27 01:14  CatalogMesh                  INFO     Painted 12582912 out of 28334246 objects to mesh.
[012918.73]  01-27 01:14  CatalogMesh                  INFO     Slab 12582912 ~ 16777216 / 28334246.
[012919.84]  01-27 01:14  CatalogMesh                  INFO     Painted 16777216 out of 28334246 objects to mesh.
[012919.84]  01-27 01:14  CatalogMesh                  INFO     Slab 16777216 ~ 20971520 / 28334246.
[012920.95]  01-27 01:14  CatalogMesh                  INFO     Painted 20971520 out of 28334246 objects to mesh.
[012920.95]  01-27 01:14  CatalogMesh                  INFO     Slab 20971520 ~ 25165824 / 28334246.
[012922.16]  01-27 01:14  CatalogMesh                  INFO     Painted 25165824 out of 28334246 objects to mesh.
[012922.16]  01-27 01:14  CatalogMesh                  INFO     Slab 25165824 ~ 29360128 / 28334246.
[012923.19]  01-27 01:14  CatalogMesh                  INFO     Painted 28334246 out of 28334246 objects to mesh.
[012926.99]  01-27 01:15  CatalogMesh                  INFO     Slab 0 ~ 4194304 / 28334246.
[012928.10]  01-27 01:15  CatalogMesh                  INFO     Painted 4194304 out of 28334246 objects to mesh.
[012928.10]  01-27 01:15  CatalogMesh                  INFO     Slab 4194304 ~ 8388608 / 28334246.
[012929.22]  01-27 01:15  CatalogMesh                  INFO     Painted 8388608 out of 28334246 objects to mesh.
[012929.22]  01-27 01:15  CatalogMesh                  INFO     Slab 8388608 ~ 12582912 / 28334246.
[012930.33]  01-27 01:15  CatalogMesh                  INFO     Painted 12582912 out of 28334246 objects to mesh.
[012930.33]  01-27 01:15  CatalogMesh                  INFO     Slab 12582912 ~ 16777216 / 28334246.
[012931.44]  01-27 01:15  CatalogMesh                  INFO     Painted 16777216 out of 28334246 objects to mesh.
[012931.44]  01-27 01:15  CatalogMesh                  INFO     Slab 16777216 ~ 20971520 / 28334246.
[012932.55]  01-27 01:15  CatalogMesh                  INFO     Painted 20971520 out of 28334246 objects to mesh.
[012932.55]  01-27 01:15  CatalogMesh                  INFO     Slab 20971520 ~ 25165824 / 28334246.
[012933.77]  01-27 01:15  CatalogMesh                  INFO     Painted 25165824 out of 28334246 objects to mesh.
[012933.77]  01-27 01:15  CatalogMesh                  INFO     Slab 25165824 ~ 29360128 / 28334246.
[012934.80]  01-27 01:15  CatalogMesh                  INFO     Painted 28334246 out of 28334246 objects to mesh.
[012940.32]  01-27 01:15  CatalogFFTPower              INFO     Done painting catalog 1 to mesh.
[012940.32]  01-27 01:15  CatalogFFTPower              INFO     Using 400 k-bins between 0.000 and 0.400.
[012940.32]  01-27 01:15  CatalogFFTPower              INFO     Meshes prepared in elapsed time 35.39 s.
[012940.32]  01-27 01:15  CatalogFFTPower              INFO     Running mesh calculation.
[012957.34]  01-27 01:15  CatalogFFTPower              INFO     Mesh calculations performed in elapsed time 17.02 s.
[012957.34]  01-27 01:15  CatalogFFTPower              INFO     Power spectrum computed in elapsed time 52.41 s.
[012957.34]  01-27 01:15  CatalogFFTPower              INFO     Saving /pscratch/sd/s/shengyu/galaxies/catalogs/Y3/AbacusHF-v2/Boxes/QSO/sn1p250/AbacusSummit_base_c000_ph009/mpspk/pkpoles_QSO_zp1.250_DR2_v1.0+dv_verr_empirical.npy.
[012957.34]  01-27 01:15  compute_2pt                  INFO     Save to /pscratch/sd/s/shengyu/galaxies/catalogs/Y3/AbacusHF-v2/Boxes/QSO/sn1p250/AbacusSummit_base_c000_ph009/mpspk/pkpoles_QSO_zp1.250_DR2_v1.0+dv_verr_empirical.npy
[012957.35]  01-27 01:15  TwoPointCorrelationFunction  INFO     Using estimator <class 'pycorr.twopoint_estimator.NaturalTwoPointEstimator'>.
[012957.35]  01-27 01:15  TwoPointCorrelationFunction  INFO     Running auto-correlation.
[012957.35]  01-27 01:15  TwoPointCorrelationFunction  INFO     Computing two-point counts D1D2.
[012978.81]  01-27 01:15  TwoPointCorrelationFunction  INFO     Analytically computing two-point counts R1R2.
[012978.82]  01-27 01:15  TwoPointCorrelationFunction  INFO     Correlation function computed in elapsed time 21.47 s.
[012978.82]  01-27 01:15  NaturalTwoPointEstimator     INFO     Saving /pscratch/sd/s/shengyu/galaxies/catalogs/Y3/AbacusHF-v2/Boxes/QSO/sn1p250/AbacusSummit_base_c000_ph009/mpspk/mpslog_QSO_zp1.250_DR2_v1.0+dv_verr_empirical.npy.
[012978.82]  01-27 01:15  compute_2pt                  INFO     Save to /pscratch/sd/s/shengyu/galaxies/catalogs/Y3/AbacusHF-v2/Boxes/QSO/sn1p250/AbacusSummit_base_c000_ph009/mpspk/mpslog_QSO_zp1.250_DR2_v1.0+dv_verr_empirical.npy
[012978.82]  01-27 01:15  TwoPointCorrelationFunction  INFO     Using estimator <class 'pycorr.twopoint_estimator.NaturalTwoPointEstimator'>.
[012978.82]  01-27 01:15  TwoPointCorrelationFunction  INFO     Running auto-correlation.
[012978.82]  01-27 01:15  TwoPointCorrelationFunction  INFO     Computing two-point counts D1D2.
[013002.11]  01-27 01:16  TwoPointCorrelationFunction  INFO     Analytically computing two-point counts R1R2.
[013002.11]  01-27 01:16  TwoPointCorrelationFunction  INFO     Correlation function computed in elapsed time 23.29 s.
[013002.11]  01-27 01:16  NaturalTwoPointEstimator     INFO     Saving /pscratch/sd/s/shengyu/galaxies/catalogs/Y3/AbacusHF-v2/Boxes/QSO/sn1p250/AbacusSummit_base_c000_ph009/mpspk/wplog_QSO_zp1.250_DR2_v1.0+dv_verr_empirical.npy.
[013002.12]  01-27 01:16  compute_2pt                  INFO     Save to /pscratch/sd/s/shengyu/galaxies/catalogs/Y3/AbacusHF-v2/Boxes/QSO/sn1p250/AbacusSummit_base_c000_ph009/mpspk/wplog_QSO_zp1.250_DR2_v1.0+dv_verr_empirical.npy
[013002.12]  01-27 01:16  compute_2pt                  INFO     Procceed {'version': 'AbacusHF-v2', 'domain': 'cubic', 'tracer': 'QSO', 'zsnap': 1.25, 'zrange': (1.1, 1.4), 'mock_id': 10, 'use_dv': 'verr_empirical'}
[013002.12]  01-27 01:16  cat_tools                    INFO     Load /pscratch/sd/s/shengyu/galaxies/catalogs/Y3/AbacusHF-v2/Boxes/QSO/sn1p250/AbacusSummit_base_c000_ph010/abacus_HF_QSO_1p250_DR2_v2.0_AbacusSummit_base_c000_ph010_base_clustering.dat.h5
[013002.12]  01-27 01:16  FileStack                    INFO     Reading /pscratch/sd/s/shengyu/galaxies/catalogs/Y3/AbacusHF-v2/Boxes/QSO/sn1p250/AbacusSummit_base_c000_ph010/abacus_HF_QSO_1p250_DR2_v2.0_AbacusSummit_base_c000_ph010_base_clustering.dat.h5.
[013002.13]  01-27 01:16  cat_tools                    INFO     use Z positions shifted in verr_empirical mode
[013003.25]  01-27 01:16  TwoPointCorrelationFunction  INFO     Using estimator <class 'pycorr.twopoint_estimator.NaturalTwoPointEstimator'>.
[013003.25]  01-27 01:16  TwoPointCorrelationFunction  INFO     Running auto-correlation.
[013003.25]  01-27 01:16  TwoPointCorrelationFunction  INFO     Computing two-point counts D1D2.
[013105.91]  01-27 01:17  TwoPointCorrelationFunction  INFO     Analytically computing two-point counts R1R2.
[013105.91]  01-27 01:17  TwoPointCorrelationFunction  INFO     Correlation function computed in elapsed time 102.66 s.
[013105.91]  01-27 01:17  NaturalTwoPointEstimator     INFO     Saving /pscratch/sd/s/shengyu/galaxies/catalogs/Y3/AbacusHF-v2/Boxes/QSO/sn1p250/AbacusSummit_base_c000_ph010/mpspk/xipoles_QSO_zp1.250_DR2_v1.0+dv_verr_empirical.npy.
[013105.92]  01-27 01:17  compute_2pt                  INFO     Save to /pscratch/sd/s/shengyu/galaxies/catalogs/Y3/AbacusHF-v2/Boxes/QSO/sn1p250/AbacusSummit_base_c000_ph010/mpspk/xipoles_QSO_zp1.250_DR2_v1.0+dv_verr_empirical.npy
[013109.79]  01-27 01:18  CatalogFFTPower              INFO     Painting catalog 1 to mesh CatalogMesh(nmesh=[512 512 512], boxsize=[2000. 2000. 2000.], boxcenter=[ 999.99995857 1000.00004309  999.99999482], dtype=float64).
[013110.19]  01-27 01:18  CatalogMesh                  INFO     Slab 0 ~ 4194304 / 28321662.
[013111.32]  01-27 01:18  CatalogMesh                  INFO     Painted 4194304 out of 28321662 objects to mesh.
[013111.32]  01-27 01:18  CatalogMesh                  INFO     Slab 4194304 ~ 8388608 / 28321662.
[013112.43]  01-27 01:18  CatalogMesh                  INFO     Painted 8388608 out of 28321662 objects to mesh.
[013112.43]  01-27 01:18  CatalogMesh                  INFO     Slab 8388608 ~ 12582912 / 28321662.
[013113.55]  01-27 01:18  CatalogMesh                  INFO     Painted 12582912 out of 28321662 objects to mesh.
[013113.55]  01-27 01:18  CatalogMesh                  INFO     Slab 12582912 ~ 16777216 / 28321662.
[013114.67]  01-27 01:18  CatalogMesh                  INFO     Painted 16777216 out of 28321662 objects to mesh.
[013114.67]  01-27 01:18  CatalogMesh                  INFO     Slab 16777216 ~ 20971520 / 28321662.
[013115.79]  01-27 01:18  CatalogMesh                  INFO     Painted 20971520 out of 28321662 objects to mesh.
[013115.79]  01-27 01:18  CatalogMesh                  INFO     Slab 20971520 ~ 25165824 / 28321662.
[013117.00]  01-27 01:18  CatalogMesh                  INFO     Painted 25165824 out of 28321662 objects to mesh.
[013117.00]  01-27 01:18  CatalogMesh                  INFO     Slab 25165824 ~ 29360128 / 28321662.
[013118.02]  01-27 01:18  CatalogMesh                  INFO     Painted 28321662 out of 28321662 objects to mesh.
[013118.02]  01-27 01:18  CatalogMesh                  INFO     Running interlacing at order 3.
[013120.27]  01-27 01:18  CatalogMesh                  INFO     Slab 0 ~ 4194304 / 28321662.
[013121.37]  01-27 01:18  CatalogMesh                  INFO     Painted 4194304 out of 28321662 objects to mesh.
[013121.37]  01-27 01:18  CatalogMesh                  INFO     Slab 4194304 ~ 8388608 / 28321662.
[013122.49]  01-27 01:18  CatalogMesh                  INFO     Painted 8388608 out of 28321662 objects to mesh.
[013122.49]  01-27 01:18  CatalogMesh                  INFO     Slab 8388608 ~ 12582912 / 28321662.
[013123.60]  01-27 01:18  CatalogMesh                  INFO     Painted 12582912 out of 28321662 objects to mesh.
[013123.60]  01-27 01:18  CatalogMesh                  INFO     Slab 12582912 ~ 16777216 / 28321662.
[013124.71]  01-27 01:18  CatalogMesh                  INFO     Painted 16777216 out of 28321662 objects to mesh.
[013124.71]  01-27 01:18  CatalogMesh                  INFO     Slab 16777216 ~ 20971520 / 28321662.
[013125.82]  01-27 01:18  CatalogMesh                  INFO     Painted 20971520 out of 28321662 objects to mesh.
[013125.82]  01-27 01:18  CatalogMesh                  INFO     Slab 20971520 ~ 25165824 / 28321662.
[013127.04]  01-27 01:18  CatalogMesh                  INFO     Painted 25165824 out of 28321662 objects to mesh.
[013127.05]  01-27 01:18  CatalogMesh                  INFO     Slab 25165824 ~ 29360128 / 28321662.
[013128.07]  01-27 01:18  CatalogMesh                  INFO     Painted 28321662 out of 28321662 objects to mesh.
[013131.85]  01-27 01:18  CatalogMesh                  INFO     Slab 0 ~ 4194304 / 28321662.
[013132.96]  01-27 01:18  CatalogMesh                  INFO     Painted 4194304 out of 28321662 objects to mesh.
[013132.96]  01-27 01:18  CatalogMesh                  INFO     Slab 4194304 ~ 8388608 / 28321662.
[013134.07]  01-27 01:18  CatalogMesh                  INFO     Painted 8388608 out of 28321662 objects to mesh.
[013134.07]  01-27 01:18  CatalogMesh                  INFO     Slab 8388608 ~ 12582912 / 28321662.
[013135.18]  01-27 01:18  CatalogMesh                  INFO     Painted 12582912 out of 28321662 objects to mesh.
[013135.18]  01-27 01:18  CatalogMesh                  INFO     Slab 12582912 ~ 16777216 / 28321662.
[013136.29]  01-27 01:18  CatalogMesh                  INFO     Painted 16777216 out of 28321662 objects to mesh.
[013136.29]  01-27 01:18  CatalogMesh                  INFO     Slab 16777216 ~ 20971520 / 28321662.
[013137.40]  01-27 01:18  CatalogMesh                  INFO     Painted 20971520 out of 28321662 objects to mesh.
[013137.40]  01-27 01:18  CatalogMesh                  INFO     Slab 20971520 ~ 25165824 / 28321662.
[013138.61]  01-27 01:18  CatalogMesh                  INFO     Painted 25165824 out of 28321662 objects to mesh.
[013138.61]  01-27 01:18  CatalogMesh                  INFO     Slab 25165824 ~ 29360128 / 28321662.
[013139.64]  01-27 01:18  CatalogMesh                  INFO     Painted 28321662 out of 28321662 objects to mesh.
[013145.16]  01-27 01:18  CatalogFFTPower              INFO     Done painting catalog 1 to mesh.
[013145.16]  01-27 01:18  CatalogFFTPower              INFO     Using 400 k-bins between 0.000 and 0.400.
[013145.16]  01-27 01:18  CatalogFFTPower              INFO     Meshes prepared in elapsed time 35.37 s.
[013145.16]  01-27 01:18  CatalogFFTPower              INFO     Running mesh calculation.
[013162.22]  01-27 01:18  CatalogFFTPower              INFO     Mesh calculations performed in elapsed time 17.07 s.
[013162.22]  01-27 01:18  CatalogFFTPower              INFO     Power spectrum computed in elapsed time 52.43 s.
[013162.22]  01-27 01:18  CatalogFFTPower              INFO     Saving /pscratch/sd/s/shengyu/galaxies/catalogs/Y3/AbacusHF-v2/Boxes/QSO/sn1p250/AbacusSummit_base_c000_ph010/mpspk/pkpoles_QSO_zp1.250_DR2_v1.0+dv_verr_empirical.npy.
[013162.23]  01-27 01:18  compute_2pt                  INFO     Save to /pscratch/sd/s/shengyu/galaxies/catalogs/Y3/AbacusHF-v2/Boxes/QSO/sn1p250/AbacusSummit_base_c000_ph010/mpspk/pkpoles_QSO_zp1.250_DR2_v1.0+dv_verr_empirical.npy
[013162.23]  01-27 01:18  TwoPointCorrelationFunction  INFO     Using estimator <class 'pycorr.twopoint_estimator.NaturalTwoPointEstimator'>.
[013162.23]  01-27 01:18  TwoPointCorrelationFunction  INFO     Running auto-correlation.
[013162.23]  01-27 01:18  TwoPointCorrelationFunction  INFO     Computing two-point counts D1D2.
[013185.19]  01-27 01:19  TwoPointCorrelationFunction  INFO     Analytically computing two-point counts R1R2.
[013185.19]  01-27 01:19  TwoPointCorrelationFunction  INFO     Correlation function computed in elapsed time 22.96 s.
[013185.19]  01-27 01:19  NaturalTwoPointEstimator     INFO     Saving /pscratch/sd/s/shengyu/galaxies/catalogs/Y3/AbacusHF-v2/Boxes/QSO/sn1p250/AbacusSummit_base_c000_ph010/mpspk/mpslog_QSO_zp1.250_DR2_v1.0+dv_verr_empirical.npy.
[013185.19]  01-27 01:19  compute_2pt                  INFO     Save to /pscratch/sd/s/shengyu/galaxies/catalogs/Y3/AbacusHF-v2/Boxes/QSO/sn1p250/AbacusSummit_base_c000_ph010/mpspk/mpslog_QSO_zp1.250_DR2_v1.0+dv_verr_empirical.npy
[013185.19]  01-27 01:19  TwoPointCorrelationFunction  INFO     Using estimator <class 'pycorr.twopoint_estimator.NaturalTwoPointEstimator'>.
[013185.19]  01-27 01:19  TwoPointCorrelationFunction  INFO     Running auto-correlation.
[013185.19]  01-27 01:19  TwoPointCorrelationFunction  INFO     Computing two-point counts D1D2.
[013208.45]  01-27 01:19  TwoPointCorrelationFunction  INFO     Analytically computing two-point counts R1R2.
[013208.46]  01-27 01:19  TwoPointCorrelationFunction  INFO     Correlation function computed in elapsed time 23.26 s.
[013208.46]  01-27 01:19  NaturalTwoPointEstimator     INFO     Saving /pscratch/sd/s/shengyu/galaxies/catalogs/Y3/AbacusHF-v2/Boxes/QSO/sn1p250/AbacusSummit_base_c000_ph010/mpspk/wplog_QSO_zp1.250_DR2_v1.0+dv_verr_empirical.npy.
[013208.46]  01-27 01:19  compute_2pt                  INFO     Save to /pscratch/sd/s/shengyu/galaxies/catalogs/Y3/AbacusHF-v2/Boxes/QSO/sn1p250/AbacusSummit_base_c000_ph010/mpspk/wplog_QSO_zp1.250_DR2_v1.0+dv_verr_empirical.npy
[013208.46]  01-27 01:19  compute_2pt                  INFO     Procceed {'version': 'AbacusHF-v2', 'domain': 'cubic', 'tracer': 'QSO', 'zsnap': 1.25, 'zrange': (1.1, 1.4), 'mock_id': 11, 'use_dv': 'verr_empirical'}
[013208.46]  01-27 01:19  cat_tools                    INFO     Load /pscratch/sd/s/shengyu/galaxies/catalogs/Y3/AbacusHF-v2/Boxes/QSO/sn1p250/AbacusSummit_base_c000_ph011/abacus_HF_QSO_1p250_DR2_v2.0_AbacusSummit_base_c000_ph011_base_clustering.dat.h5
[013208.46]  01-27 01:19  FileStack                    INFO     Reading /pscratch/sd/s/shengyu/galaxies/catalogs/Y3/AbacusHF-v2/Boxes/QSO/sn1p250/AbacusSummit_base_c000_ph011/abacus_HF_QSO_1p250_DR2_v2.0_AbacusSummit_base_c000_ph011_base_clustering.dat.h5.
[013208.47]  01-27 01:19  cat_tools                    INFO     use Z positions shifted in verr_empirical mode
[013209.59]  01-27 01:19  TwoPointCorrelationFunction  INFO     Using estimator <class 'pycorr.twopoint_estimator.NaturalTwoPointEstimator'>.
[013209.59]  01-27 01:19  TwoPointCorrelationFunction  INFO     Running auto-correlation.
[013209.59]  01-27 01:19  TwoPointCorrelationFunction  INFO     Computing two-point counts D1D2.
[013310.60]  01-27 01:21  TwoPointCorrelationFunction  INFO     Analytically computing two-point counts R1R2.
[013310.60]  01-27 01:21  TwoPointCorrelationFunction  INFO     Correlation function computed in elapsed time 101.01 s.
[013310.60]  01-27 01:21  NaturalTwoPointEstimator     INFO     Saving /pscratch/sd/s/shengyu/galaxies/catalogs/Y3/AbacusHF-v2/Boxes/QSO/sn1p250/AbacusSummit_base_c000_ph011/mpspk/xipoles_QSO_zp1.250_DR2_v1.0+dv_verr_empirical.npy.
[013310.61]  01-27 01:21  compute_2pt                  INFO     Save to /pscratch/sd/s/shengyu/galaxies/catalogs/Y3/AbacusHF-v2/Boxes/QSO/sn1p250/AbacusSummit_base_c000_ph011/mpspk/xipoles_QSO_zp1.250_DR2_v1.0+dv_verr_empirical.npy
[013314.47]  01-27 01:21  CatalogFFTPower              INFO     Painting catalog 1 to mesh CatalogMesh(nmesh=[512 512 512], boxsize=[2000. 2000. 2000.], boxcenter=[999.99999259 999.99994547 999.99993848], dtype=float64).
[013314.88]  01-27 01:21  CatalogMesh                  INFO     Slab 0 ~ 4194304 / 28332183.
[013316.02]  01-27 01:21  CatalogMesh                  INFO     Painted 4194304 out of 28332183 objects to mesh.
[013316.02]  01-27 01:21  CatalogMesh                  INFO     Slab 4194304 ~ 8388608 / 28332183.
[013317.13]  01-27 01:21  CatalogMesh                  INFO     Painted 8388608 out of 28332183 objects to mesh.
[013317.13]  01-27 01:21  CatalogMesh                  INFO     Slab 8388608 ~ 12582912 / 28332183.
[013318.24]  01-27 01:21  CatalogMesh                  INFO     Painted 12582912 out of 28332183 objects to mesh.
[013318.24]  01-27 01:21  CatalogMesh                  INFO     Slab 12582912 ~ 16777216 / 28332183.
[013319.36]  01-27 01:21  CatalogMesh                  INFO     Painted 16777216 out of 28332183 objects to mesh.
[013319.36]  01-27 01:21  CatalogMesh                  INFO     Slab 16777216 ~ 20971520 / 28332183.
[013320.47]  01-27 01:21  CatalogMesh                  INFO     Painted 20971520 out of 28332183 objects to mesh.
[013320.47]  01-27 01:21  CatalogMesh                  INFO     Slab 20971520 ~ 25165824 / 28332183.
[013321.69]  01-27 01:21  CatalogMesh                  INFO     Painted 25165824 out of 28332183 objects to mesh.
[013321.69]  01-27 01:21  CatalogMesh                  INFO     Slab 25165824 ~ 29360128 / 28332183.
[013322.72]  01-27 01:21  CatalogMesh                  INFO     Painted 28332183 out of 28332183 objects to mesh.
[013322.72]  01-27 01:21  CatalogMesh                  INFO     Running interlacing at order 3.
[013324.97]  01-27 01:21  CatalogMesh                  INFO     Slab 0 ~ 4194304 / 28332183.
[013326.07]  01-27 01:21  CatalogMesh                  INFO     Painted 4194304 out of 28332183 objects to mesh.
[013326.07]  01-27 01:21  CatalogMesh                  INFO     Slab 4194304 ~ 8388608 / 28332183.
[013327.18]  01-27 01:21  CatalogMesh                  INFO     Painted 8388608 out of 28332183 objects to mesh.
[013327.18]  01-27 01:21  CatalogMesh                  INFO     Slab 8388608 ~ 12582912 / 28332183.
[013328.30]  01-27 01:21  CatalogMesh                  INFO     Painted 12582912 out of 28332183 objects to mesh.
[013328.30]  01-27 01:21  CatalogMesh                  INFO     Slab 12582912 ~ 16777216 / 28332183.
[013329.41]  01-27 01:21  CatalogMesh                  INFO     Painted 16777216 out of 28332183 objects to mesh.
[013329.41]  01-27 01:21  CatalogMesh                  INFO     Slab 16777216 ~ 20971520 / 28332183.
[013330.52]  01-27 01:21  CatalogMesh                  INFO     Painted 20971520 out of 28332183 objects to mesh.
[013330.52]  01-27 01:21  CatalogMesh                  INFO     Slab 20971520 ~ 25165824 / 28332183.
[013331.80]  01-27 01:21  CatalogMesh                  INFO     Painted 25165824 out of 28332183 objects to mesh.
[013331.80]  01-27 01:21  CatalogMesh                  INFO     Slab 25165824 ~ 29360128 / 28332183.
[013332.83]  01-27 01:21  CatalogMesh                  INFO     Painted 28332183 out of 28332183 objects to mesh.
[013336.64]  01-27 01:21  CatalogMesh                  INFO     Slab 0 ~ 4194304 / 28332183.
[013337.76]  01-27 01:21  CatalogMesh                  INFO     Painted 4194304 out of 28332183 objects to mesh.
[013337.76]  01-27 01:21  CatalogMesh                  INFO     Slab 4194304 ~ 8388608 / 28332183.
[013338.88]  01-27 01:21  CatalogMesh                  INFO     Painted 8388608 out of 28332183 objects to mesh.
[013338.88]  01-27 01:21  CatalogMesh                  INFO     Slab 8388608 ~ 12582912 / 28332183.
[013339.99]  01-27 01:21  CatalogMesh                  INFO     Painted 12582912 out of 28332183 objects to mesh.
[013339.99]  01-27 01:21  CatalogMesh                  INFO     Slab 12582912 ~ 16777216 / 28332183.
[013341.11]  01-27 01:21  CatalogMesh                  INFO     Painted 16777216 out of 28332183 objects to mesh.
[013341.11]  01-27 01:21  CatalogMesh                  INFO     Slab 16777216 ~ 20971520 / 28332183.
[013342.22]  01-27 01:21  CatalogMesh                  INFO     Painted 20971520 out of 28332183 objects to mesh.
[013342.22]  01-27 01:21  CatalogMesh                  INFO     Slab 20971520 ~ 25165824 / 28332183.
[013343.44]  01-27 01:21  CatalogMesh                  INFO     Painted 25165824 out of 28332183 objects to mesh.
[013343.44]  01-27 01:21  CatalogMesh                  INFO     Slab 25165824 ~ 29360128 / 28332183.
[013344.48]  01-27 01:21  CatalogMesh                  INFO     Painted 28332183 out of 28332183 objects to mesh.
[013349.99]  01-27 01:22  CatalogFFTPower              INFO     Done painting catalog 1 to mesh.
[013349.99]  01-27 01:22  CatalogFFTPower              INFO     Using 400 k-bins between 0.000 and 0.400.
[013349.99]  01-27 01:22  CatalogFFTPower              INFO     Meshes prepared in elapsed time 35.52 s.
[013349.99]  01-27 01:22  CatalogFFTPower              INFO     Running mesh calculation.
[013367.11]  01-27 01:22  CatalogFFTPower              INFO     Mesh calculations performed in elapsed time 17.12 s.
[013367.11]  01-27 01:22  CatalogFFTPower              INFO     Power spectrum computed in elapsed time 52.64 s.
[013367.12]  01-27 01:22  CatalogFFTPower              INFO     Saving /pscratch/sd/s/shengyu/galaxies/catalogs/Y3/AbacusHF-v2/Boxes/QSO/sn1p250/AbacusSummit_base_c000_ph011/mpspk/pkpoles_QSO_zp1.250_DR2_v1.0+dv_verr_empirical.npy.
[013367.12]  01-27 01:22  compute_2pt                  INFO     Save to /pscratch/sd/s/shengyu/galaxies/catalogs/Y3/AbacusHF-v2/Boxes/QSO/sn1p250/AbacusSummit_base_c000_ph011/mpspk/pkpoles_QSO_zp1.250_DR2_v1.0+dv_verr_empirical.npy
[013367.12]  01-27 01:22  TwoPointCorrelationFunction  INFO     Using estimator <class 'pycorr.twopoint_estimator.NaturalTwoPointEstimator'>.
[013367.12]  01-27 01:22  TwoPointCorrelationFunction  INFO     Running auto-correlation.
[013367.12]  01-27 01:22  TwoPointCorrelationFunction  INFO     Computing two-point counts D1D2.
[013387.92]  01-27 01:22  TwoPointCorrelationFunction  INFO     Analytically computing two-point counts R1R2.
[013387.92]  01-27 01:22  TwoPointCorrelationFunction  INFO     Correlation function computed in elapsed time 20.80 s.
[013387.92]  01-27 01:22  NaturalTwoPointEstimator     INFO     Saving /pscratch/sd/s/shengyu/galaxies/catalogs/Y3/AbacusHF-v2/Boxes/QSO/sn1p250/AbacusSummit_base_c000_ph011/mpspk/mpslog_QSO_zp1.250_DR2_v1.0+dv_verr_empirical.npy.
[013387.92]  01-27 01:22  compute_2pt                  INFO     Save to /pscratch/sd/s/shengyu/galaxies/catalogs/Y3/AbacusHF-v2/Boxes/QSO/sn1p250/AbacusSummit_base_c000_ph011/mpspk/mpslog_QSO_zp1.250_DR2_v1.0+dv_verr_empirical.npy
[013387.92]  01-27 01:22  TwoPointCorrelationFunction  INFO     Using estimator <class 'pycorr.twopoint_estimator.NaturalTwoPointEstimator'>.
[013387.92]  01-27 01:22  TwoPointCorrelationFunction  INFO     Running auto-correlation.
[013387.92]  01-27 01:22  TwoPointCorrelationFunction  INFO     Computing two-point counts D1D2.
[013411.22]  01-27 01:23  TwoPointCorrelationFunction  INFO     Analytically computing two-point counts R1R2.
[013411.23]  01-27 01:23  TwoPointCorrelationFunction  INFO     Correlation function computed in elapsed time 23.30 s.
[013411.23]  01-27 01:23  NaturalTwoPointEstimator     INFO     Saving /pscratch/sd/s/shengyu/galaxies/catalogs/Y3/AbacusHF-v2/Boxes/QSO/sn1p250/AbacusSummit_base_c000_ph011/mpspk/wplog_QSO_zp1.250_DR2_v1.0+dv_verr_empirical.npy.
[013411.23]  01-27 01:23  compute_2pt                  INFO     Save to /pscratch/sd/s/shengyu/galaxies/catalogs/Y3/AbacusHF-v2/Boxes/QSO/sn1p250/AbacusSummit_base_c000_ph011/mpspk/wplog_QSO_zp1.250_DR2_v1.0+dv_verr_empirical.npy
[013411.23]  01-27 01:23  compute_2pt                  INFO     Procceed {'version': 'AbacusHF-v2', 'domain': 'cubic', 'tracer': 'QSO', 'zsnap': 1.25, 'zrange': (1.1, 1.4), 'mock_id': 12, 'use_dv': 'verr_empirical'}
[013411.23]  01-27 01:23  cat_tools                    INFO     Load /pscratch/sd/s/shengyu/galaxies/catalogs/Y3/AbacusHF-v2/Boxes/QSO/sn1p250/AbacusSummit_base_c000_ph012/abacus_HF_QSO_1p250_DR2_v2.0_AbacusSummit_base_c000_ph012_base_clustering.dat.h5
[013411.23]  01-27 01:23  FileStack                    INFO     Reading /pscratch/sd/s/shengyu/galaxies/catalogs/Y3/AbacusHF-v2/Boxes/QSO/sn1p250/AbacusSummit_base_c000_ph012/abacus_HF_QSO_1p250_DR2_v2.0_AbacusSummit_base_c000_ph012_base_clustering.dat.h5.
[013411.24]  01-27 01:23  cat_tools                    INFO     use Z positions shifted in verr_empirical mode
[013412.35]  01-27 01:23  TwoPointCorrelationFunction  INFO     Using estimator <class 'pycorr.twopoint_estimator.NaturalTwoPointEstimator'>.
[013412.35]  01-27 01:23  TwoPointCorrelationFunction  INFO     Running auto-correlation.
[013412.35]  01-27 01:23  TwoPointCorrelationFunction  INFO     Computing two-point counts D1D2.
[013514.09]  01-27 01:24  TwoPointCorrelationFunction  INFO     Analytically computing two-point counts R1R2.
[013514.09]  01-27 01:24  TwoPointCorrelationFunction  INFO     Correlation function computed in elapsed time 101.75 s.
[013514.09]  01-27 01:24  NaturalTwoPointEstimator     INFO     Saving /pscratch/sd/s/shengyu/galaxies/catalogs/Y3/AbacusHF-v2/Boxes/QSO/sn1p250/AbacusSummit_base_c000_ph012/mpspk/xipoles_QSO_zp1.250_DR2_v1.0+dv_verr_empirical.npy.
[013514.10]  01-27 01:24  compute_2pt                  INFO     Save to /pscratch/sd/s/shengyu/galaxies/catalogs/Y3/AbacusHF-v2/Boxes/QSO/sn1p250/AbacusSummit_base_c000_ph012/mpspk/xipoles_QSO_zp1.250_DR2_v1.0+dv_verr_empirical.npy
[013518.00]  01-27 01:24  CatalogFFTPower              INFO     Painting catalog 1 to mesh CatalogMesh(nmesh=[512 512 512], boxsize=[2000. 2000. 2000.], boxcenter=[ 999.99993172 1000.00001807 1000.0000425 ], dtype=float64).
[013518.40]  01-27 01:24  CatalogMesh                  INFO     Slab 0 ~ 4194304 / 28336306.
[013519.53]  01-27 01:24  CatalogMesh                  INFO     Painted 4194304 out of 28336306 objects to mesh.
[013519.53]  01-27 01:24  CatalogMesh                  INFO     Slab 4194304 ~ 8388608 / 28336306.
[013520.64]  01-27 01:24  CatalogMesh                  INFO     Painted 8388608 out of 28336306 objects to mesh.
[013520.64]  01-27 01:24  CatalogMesh                  INFO     Slab 8388608 ~ 12582912 / 28336306.
[013521.76]  01-27 01:24  CatalogMesh                  INFO     Painted 12582912 out of 28336306 objects to mesh.
[013521.76]  01-27 01:24  CatalogMesh                  INFO     Slab 12582912 ~ 16777216 / 28336306.
[013522.87]  01-27 01:24  CatalogMesh                  INFO     Painted 16777216 out of 28336306 objects to mesh.
[013522.87]  01-27 01:24  CatalogMesh                  INFO     Slab 16777216 ~ 20971520 / 28336306.
[013523.98]  01-27 01:24  CatalogMesh                  INFO     Painted 20971520 out of 28336306 objects to mesh.
[013523.98]  01-27 01:24  CatalogMesh                  INFO     Slab 20971520 ~ 25165824 / 28336306.
[013525.20]  01-27 01:24  CatalogMesh                  INFO     Painted 25165824 out of 28336306 objects to mesh.
[013525.20]  01-27 01:24  CatalogMesh                  INFO     Slab 25165824 ~ 29360128 / 28336306.
[013526.23]  01-27 01:24  CatalogMesh                  INFO     Painted 28336306 out of 28336306 objects to mesh.
[013526.23]  01-27 01:24  CatalogMesh                  INFO     Running interlacing at order 3.
[013528.48]  01-27 01:25  CatalogMesh                  INFO     Slab 0 ~ 4194304 / 28336306.
[013529.59]  01-27 01:25  CatalogMesh                  INFO     Painted 4194304 out of 28336306 objects to mesh.
[013529.59]  01-27 01:25  CatalogMesh                  INFO     Slab 4194304 ~ 8388608 / 28336306.
[013530.70]  01-27 01:25  CatalogMesh                  INFO     Painted 8388608 out of 28336306 objects to mesh.
[013530.70]  01-27 01:25  CatalogMesh                  INFO     Slab 8388608 ~ 12582912 / 28336306.
[013531.83]  01-27 01:25  CatalogMesh                  INFO     Painted 12582912 out of 28336306 objects to mesh.
[013531.83]  01-27 01:25  CatalogMesh                  INFO     Slab 12582912 ~ 16777216 / 28336306.
[013532.94]  01-27 01:25  CatalogMesh                  INFO     Painted 16777216 out of 28336306 objects to mesh.
[013532.94]  01-27 01:25  CatalogMesh                  INFO     Slab 16777216 ~ 20971520 / 28336306.
[013534.06]  01-27 01:25  CatalogMesh                  INFO     Painted 20971520 out of 28336306 objects to mesh.
[013534.06]  01-27 01:25  CatalogMesh                  INFO     Slab 20971520 ~ 25165824 / 28336306.
[013535.29]  01-27 01:25  CatalogMesh                  INFO     Painted 25165824 out of 28336306 objects to mesh.
[013535.29]  01-27 01:25  CatalogMesh                  INFO     Slab 25165824 ~ 29360128 / 28336306.
[013536.32]  01-27 01:25  CatalogMesh                  INFO     Painted 28336306 out of 28336306 objects to mesh.
[013540.12]  01-27 01:25  CatalogMesh                  INFO     Slab 0 ~ 4194304 / 28336306.
[013541.23]  01-27 01:25  CatalogMesh                  INFO     Painted 4194304 out of 28336306 objects to mesh.
[013541.23]  01-27 01:25  CatalogMesh                  INFO     Slab 4194304 ~ 8388608 / 28336306.
[013542.35]  01-27 01:25  CatalogMesh                  INFO     Painted 8388608 out of 28336306 objects to mesh.
[013542.35]  01-27 01:25  CatalogMesh                  INFO     Slab 8388608 ~ 12582912 / 28336306.
[013543.47]  01-27 01:25  CatalogMesh                  INFO     Painted 12582912 out of 28336306 objects to mesh.
[013543.47]  01-27 01:25  CatalogMesh                  INFO     Slab 12582912 ~ 16777216 / 28336306.
[013544.58]  01-27 01:25  CatalogMesh                  INFO     Painted 16777216 out of 28336306 objects to mesh.
[013544.59]  01-27 01:25  CatalogMesh                  INFO     Slab 16777216 ~ 20971520 / 28336306.
[013545.70]  01-27 01:25  CatalogMesh                  INFO     Painted 20971520 out of 28336306 objects to mesh.
[013545.70]  01-27 01:25  CatalogMesh                  INFO     Slab 20971520 ~ 25165824 / 28336306.
[013546.91]  01-27 01:25  CatalogMesh                  INFO     Painted 25165824 out of 28336306 objects to mesh.
[013546.92]  01-27 01:25  CatalogMesh                  INFO     Slab 25165824 ~ 29360128 / 28336306.
[013547.95]  01-27 01:25  CatalogMesh                  INFO     Painted 28336306 out of 28336306 objects to mesh.
[013553.46]  01-27 01:25  CatalogFFTPower              INFO     Done painting catalog 1 to mesh.
[013553.46]  01-27 01:25  CatalogFFTPower              INFO     Using 400 k-bins between 0.000 and 0.400.
[013553.46]  01-27 01:25  CatalogFFTPower              INFO     Meshes prepared in elapsed time 35.47 s.
[013553.46]  01-27 01:25  CatalogFFTPower              INFO     Running mesh calculation.
[013570.51]  01-27 01:25  CatalogFFTPower              INFO     Mesh calculations performed in elapsed time 17.05 s.
[013570.52]  01-27 01:25  CatalogFFTPower              INFO     Power spectrum computed in elapsed time 52.52 s.
[013570.52]  01-27 01:25  CatalogFFTPower              INFO     Saving /pscratch/sd/s/shengyu/galaxies/catalogs/Y3/AbacusHF-v2/Boxes/QSO/sn1p250/AbacusSummit_base_c000_ph012/mpspk/pkpoles_QSO_zp1.250_DR2_v1.0+dv_verr_empirical.npy.
[013570.52]  01-27 01:25  compute_2pt                  INFO     Save to /pscratch/sd/s/shengyu/galaxies/catalogs/Y3/AbacusHF-v2/Boxes/QSO/sn1p250/AbacusSummit_base_c000_ph012/mpspk/pkpoles_QSO_zp1.250_DR2_v1.0+dv_verr_empirical.npy
[013570.52]  01-27 01:25  TwoPointCorrelationFunction  INFO     Using estimator <class 'pycorr.twopoint_estimator.NaturalTwoPointEstimator'>.
[013570.52]  01-27 01:25  TwoPointCorrelationFunction  INFO     Running auto-correlation.
[013570.52]  01-27 01:25  TwoPointCorrelationFunction  INFO     Computing two-point counts D1D2.
[013591.32]  01-27 01:26  TwoPointCorrelationFunction  INFO     Analytically computing two-point counts R1R2.
[013591.33]  01-27 01:26  TwoPointCorrelationFunction  INFO     Correlation function computed in elapsed time 20.81 s.
[013591.33]  01-27 01:26  NaturalTwoPointEstimator     INFO     Saving /pscratch/sd/s/shengyu/galaxies/catalogs/Y3/AbacusHF-v2/Boxes/QSO/sn1p250/AbacusSummit_base_c000_ph012/mpspk/mpslog_QSO_zp1.250_DR2_v1.0+dv_verr_empirical.npy.
[013591.33]  01-27 01:26  compute_2pt                  INFO     Save to /pscratch/sd/s/shengyu/galaxies/catalogs/Y3/AbacusHF-v2/Boxes/QSO/sn1p250/AbacusSummit_base_c000_ph012/mpspk/mpslog_QSO_zp1.250_DR2_v1.0+dv_verr_empirical.npy
[013591.33]  01-27 01:26  TwoPointCorrelationFunction  INFO     Using estimator <class 'pycorr.twopoint_estimator.NaturalTwoPointEstimator'>.
[013591.33]  01-27 01:26  TwoPointCorrelationFunction  INFO     Running auto-correlation.
[013591.33]  01-27 01:26  TwoPointCorrelationFunction  INFO     Computing two-point counts D1D2.
[013614.56]  01-27 01:26  TwoPointCorrelationFunction  INFO     Analytically computing two-point counts R1R2.
[013614.56]  01-27 01:26  TwoPointCorrelationFunction  INFO     Correlation function computed in elapsed time 23.23 s.
[013614.56]  01-27 01:26  NaturalTwoPointEstimator     INFO     Saving /pscratch/sd/s/shengyu/galaxies/catalogs/Y3/AbacusHF-v2/Boxes/QSO/sn1p250/AbacusSummit_base_c000_ph012/mpspk/wplog_QSO_zp1.250_DR2_v1.0+dv_verr_empirical.npy.
[013614.56]  01-27 01:26  compute_2pt                  INFO     Save to /pscratch/sd/s/shengyu/galaxies/catalogs/Y3/AbacusHF-v2/Boxes/QSO/sn1p250/AbacusSummit_base_c000_ph012/mpspk/wplog_QSO_zp1.250_DR2_v1.0+dv_verr_empirical.npy
[013614.57]  01-27 01:26  compute_2pt                  INFO     Procceed {'version': 'AbacusHF-v2', 'domain': 'cubic', 'tracer': 'QSO', 'zsnap': 1.25, 'zrange': (1.1, 1.4), 'mock_id': 13, 'use_dv': 'verr_empirical'}
[013614.57]  01-27 01:26  cat_tools                    INFO     Load /pscratch/sd/s/shengyu/galaxies/catalogs/Y3/AbacusHF-v2/Boxes/QSO/sn1p250/AbacusSummit_base_c000_ph013/abacus_HF_QSO_1p250_DR2_v2.0_AbacusSummit_base_c000_ph013_base_clustering.dat.h5
[013614.57]  01-27 01:26  FileStack                    INFO     Reading /pscratch/sd/s/shengyu/galaxies/catalogs/Y3/AbacusHF-v2/Boxes/QSO/sn1p250/AbacusSummit_base_c000_ph013/abacus_HF_QSO_1p250_DR2_v2.0_AbacusSummit_base_c000_ph013_base_clustering.dat.h5.
[013614.57]  01-27 01:26  cat_tools                    INFO     use Z positions shifted in verr_empirical mode
[013615.69]  01-27 01:26  TwoPointCorrelationFunction  INFO     Using estimator <class 'pycorr.twopoint_estimator.NaturalTwoPointEstimator'>.
[013615.69]  01-27 01:26  TwoPointCorrelationFunction  INFO     Running auto-correlation.
[013615.69]  01-27 01:26  TwoPointCorrelationFunction  INFO     Computing two-point counts D1D2.
[013717.61]  01-27 01:28  TwoPointCorrelationFunction  INFO     Analytically computing two-point counts R1R2.
[013717.61]  01-27 01:28  TwoPointCorrelationFunction  INFO     Correlation function computed in elapsed time 101.92 s.
[013717.61]  01-27 01:28  NaturalTwoPointEstimator     INFO     Saving /pscratch/sd/s/shengyu/galaxies/catalogs/Y3/AbacusHF-v2/Boxes/QSO/sn1p250/AbacusSummit_base_c000_ph013/mpspk/xipoles_QSO_zp1.250_DR2_v1.0+dv_verr_empirical.npy.
[013717.62]  01-27 01:28  compute_2pt                  INFO     Save to /pscratch/sd/s/shengyu/galaxies/catalogs/Y3/AbacusHF-v2/Boxes/QSO/sn1p250/AbacusSummit_base_c000_ph013/mpspk/xipoles_QSO_zp1.250_DR2_v1.0+dv_verr_empirical.npy
[013721.47]  01-27 01:28  CatalogFFTPower              INFO     Painting catalog 1 to mesh CatalogMesh(nmesh=[512 512 512], boxsize=[2000. 2000. 2000.], boxcenter=[ 999.99999656 1000.00004667  999.9999795 ], dtype=float64).
[013721.88]  01-27 01:28  CatalogMesh                  INFO     Slab 0 ~ 4194304 / 28349191.
[013723.01]  01-27 01:28  CatalogMesh                  INFO     Painted 4194304 out of 28349191 objects to mesh.
[013723.01]  01-27 01:28  CatalogMesh                  INFO     Slab 4194304 ~ 8388608 / 28349191.
[013724.13]  01-27 01:28  CatalogMesh                  INFO     Painted 8388608 out of 28349191 objects to mesh.
[013724.13]  01-27 01:28  CatalogMesh                  INFO     Slab 8388608 ~ 12582912 / 28349191.
[013725.24]  01-27 01:28  CatalogMesh                  INFO     Painted 12582912 out of 28349191 objects to mesh.
[013725.24]  01-27 01:28  CatalogMesh                  INFO     Slab 12582912 ~ 16777216 / 28349191.
[013726.36]  01-27 01:28  CatalogMesh                  INFO     Painted 16777216 out of 28349191 objects to mesh.
[013726.36]  01-27 01:28  CatalogMesh                  INFO     Slab 16777216 ~ 20971520 / 28349191.
[013727.48]  01-27 01:28  CatalogMesh                  INFO     Painted 20971520 out of 28349191 objects to mesh.
[013727.48]  01-27 01:28  CatalogMesh                  INFO     Slab 20971520 ~ 25165824 / 28349191.
[013728.70]  01-27 01:28  CatalogMesh                  INFO     Painted 25165824 out of 28349191 objects to mesh.
[013728.70]  01-27 01:28  CatalogMesh                  INFO     Slab 25165824 ~ 29360128 / 28349191.
[013729.74]  01-27 01:28  CatalogMesh                  INFO     Painted 28349191 out of 28349191 objects to mesh.
[013729.75]  01-27 01:28  CatalogMesh                  INFO     Running interlacing at order 3.
[013732.02]  01-27 01:28  CatalogMesh                  INFO     Slab 0 ~ 4194304 / 28349191.
[013733.14]  01-27 01:28  CatalogMesh                  INFO     Painted 4194304 out of 28349191 objects to mesh.
[013733.14]  01-27 01:28  CatalogMesh                  INFO     Slab 4194304 ~ 8388608 / 28349191.
[013734.26]  01-27 01:28  CatalogMesh                  INFO     Painted 8388608 out of 28349191 objects to mesh.
[013734.26]  01-27 01:28  CatalogMesh                  INFO     Slab 8388608 ~ 12582912 / 28349191.
[013735.38]  01-27 01:28  CatalogMesh                  INFO     Painted 12582912 out of 28349191 objects to mesh.
[013735.38]  01-27 01:28  CatalogMesh                  INFO     Slab 12582912 ~ 16777216 / 28349191.
[013736.50]  01-27 01:28  CatalogMesh                  INFO     Painted 16777216 out of 28349191 objects to mesh.
[013736.50]  01-27 01:28  CatalogMesh                  INFO     Slab 16777216 ~ 20971520 / 28349191.
[013737.62]  01-27 01:28  CatalogMesh                  INFO     Painted 20971520 out of 28349191 objects to mesh.
[013737.62]  01-27 01:28  CatalogMesh                  INFO     Slab 20971520 ~ 25165824 / 28349191.
[013738.84]  01-27 01:28  CatalogMesh                  INFO     Painted 25165824 out of 28349191 objects to mesh.
[013738.84]  01-27 01:28  CatalogMesh                  INFO     Slab 25165824 ~ 29360128 / 28349191.
[013739.87]  01-27 01:28  CatalogMesh                  INFO     Painted 28349191 out of 28349191 objects to mesh.
[013743.70]  01-27 01:28  CatalogMesh                  INFO     Slab 0 ~ 4194304 / 28349191.
[013744.81]  01-27 01:28  CatalogMesh                  INFO     Painted 4194304 out of 28349191 objects to mesh.
[013744.81]  01-27 01:28  CatalogMesh                  INFO     Slab 4194304 ~ 8388608 / 28349191.
[013745.92]  01-27 01:28  CatalogMesh                  INFO     Painted 8388608 out of 28349191 objects to mesh.
[013745.92]  01-27 01:28  CatalogMesh                  INFO     Slab 8388608 ~ 12582912 / 28349191.
[013747.03]  01-27 01:28  CatalogMesh                  INFO     Painted 12582912 out of 28349191 objects to mesh.
[013747.03]  01-27 01:28  CatalogMesh                  INFO     Slab 12582912 ~ 16777216 / 28349191.
[013748.15]  01-27 01:28  CatalogMesh                  INFO     Painted 16777216 out of 28349191 objects to mesh.
[013748.15]  01-27 01:28  CatalogMesh                  INFO     Slab 16777216 ~ 20971520 / 28349191.
[013749.26]  01-27 01:28  CatalogMesh                  INFO     Painted 20971520 out of 28349191 objects to mesh.
[013749.26]  01-27 01:28  CatalogMesh                  INFO     Slab 20971520 ~ 25165824 / 28349191.
[013750.48]  01-27 01:28  CatalogMesh                  INFO     Painted 25165824 out of 28349191 objects to mesh.
[013750.48]  01-27 01:28  CatalogMesh                  INFO     Slab 25165824 ~ 29360128 / 28349191.
[013751.52]  01-27 01:28  CatalogMesh                  INFO     Painted 28349191 out of 28349191 objects to mesh.
[013757.08]  01-27 01:28  CatalogFFTPower              INFO     Done painting catalog 1 to mesh.
[013757.08]  01-27 01:28  CatalogFFTPower              INFO     Using 400 k-bins between 0.000 and 0.400.
[013757.08]  01-27 01:28  CatalogFFTPower              INFO     Meshes prepared in elapsed time 35.60 s.
[013757.08]  01-27 01:28  CatalogFFTPower              INFO     Running mesh calculation.
[013774.27]  01-27 01:29  CatalogFFTPower              INFO     Mesh calculations performed in elapsed time 17.19 s.
[013774.27]  01-27 01:29  CatalogFFTPower              INFO     Power spectrum computed in elapsed time 52.80 s.
[013774.27]  01-27 01:29  CatalogFFTPower              INFO     Saving /pscratch/sd/s/shengyu/galaxies/catalogs/Y3/AbacusHF-v2/Boxes/QSO/sn1p250/AbacusSummit_base_c000_ph013/mpspk/pkpoles_QSO_zp1.250_DR2_v1.0+dv_verr_empirical.npy.
[013774.28]  01-27 01:29  compute_2pt                  INFO     Save to /pscratch/sd/s/shengyu/galaxies/catalogs/Y3/AbacusHF-v2/Boxes/QSO/sn1p250/AbacusSummit_base_c000_ph013/mpspk/pkpoles_QSO_zp1.250_DR2_v1.0+dv_verr_empirical.npy
[013774.28]  01-27 01:29  TwoPointCorrelationFunction  INFO     Using estimator <class 'pycorr.twopoint_estimator.NaturalTwoPointEstimator'>.
[013774.28]  01-27 01:29  TwoPointCorrelationFunction  INFO     Running auto-correlation.
[013774.28]  01-27 01:29  TwoPointCorrelationFunction  INFO     Computing two-point counts D1D2.
[013797.09]  01-27 01:29  TwoPointCorrelationFunction  INFO     Analytically computing two-point counts R1R2.
[013797.10]  01-27 01:29  TwoPointCorrelationFunction  INFO     Correlation function computed in elapsed time 22.82 s.
[013797.10]  01-27 01:29  NaturalTwoPointEstimator     INFO     Saving /pscratch/sd/s/shengyu/galaxies/catalogs/Y3/AbacusHF-v2/Boxes/QSO/sn1p250/AbacusSummit_base_c000_ph013/mpspk/mpslog_QSO_zp1.250_DR2_v1.0+dv_verr_empirical.npy.
[013797.10]  01-27 01:29  compute_2pt                  INFO     Save to /pscratch/sd/s/shengyu/galaxies/catalogs/Y3/AbacusHF-v2/Boxes/QSO/sn1p250/AbacusSummit_base_c000_ph013/mpspk/mpslog_QSO_zp1.250_DR2_v1.0+dv_verr_empirical.npy
[013797.10]  01-27 01:29  TwoPointCorrelationFunction  INFO     Using estimator <class 'pycorr.twopoint_estimator.NaturalTwoPointEstimator'>.
[013797.10]  01-27 01:29  TwoPointCorrelationFunction  INFO     Running auto-correlation.
[013797.10]  01-27 01:29  TwoPointCorrelationFunction  INFO     Computing two-point counts D1D2.
[013820.25]  01-27 01:29  TwoPointCorrelationFunction  INFO     Analytically computing two-point counts R1R2.
[013820.25]  01-27 01:29  TwoPointCorrelationFunction  INFO     Correlation function computed in elapsed time 23.15 s.
[013820.25]  01-27 01:29  NaturalTwoPointEstimator     INFO     Saving /pscratch/sd/s/shengyu/galaxies/catalogs/Y3/AbacusHF-v2/Boxes/QSO/sn1p250/AbacusSummit_base_c000_ph013/mpspk/wplog_QSO_zp1.250_DR2_v1.0+dv_verr_empirical.npy.
[013820.26]  01-27 01:29  compute_2pt                  INFO     Save to /pscratch/sd/s/shengyu/galaxies/catalogs/Y3/AbacusHF-v2/Boxes/QSO/sn1p250/AbacusSummit_base_c000_ph013/mpspk/wplog_QSO_zp1.250_DR2_v1.0+dv_verr_empirical.npy
[013820.26]  01-27 01:29  compute_2pt                  INFO     Procceed {'version': 'AbacusHF-v2', 'domain': 'cubic', 'tracer': 'QSO', 'zsnap': 1.25, 'zrange': (1.1, 1.4), 'mock_id': 14, 'use_dv': 'verr_empirical'}
[013820.26]  01-27 01:29  cat_tools                    INFO     Load /pscratch/sd/s/shengyu/galaxies/catalogs/Y3/AbacusHF-v2/Boxes/QSO/sn1p250/AbacusSummit_base_c000_ph014/abacus_HF_QSO_1p250_DR2_v2.0_AbacusSummit_base_c000_ph014_base_clustering.dat.h5
[013820.26]  01-27 01:29  FileStack                    INFO     Reading /pscratch/sd/s/shengyu/galaxies/catalogs/Y3/AbacusHF-v2/Boxes/QSO/sn1p250/AbacusSummit_base_c000_ph014/abacus_HF_QSO_1p250_DR2_v2.0_AbacusSummit_base_c000_ph014_base_clustering.dat.h5.
[013820.26]  01-27 01:29  cat_tools                    INFO     use Z positions shifted in verr_empirical mode
[013821.38]  01-27 01:29  TwoPointCorrelationFunction  INFO     Using estimator <class 'pycorr.twopoint_estimator.NaturalTwoPointEstimator'>.
[013821.38]  01-27 01:29  TwoPointCorrelationFunction  INFO     Running auto-correlation.
[013821.38]  01-27 01:29  TwoPointCorrelationFunction  INFO     Computing two-point counts D1D2.
[013927.80]  01-27 01:31  TwoPointCorrelationFunction  INFO     Analytically computing two-point counts R1R2.
[013927.80]  01-27 01:31  TwoPointCorrelationFunction  INFO     Correlation function computed in elapsed time 106.42 s.
[013927.80]  01-27 01:31  NaturalTwoPointEstimator     INFO     Saving /pscratch/sd/s/shengyu/galaxies/catalogs/Y3/AbacusHF-v2/Boxes/QSO/sn1p250/AbacusSummit_base_c000_ph014/mpspk/xipoles_QSO_zp1.250_DR2_v1.0+dv_verr_empirical.npy.
[013927.81]  01-27 01:31  compute_2pt                  INFO     Save to /pscratch/sd/s/shengyu/galaxies/catalogs/Y3/AbacusHF-v2/Boxes/QSO/sn1p250/AbacusSummit_base_c000_ph014/mpspk/xipoles_QSO_zp1.250_DR2_v1.0+dv_verr_empirical.npy
[013931.61]  01-27 01:31  CatalogFFTPower              INFO     Painting catalog 1 to mesh CatalogMesh(nmesh=[512 512 512], boxsize=[2000. 2000. 2000.], boxcenter=[ 999.99999178 1000.00003946 1000.00002531], dtype=float64).
[013932.01]  01-27 01:31  CatalogMesh                  INFO     Slab 0 ~ 4194304 / 28335917.
[013933.16]  01-27 01:31  CatalogMesh                  INFO     Painted 4194304 out of 28335917 objects to mesh.
[013933.16]  01-27 01:31  CatalogMesh                  INFO     Slab 4194304 ~ 8388608 / 28335917.
[013934.26]  01-27 01:31  CatalogMesh                  INFO     Painted 8388608 out of 28335917 objects to mesh.
[013934.26]  01-27 01:31  CatalogMesh                  INFO     Slab 8388608 ~ 12582912 / 28335917.
[013935.37]  01-27 01:31  CatalogMesh                  INFO     Painted 12582912 out of 28335917 objects to mesh.
[013935.37]  01-27 01:31  CatalogMesh                  INFO     Slab 12582912 ~ 16777216 / 28335917.
[013936.46]  01-27 01:31  CatalogMesh                  INFO     Painted 16777216 out of 28335917 objects to mesh.
[013936.46]  01-27 01:31  CatalogMesh                  INFO     Slab 16777216 ~ 20971520 / 28335917.
[013937.57]  01-27 01:31  CatalogMesh                  INFO     Painted 20971520 out of 28335917 objects to mesh.
[013937.57]  01-27 01:31  CatalogMesh                  INFO     Slab 20971520 ~ 25165824 / 28335917.
[013938.77]  01-27 01:31  CatalogMesh                  INFO     Painted 25165824 out of 28335917 objects to mesh.
[013938.77]  01-27 01:31  CatalogMesh                  INFO     Slab 25165824 ~ 29360128 / 28335917.
[013939.79]  01-27 01:31  CatalogMesh                  INFO     Painted 28335917 out of 28335917 objects to mesh.
[013939.79]  01-27 01:31  CatalogMesh                  INFO     Running interlacing at order 3.
[013942.03]  01-27 01:31  CatalogMesh                  INFO     Slab 0 ~ 4194304 / 28335917.
[013943.13]  01-27 01:31  CatalogMesh                  INFO     Painted 4194304 out of 28335917 objects to mesh.
[013943.13]  01-27 01:31  CatalogMesh                  INFO     Slab 4194304 ~ 8388608 / 28335917.
[013944.23]  01-27 01:31  CatalogMesh                  INFO     Painted 8388608 out of 28335917 objects to mesh.
[013944.23]  01-27 01:31  CatalogMesh                  INFO     Slab 8388608 ~ 12582912 / 28335917.
[013945.33]  01-27 01:31  CatalogMesh                  INFO     Painted 12582912 out of 28335917 objects to mesh.
[013945.33]  01-27 01:31  CatalogMesh                  INFO     Slab 12582912 ~ 16777216 / 28335917.
[013946.46]  01-27 01:32  CatalogMesh                  INFO     Painted 16777216 out of 28335917 objects to mesh.
[013946.46]  01-27 01:32  CatalogMesh                  INFO     Slab 16777216 ~ 20971520 / 28335917.
[013947.56]  01-27 01:32  CatalogMesh                  INFO     Painted 20971520 out of 28335917 objects to mesh.
[013947.56]  01-27 01:32  CatalogMesh                  INFO     Slab 20971520 ~ 25165824 / 28335917.
[013948.77]  01-27 01:32  CatalogMesh                  INFO     Painted 25165824 out of 28335917 objects to mesh.
[013948.77]  01-27 01:32  CatalogMesh                  INFO     Slab 25165824 ~ 29360128 / 28335917.
[013949.79]  01-27 01:32  CatalogMesh                  INFO     Painted 28335917 out of 28335917 objects to mesh.
[013953.56]  01-27 01:32  CatalogMesh                  INFO     Slab 0 ~ 4194304 / 28335917.
[013954.66]  01-27 01:32  CatalogMesh                  INFO     Painted 4194304 out of 28335917 objects to mesh.
[013954.66]  01-27 01:32  CatalogMesh                  INFO     Slab 4194304 ~ 8388608 / 28335917.
[013955.76]  01-27 01:32  CatalogMesh                  INFO     Painted 8388608 out of 28335917 objects to mesh.
[013955.76]  01-27 01:32  CatalogMesh                  INFO     Slab 8388608 ~ 12582912 / 28335917.
[013956.86]  01-27 01:32  CatalogMesh                  INFO     Painted 12582912 out of 28335917 objects to mesh.
[013956.86]  01-27 01:32  CatalogMesh                  INFO     Slab 12582912 ~ 16777216 / 28335917.
[013957.97]  01-27 01:32  CatalogMesh                  INFO     Painted 16777216 out of 28335917 objects to mesh.
[013957.97]  01-27 01:32  CatalogMesh                  INFO     Slab 16777216 ~ 20971520 / 28335917.
[013959.06]  01-27 01:32  CatalogMesh                  INFO     Painted 20971520 out of 28335917 objects to mesh.
[013959.07]  01-27 01:32  CatalogMesh                  INFO     Slab 20971520 ~ 25165824 / 28335917.
[013960.27]  01-27 01:32  CatalogMesh                  INFO     Painted 25165824 out of 28335917 objects to mesh.
[013960.27]  01-27 01:32  CatalogMesh                  INFO     Slab 25165824 ~ 29360128 / 28335917.
[013961.29]  01-27 01:32  CatalogMesh                  INFO     Painted 28335917 out of 28335917 objects to mesh.
[013966.76]  01-27 01:32  CatalogFFTPower              INFO     Done painting catalog 1 to mesh.
[013966.76]  01-27 01:32  CatalogFFTPower              INFO     Using 400 k-bins between 0.000 and 0.400.
[013966.76]  01-27 01:32  CatalogFFTPower              INFO     Meshes prepared in elapsed time 35.15 s.
[013966.76]  01-27 01:32  CatalogFFTPower              INFO     Running mesh calculation.
[013983.68]  01-27 01:32  CatalogFFTPower              INFO     Mesh calculations performed in elapsed time 16.92 s.
[013983.68]  01-27 01:32  CatalogFFTPower              INFO     Power spectrum computed in elapsed time 52.06 s.
[013983.68]  01-27 01:32  CatalogFFTPower              INFO     Saving /pscratch/sd/s/shengyu/galaxies/catalogs/Y3/AbacusHF-v2/Boxes/QSO/sn1p250/AbacusSummit_base_c000_ph014/mpspk/pkpoles_QSO_zp1.250_DR2_v1.0+dv_verr_empirical.npy.
[013983.68]  01-27 01:32  compute_2pt                  INFO     Save to /pscratch/sd/s/shengyu/galaxies/catalogs/Y3/AbacusHF-v2/Boxes/QSO/sn1p250/AbacusSummit_base_c000_ph014/mpspk/pkpoles_QSO_zp1.250_DR2_v1.0+dv_verr_empirical.npy
[013983.68]  01-27 01:32  TwoPointCorrelationFunction  INFO     Using estimator <class 'pycorr.twopoint_estimator.NaturalTwoPointEstimator'>.
[013983.68]  01-27 01:32  TwoPointCorrelationFunction  INFO     Running auto-correlation.
[013983.69]  01-27 01:32  TwoPointCorrelationFunction  INFO     Computing two-point counts D1D2.
[014006.04]  01-27 01:32  TwoPointCorrelationFunction  INFO     Analytically computing two-point counts R1R2.
[014006.05]  01-27 01:32  TwoPointCorrelationFunction  INFO     Correlation function computed in elapsed time 22.36 s.
[014006.05]  01-27 01:32  NaturalTwoPointEstimator     INFO     Saving /pscratch/sd/s/shengyu/galaxies/catalogs/Y3/AbacusHF-v2/Boxes/QSO/sn1p250/AbacusSummit_base_c000_ph014/mpspk/mpslog_QSO_zp1.250_DR2_v1.0+dv_verr_empirical.npy.
[014006.05]  01-27 01:32  compute_2pt                  INFO     Save to /pscratch/sd/s/shengyu/galaxies/catalogs/Y3/AbacusHF-v2/Boxes/QSO/sn1p250/AbacusSummit_base_c000_ph014/mpspk/mpslog_QSO_zp1.250_DR2_v1.0+dv_verr_empirical.npy
[014006.05]  01-27 01:32  TwoPointCorrelationFunction  INFO     Using estimator <class 'pycorr.twopoint_estimator.NaturalTwoPointEstimator'>.
[014006.05]  01-27 01:32  TwoPointCorrelationFunction  INFO     Running auto-correlation.
[014006.05]  01-27 01:32  TwoPointCorrelationFunction  INFO     Computing two-point counts D1D2.
[014029.29]  01-27 01:33  TwoPointCorrelationFunction  INFO     Analytically computing two-point counts R1R2.
[014029.29]  01-27 01:33  TwoPointCorrelationFunction  INFO     Correlation function computed in elapsed time 23.24 s.
[014029.29]  01-27 01:33  NaturalTwoPointEstimator     INFO     Saving /pscratch/sd/s/shengyu/galaxies/catalogs/Y3/AbacusHF-v2/Boxes/QSO/sn1p250/AbacusSummit_base_c000_ph014/mpspk/wplog_QSO_zp1.250_DR2_v1.0+dv_verr_empirical.npy.
[014029.29]  01-27 01:33  compute_2pt                  INFO     Save to /pscratch/sd/s/shengyu/galaxies/catalogs/Y3/AbacusHF-v2/Boxes/QSO/sn1p250/AbacusSummit_base_c000_ph014/mpspk/wplog_QSO_zp1.250_DR2_v1.0+dv_verr_empirical.npy
[014029.30]  01-27 01:33  compute_2pt                  INFO     Procceed {'version': 'AbacusHF-v2', 'domain': 'cubic', 'tracer': 'QSO', 'zsnap': 1.25, 'zrange': (1.1, 1.4), 'mock_id': 15, 'use_dv': 'verr_empirical'}
[014029.30]  01-27 01:33  cat_tools                    INFO     Load /pscratch/sd/s/shengyu/galaxies/catalogs/Y3/AbacusHF-v2/Boxes/QSO/sn1p250/AbacusSummit_base_c000_ph015/abacus_HF_QSO_1p250_DR2_v2.0_AbacusSummit_base_c000_ph015_base_clustering.dat.h5
[014029.30]  01-27 01:33  FileStack                    INFO     Reading /pscratch/sd/s/shengyu/galaxies/catalogs/Y3/AbacusHF-v2/Boxes/QSO/sn1p250/AbacusSummit_base_c000_ph015/abacus_HF_QSO_1p250_DR2_v2.0_AbacusSummit_base_c000_ph015_base_clustering.dat.h5.
[014029.30]  01-27 01:33  cat_tools                    INFO     use Z positions shifted in verr_empirical mode
[014030.40]  01-27 01:33  TwoPointCorrelationFunction  INFO     Using estimator <class 'pycorr.twopoint_estimator.NaturalTwoPointEstimator'>.
[014030.40]  01-27 01:33  TwoPointCorrelationFunction  INFO     Running auto-correlation.
[014030.41]  01-27 01:33  TwoPointCorrelationFunction  INFO     Computing two-point counts D1D2.
[014136.99]  01-27 01:35  TwoPointCorrelationFunction  INFO     Analytically computing two-point counts R1R2.
[014136.99]  01-27 01:35  TwoPointCorrelationFunction  INFO     Correlation function computed in elapsed time 106.59 s.
[014136.99]  01-27 01:35  NaturalTwoPointEstimator     INFO     Saving /pscratch/sd/s/shengyu/galaxies/catalogs/Y3/AbacusHF-v2/Boxes/QSO/sn1p250/AbacusSummit_base_c000_ph015/mpspk/xipoles_QSO_zp1.250_DR2_v1.0+dv_verr_empirical.npy.
[014137.00]  01-27 01:35  compute_2pt                  INFO     Save to /pscratch/sd/s/shengyu/galaxies/catalogs/Y3/AbacusHF-v2/Boxes/QSO/sn1p250/AbacusSummit_base_c000_ph015/mpspk/xipoles_QSO_zp1.250_DR2_v1.0+dv_verr_empirical.npy
[014140.86]  01-27 01:35  CatalogFFTPower              INFO     Painting catalog 1 to mesh CatalogMesh(nmesh=[512 512 512], boxsize=[2000. 2000. 2000.], boxcenter=[ 999.99991094  999.99988464 1000.0001064 ], dtype=float64).
[014141.27]  01-27 01:35  CatalogMesh                  INFO     Slab 0 ~ 4194304 / 28357180.
[014142.38]  01-27 01:35  CatalogMesh                  INFO     Painted 4194304 out of 28357180 objects to mesh.
[014142.38]  01-27 01:35  CatalogMesh                  INFO     Slab 4194304 ~ 8388608 / 28357180.
[014143.49]  01-27 01:35  CatalogMesh                  INFO     Painted 8388608 out of 28357180 objects to mesh.
[014143.49]  01-27 01:35  CatalogMesh                  INFO     Slab 8388608 ~ 12582912 / 28357180.
[014144.61]  01-27 01:35  CatalogMesh                  INFO     Painted 12582912 out of 28357180 objects to mesh.
[014144.61]  01-27 01:35  CatalogMesh                  INFO     Slab 12582912 ~ 16777216 / 28357180.
[014145.72]  01-27 01:35  CatalogMesh                  INFO     Painted 16777216 out of 28357180 objects to mesh.
[014145.72]  01-27 01:35  CatalogMesh                  INFO     Slab 16777216 ~ 20971520 / 28357180.
[014146.83]  01-27 01:35  CatalogMesh                  INFO     Painted 20971520 out of 28357180 objects to mesh.
[014146.83]  01-27 01:35  CatalogMesh                  INFO     Slab 20971520 ~ 25165824 / 28357180.
[014148.04]  01-27 01:35  CatalogMesh                  INFO     Painted 25165824 out of 28357180 objects to mesh.
[014148.04]  01-27 01:35  CatalogMesh                  INFO     Slab 25165824 ~ 29360128 / 28357180.
[014149.08]  01-27 01:35  CatalogMesh                  INFO     Painted 28357180 out of 28357180 objects to mesh.
[014149.08]  01-27 01:35  CatalogMesh                  INFO     Running interlacing at order 3.
[014151.33]  01-27 01:35  CatalogMesh                  INFO     Slab 0 ~ 4194304 / 28357180.
[014152.45]  01-27 01:35  CatalogMesh                  INFO     Painted 4194304 out of 28357180 objects to mesh.
[014152.45]  01-27 01:35  CatalogMesh                  INFO     Slab 4194304 ~ 8388608 / 28357180.
[014153.56]  01-27 01:35  CatalogMesh                  INFO     Painted 8388608 out of 28357180 objects to mesh.
[014153.56]  01-27 01:35  CatalogMesh                  INFO     Slab 8388608 ~ 12582912 / 28357180.
[014154.67]  01-27 01:35  CatalogMesh                  INFO     Painted 12582912 out of 28357180 objects to mesh.
[014154.67]  01-27 01:35  CatalogMesh                  INFO     Slab 12582912 ~ 16777216 / 28357180.
[014155.78]  01-27 01:35  CatalogMesh                  INFO     Painted 16777216 out of 28357180 objects to mesh.
[014155.78]  01-27 01:35  CatalogMesh                  INFO     Slab 16777216 ~ 20971520 / 28357180.
[014156.89]  01-27 01:35  CatalogMesh                  INFO     Painted 20971520 out of 28357180 objects to mesh.
[014156.89]  01-27 01:35  CatalogMesh                  INFO     Slab 20971520 ~ 25165824 / 28357180.
[014158.10]  01-27 01:35  CatalogMesh                  INFO     Painted 25165824 out of 28357180 objects to mesh.
[014158.10]  01-27 01:35  CatalogMesh                  INFO     Slab 25165824 ~ 29360128 / 28357180.
[014159.14]  01-27 01:35  CatalogMesh                  INFO     Painted 28357180 out of 28357180 objects to mesh.
[014162.95]  01-27 01:35  CatalogMesh                  INFO     Slab 0 ~ 4194304 / 28357180.
[014164.05]  01-27 01:35  CatalogMesh                  INFO     Painted 4194304 out of 28357180 objects to mesh.
[014164.05]  01-27 01:35  CatalogMesh                  INFO     Slab 4194304 ~ 8388608 / 28357180.
[014165.16]  01-27 01:35  CatalogMesh                  INFO     Painted 8388608 out of 28357180 objects to mesh.
[014165.16]  01-27 01:35  CatalogMesh                  INFO     Slab 8388608 ~ 12582912 / 28357180.
[014166.27]  01-27 01:35  CatalogMesh                  INFO     Painted 12582912 out of 28357180 objects to mesh.
[014166.27]  01-27 01:35  CatalogMesh                  INFO     Slab 12582912 ~ 16777216 / 28357180.
[014167.38]  01-27 01:35  CatalogMesh                  INFO     Painted 16777216 out of 28357180 objects to mesh.
[014167.38]  01-27 01:35  CatalogMesh                  INFO     Slab 16777216 ~ 20971520 / 28357180.
[014168.49]  01-27 01:35  CatalogMesh                  INFO     Painted 20971520 out of 28357180 objects to mesh.
[014168.49]  01-27 01:35  CatalogMesh                  INFO     Slab 20971520 ~ 25165824 / 28357180.
[014169.70]  01-27 01:35  CatalogMesh                  INFO     Painted 25165824 out of 28357180 objects to mesh.
[014169.70]  01-27 01:35  CatalogMesh                  INFO     Slab 25165824 ~ 29360128 / 28357180.
[014170.73]  01-27 01:35  CatalogMesh                  INFO     Painted 28357180 out of 28357180 objects to mesh.
[014176.25]  01-27 01:35  CatalogFFTPower              INFO     Done painting catalog 1 to mesh.
[014176.25]  01-27 01:35  CatalogFFTPower              INFO     Using 400 k-bins between 0.000 and 0.400.
[014176.25]  01-27 01:35  CatalogFFTPower              INFO     Meshes prepared in elapsed time 35.39 s.
[014176.25]  01-27 01:35  CatalogFFTPower              INFO     Running mesh calculation.
[014193.32]  01-27 01:36  CatalogFFTPower              INFO     Mesh calculations performed in elapsed time 17.07 s.
[014193.32]  01-27 01:36  CatalogFFTPower              INFO     Power spectrum computed in elapsed time 52.46 s.
[014193.32]  01-27 01:36  CatalogFFTPower              INFO     Saving /pscratch/sd/s/shengyu/galaxies/catalogs/Y3/AbacusHF-v2/Boxes/QSO/sn1p250/AbacusSummit_base_c000_ph015/mpspk/pkpoles_QSO_zp1.250_DR2_v1.0+dv_verr_empirical.npy.
[014193.33]  01-27 01:36  compute_2pt                  INFO     Save to /pscratch/sd/s/shengyu/galaxies/catalogs/Y3/AbacusHF-v2/Boxes/QSO/sn1p250/AbacusSummit_base_c000_ph015/mpspk/pkpoles_QSO_zp1.250_DR2_v1.0+dv_verr_empirical.npy
[014193.33]  01-27 01:36  TwoPointCorrelationFunction  INFO     Using estimator <class 'pycorr.twopoint_estimator.NaturalTwoPointEstimator'>.
[014193.33]  01-27 01:36  TwoPointCorrelationFunction  INFO     Running auto-correlation.
[014193.33]  01-27 01:36  TwoPointCorrelationFunction  INFO     Computing two-point counts D1D2.
[014216.30]  01-27 01:36  TwoPointCorrelationFunction  INFO     Analytically computing two-point counts R1R2.
[014216.30]  01-27 01:36  TwoPointCorrelationFunction  INFO     Correlation function computed in elapsed time 22.97 s.
[014216.30]  01-27 01:36  NaturalTwoPointEstimator     INFO     Saving /pscratch/sd/s/shengyu/galaxies/catalogs/Y3/AbacusHF-v2/Boxes/QSO/sn1p250/AbacusSummit_base_c000_ph015/mpspk/mpslog_QSO_zp1.250_DR2_v1.0+dv_verr_empirical.npy.
[014216.31]  01-27 01:36  compute_2pt                  INFO     Save to /pscratch/sd/s/shengyu/galaxies/catalogs/Y3/AbacusHF-v2/Boxes/QSO/sn1p250/AbacusSummit_base_c000_ph015/mpspk/mpslog_QSO_zp1.250_DR2_v1.0+dv_verr_empirical.npy
[014216.31]  01-27 01:36  TwoPointCorrelationFunction  INFO     Using estimator <class 'pycorr.twopoint_estimator.NaturalTwoPointEstimator'>.
[014216.31]  01-27 01:36  TwoPointCorrelationFunction  INFO     Running auto-correlation.
[014216.31]  01-27 01:36  TwoPointCorrelationFunction  INFO     Computing two-point counts D1D2.
[014239.45]  01-27 01:36  TwoPointCorrelationFunction  INFO     Analytically computing two-point counts R1R2.
[014239.45]  01-27 01:36  TwoPointCorrelationFunction  INFO     Correlation function computed in elapsed time 23.14 s.
[014239.45]  01-27 01:36  NaturalTwoPointEstimator     INFO     Saving /pscratch/sd/s/shengyu/galaxies/catalogs/Y3/AbacusHF-v2/Boxes/QSO/sn1p250/AbacusSummit_base_c000_ph015/mpspk/wplog_QSO_zp1.250_DR2_v1.0+dv_verr_empirical.npy.
[014239.46]  01-27 01:36  compute_2pt                  INFO     Save to /pscratch/sd/s/shengyu/galaxies/catalogs/Y3/AbacusHF-v2/Boxes/QSO/sn1p250/AbacusSummit_base_c000_ph015/mpspk/wplog_QSO_zp1.250_DR2_v1.0+dv_verr_empirical.npy
[014239.46]  01-27 01:36  compute_2pt                  INFO     Procceed {'version': 'AbacusHF-v2', 'domain': 'cubic', 'tracer': 'QSO', 'zsnap': 1.25, 'zrange': (1.1, 1.4), 'mock_id': 16, 'use_dv': 'verr_empirical'}
[014239.46]  01-27 01:36  cat_tools                    INFO     Load /pscratch/sd/s/shengyu/galaxies/catalogs/Y3/AbacusHF-v2/Boxes/QSO/sn1p250/AbacusSummit_base_c000_ph016/abacus_HF_QSO_1p250_DR2_v2.0_AbacusSummit_base_c000_ph016_base_clustering.dat.h5
[014239.46]  01-27 01:36  FileStack                    INFO     Reading /pscratch/sd/s/shengyu/galaxies/catalogs/Y3/AbacusHF-v2/Boxes/QSO/sn1p250/AbacusSummit_base_c000_ph016/abacus_HF_QSO_1p250_DR2_v2.0_AbacusSummit_base_c000_ph016_base_clustering.dat.h5.
[014239.46]  01-27 01:36  cat_tools                    INFO     use Z positions shifted in verr_empirical mode
[014240.57]  01-27 01:36  TwoPointCorrelationFunction  INFO     Using estimator <class 'pycorr.twopoint_estimator.NaturalTwoPointEstimator'>.
[014240.57]  01-27 01:36  TwoPointCorrelationFunction  INFO     Running auto-correlation.
[014240.57]  01-27 01:36  TwoPointCorrelationFunction  INFO     Computing two-point counts D1D2.
[014342.91]  01-27 01:38  TwoPointCorrelationFunction  INFO     Analytically computing two-point counts R1R2.
[014342.91]  01-27 01:38  TwoPointCorrelationFunction  INFO     Correlation function computed in elapsed time 102.33 s.
[014342.91]  01-27 01:38  NaturalTwoPointEstimator     INFO     Saving /pscratch/sd/s/shengyu/galaxies/catalogs/Y3/AbacusHF-v2/Boxes/QSO/sn1p250/AbacusSummit_base_c000_ph016/mpspk/xipoles_QSO_zp1.250_DR2_v1.0+dv_verr_empirical.npy.
[014342.91]  01-27 01:38  compute_2pt                  INFO     Save to /pscratch/sd/s/shengyu/galaxies/catalogs/Y3/AbacusHF-v2/Boxes/QSO/sn1p250/AbacusSummit_base_c000_ph016/mpspk/xipoles_QSO_zp1.250_DR2_v1.0+dv_verr_empirical.npy
[014346.75]  01-27 01:38  CatalogFFTPower              INFO     Painting catalog 1 to mesh CatalogMesh(nmesh=[512 512 512], boxsize=[2000. 2000. 2000.], boxcenter=[ 999.99993696 1000.00001786 1000.00002372], dtype=float64).
[014347.15]  01-27 01:38  CatalogMesh                  INFO     Slab 0 ~ 4194304 / 28344002.
[014348.28]  01-27 01:38  CatalogMesh                  INFO     Painted 4194304 out of 28344002 objects to mesh.
[014348.28]  01-27 01:38  CatalogMesh                  INFO     Slab 4194304 ~ 8388608 / 28344002.
[014349.38]  01-27 01:38  CatalogMesh                  INFO     Painted 8388608 out of 28344002 objects to mesh.
[014349.38]  01-27 01:38  CatalogMesh                  INFO     Slab 8388608 ~ 12582912 / 28344002.
[014350.50]  01-27 01:38  CatalogMesh                  INFO     Painted 12582912 out of 28344002 objects to mesh.
[014350.50]  01-27 01:38  CatalogMesh                  INFO     Slab 12582912 ~ 16777216 / 28344002.
[014351.62]  01-27 01:38  CatalogMesh                  INFO     Painted 16777216 out of 28344002 objects to mesh.
[014351.62]  01-27 01:38  CatalogMesh                  INFO     Slab 16777216 ~ 20971520 / 28344002.
[014352.74]  01-27 01:38  CatalogMesh                  INFO     Painted 20971520 out of 28344002 objects to mesh.
[014352.74]  01-27 01:38  CatalogMesh                  INFO     Slab 20971520 ~ 25165824 / 28344002.
[014353.95]  01-27 01:38  CatalogMesh                  INFO     Painted 25165824 out of 28344002 objects to mesh.
[014353.95]  01-27 01:38  CatalogMesh                  INFO     Slab 25165824 ~ 29360128 / 28344002.
[014354.98]  01-27 01:38  CatalogMesh                  INFO     Painted 28344002 out of 28344002 objects to mesh.
[014354.98]  01-27 01:38  CatalogMesh                  INFO     Running interlacing at order 3.
[014357.22]  01-27 01:38  CatalogMesh                  INFO     Slab 0 ~ 4194304 / 28344002.
[014358.33]  01-27 01:38  CatalogMesh                  INFO     Painted 4194304 out of 28344002 objects to mesh.
[014358.33]  01-27 01:38  CatalogMesh                  INFO     Slab 4194304 ~ 8388608 / 28344002.
[014359.45]  01-27 01:38  CatalogMesh                  INFO     Painted 8388608 out of 28344002 objects to mesh.
[014359.45]  01-27 01:38  CatalogMesh                  INFO     Slab 8388608 ~ 12582912 / 28344002.
[014360.55]  01-27 01:38  CatalogMesh                  INFO     Painted 12582912 out of 28344002 objects to mesh.
[014360.56]  01-27 01:38  CatalogMesh                  INFO     Slab 12582912 ~ 16777216 / 28344002.
[014361.66]  01-27 01:38  CatalogMesh                  INFO     Painted 16777216 out of 28344002 objects to mesh.
[014361.67]  01-27 01:38  CatalogMesh                  INFO     Slab 16777216 ~ 20971520 / 28344002.
[014362.77]  01-27 01:38  CatalogMesh                  INFO     Painted 20971520 out of 28344002 objects to mesh.
[014362.77]  01-27 01:38  CatalogMesh                  INFO     Slab 20971520 ~ 25165824 / 28344002.
[014364.00]  01-27 01:38  CatalogMesh                  INFO     Painted 25165824 out of 28344002 objects to mesh.
[014364.00]  01-27 01:38  CatalogMesh                  INFO     Slab 25165824 ~ 29360128 / 28344002.
[014365.03]  01-27 01:38  CatalogMesh                  INFO     Painted 28344002 out of 28344002 objects to mesh.
[014368.81]  01-27 01:39  CatalogMesh                  INFO     Slab 0 ~ 4194304 / 28344002.
[014369.92]  01-27 01:39  CatalogMesh                  INFO     Painted 4194304 out of 28344002 objects to mesh.
[014369.92]  01-27 01:39  CatalogMesh                  INFO     Slab 4194304 ~ 8388608 / 28344002.
[014371.03]  01-27 01:39  CatalogMesh                  INFO     Painted 8388608 out of 28344002 objects to mesh.
[014371.03]  01-27 01:39  CatalogMesh                  INFO     Slab 8388608 ~ 12582912 / 28344002.
[014372.14]  01-27 01:39  CatalogMesh                  INFO     Painted 12582912 out of 28344002 objects to mesh.
[014372.14]  01-27 01:39  CatalogMesh                  INFO     Slab 12582912 ~ 16777216 / 28344002.
[014373.25]  01-27 01:39  CatalogMesh                  INFO     Painted 16777216 out of 28344002 objects to mesh.
[014373.25]  01-27 01:39  CatalogMesh                  INFO     Slab 16777216 ~ 20971520 / 28344002.
[014374.37]  01-27 01:39  CatalogMesh                  INFO     Painted 20971520 out of 28344002 objects to mesh.
[014374.37]  01-27 01:39  CatalogMesh                  INFO     Slab 20971520 ~ 25165824 / 28344002.
[014375.60]  01-27 01:39  CatalogMesh                  INFO     Painted 25165824 out of 28344002 objects to mesh.
[014375.60]  01-27 01:39  CatalogMesh                  INFO     Slab 25165824 ~ 29360128 / 28344002.
[014376.64]  01-27 01:39  CatalogMesh                  INFO     Painted 28344002 out of 28344002 objects to mesh.
[014382.14]  01-27 01:39  CatalogFFTPower              INFO     Done painting catalog 1 to mesh.
[014382.14]  01-27 01:39  CatalogFFTPower              INFO     Using 400 k-bins between 0.000 and 0.400.
[014382.14]  01-27 01:39  CatalogFFTPower              INFO     Meshes prepared in elapsed time 35.39 s.
[014382.15]  01-27 01:39  CatalogFFTPower              INFO     Running mesh calculation.
[014399.17]  01-27 01:39  CatalogFFTPower              INFO     Mesh calculations performed in elapsed time 17.03 s.
[014399.17]  01-27 01:39  CatalogFFTPower              INFO     Power spectrum computed in elapsed time 52.42 s.
[014399.18]  01-27 01:39  CatalogFFTPower              INFO     Saving /pscratch/sd/s/shengyu/galaxies/catalogs/Y3/AbacusHF-v2/Boxes/QSO/sn1p250/AbacusSummit_base_c000_ph016/mpspk/pkpoles_QSO_zp1.250_DR2_v1.0+dv_verr_empirical.npy.
[014399.18]  01-27 01:39  compute_2pt                  INFO     Save to /pscratch/sd/s/shengyu/galaxies/catalogs/Y3/AbacusHF-v2/Boxes/QSO/sn1p250/AbacusSummit_base_c000_ph016/mpspk/pkpoles_QSO_zp1.250_DR2_v1.0+dv_verr_empirical.npy
[014399.18]  01-27 01:39  TwoPointCorrelationFunction  INFO     Using estimator <class 'pycorr.twopoint_estimator.NaturalTwoPointEstimator'>.
[014399.18]  01-27 01:39  TwoPointCorrelationFunction  INFO     Running auto-correlation.
[014399.18]  01-27 01:39  TwoPointCorrelationFunction  INFO     Computing two-point counts D1D2.
[014422.26]  01-27 01:39  TwoPointCorrelationFunction  INFO     Analytically computing two-point counts R1R2.
[014422.26]  01-27 01:39  TwoPointCorrelationFunction  INFO     Correlation function computed in elapsed time 23.08 s.
[014422.26]  01-27 01:39  NaturalTwoPointEstimator     INFO     Saving /pscratch/sd/s/shengyu/galaxies/catalogs/Y3/AbacusHF-v2/Boxes/QSO/sn1p250/AbacusSummit_base_c000_ph016/mpspk/mpslog_QSO_zp1.250_DR2_v1.0+dv_verr_empirical.npy.
[014422.27]  01-27 01:39  compute_2pt                  INFO     Save to /pscratch/sd/s/shengyu/galaxies/catalogs/Y3/AbacusHF-v2/Boxes/QSO/sn1p250/AbacusSummit_base_c000_ph016/mpspk/mpslog_QSO_zp1.250_DR2_v1.0+dv_verr_empirical.npy
[014422.27]  01-27 01:39  TwoPointCorrelationFunction  INFO     Using estimator <class 'pycorr.twopoint_estimator.NaturalTwoPointEstimator'>.
[014422.27]  01-27 01:39  TwoPointCorrelationFunction  INFO     Running auto-correlation.
[014422.27]  01-27 01:39  TwoPointCorrelationFunction  INFO     Computing two-point counts D1D2.
[014445.52]  01-27 01:40  TwoPointCorrelationFunction  INFO     Analytically computing two-point counts R1R2.
[014445.52]  01-27 01:40  TwoPointCorrelationFunction  INFO     Correlation function computed in elapsed time 23.25 s.
[014445.52]  01-27 01:40  NaturalTwoPointEstimator     INFO     Saving /pscratch/sd/s/shengyu/galaxies/catalogs/Y3/AbacusHF-v2/Boxes/QSO/sn1p250/AbacusSummit_base_c000_ph016/mpspk/wplog_QSO_zp1.250_DR2_v1.0+dv_verr_empirical.npy.
[014445.52]  01-27 01:40  compute_2pt                  INFO     Save to /pscratch/sd/s/shengyu/galaxies/catalogs/Y3/AbacusHF-v2/Boxes/QSO/sn1p250/AbacusSummit_base_c000_ph016/mpspk/wplog_QSO_zp1.250_DR2_v1.0+dv_verr_empirical.npy
[014445.53]  01-27 01:40  compute_2pt                  INFO     Procceed {'version': 'AbacusHF-v2', 'domain': 'cubic', 'tracer': 'QSO', 'zsnap': 1.25, 'zrange': (1.1, 1.4), 'mock_id': 17, 'use_dv': 'verr_empirical'}
[014445.53]  01-27 01:40  cat_tools                    INFO     Load /pscratch/sd/s/shengyu/galaxies/catalogs/Y3/AbacusHF-v2/Boxes/QSO/sn1p250/AbacusSummit_base_c000_ph017/abacus_HF_QSO_1p250_DR2_v2.0_AbacusSummit_base_c000_ph017_base_clustering.dat.h5
[014445.53]  01-27 01:40  FileStack                    INFO     Reading /pscratch/sd/s/shengyu/galaxies/catalogs/Y3/AbacusHF-v2/Boxes/QSO/sn1p250/AbacusSummit_base_c000_ph017/abacus_HF_QSO_1p250_DR2_v2.0_AbacusSummit_base_c000_ph017_base_clustering.dat.h5.
[014445.53]  01-27 01:40  cat_tools                    INFO     use Z positions shifted in verr_empirical mode
[014446.65]  01-27 01:40  TwoPointCorrelationFunction  INFO     Using estimator <class 'pycorr.twopoint_estimator.NaturalTwoPointEstimator'>.
[014446.65]  01-27 01:40  TwoPointCorrelationFunction  INFO     Running auto-correlation.
[014446.65]  01-27 01:40  TwoPointCorrelationFunction  INFO     Computing two-point counts D1D2.
[014546.95]  01-27 01:42  TwoPointCorrelationFunction  INFO     Analytically computing two-point counts R1R2.
[014546.95]  01-27 01:42  TwoPointCorrelationFunction  INFO     Correlation function computed in elapsed time 100.31 s.
[014546.95]  01-27 01:42  NaturalTwoPointEstimator     INFO     Saving /pscratch/sd/s/shengyu/galaxies/catalogs/Y3/AbacusHF-v2/Boxes/QSO/sn1p250/AbacusSummit_base_c000_ph017/mpspk/xipoles_QSO_zp1.250_DR2_v1.0+dv_verr_empirical.npy.
[014546.96]  01-27 01:42  compute_2pt                  INFO     Save to /pscratch/sd/s/shengyu/galaxies/catalogs/Y3/AbacusHF-v2/Boxes/QSO/sn1p250/AbacusSummit_base_c000_ph017/mpspk/xipoles_QSO_zp1.250_DR2_v1.0+dv_verr_empirical.npy
[014550.80]  01-27 01:42  CatalogFFTPower              INFO     Painting catalog 1 to mesh CatalogMesh(nmesh=[512 512 512], boxsize=[2000. 2000. 2000.], boxcenter=[1000.00000212 1000.00001838 1000.00000374], dtype=float64).
[014551.20]  01-27 01:42  CatalogMesh                  INFO     Slab 0 ~ 4194304 / 28340943.
[014552.33]  01-27 01:42  CatalogMesh                  INFO     Painted 4194304 out of 28340943 objects to mesh.
[014552.33]  01-27 01:42  CatalogMesh                  INFO     Slab 4194304 ~ 8388608 / 28340943.
[014553.45]  01-27 01:42  CatalogMesh                  INFO     Painted 8388608 out of 28340943 objects to mesh.
[014553.45]  01-27 01:42  CatalogMesh                  INFO     Slab 8388608 ~ 12582912 / 28340943.
[014554.56]  01-27 01:42  CatalogMesh                  INFO     Painted 12582912 out of 28340943 objects to mesh.
[014554.56]  01-27 01:42  CatalogMesh                  INFO     Slab 12582912 ~ 16777216 / 28340943.
[014555.68]  01-27 01:42  CatalogMesh                  INFO     Painted 16777216 out of 28340943 objects to mesh.
[014555.68]  01-27 01:42  CatalogMesh                  INFO     Slab 16777216 ~ 20971520 / 28340943.
[014556.79]  01-27 01:42  CatalogMesh                  INFO     Painted 20971520 out of 28340943 objects to mesh.
[014556.79]  01-27 01:42  CatalogMesh                  INFO     Slab 20971520 ~ 25165824 / 28340943.
[014558.00]  01-27 01:42  CatalogMesh                  INFO     Painted 25165824 out of 28340943 objects to mesh.
[014558.00]  01-27 01:42  CatalogMesh                  INFO     Slab 25165824 ~ 29360128 / 28340943.
[014559.04]  01-27 01:42  CatalogMesh                  INFO     Painted 28340943 out of 28340943 objects to mesh.
[014559.04]  01-27 01:42  CatalogMesh                  INFO     Running interlacing at order 3.
[014561.29]  01-27 01:42  CatalogMesh                  INFO     Slab 0 ~ 4194304 / 28340943.
[014562.40]  01-27 01:42  CatalogMesh                  INFO     Painted 4194304 out of 28340943 objects to mesh.
[014562.40]  01-27 01:42  CatalogMesh                  INFO     Slab 4194304 ~ 8388608 / 28340943.
[014563.51]  01-27 01:42  CatalogMesh                  INFO     Painted 8388608 out of 28340943 objects to mesh.
[014563.51]  01-27 01:42  CatalogMesh                  INFO     Slab 8388608 ~ 12582912 / 28340943.
[014564.62]  01-27 01:42  CatalogMesh                  INFO     Painted 12582912 out of 28340943 objects to mesh.
[014564.62]  01-27 01:42  CatalogMesh                  INFO     Slab 12582912 ~ 16777216 / 28340943.
[014565.75]  01-27 01:42  CatalogMesh                  INFO     Painted 16777216 out of 28340943 objects to mesh.
[014565.75]  01-27 01:42  CatalogMesh                  INFO     Slab 16777216 ~ 20971520 / 28340943.
[014566.86]  01-27 01:42  CatalogMesh                  INFO     Painted 20971520 out of 28340943 objects to mesh.
[014566.86]  01-27 01:42  CatalogMesh                  INFO     Slab 20971520 ~ 25165824 / 28340943.
[014568.08]  01-27 01:42  CatalogMesh                  INFO     Painted 25165824 out of 28340943 objects to mesh.
[014568.08]  01-27 01:42  CatalogMesh                  INFO     Slab 25165824 ~ 29360128 / 28340943.
[014569.11]  01-27 01:42  CatalogMesh                  INFO     Painted 28340943 out of 28340943 objects to mesh.
[014572.91]  01-27 01:42  CatalogMesh                  INFO     Slab 0 ~ 4194304 / 28340943.
[014574.01]  01-27 01:42  CatalogMesh                  INFO     Painted 4194304 out of 28340943 objects to mesh.
[014574.01]  01-27 01:42  CatalogMesh                  INFO     Slab 4194304 ~ 8388608 / 28340943.
[014575.12]  01-27 01:42  CatalogMesh                  INFO     Painted 8388608 out of 28340943 objects to mesh.
[014575.12]  01-27 01:42  CatalogMesh                  INFO     Slab 8388608 ~ 12582912 / 28340943.
[014576.24]  01-27 01:42  CatalogMesh                  INFO     Painted 12582912 out of 28340943 objects to mesh.
[014576.24]  01-27 01:42  CatalogMesh                  INFO     Slab 12582912 ~ 16777216 / 28340943.
[014577.35]  01-27 01:42  CatalogMesh                  INFO     Painted 16777216 out of 28340943 objects to mesh.
[014577.35]  01-27 01:42  CatalogMesh                  INFO     Slab 16777216 ~ 20971520 / 28340943.
[014578.47]  01-27 01:42  CatalogMesh                  INFO     Painted 20971520 out of 28340943 objects to mesh.
[014578.47]  01-27 01:42  CatalogMesh                  INFO     Slab 20971520 ~ 25165824 / 28340943.
[014579.68]  01-27 01:42  CatalogMesh                  INFO     Painted 25165824 out of 28340943 objects to mesh.
[014579.68]  01-27 01:42  CatalogMesh                  INFO     Slab 25165824 ~ 29360128 / 28340943.
[014580.71]  01-27 01:42  CatalogMesh                  INFO     Painted 28340943 out of 28340943 objects to mesh.
[014586.21]  01-27 01:42  CatalogFFTPower              INFO     Done painting catalog 1 to mesh.
[014586.21]  01-27 01:42  CatalogFFTPower              INFO     Using 400 k-bins between 0.000 and 0.400.
[014586.21]  01-27 01:42  CatalogFFTPower              INFO     Meshes prepared in elapsed time 35.42 s.
[014586.21]  01-27 01:42  CatalogFFTPower              INFO     Running mesh calculation.
[014603.26]  01-27 01:42  CatalogFFTPower              INFO     Mesh calculations performed in elapsed time 17.04 s.
[014603.26]  01-27 01:42  CatalogFFTPower              INFO     Power spectrum computed in elapsed time 52.46 s.
[014603.26]  01-27 01:42  CatalogFFTPower              INFO     Saving /pscratch/sd/s/shengyu/galaxies/catalogs/Y3/AbacusHF-v2/Boxes/QSO/sn1p250/AbacusSummit_base_c000_ph017/mpspk/pkpoles_QSO_zp1.250_DR2_v1.0+dv_verr_empirical.npy.
[014603.26]  01-27 01:42  compute_2pt                  INFO     Save to /pscratch/sd/s/shengyu/galaxies/catalogs/Y3/AbacusHF-v2/Boxes/QSO/sn1p250/AbacusSummit_base_c000_ph017/mpspk/pkpoles_QSO_zp1.250_DR2_v1.0+dv_verr_empirical.npy
[014603.26]  01-27 01:42  TwoPointCorrelationFunction  INFO     Using estimator <class 'pycorr.twopoint_estimator.NaturalTwoPointEstimator'>.
[014603.26]  01-27 01:42  TwoPointCorrelationFunction  INFO     Running auto-correlation.
[014603.26]  01-27 01:42  TwoPointCorrelationFunction  INFO     Computing two-point counts D1D2.
[014628.28]  01-27 01:43  TwoPointCorrelationFunction  INFO     Analytically computing two-point counts R1R2.
[014628.28]  01-27 01:43  TwoPointCorrelationFunction  INFO     Correlation function computed in elapsed time 25.02 s.
[014628.28]  01-27 01:43  NaturalTwoPointEstimator     INFO     Saving /pscratch/sd/s/shengyu/galaxies/catalogs/Y3/AbacusHF-v2/Boxes/QSO/sn1p250/AbacusSummit_base_c000_ph017/mpspk/mpslog_QSO_zp1.250_DR2_v1.0+dv_verr_empirical.npy.
[014628.28]  01-27 01:43  compute_2pt                  INFO     Save to /pscratch/sd/s/shengyu/galaxies/catalogs/Y3/AbacusHF-v2/Boxes/QSO/sn1p250/AbacusSummit_base_c000_ph017/mpspk/mpslog_QSO_zp1.250_DR2_v1.0+dv_verr_empirical.npy
[014628.28]  01-27 01:43  TwoPointCorrelationFunction  INFO     Using estimator <class 'pycorr.twopoint_estimator.NaturalTwoPointEstimator'>.
[014628.29]  01-27 01:43  TwoPointCorrelationFunction  INFO     Running auto-correlation.
[014628.29]  01-27 01:43  TwoPointCorrelationFunction  INFO     Computing two-point counts D1D2.
[014651.56]  01-27 01:43  TwoPointCorrelationFunction  INFO     Analytically computing two-point counts R1R2.
[014651.56]  01-27 01:43  TwoPointCorrelationFunction  INFO     Correlation function computed in elapsed time 23.28 s.
[014651.57]  01-27 01:43  NaturalTwoPointEstimator     INFO     Saving /pscratch/sd/s/shengyu/galaxies/catalogs/Y3/AbacusHF-v2/Boxes/QSO/sn1p250/AbacusSummit_base_c000_ph017/mpspk/wplog_QSO_zp1.250_DR2_v1.0+dv_verr_empirical.npy.
[014651.57]  01-27 01:43  compute_2pt                  INFO     Save to /pscratch/sd/s/shengyu/galaxies/catalogs/Y3/AbacusHF-v2/Boxes/QSO/sn1p250/AbacusSummit_base_c000_ph017/mpspk/wplog_QSO_zp1.250_DR2_v1.0+dv_verr_empirical.npy
[014651.57]  01-27 01:43  compute_2pt                  INFO     Procceed {'version': 'AbacusHF-v2', 'domain': 'cubic', 'tracer': 'QSO', 'zsnap': 1.25, 'zrange': (1.1, 1.4), 'mock_id': 18, 'use_dv': 'verr_empirical'}
[014651.57]  01-27 01:43  cat_tools                    INFO     Load /pscratch/sd/s/shengyu/galaxies/catalogs/Y3/AbacusHF-v2/Boxes/QSO/sn1p250/AbacusSummit_base_c000_ph018/abacus_HF_QSO_1p250_DR2_v2.0_AbacusSummit_base_c000_ph018_base_clustering.dat.h5
[014651.57]  01-27 01:43  FileStack                    INFO     Reading /pscratch/sd/s/shengyu/galaxies/catalogs/Y3/AbacusHF-v2/Boxes/QSO/sn1p250/AbacusSummit_base_c000_ph018/abacus_HF_QSO_1p250_DR2_v2.0_AbacusSummit_base_c000_ph018_base_clustering.dat.h5.
[014651.58]  01-27 01:43  cat_tools                    INFO     use Z positions shifted in verr_empirical mode
[014652.69]  01-27 01:43  TwoPointCorrelationFunction  INFO     Using estimator <class 'pycorr.twopoint_estimator.NaturalTwoPointEstimator'>.
[014652.69]  01-27 01:43  TwoPointCorrelationFunction  INFO     Running auto-correlation.
[014652.69]  01-27 01:43  TwoPointCorrelationFunction  INFO     Computing two-point counts D1D2.
[014754.82]  01-27 01:45  TwoPointCorrelationFunction  INFO     Analytically computing two-point counts R1R2.
[014754.82]  01-27 01:45  TwoPointCorrelationFunction  INFO     Correlation function computed in elapsed time 102.13 s.
[014754.82]  01-27 01:45  NaturalTwoPointEstimator     INFO     Saving /pscratch/sd/s/shengyu/galaxies/catalogs/Y3/AbacusHF-v2/Boxes/QSO/sn1p250/AbacusSummit_base_c000_ph018/mpspk/xipoles_QSO_zp1.250_DR2_v1.0+dv_verr_empirical.npy.
[014754.82]  01-27 01:45  compute_2pt                  INFO     Save to /pscratch/sd/s/shengyu/galaxies/catalogs/Y3/AbacusHF-v2/Boxes/QSO/sn1p250/AbacusSummit_base_c000_ph018/mpspk/xipoles_QSO_zp1.250_DR2_v1.0+dv_verr_empirical.npy
[014758.67]  01-27 01:45  CatalogFFTPower              INFO     Painting catalog 1 to mesh CatalogMesh(nmesh=[512 512 512], boxsize=[2000. 2000. 2000.], boxcenter=[ 999.99999604  999.99999552 1000.00002469], dtype=float64).
[014759.08]  01-27 01:45  CatalogMesh                  INFO     Slab 0 ~ 4194304 / 28338967.
[014760.20]  01-27 01:45  CatalogMesh                  INFO     Painted 4194304 out of 28338967 objects to mesh.
[014760.20]  01-27 01:45  CatalogMesh                  INFO     Slab 4194304 ~ 8388608 / 28338967.
[014761.31]  01-27 01:45  CatalogMesh                  INFO     Painted 8388608 out of 28338967 objects to mesh.
[014761.31]  01-27 01:45  CatalogMesh                  INFO     Slab 8388608 ~ 12582912 / 28338967.
[014762.42]  01-27 01:45  CatalogMesh                  INFO     Painted 12582912 out of 28338967 objects to mesh.
[014762.42]  01-27 01:45  CatalogMesh                  INFO     Slab 12582912 ~ 16777216 / 28338967.
[014763.53]  01-27 01:45  CatalogMesh                  INFO     Painted 16777216 out of 28338967 objects to mesh.
[014763.53]  01-27 01:45  CatalogMesh                  INFO     Slab 16777216 ~ 20971520 / 28338967.
[014764.64]  01-27 01:45  CatalogMesh                  INFO     Painted 20971520 out of 28338967 objects to mesh.
[014764.64]  01-27 01:45  CatalogMesh                  INFO     Slab 20971520 ~ 25165824 / 28338967.
[014765.85]  01-27 01:45  CatalogMesh                  INFO     Painted 25165824 out of 28338967 objects to mesh.
[014765.85]  01-27 01:45  CatalogMesh                  INFO     Slab 25165824 ~ 29360128 / 28338967.
[014766.87]  01-27 01:45  CatalogMesh                  INFO     Painted 28338967 out of 28338967 objects to mesh.
[014766.88]  01-27 01:45  CatalogMesh                  INFO     Running interlacing at order 3.
[014769.12]  01-27 01:45  CatalogMesh                  INFO     Slab 0 ~ 4194304 / 28338967.
[014770.23]  01-27 01:45  CatalogMesh                  INFO     Painted 4194304 out of 28338967 objects to mesh.
[014770.23]  01-27 01:45  CatalogMesh                  INFO     Slab 4194304 ~ 8388608 / 28338967.
[014771.34]  01-27 01:45  CatalogMesh                  INFO     Painted 8388608 out of 28338967 objects to mesh.
[014771.34]  01-27 01:45  CatalogMesh                  INFO     Slab 8388608 ~ 12582912 / 28338967.
[014772.46]  01-27 01:45  CatalogMesh                  INFO     Painted 12582912 out of 28338967 objects to mesh.
[014772.46]  01-27 01:45  CatalogMesh                  INFO     Slab 12582912 ~ 16777216 / 28338967.
[014773.57]  01-27 01:45  CatalogMesh                  INFO     Painted 16777216 out of 28338967 objects to mesh.
[014773.57]  01-27 01:45  CatalogMesh                  INFO     Slab 16777216 ~ 20971520 / 28338967.
[014774.68]  01-27 01:45  CatalogMesh                  INFO     Painted 20971520 out of 28338967 objects to mesh.
[014774.68]  01-27 01:45  CatalogMesh                  INFO     Slab 20971520 ~ 25165824 / 28338967.
[014775.89]  01-27 01:45  CatalogMesh                  INFO     Painted 25165824 out of 28338967 objects to mesh.
[014775.89]  01-27 01:45  CatalogMesh                  INFO     Slab 25165824 ~ 29360128 / 28338967.
[014776.92]  01-27 01:45  CatalogMesh                  INFO     Painted 28338967 out of 28338967 objects to mesh.
[014780.72]  01-27 01:45  CatalogMesh                  INFO     Slab 0 ~ 4194304 / 28338967.
[014781.83]  01-27 01:45  CatalogMesh                  INFO     Painted 4194304 out of 28338967 objects to mesh.
[014781.83]  01-27 01:45  CatalogMesh                  INFO     Slab 4194304 ~ 8388608 / 28338967.
[014782.94]  01-27 01:45  CatalogMesh                  INFO     Painted 8388608 out of 28338967 objects to mesh.
[014782.94]  01-27 01:45  CatalogMesh                  INFO     Slab 8388608 ~ 12582912 / 28338967.
[014784.05]  01-27 01:45  CatalogMesh                  INFO     Painted 12582912 out of 28338967 objects to mesh.
[014784.05]  01-27 01:45  CatalogMesh                  INFO     Slab 12582912 ~ 16777216 / 28338967.
[014785.15]  01-27 01:45  CatalogMesh                  INFO     Painted 16777216 out of 28338967 objects to mesh.
[014785.16]  01-27 01:45  CatalogMesh                  INFO     Slab 16777216 ~ 20971520 / 28338967.
[014786.26]  01-27 01:45  CatalogMesh                  INFO     Painted 20971520 out of 28338967 objects to mesh.
[014786.26]  01-27 01:45  CatalogMesh                  INFO     Slab 20971520 ~ 25165824 / 28338967.
[014787.47]  01-27 01:46  CatalogMesh                  INFO     Painted 25165824 out of 28338967 objects to mesh.
[014787.47]  01-27 01:46  CatalogMesh                  INFO     Slab 25165824 ~ 29360128 / 28338967.
[014788.50]  01-27 01:46  CatalogMesh                  INFO     Painted 28338967 out of 28338967 objects to mesh.
[014794.01]  01-27 01:46  CatalogFFTPower              INFO     Done painting catalog 1 to mesh.
[014794.01]  01-27 01:46  CatalogFFTPower              INFO     Using 400 k-bins between 0.000 and 0.400.
[014794.01]  01-27 01:46  CatalogFFTPower              INFO     Meshes prepared in elapsed time 35.35 s.
[014794.01]  01-27 01:46  CatalogFFTPower              INFO     Running mesh calculation.
[014811.07]  01-27 01:46  CatalogFFTPower              INFO     Mesh calculations performed in elapsed time 17.06 s.
[014811.07]  01-27 01:46  CatalogFFTPower              INFO     Power spectrum computed in elapsed time 52.40 s.
[014811.07]  01-27 01:46  CatalogFFTPower              INFO     Saving /pscratch/sd/s/shengyu/galaxies/catalogs/Y3/AbacusHF-v2/Boxes/QSO/sn1p250/AbacusSummit_base_c000_ph018/mpspk/pkpoles_QSO_zp1.250_DR2_v1.0+dv_verr_empirical.npy.
[014811.07]  01-27 01:46  compute_2pt                  INFO     Save to /pscratch/sd/s/shengyu/galaxies/catalogs/Y3/AbacusHF-v2/Boxes/QSO/sn1p250/AbacusSummit_base_c000_ph018/mpspk/pkpoles_QSO_zp1.250_DR2_v1.0+dv_verr_empirical.npy
[014811.07]  01-27 01:46  TwoPointCorrelationFunction  INFO     Using estimator <class 'pycorr.twopoint_estimator.NaturalTwoPointEstimator'>.
[014811.07]  01-27 01:46  TwoPointCorrelationFunction  INFO     Running auto-correlation.
[014811.07]  01-27 01:46  TwoPointCorrelationFunction  INFO     Computing two-point counts D1D2.
[014835.64]  01-27 01:46  TwoPointCorrelationFunction  INFO     Analytically computing two-point counts R1R2.
[014835.65]  01-27 01:46  TwoPointCorrelationFunction  INFO     Correlation function computed in elapsed time 24.57 s.
[014835.65]  01-27 01:46  NaturalTwoPointEstimator     INFO     Saving /pscratch/sd/s/shengyu/galaxies/catalogs/Y3/AbacusHF-v2/Boxes/QSO/sn1p250/AbacusSummit_base_c000_ph018/mpspk/mpslog_QSO_zp1.250_DR2_v1.0+dv_verr_empirical.npy.
[014835.65]  01-27 01:46  compute_2pt                  INFO     Save to /pscratch/sd/s/shengyu/galaxies/catalogs/Y3/AbacusHF-v2/Boxes/QSO/sn1p250/AbacusSummit_base_c000_ph018/mpspk/mpslog_QSO_zp1.250_DR2_v1.0+dv_verr_empirical.npy
[014835.65]  01-27 01:46  TwoPointCorrelationFunction  INFO     Using estimator <class 'pycorr.twopoint_estimator.NaturalTwoPointEstimator'>.
[014835.65]  01-27 01:46  TwoPointCorrelationFunction  INFO     Running auto-correlation.
[014835.65]  01-27 01:46  TwoPointCorrelationFunction  INFO     Computing two-point counts D1D2.
[014858.79]  01-27 01:47  TwoPointCorrelationFunction  INFO     Analytically computing two-point counts R1R2.
[014858.80]  01-27 01:47  TwoPointCorrelationFunction  INFO     Correlation function computed in elapsed time 23.14 s.
[014858.80]  01-27 01:47  NaturalTwoPointEstimator     INFO     Saving /pscratch/sd/s/shengyu/galaxies/catalogs/Y3/AbacusHF-v2/Boxes/QSO/sn1p250/AbacusSummit_base_c000_ph018/mpspk/wplog_QSO_zp1.250_DR2_v1.0+dv_verr_empirical.npy.
[014858.80]  01-27 01:47  compute_2pt                  INFO     Save to /pscratch/sd/s/shengyu/galaxies/catalogs/Y3/AbacusHF-v2/Boxes/QSO/sn1p250/AbacusSummit_base_c000_ph018/mpspk/wplog_QSO_zp1.250_DR2_v1.0+dv_verr_empirical.npy
[014858.80]  01-27 01:47  compute_2pt                  INFO     Procceed {'version': 'AbacusHF-v2', 'domain': 'cubic', 'tracer': 'QSO', 'zsnap': 1.25, 'zrange': (1.1, 1.4), 'mock_id': 19, 'use_dv': 'verr_empirical'}
[014858.80]  01-27 01:47  cat_tools                    INFO     Load /pscratch/sd/s/shengyu/galaxies/catalogs/Y3/AbacusHF-v2/Boxes/QSO/sn1p250/AbacusSummit_base_c000_ph019/abacus_HF_QSO_1p250_DR2_v2.0_AbacusSummit_base_c000_ph019_base_clustering.dat.h5
[014858.80]  01-27 01:47  FileStack                    INFO     Reading /pscratch/sd/s/shengyu/galaxies/catalogs/Y3/AbacusHF-v2/Boxes/QSO/sn1p250/AbacusSummit_base_c000_ph019/abacus_HF_QSO_1p250_DR2_v2.0_AbacusSummit_base_c000_ph019_base_clustering.dat.h5.
[014858.81]  01-27 01:47  cat_tools                    INFO     use Z positions shifted in verr_empirical mode
[014859.91]  01-27 01:47  TwoPointCorrelationFunction  INFO     Using estimator <class 'pycorr.twopoint_estimator.NaturalTwoPointEstimator'>.
[014859.91]  01-27 01:47  TwoPointCorrelationFunction  INFO     Running auto-correlation.
[014859.91]  01-27 01:47  TwoPointCorrelationFunction  INFO     Computing two-point counts D1D2.
[014963.67]  01-27 01:48  TwoPointCorrelationFunction  INFO     Analytically computing two-point counts R1R2.
[014963.67]  01-27 01:48  TwoPointCorrelationFunction  INFO     Correlation function computed in elapsed time 103.76 s.
[014963.67]  01-27 01:48  NaturalTwoPointEstimator     INFO     Saving /pscratch/sd/s/shengyu/galaxies/catalogs/Y3/AbacusHF-v2/Boxes/QSO/sn1p250/AbacusSummit_base_c000_ph019/mpspk/xipoles_QSO_zp1.250_DR2_v1.0+dv_verr_empirical.npy.
[014963.67]  01-27 01:48  compute_2pt                  INFO     Save to /pscratch/sd/s/shengyu/galaxies/catalogs/Y3/AbacusHF-v2/Boxes/QSO/sn1p250/AbacusSummit_base_c000_ph019/mpspk/xipoles_QSO_zp1.250_DR2_v1.0+dv_verr_empirical.npy
[014967.51]  01-27 01:49  CatalogFFTPower              INFO     Painting catalog 1 to mesh CatalogMesh(nmesh=[512 512 512], boxsize=[2000. 2000. 2000.], boxcenter=[999.99995125 999.99998838 999.99996393], dtype=float64).
[014967.92]  01-27 01:49  CatalogMesh                  INFO     Slab 0 ~ 4194304 / 28330389.
[014969.04]  01-27 01:49  CatalogMesh                  INFO     Painted 4194304 out of 28330389 objects to mesh.
[014969.04]  01-27 01:49  CatalogMesh                  INFO     Slab 4194304 ~ 8388608 / 28330389.
[014970.15]  01-27 01:49  CatalogMesh                  INFO     Painted 8388608 out of 28330389 objects to mesh.
[014970.15]  01-27 01:49  CatalogMesh                  INFO     Slab 8388608 ~ 12582912 / 28330389.
[014971.26]  01-27 01:49  CatalogMesh                  INFO     Painted 12582912 out of 28330389 objects to mesh.
[014971.26]  01-27 01:49  CatalogMesh                  INFO     Slab 12582912 ~ 16777216 / 28330389.
[014972.38]  01-27 01:49  CatalogMesh                  INFO     Painted 16777216 out of 28330389 objects to mesh.
[014972.38]  01-27 01:49  CatalogMesh                  INFO     Slab 16777216 ~ 20971520 / 28330389.
[014973.49]  01-27 01:49  CatalogMesh                  INFO     Painted 20971520 out of 28330389 objects to mesh.
[014973.49]  01-27 01:49  CatalogMesh                  INFO     Slab 20971520 ~ 25165824 / 28330389.
[014974.70]  01-27 01:49  CatalogMesh                  INFO     Painted 25165824 out of 28330389 objects to mesh.
[014974.70]  01-27 01:49  CatalogMesh                  INFO     Slab 25165824 ~ 29360128 / 28330389.
[014975.74]  01-27 01:49  CatalogMesh                  INFO     Painted 28330389 out of 28330389 objects to mesh.
[014975.74]  01-27 01:49  CatalogMesh                  INFO     Running interlacing at order 3.
[014977.98]  01-27 01:49  CatalogMesh                  INFO     Slab 0 ~ 4194304 / 28330389.
[014979.09]  01-27 01:49  CatalogMesh                  INFO     Painted 4194304 out of 28330389 objects to mesh.
[014979.09]  01-27 01:49  CatalogMesh                  INFO     Slab 4194304 ~ 8388608 / 28330389.
[014980.20]  01-27 01:49  CatalogMesh                  INFO     Painted 8388608 out of 28330389 objects to mesh.
[014980.20]  01-27 01:49  CatalogMesh                  INFO     Slab 8388608 ~ 12582912 / 28330389.
[014981.33]  01-27 01:49  CatalogMesh                  INFO     Painted 12582912 out of 28330389 objects to mesh.
[014981.33]  01-27 01:49  CatalogMesh                  INFO     Slab 12582912 ~ 16777216 / 28330389.
[014982.44]  01-27 01:49  CatalogMesh                  INFO     Painted 16777216 out of 28330389 objects to mesh.
[014982.44]  01-27 01:49  CatalogMesh                  INFO     Slab 16777216 ~ 20971520 / 28330389.
[014983.56]  01-27 01:49  CatalogMesh                  INFO     Painted 20971520 out of 28330389 objects to mesh.
[014983.56]  01-27 01:49  CatalogMesh                  INFO     Slab 20971520 ~ 25165824 / 28330389.
[014984.78]  01-27 01:49  CatalogMesh                  INFO     Painted 25165824 out of 28330389 objects to mesh.
[014984.78]  01-27 01:49  CatalogMesh                  INFO     Slab 25165824 ~ 29360128 / 28330389.
[014985.81]  01-27 01:49  CatalogMesh                  INFO     Painted 28330389 out of 28330389 objects to mesh.
[014989.62]  01-27 01:49  CatalogMesh                  INFO     Slab 0 ~ 4194304 / 28330389.
[014990.74]  01-27 01:49  CatalogMesh                  INFO     Painted 4194304 out of 28330389 objects to mesh.
[014990.74]  01-27 01:49  CatalogMesh                  INFO     Slab 4194304 ~ 8388608 / 28330389.
[014991.85]  01-27 01:49  CatalogMesh                  INFO     Painted 8388608 out of 28330389 objects to mesh.
[014991.85]  01-27 01:49  CatalogMesh                  INFO     Slab 8388608 ~ 12582912 / 28330389.
[014992.96]  01-27 01:49  CatalogMesh                  INFO     Painted 12582912 out of 28330389 objects to mesh.
[014992.96]  01-27 01:49  CatalogMesh                  INFO     Slab 12582912 ~ 16777216 / 28330389.
[014994.07]  01-27 01:49  CatalogMesh                  INFO     Painted 16777216 out of 28330389 objects to mesh.
[014994.07]  01-27 01:49  CatalogMesh                  INFO     Slab 16777216 ~ 20971520 / 28330389.
[014995.19]  01-27 01:49  CatalogMesh                  INFO     Painted 20971520 out of 28330389 objects to mesh.
[014995.19]  01-27 01:49  CatalogMesh                  INFO     Slab 20971520 ~ 25165824 / 28330389.
[014996.41]  01-27 01:49  CatalogMesh                  INFO     Painted 25165824 out of 28330389 objects to mesh.
[014996.41]  01-27 01:49  CatalogMesh                  INFO     Slab 25165824 ~ 29360128 / 28330389.
[014997.44]  01-27 01:49  CatalogMesh                  INFO     Painted 28330389 out of 28330389 objects to mesh.
[015002.92]  01-27 01:49  CatalogFFTPower              INFO     Done painting catalog 1 to mesh.
[015002.92]  01-27 01:49  CatalogFFTPower              INFO     Using 400 k-bins between 0.000 and 0.400.
[015002.92]  01-27 01:49  CatalogFFTPower              INFO     Meshes prepared in elapsed time 35.41 s.
[015002.92]  01-27 01:49  CatalogFFTPower              INFO     Running mesh calculation.
[015019.97]  01-27 01:49  CatalogFFTPower              INFO     Mesh calculations performed in elapsed time 17.04 s.
[015019.97]  01-27 01:49  CatalogFFTPower              INFO     Power spectrum computed in elapsed time 52.45 s.
[015019.97]  01-27 01:49  CatalogFFTPower              INFO     Saving /pscratch/sd/s/shengyu/galaxies/catalogs/Y3/AbacusHF-v2/Boxes/QSO/sn1p250/AbacusSummit_base_c000_ph019/mpspk/pkpoles_QSO_zp1.250_DR2_v1.0+dv_verr_empirical.npy.
[015019.97]  01-27 01:49  compute_2pt                  INFO     Save to /pscratch/sd/s/shengyu/galaxies/catalogs/Y3/AbacusHF-v2/Boxes/QSO/sn1p250/AbacusSummit_base_c000_ph019/mpspk/pkpoles_QSO_zp1.250_DR2_v1.0+dv_verr_empirical.npy
[015019.97]  01-27 01:49  TwoPointCorrelationFunction  INFO     Using estimator <class 'pycorr.twopoint_estimator.NaturalTwoPointEstimator'>.
[015019.97]  01-27 01:49  TwoPointCorrelationFunction  INFO     Running auto-correlation.
[015019.97]  01-27 01:49  TwoPointCorrelationFunction  INFO     Computing two-point counts D1D2.
[015044.78]  01-27 01:50  TwoPointCorrelationFunction  INFO     Analytically computing two-point counts R1R2.
[015044.78]  01-27 01:50  TwoPointCorrelationFunction  INFO     Correlation function computed in elapsed time 24.81 s.
[015044.78]  01-27 01:50  NaturalTwoPointEstimator     INFO     Saving /pscratch/sd/s/shengyu/galaxies/catalogs/Y3/AbacusHF-v2/Boxes/QSO/sn1p250/AbacusSummit_base_c000_ph019/mpspk/mpslog_QSO_zp1.250_DR2_v1.0+dv_verr_empirical.npy.
[015044.78]  01-27 01:50  compute_2pt                  INFO     Save to /pscratch/sd/s/shengyu/galaxies/catalogs/Y3/AbacusHF-v2/Boxes/QSO/sn1p250/AbacusSummit_base_c000_ph019/mpspk/mpslog_QSO_zp1.250_DR2_v1.0+dv_verr_empirical.npy
[015044.79]  01-27 01:50  TwoPointCorrelationFunction  INFO     Using estimator <class 'pycorr.twopoint_estimator.NaturalTwoPointEstimator'>.
[015044.79]  01-27 01:50  TwoPointCorrelationFunction  INFO     Running auto-correlation.
[015044.79]  01-27 01:50  TwoPointCorrelationFunction  INFO     Computing two-point counts D1D2.
[015067.87]  01-27 01:50  TwoPointCorrelationFunction  INFO     Analytically computing two-point counts R1R2.
[015067.87]  01-27 01:50  TwoPointCorrelationFunction  INFO     Correlation function computed in elapsed time 23.08 s.
[015067.87]  01-27 01:50  NaturalTwoPointEstimator     INFO     Saving /pscratch/sd/s/shengyu/galaxies/catalogs/Y3/AbacusHF-v2/Boxes/QSO/sn1p250/AbacusSummit_base_c000_ph019/mpspk/wplog_QSO_zp1.250_DR2_v1.0+dv_verr_empirical.npy.
[015067.87]  01-27 01:50  compute_2pt                  INFO     Save to /pscratch/sd/s/shengyu/galaxies/catalogs/Y3/AbacusHF-v2/Boxes/QSO/sn1p250/AbacusSummit_base_c000_ph019/mpspk/wplog_QSO_zp1.250_DR2_v1.0+dv_verr_empirical.npy
[015067.88]  01-27 01:50  compute_2pt                  INFO     Procceed {'version': 'AbacusHF-v2', 'domain': 'cubic', 'tracer': 'QSO', 'zsnap': 1.25, 'zrange': (1.1, 1.4), 'mock_id': 20, 'use_dv': 'verr_empirical'}
[015067.88]  01-27 01:50  cat_tools                    INFO     Load /pscratch/sd/s/shengyu/galaxies/catalogs/Y3/AbacusHF-v2/Boxes/QSO/sn1p250/AbacusSummit_base_c000_ph020/abacus_HF_QSO_1p250_DR2_v2.0_AbacusSummit_base_c000_ph020_base_clustering.dat.h5
[015067.88]  01-27 01:50  FileStack                    INFO     Reading /pscratch/sd/s/shengyu/galaxies/catalogs/Y3/AbacusHF-v2/Boxes/QSO/sn1p250/AbacusSummit_base_c000_ph020/abacus_HF_QSO_1p250_DR2_v2.0_AbacusSummit_base_c000_ph020_base_clustering.dat.h5.
[015067.88]  01-27 01:50  cat_tools                    INFO     use Z positions shifted in verr_empirical mode
[015069.00]  01-27 01:50  TwoPointCorrelationFunction  INFO     Using estimator <class 'pycorr.twopoint_estimator.NaturalTwoPointEstimator'>.
[015069.00]  01-27 01:50  TwoPointCorrelationFunction  INFO     Running auto-correlation.
[015069.00]  01-27 01:50  TwoPointCorrelationFunction  INFO     Computing two-point counts D1D2.
[015173.01]  01-27 01:52  TwoPointCorrelationFunction  INFO     Analytically computing two-point counts R1R2.
[015173.02]  01-27 01:52  TwoPointCorrelationFunction  INFO     Correlation function computed in elapsed time 104.02 s.
[015173.02]  01-27 01:52  NaturalTwoPointEstimator     INFO     Saving /pscratch/sd/s/shengyu/galaxies/catalogs/Y3/AbacusHF-v2/Boxes/QSO/sn1p250/AbacusSummit_base_c000_ph020/mpspk/xipoles_QSO_zp1.250_DR2_v1.0+dv_verr_empirical.npy.
[015173.02]  01-27 01:52  compute_2pt                  INFO     Save to /pscratch/sd/s/shengyu/galaxies/catalogs/Y3/AbacusHF-v2/Boxes/QSO/sn1p250/AbacusSummit_base_c000_ph020/mpspk/xipoles_QSO_zp1.250_DR2_v1.0+dv_verr_empirical.npy
[015176.86]  01-27 01:52  CatalogFFTPower              INFO     Painting catalog 1 to mesh CatalogMesh(nmesh=[512 512 512], boxsize=[2000. 2000. 2000.], boxcenter=[1000.00001319  999.99999356 1000.00000746], dtype=float64).
[015177.27]  01-27 01:52  CatalogMesh                  INFO     Slab 0 ~ 4194304 / 28344747.
[015178.39]  01-27 01:52  CatalogMesh                  INFO     Painted 4194304 out of 28344747 objects to mesh.
[015178.39]  01-27 01:52  CatalogMesh                  INFO     Slab 4194304 ~ 8388608 / 28344747.
[015179.51]  01-27 01:52  CatalogMesh                  INFO     Painted 8388608 out of 28344747 objects to mesh.
[015179.51]  01-27 01:52  CatalogMesh                  INFO     Slab 8388608 ~ 12582912 / 28344747.
[015180.62]  01-27 01:52  CatalogMesh                  INFO     Painted 12582912 out of 28344747 objects to mesh.
[015180.62]  01-27 01:52  CatalogMesh                  INFO     Slab 12582912 ~ 16777216 / 28344747.
[015181.73]  01-27 01:52  CatalogMesh                  INFO     Painted 16777216 out of 28344747 objects to mesh.
[015181.73]  01-27 01:52  CatalogMesh                  INFO     Slab 16777216 ~ 20971520 / 28344747.
[015182.84]  01-27 01:52  CatalogMesh                  INFO     Painted 20971520 out of 28344747 objects to mesh.
[015182.84]  01-27 01:52  CatalogMesh                  INFO     Slab 20971520 ~ 25165824 / 28344747.
[015184.05]  01-27 01:52  CatalogMesh                  INFO     Painted 25165824 out of 28344747 objects to mesh.
[015184.05]  01-27 01:52  CatalogMesh                  INFO     Slab 25165824 ~ 29360128 / 28344747.
[015185.09]  01-27 01:52  CatalogMesh                  INFO     Painted 28344747 out of 28344747 objects to mesh.
[015185.09]  01-27 01:52  CatalogMesh                  INFO     Running interlacing at order 3.
[015187.33]  01-27 01:52  CatalogMesh                  INFO     Slab 0 ~ 4194304 / 28344747.
[015188.43]  01-27 01:52  CatalogMesh                  INFO     Painted 4194304 out of 28344747 objects to mesh.
[015188.43]  01-27 01:52  CatalogMesh                  INFO     Slab 4194304 ~ 8388608 / 28344747.
[015189.54]  01-27 01:52  CatalogMesh                  INFO     Painted 8388608 out of 28344747 objects to mesh.
[015189.54]  01-27 01:52  CatalogMesh                  INFO     Slab 8388608 ~ 12582912 / 28344747.
[015190.65]  01-27 01:52  CatalogMesh                  INFO     Painted 12582912 out of 28344747 objects to mesh.
[015190.65]  01-27 01:52  CatalogMesh                  INFO     Slab 12582912 ~ 16777216 / 28344747.
[015191.77]  01-27 01:52  CatalogMesh                  INFO     Painted 16777216 out of 28344747 objects to mesh.
[015191.77]  01-27 01:52  CatalogMesh                  INFO     Slab 16777216 ~ 20971520 / 28344747.
[015192.88]  01-27 01:52  CatalogMesh                  INFO     Painted 20971520 out of 28344747 objects to mesh.
[015192.88]  01-27 01:52  CatalogMesh                  INFO     Slab 20971520 ~ 25165824 / 28344747.
[015194.10]  01-27 01:52  CatalogMesh                  INFO     Painted 25165824 out of 28344747 objects to mesh.
[015194.10]  01-27 01:52  CatalogMesh                  INFO     Slab 25165824 ~ 29360128 / 28344747.
[015195.13]  01-27 01:52  CatalogMesh                  INFO     Painted 28344747 out of 28344747 objects to mesh.
[015198.92]  01-27 01:52  CatalogMesh                  INFO     Slab 0 ~ 4194304 / 28344747.
[015200.02]  01-27 01:52  CatalogMesh                  INFO     Painted 4194304 out of 28344747 objects to mesh.
[015200.02]  01-27 01:52  CatalogMesh                  INFO     Slab 4194304 ~ 8388608 / 28344747.
[015201.14]  01-27 01:52  CatalogMesh                  INFO     Painted 8388608 out of 28344747 objects to mesh.
[015201.14]  01-27 01:52  CatalogMesh                  INFO     Slab 8388608 ~ 12582912 / 28344747.
[015202.26]  01-27 01:52  CatalogMesh                  INFO     Painted 12582912 out of 28344747 objects to mesh.
[015202.26]  01-27 01:52  CatalogMesh                  INFO     Slab 12582912 ~ 16777216 / 28344747.
[015203.37]  01-27 01:52  CatalogMesh                  INFO     Painted 16777216 out of 28344747 objects to mesh.
[015203.37]  01-27 01:52  CatalogMesh                  INFO     Slab 16777216 ~ 20971520 / 28344747.
[015204.49]  01-27 01:52  CatalogMesh                  INFO     Painted 20971520 out of 28344747 objects to mesh.
[015204.49]  01-27 01:52  CatalogMesh                  INFO     Slab 20971520 ~ 25165824 / 28344747.
[015205.70]  01-27 01:52  CatalogMesh                  INFO     Painted 25165824 out of 28344747 objects to mesh.
[015205.70]  01-27 01:52  CatalogMesh                  INFO     Slab 25165824 ~ 29360128 / 28344747.
[015206.74]  01-27 01:53  CatalogMesh                  INFO     Painted 28344747 out of 28344747 objects to mesh.
[015212.24]  01-27 01:53  CatalogFFTPower              INFO     Done painting catalog 1 to mesh.
[015212.24]  01-27 01:53  CatalogFFTPower              INFO     Using 400 k-bins between 0.000 and 0.400.
[015212.24]  01-27 01:53  CatalogFFTPower              INFO     Meshes prepared in elapsed time 35.38 s.
[015212.24]  01-27 01:53  CatalogFFTPower              INFO     Running mesh calculation.
[015229.30]  01-27 01:53  CatalogFFTPower              INFO     Mesh calculations performed in elapsed time 17.06 s.
[015229.30]  01-27 01:53  CatalogFFTPower              INFO     Power spectrum computed in elapsed time 52.44 s.
[015229.30]  01-27 01:53  CatalogFFTPower              INFO     Saving /pscratch/sd/s/shengyu/galaxies/catalogs/Y3/AbacusHF-v2/Boxes/QSO/sn1p250/AbacusSummit_base_c000_ph020/mpspk/pkpoles_QSO_zp1.250_DR2_v1.0+dv_verr_empirical.npy.
[015229.31]  01-27 01:53  compute_2pt                  INFO     Save to /pscratch/sd/s/shengyu/galaxies/catalogs/Y3/AbacusHF-v2/Boxes/QSO/sn1p250/AbacusSummit_base_c000_ph020/mpspk/pkpoles_QSO_zp1.250_DR2_v1.0+dv_verr_empirical.npy
[015229.31]  01-27 01:53  TwoPointCorrelationFunction  INFO     Using estimator <class 'pycorr.twopoint_estimator.NaturalTwoPointEstimator'>.
[015229.31]  01-27 01:53  TwoPointCorrelationFunction  INFO     Running auto-correlation.
[015229.31]  01-27 01:53  TwoPointCorrelationFunction  INFO     Computing two-point counts D1D2.
[015250.02]  01-27 01:53  TwoPointCorrelationFunction  INFO     Analytically computing two-point counts R1R2.
[015250.02]  01-27 01:53  TwoPointCorrelationFunction  INFO     Correlation function computed in elapsed time 20.71 s.
[015250.03]  01-27 01:53  NaturalTwoPointEstimator     INFO     Saving /pscratch/sd/s/shengyu/galaxies/catalogs/Y3/AbacusHF-v2/Boxes/QSO/sn1p250/AbacusSummit_base_c000_ph020/mpspk/mpslog_QSO_zp1.250_DR2_v1.0+dv_verr_empirical.npy.
[015250.03]  01-27 01:53  compute_2pt                  INFO     Save to /pscratch/sd/s/shengyu/galaxies/catalogs/Y3/AbacusHF-v2/Boxes/QSO/sn1p250/AbacusSummit_base_c000_ph020/mpspk/mpslog_QSO_zp1.250_DR2_v1.0+dv_verr_empirical.npy
[015250.03]  01-27 01:53  TwoPointCorrelationFunction  INFO     Using estimator <class 'pycorr.twopoint_estimator.NaturalTwoPointEstimator'>.
[015250.03]  01-27 01:53  TwoPointCorrelationFunction  INFO     Running auto-correlation.
[015250.03]  01-27 01:53  TwoPointCorrelationFunction  INFO     Computing two-point counts D1D2.
[015273.13]  01-27 01:54  TwoPointCorrelationFunction  INFO     Analytically computing two-point counts R1R2.
[015273.14]  01-27 01:54  TwoPointCorrelationFunction  INFO     Correlation function computed in elapsed time 23.10 s.
[015273.14]  01-27 01:54  NaturalTwoPointEstimator     INFO     Saving /pscratch/sd/s/shengyu/galaxies/catalogs/Y3/AbacusHF-v2/Boxes/QSO/sn1p250/AbacusSummit_base_c000_ph020/mpspk/wplog_QSO_zp1.250_DR2_v1.0+dv_verr_empirical.npy.
[015273.14]  01-27 01:54  compute_2pt                  INFO     Save to /pscratch/sd/s/shengyu/galaxies/catalogs/Y3/AbacusHF-v2/Boxes/QSO/sn1p250/AbacusSummit_base_c000_ph020/mpspk/wplog_QSO_zp1.250_DR2_v1.0+dv_verr_empirical.npy
[015273.14]  01-27 01:54  compute_2pt                  INFO     Procceed {'version': 'AbacusHF-v2', 'domain': 'cubic', 'tracer': 'QSO', 'zsnap': 1.25, 'zrange': (1.1, 1.4), 'mock_id': 21, 'use_dv': 'verr_empirical'}
[015273.14]  01-27 01:54  cat_tools                    INFO     Load /pscratch/sd/s/shengyu/galaxies/catalogs/Y3/AbacusHF-v2/Boxes/QSO/sn1p250/AbacusSummit_base_c000_ph021/abacus_HF_QSO_1p250_DR2_v2.0_AbacusSummit_base_c000_ph021_base_clustering.dat.h5
[015273.15]  01-27 01:54  FileStack                    INFO     Reading /pscratch/sd/s/shengyu/galaxies/catalogs/Y3/AbacusHF-v2/Boxes/QSO/sn1p250/AbacusSummit_base_c000_ph021/abacus_HF_QSO_1p250_DR2_v2.0_AbacusSummit_base_c000_ph021_base_clustering.dat.h5.
[015273.15]  01-27 01:54  cat_tools                    INFO     use Z positions shifted in verr_empirical mode
[015274.28]  01-27 01:54  TwoPointCorrelationFunction  INFO     Using estimator <class 'pycorr.twopoint_estimator.NaturalTwoPointEstimator'>.
[015274.28]  01-27 01:54  TwoPointCorrelationFunction  INFO     Running auto-correlation.
[015274.28]  01-27 01:54  TwoPointCorrelationFunction  INFO     Computing two-point counts D1D2.
[015378.07]  01-27 01:55  TwoPointCorrelationFunction  INFO     Analytically computing two-point counts R1R2.
[015378.07]  01-27 01:55  TwoPointCorrelationFunction  INFO     Correlation function computed in elapsed time 103.78 s.
[015378.07]  01-27 01:55  NaturalTwoPointEstimator     INFO     Saving /pscratch/sd/s/shengyu/galaxies/catalogs/Y3/AbacusHF-v2/Boxes/QSO/sn1p250/AbacusSummit_base_c000_ph021/mpspk/xipoles_QSO_zp1.250_DR2_v1.0+dv_verr_empirical.npy.
[015378.07]  01-27 01:55  compute_2pt                  INFO     Save to /pscratch/sd/s/shengyu/galaxies/catalogs/Y3/AbacusHF-v2/Boxes/QSO/sn1p250/AbacusSummit_base_c000_ph021/mpspk/xipoles_QSO_zp1.250_DR2_v1.0+dv_verr_empirical.npy
[015381.93]  01-27 01:55  CatalogFFTPower              INFO     Painting catalog 1 to mesh CatalogMesh(nmesh=[512 512 512], boxsize=[2000. 2000. 2000.], boxcenter=[ 999.99999514 1000.00005724 1000.00007468], dtype=float64).
[015382.33]  01-27 01:55  CatalogMesh                  INFO     Slab 0 ~ 4194304 / 28359999.
[015383.47]  01-27 01:55  CatalogMesh                  INFO     Painted 4194304 out of 28359999 objects to mesh.
[015383.47]  01-27 01:55  CatalogMesh                  INFO     Slab 4194304 ~ 8388608 / 28359999.
[015384.57]  01-27 01:55  CatalogMesh                  INFO     Painted 8388608 out of 28359999 objects to mesh.
[015384.57]  01-27 01:55  CatalogMesh                  INFO     Slab 8388608 ~ 12582912 / 28359999.
[015385.69]  01-27 01:55  CatalogMesh                  INFO     Painted 12582912 out of 28359999 objects to mesh.
[015385.69]  01-27 01:55  CatalogMesh                  INFO     Slab 12582912 ~ 16777216 / 28359999.
[015386.80]  01-27 01:56  CatalogMesh                  INFO     Painted 16777216 out of 28359999 objects to mesh.
[015386.80]  01-27 01:56  CatalogMesh                  INFO     Slab 16777216 ~ 20971520 / 28359999.
[015387.92]  01-27 01:56  CatalogMesh                  INFO     Painted 20971520 out of 28359999 objects to mesh.
[015387.92]  01-27 01:56  CatalogMesh                  INFO     Slab 20971520 ~ 25165824 / 28359999.
[015389.14]  01-27 01:56  CatalogMesh                  INFO     Painted 25165824 out of 28359999 objects to mesh.
[015389.14]  01-27 01:56  CatalogMesh                  INFO     Slab 25165824 ~ 29360128 / 28359999.
[015390.18]  01-27 01:56  CatalogMesh                  INFO     Painted 28359999 out of 28359999 objects to mesh.
[015390.19]  01-27 01:56  CatalogMesh                  INFO     Running interlacing at order 3.
[015392.44]  01-27 01:56  CatalogMesh                  INFO     Slab 0 ~ 4194304 / 28359999.
[015393.56]  01-27 01:56  CatalogMesh                  INFO     Painted 4194304 out of 28359999 objects to mesh.
[015393.56]  01-27 01:56  CatalogMesh                  INFO     Slab 4194304 ~ 8388608 / 28359999.
[015394.68]  01-27 01:56  CatalogMesh                  INFO     Painted 8388608 out of 28359999 objects to mesh.
[015394.68]  01-27 01:56  CatalogMesh                  INFO     Slab 8388608 ~ 12582912 / 28359999.
[015395.80]  01-27 01:56  CatalogMesh                  INFO     Painted 12582912 out of 28359999 objects to mesh.
[015395.80]  01-27 01:56  CatalogMesh                  INFO     Slab 12582912 ~ 16777216 / 28359999.
[015396.91]  01-27 01:56  CatalogMesh                  INFO     Painted 16777216 out of 28359999 objects to mesh.
[015396.91]  01-27 01:56  CatalogMesh                  INFO     Slab 16777216 ~ 20971520 / 28359999.
[015398.02]  01-27 01:56  CatalogMesh                  INFO     Painted 20971520 out of 28359999 objects to mesh.
[015398.02]  01-27 01:56  CatalogMesh                  INFO     Slab 20971520 ~ 25165824 / 28359999.
[015399.24]  01-27 01:56  CatalogMesh                  INFO     Painted 25165824 out of 28359999 objects to mesh.
[015399.24]  01-27 01:56  CatalogMesh                  INFO     Slab 25165824 ~ 29360128 / 28359999.
[015400.28]  01-27 01:56  CatalogMesh                  INFO     Painted 28359999 out of 28359999 objects to mesh.
[015404.08]  01-27 01:56  CatalogMesh                  INFO     Slab 0 ~ 4194304 / 28359999.
[015405.18]  01-27 01:56  CatalogMesh                  INFO     Painted 4194304 out of 28359999 objects to mesh.
[015405.19]  01-27 01:56  CatalogMesh                  INFO     Slab 4194304 ~ 8388608 / 28359999.
[015406.29]  01-27 01:56  CatalogMesh                  INFO     Painted 8388608 out of 28359999 objects to mesh.
[015406.29]  01-27 01:56  CatalogMesh                  INFO     Slab 8388608 ~ 12582912 / 28359999.
[015407.41]  01-27 01:56  CatalogMesh                  INFO     Painted 12582912 out of 28359999 objects to mesh.
[015407.41]  01-27 01:56  CatalogMesh                  INFO     Slab 12582912 ~ 16777216 / 28359999.
[015408.52]  01-27 01:56  CatalogMesh                  INFO     Painted 16777216 out of 28359999 objects to mesh.
[015408.52]  01-27 01:56  CatalogMesh                  INFO     Slab 16777216 ~ 20971520 / 28359999.
[015409.64]  01-27 01:56  CatalogMesh                  INFO     Painted 20971520 out of 28359999 objects to mesh.
[015409.64]  01-27 01:56  CatalogMesh                  INFO     Slab 20971520 ~ 25165824 / 28359999.
[015410.85]  01-27 01:56  CatalogMesh                  INFO     Painted 25165824 out of 28359999 objects to mesh.
[015410.85]  01-27 01:56  CatalogMesh                  INFO     Slab 25165824 ~ 29360128 / 28359999.
[015411.89]  01-27 01:56  CatalogMesh                  INFO     Painted 28359999 out of 28359999 objects to mesh.
[015417.41]  01-27 01:56  CatalogFFTPower              INFO     Done painting catalog 1 to mesh.
[015417.42]  01-27 01:56  CatalogFFTPower              INFO     Using 400 k-bins between 0.000 and 0.400.
[015417.42]  01-27 01:56  CatalogFFTPower              INFO     Meshes prepared in elapsed time 35.49 s.
[015417.42]  01-27 01:56  CatalogFFTPower              INFO     Running mesh calculation.
[015434.49]  01-27 01:56  CatalogFFTPower              INFO     Mesh calculations performed in elapsed time 17.07 s.
[015434.49]  01-27 01:56  CatalogFFTPower              INFO     Power spectrum computed in elapsed time 52.56 s.
[015434.49]  01-27 01:56  CatalogFFTPower              INFO     Saving /pscratch/sd/s/shengyu/galaxies/catalogs/Y3/AbacusHF-v2/Boxes/QSO/sn1p250/AbacusSummit_base_c000_ph021/mpspk/pkpoles_QSO_zp1.250_DR2_v1.0+dv_verr_empirical.npy.
[015434.49]  01-27 01:56  compute_2pt                  INFO     Save to /pscratch/sd/s/shengyu/galaxies/catalogs/Y3/AbacusHF-v2/Boxes/QSO/sn1p250/AbacusSummit_base_c000_ph021/mpspk/pkpoles_QSO_zp1.250_DR2_v1.0+dv_verr_empirical.npy
[015434.50]  01-27 01:56  TwoPointCorrelationFunction  INFO     Using estimator <class 'pycorr.twopoint_estimator.NaturalTwoPointEstimator'>.
[015434.50]  01-27 01:56  TwoPointCorrelationFunction  INFO     Running auto-correlation.
[015434.50]  01-27 01:56  TwoPointCorrelationFunction  INFO     Computing two-point counts D1D2.
[015457.24]  01-27 01:57  TwoPointCorrelationFunction  INFO     Analytically computing two-point counts R1R2.
[015457.24]  01-27 01:57  TwoPointCorrelationFunction  INFO     Correlation function computed in elapsed time 22.75 s.
[015457.24]  01-27 01:57  NaturalTwoPointEstimator     INFO     Saving /pscratch/sd/s/shengyu/galaxies/catalogs/Y3/AbacusHF-v2/Boxes/QSO/sn1p250/AbacusSummit_base_c000_ph021/mpspk/mpslog_QSO_zp1.250_DR2_v1.0+dv_verr_empirical.npy.
[015457.25]  01-27 01:57  compute_2pt                  INFO     Save to /pscratch/sd/s/shengyu/galaxies/catalogs/Y3/AbacusHF-v2/Boxes/QSO/sn1p250/AbacusSummit_base_c000_ph021/mpspk/mpslog_QSO_zp1.250_DR2_v1.0+dv_verr_empirical.npy
[015457.25]  01-27 01:57  TwoPointCorrelationFunction  INFO     Using estimator <class 'pycorr.twopoint_estimator.NaturalTwoPointEstimator'>.
[015457.25]  01-27 01:57  TwoPointCorrelationFunction  INFO     Running auto-correlation.
[015457.25]  01-27 01:57  TwoPointCorrelationFunction  INFO     Computing two-point counts D1D2.
[015480.22]  01-27 01:57  TwoPointCorrelationFunction  INFO     Analytically computing two-point counts R1R2.
[015480.22]  01-27 01:57  TwoPointCorrelationFunction  INFO     Correlation function computed in elapsed time 22.97 s.
[015480.22]  01-27 01:57  NaturalTwoPointEstimator     INFO     Saving /pscratch/sd/s/shengyu/galaxies/catalogs/Y3/AbacusHF-v2/Boxes/QSO/sn1p250/AbacusSummit_base_c000_ph021/mpspk/wplog_QSO_zp1.250_DR2_v1.0+dv_verr_empirical.npy.
[015480.22]  01-27 01:57  compute_2pt                  INFO     Save to /pscratch/sd/s/shengyu/galaxies/catalogs/Y3/AbacusHF-v2/Boxes/QSO/sn1p250/AbacusSummit_base_c000_ph021/mpspk/wplog_QSO_zp1.250_DR2_v1.0+dv_verr_empirical.npy
[015480.23]  01-27 01:57  compute_2pt                  INFO     Procceed {'version': 'AbacusHF-v2', 'domain': 'cubic', 'tracer': 'QSO', 'zsnap': 1.25, 'zrange': (1.1, 1.4), 'mock_id': 22, 'use_dv': 'verr_empirical'}
[015480.23]  01-27 01:57  cat_tools                    INFO     Load /pscratch/sd/s/shengyu/galaxies/catalogs/Y3/AbacusHF-v2/Boxes/QSO/sn1p250/AbacusSummit_base_c000_ph022/abacus_HF_QSO_1p250_DR2_v2.0_AbacusSummit_base_c000_ph022_base_clustering.dat.h5
[015480.23]  01-27 01:57  FileStack                    INFO     Reading /pscratch/sd/s/shengyu/galaxies/catalogs/Y3/AbacusHF-v2/Boxes/QSO/sn1p250/AbacusSummit_base_c000_ph022/abacus_HF_QSO_1p250_DR2_v2.0_AbacusSummit_base_c000_ph022_base_clustering.dat.h5.
[015480.23]  01-27 01:57  cat_tools                    INFO     use Z positions shifted in verr_empirical mode
[015481.35]  01-27 01:57  TwoPointCorrelationFunction  INFO     Using estimator <class 'pycorr.twopoint_estimator.NaturalTwoPointEstimator'>.
[015481.35]  01-27 01:57  TwoPointCorrelationFunction  INFO     Running auto-correlation.
[015481.35]  01-27 01:57  TwoPointCorrelationFunction  INFO     Computing two-point counts D1D2.
[015584.70]  01-27 01:59  TwoPointCorrelationFunction  INFO     Analytically computing two-point counts R1R2.
[015584.70]  01-27 01:59  TwoPointCorrelationFunction  INFO     Correlation function computed in elapsed time 103.35 s.
[015584.70]  01-27 01:59  NaturalTwoPointEstimator     INFO     Saving /pscratch/sd/s/shengyu/galaxies/catalogs/Y3/AbacusHF-v2/Boxes/QSO/sn1p250/AbacusSummit_base_c000_ph022/mpspk/xipoles_QSO_zp1.250_DR2_v1.0+dv_verr_empirical.npy.
[015584.71]  01-27 01:59  compute_2pt                  INFO     Save to /pscratch/sd/s/shengyu/galaxies/catalogs/Y3/AbacusHF-v2/Boxes/QSO/sn1p250/AbacusSummit_base_c000_ph022/mpspk/xipoles_QSO_zp1.250_DR2_v1.0+dv_verr_empirical.npy
[015588.60]  01-27 01:59  CatalogFFTPower              INFO     Painting catalog 1 to mesh CatalogMesh(nmesh=[512 512 512], boxsize=[2000. 2000. 2000.], boxcenter=[1000.0000275  1000.00000684 1000.00001766], dtype=float64).
[015589.01]  01-27 01:59  CatalogMesh                  INFO     Slab 0 ~ 4194304 / 28363320.
[015590.15]  01-27 01:59  CatalogMesh                  INFO     Painted 4194304 out of 28363320 objects to mesh.
[015590.15]  01-27 01:59  CatalogMesh                  INFO     Slab 4194304 ~ 8388608 / 28363320.
[015591.26]  01-27 01:59  CatalogMesh                  INFO     Painted 8388608 out of 28363320 objects to mesh.
[015591.26]  01-27 01:59  CatalogMesh                  INFO     Slab 8388608 ~ 12582912 / 28363320.
[015592.38]  01-27 01:59  CatalogMesh                  INFO     Painted 12582912 out of 28363320 objects to mesh.
[015592.38]  01-27 01:59  CatalogMesh                  INFO     Slab 12582912 ~ 16777216 / 28363320.
[015593.49]  01-27 01:59  CatalogMesh                  INFO     Painted 16777216 out of 28363320 objects to mesh.
[015593.49]  01-27 01:59  CatalogMesh                  INFO     Slab 16777216 ~ 20971520 / 28363320.
[015594.61]  01-27 01:59  CatalogMesh                  INFO     Painted 20971520 out of 28363320 objects to mesh.
[015594.61]  01-27 01:59  CatalogMesh                  INFO     Slab 20971520 ~ 25165824 / 28363320.
[015595.83]  01-27 01:59  CatalogMesh                  INFO     Painted 25165824 out of 28363320 objects to mesh.
[015595.83]  01-27 01:59  CatalogMesh                  INFO     Slab 25165824 ~ 29360128 / 28363320.
[015596.87]  01-27 01:59  CatalogMesh                  INFO     Painted 28363320 out of 28363320 objects to mesh.
[015596.87]  01-27 01:59  CatalogMesh                  INFO     Running interlacing at order 3.
[015599.12]  01-27 01:59  CatalogMesh                  INFO     Slab 0 ~ 4194304 / 28363320.
[015600.23]  01-27 01:59  CatalogMesh                  INFO     Painted 4194304 out of 28363320 objects to mesh.
[015600.23]  01-27 01:59  CatalogMesh                  INFO     Slab 4194304 ~ 8388608 / 28363320.
[015601.34]  01-27 01:59  CatalogMesh                  INFO     Painted 8388608 out of 28363320 objects to mesh.
[015601.34]  01-27 01:59  CatalogMesh                  INFO     Slab 8388608 ~ 12582912 / 28363320.
[015602.46]  01-27 01:59  CatalogMesh                  INFO     Painted 12582912 out of 28363320 objects to mesh.
[015602.46]  01-27 01:59  CatalogMesh                  INFO     Slab 12582912 ~ 16777216 / 28363320.
[015603.58]  01-27 01:59  CatalogMesh                  INFO     Painted 16777216 out of 28363320 objects to mesh.
[015603.58]  01-27 01:59  CatalogMesh                  INFO     Slab 16777216 ~ 20971520 / 28363320.
[015604.70]  01-27 01:59  CatalogMesh                  INFO     Painted 20971520 out of 28363320 objects to mesh.
[015604.70]  01-27 01:59  CatalogMesh                  INFO     Slab 20971520 ~ 25165824 / 28363320.
[015605.91]  01-27 01:59  CatalogMesh                  INFO     Painted 25165824 out of 28363320 objects to mesh.
[015605.91]  01-27 01:59  CatalogMesh                  INFO     Slab 25165824 ~ 29360128 / 28363320.
[015607.01]  01-27 01:59  CatalogMesh                  INFO     Painted 28363320 out of 28363320 objects to mesh.
[015610.81]  01-27 01:59  CatalogMesh                  INFO     Slab 0 ~ 4194304 / 28363320.
[015611.92]  01-27 01:59  CatalogMesh                  INFO     Painted 4194304 out of 28363320 objects to mesh.
[015611.92]  01-27 01:59  CatalogMesh                  INFO     Slab 4194304 ~ 8388608 / 28363320.
[015613.03]  01-27 01:59  CatalogMesh                  INFO     Painted 8388608 out of 28363320 objects to mesh.
[015613.03]  01-27 01:59  CatalogMesh                  INFO     Slab 8388608 ~ 12582912 / 28363320.
[015614.14]  01-27 01:59  CatalogMesh                  INFO     Painted 12582912 out of 28363320 objects to mesh.
[015614.15]  01-27 01:59  CatalogMesh                  INFO     Slab 12582912 ~ 16777216 / 28363320.
[015615.26]  01-27 01:59  CatalogMesh                  INFO     Painted 16777216 out of 28363320 objects to mesh.
[015615.26]  01-27 01:59  CatalogMesh                  INFO     Slab 16777216 ~ 20971520 / 28363320.
[015616.37]  01-27 01:59  CatalogMesh                  INFO     Painted 20971520 out of 28363320 objects to mesh.
[015616.37]  01-27 01:59  CatalogMesh                  INFO     Slab 20971520 ~ 25165824 / 28363320.
[015617.59]  01-27 01:59  CatalogMesh                  INFO     Painted 25165824 out of 28363320 objects to mesh.
[015617.59]  01-27 01:59  CatalogMesh                  INFO     Slab 25165824 ~ 29360128 / 28363320.
[015618.63]  01-27 01:59  CatalogMesh                  INFO     Painted 28363320 out of 28363320 objects to mesh.
[015624.15]  01-27 01:59  CatalogFFTPower              INFO     Done painting catalog 1 to mesh.
[015624.15]  01-27 01:59  CatalogFFTPower              INFO     Using 400 k-bins between 0.000 and 0.400.
[015624.15]  01-27 01:59  CatalogFFTPower              INFO     Meshes prepared in elapsed time 35.54 s.
[015624.15]  01-27 01:59  CatalogFFTPower              INFO     Running mesh calculation.
[015641.28]  01-27 02:00  CatalogFFTPower              INFO     Mesh calculations performed in elapsed time 17.13 s.
[015641.28]  01-27 02:00  CatalogFFTPower              INFO     Power spectrum computed in elapsed time 52.67 s.
[015641.28]  01-27 02:00  CatalogFFTPower              INFO     Saving /pscratch/sd/s/shengyu/galaxies/catalogs/Y3/AbacusHF-v2/Boxes/QSO/sn1p250/AbacusSummit_base_c000_ph022/mpspk/pkpoles_QSO_zp1.250_DR2_v1.0+dv_verr_empirical.npy.
[015641.28]  01-27 02:00  compute_2pt                  INFO     Save to /pscratch/sd/s/shengyu/galaxies/catalogs/Y3/AbacusHF-v2/Boxes/QSO/sn1p250/AbacusSummit_base_c000_ph022/mpspk/pkpoles_QSO_zp1.250_DR2_v1.0+dv_verr_empirical.npy
[015641.28]  01-27 02:00  TwoPointCorrelationFunction  INFO     Using estimator <class 'pycorr.twopoint_estimator.NaturalTwoPointEstimator'>.
[015641.28]  01-27 02:00  TwoPointCorrelationFunction  INFO     Running auto-correlation.
[015641.28]  01-27 02:00  TwoPointCorrelationFunction  INFO     Computing two-point counts D1D2.
[015664.00]  01-27 02:00  TwoPointCorrelationFunction  INFO     Analytically computing two-point counts R1R2.
[015664.00]  01-27 02:00  TwoPointCorrelationFunction  INFO     Correlation function computed in elapsed time 22.72 s.
[015664.00]  01-27 02:00  NaturalTwoPointEstimator     INFO     Saving /pscratch/sd/s/shengyu/galaxies/catalogs/Y3/AbacusHF-v2/Boxes/QSO/sn1p250/AbacusSummit_base_c000_ph022/mpspk/mpslog_QSO_zp1.250_DR2_v1.0+dv_verr_empirical.npy.
[015664.01]  01-27 02:00  compute_2pt                  INFO     Save to /pscratch/sd/s/shengyu/galaxies/catalogs/Y3/AbacusHF-v2/Boxes/QSO/sn1p250/AbacusSummit_base_c000_ph022/mpspk/mpslog_QSO_zp1.250_DR2_v1.0+dv_verr_empirical.npy
[015664.01]  01-27 02:00  TwoPointCorrelationFunction  INFO     Using estimator <class 'pycorr.twopoint_estimator.NaturalTwoPointEstimator'>.
[015664.01]  01-27 02:00  TwoPointCorrelationFunction  INFO     Running auto-correlation.
[015664.01]  01-27 02:00  TwoPointCorrelationFunction  INFO     Computing two-point counts D1D2.
[015687.37]  01-27 02:01  TwoPointCorrelationFunction  INFO     Analytically computing two-point counts R1R2.
[015687.37]  01-27 02:01  TwoPointCorrelationFunction  INFO     Correlation function computed in elapsed time 23.37 s.
[015687.37]  01-27 02:01  NaturalTwoPointEstimator     INFO     Saving /pscratch/sd/s/shengyu/galaxies/catalogs/Y3/AbacusHF-v2/Boxes/QSO/sn1p250/AbacusSummit_base_c000_ph022/mpspk/wplog_QSO_zp1.250_DR2_v1.0+dv_verr_empirical.npy.
[015687.38]  01-27 02:01  compute_2pt                  INFO     Save to /pscratch/sd/s/shengyu/galaxies/catalogs/Y3/AbacusHF-v2/Boxes/QSO/sn1p250/AbacusSummit_base_c000_ph022/mpspk/wplog_QSO_zp1.250_DR2_v1.0+dv_verr_empirical.npy
[015687.38]  01-27 02:01  compute_2pt                  INFO     Procceed {'version': 'AbacusHF-v2', 'domain': 'cubic', 'tracer': 'QSO', 'zsnap': 1.25, 'zrange': (1.1, 1.4), 'mock_id': 23, 'use_dv': 'verr_empirical'}
[015687.38]  01-27 02:01  cat_tools                    INFO     Load /pscratch/sd/s/shengyu/galaxies/catalogs/Y3/AbacusHF-v2/Boxes/QSO/sn1p250/AbacusSummit_base_c000_ph023/abacus_HF_QSO_1p250_DR2_v2.0_AbacusSummit_base_c000_ph023_base_clustering.dat.h5
[015687.38]  01-27 02:01  FileStack                    INFO     Reading /pscratch/sd/s/shengyu/galaxies/catalogs/Y3/AbacusHF-v2/Boxes/QSO/sn1p250/AbacusSummit_base_c000_ph023/abacus_HF_QSO_1p250_DR2_v2.0_AbacusSummit_base_c000_ph023_base_clustering.dat.h5.
[015687.38]  01-27 02:01  cat_tools                    INFO     use Z positions shifted in verr_empirical mode
[015688.50]  01-27 02:01  TwoPointCorrelationFunction  INFO     Using estimator <class 'pycorr.twopoint_estimator.NaturalTwoPointEstimator'>.
[015688.50]  01-27 02:01  TwoPointCorrelationFunction  INFO     Running auto-correlation.
[015688.50]  01-27 02:01  TwoPointCorrelationFunction  INFO     Computing two-point counts D1D2.
[015790.92]  01-27 02:02  TwoPointCorrelationFunction  INFO     Analytically computing two-point counts R1R2.
[015790.92]  01-27 02:02  TwoPointCorrelationFunction  INFO     Correlation function computed in elapsed time 102.42 s.
[015790.92]  01-27 02:02  NaturalTwoPointEstimator     INFO     Saving /pscratch/sd/s/shengyu/galaxies/catalogs/Y3/AbacusHF-v2/Boxes/QSO/sn1p250/AbacusSummit_base_c000_ph023/mpspk/xipoles_QSO_zp1.250_DR2_v1.0+dv_verr_empirical.npy.
[015790.92]  01-27 02:02  compute_2pt                  INFO     Save to /pscratch/sd/s/shengyu/galaxies/catalogs/Y3/AbacusHF-v2/Boxes/QSO/sn1p250/AbacusSummit_base_c000_ph023/mpspk/xipoles_QSO_zp1.250_DR2_v1.0+dv_verr_empirical.npy
[015794.80]  01-27 02:02  CatalogFFTPower              INFO     Painting catalog 1 to mesh CatalogMesh(nmesh=[512 512 512], boxsize=[2000. 2000. 2000.], boxcenter=[1000.00013732  999.99991486 1000.00000046], dtype=float64).
[015795.21]  01-27 02:02  CatalogMesh                  INFO     Slab 0 ~ 4194304 / 28368515.
[015796.34]  01-27 02:02  CatalogMesh                  INFO     Painted 4194304 out of 28368515 objects to mesh.
[015796.34]  01-27 02:02  CatalogMesh                  INFO     Slab 4194304 ~ 8388608 / 28368515.
[015797.46]  01-27 02:02  CatalogMesh                  INFO     Painted 8388608 out of 28368515 objects to mesh.
[015797.46]  01-27 02:02  CatalogMesh                  INFO     Slab 8388608 ~ 12582912 / 28368515.
[015798.57]  01-27 02:02  CatalogMesh                  INFO     Painted 12582912 out of 28368515 objects to mesh.
[015798.58]  01-27 02:02  CatalogMesh                  INFO     Slab 12582912 ~ 16777216 / 28368515.
[015799.69]  01-27 02:02  CatalogMesh                  INFO     Painted 16777216 out of 28368515 objects to mesh.
[015799.69]  01-27 02:02  CatalogMesh                  INFO     Slab 16777216 ~ 20971520 / 28368515.
[015800.81]  01-27 02:02  CatalogMesh                  INFO     Painted 20971520 out of 28368515 objects to mesh.
[015800.81]  01-27 02:02  CatalogMesh                  INFO     Slab 20971520 ~ 25165824 / 28368515.
[015802.02]  01-27 02:02  CatalogMesh                  INFO     Painted 25165824 out of 28368515 objects to mesh.
[015802.02]  01-27 02:02  CatalogMesh                  INFO     Slab 25165824 ~ 29360128 / 28368515.
[015803.07]  01-27 02:02  CatalogMesh                  INFO     Painted 28368515 out of 28368515 objects to mesh.
[015803.07]  01-27 02:02  CatalogMesh                  INFO     Running interlacing at order 3.
[015805.32]  01-27 02:02  CatalogMesh                  INFO     Slab 0 ~ 4194304 / 28368515.
[015806.44]  01-27 02:03  CatalogMesh                  INFO     Painted 4194304 out of 28368515 objects to mesh.
[015806.44]  01-27 02:03  CatalogMesh                  INFO     Slab 4194304 ~ 8388608 / 28368515.
[015807.56]  01-27 02:03  CatalogMesh                  INFO     Painted 8388608 out of 28368515 objects to mesh.
[015807.56]  01-27 02:03  CatalogMesh                  INFO     Slab 8388608 ~ 12582912 / 28368515.
[015808.67]  01-27 02:03  CatalogMesh                  INFO     Painted 12582912 out of 28368515 objects to mesh.
[015808.67]  01-27 02:03  CatalogMesh                  INFO     Slab 12582912 ~ 16777216 / 28368515.
[015809.79]  01-27 02:03  CatalogMesh                  INFO     Painted 16777216 out of 28368515 objects to mesh.
[015809.79]  01-27 02:03  CatalogMesh                  INFO     Slab 16777216 ~ 20971520 / 28368515.
[015810.91]  01-27 02:03  CatalogMesh                  INFO     Painted 20971520 out of 28368515 objects to mesh.
[015810.91]  01-27 02:03  CatalogMesh                  INFO     Slab 20971520 ~ 25165824 / 28368515.
[015812.12]  01-27 02:03  CatalogMesh                  INFO     Painted 25165824 out of 28368515 objects to mesh.
[015812.12]  01-27 02:03  CatalogMesh                  INFO     Slab 25165824 ~ 29360128 / 28368515.
[015813.16]  01-27 02:03  CatalogMesh                  INFO     Painted 28368515 out of 28368515 objects to mesh.
[015816.99]  01-27 02:03  CatalogMesh                  INFO     Slab 0 ~ 4194304 / 28368515.
[015818.10]  01-27 02:03  CatalogMesh                  INFO     Painted 4194304 out of 28368515 objects to mesh.
[015818.10]  01-27 02:03  CatalogMesh                  INFO     Slab 4194304 ~ 8388608 / 28368515.
[015819.21]  01-27 02:03  CatalogMesh                  INFO     Painted 8388608 out of 28368515 objects to mesh.
[015819.21]  01-27 02:03  CatalogMesh                  INFO     Slab 8388608 ~ 12582912 / 28368515.
[015820.33]  01-27 02:03  CatalogMesh                  INFO     Painted 12582912 out of 28368515 objects to mesh.
[015820.33]  01-27 02:03  CatalogMesh                  INFO     Slab 12582912 ~ 16777216 / 28368515.
[015821.45]  01-27 02:03  CatalogMesh                  INFO     Painted 16777216 out of 28368515 objects to mesh.
[015821.45]  01-27 02:03  CatalogMesh                  INFO     Slab 16777216 ~ 20971520 / 28368515.
[015822.57]  01-27 02:03  CatalogMesh                  INFO     Painted 20971520 out of 28368515 objects to mesh.
[015822.57]  01-27 02:03  CatalogMesh                  INFO     Slab 20971520 ~ 25165824 / 28368515.
[015823.78]  01-27 02:03  CatalogMesh                  INFO     Painted 25165824 out of 28368515 objects to mesh.
[015823.78]  01-27 02:03  CatalogMesh                  INFO     Slab 25165824 ~ 29360128 / 28368515.
[015824.83]  01-27 02:03  CatalogMesh                  INFO     Painted 28368515 out of 28368515 objects to mesh.
[015830.34]  01-27 02:03  CatalogFFTPower              INFO     Done painting catalog 1 to mesh.
[015830.34]  01-27 02:03  CatalogFFTPower              INFO     Using 400 k-bins between 0.000 and 0.400.
[015830.34]  01-27 02:03  CatalogFFTPower              INFO     Meshes prepared in elapsed time 35.54 s.
[015830.34]  01-27 02:03  CatalogFFTPower              INFO     Running mesh calculation.
[015847.47]  01-27 02:03  CatalogFFTPower              INFO     Mesh calculations performed in elapsed time 17.13 s.
[015847.47]  01-27 02:03  CatalogFFTPower              INFO     Power spectrum computed in elapsed time 52.67 s.
[015847.47]  01-27 02:03  CatalogFFTPower              INFO     Saving /pscratch/sd/s/shengyu/galaxies/catalogs/Y3/AbacusHF-v2/Boxes/QSO/sn1p250/AbacusSummit_base_c000_ph023/mpspk/pkpoles_QSO_zp1.250_DR2_v1.0+dv_verr_empirical.npy.
[015847.48]  01-27 02:03  compute_2pt                  INFO     Save to /pscratch/sd/s/shengyu/galaxies/catalogs/Y3/AbacusHF-v2/Boxes/QSO/sn1p250/AbacusSummit_base_c000_ph023/mpspk/pkpoles_QSO_zp1.250_DR2_v1.0+dv_verr_empirical.npy
[015847.48]  01-27 02:03  TwoPointCorrelationFunction  INFO     Using estimator <class 'pycorr.twopoint_estimator.NaturalTwoPointEstimator'>.
[015847.48]  01-27 02:03  TwoPointCorrelationFunction  INFO     Running auto-correlation.
[015847.48]  01-27 02:03  TwoPointCorrelationFunction  INFO     Computing two-point counts D1D2.
[015868.18]  01-27 02:04  TwoPointCorrelationFunction  INFO     Analytically computing two-point counts R1R2.
[015868.18]  01-27 02:04  TwoPointCorrelationFunction  INFO     Correlation function computed in elapsed time 20.70 s.
[015868.18]  01-27 02:04  NaturalTwoPointEstimator     INFO     Saving /pscratch/sd/s/shengyu/galaxies/catalogs/Y3/AbacusHF-v2/Boxes/QSO/sn1p250/AbacusSummit_base_c000_ph023/mpspk/mpslog_QSO_zp1.250_DR2_v1.0+dv_verr_empirical.npy.
[015868.18]  01-27 02:04  compute_2pt                  INFO     Save to /pscratch/sd/s/shengyu/galaxies/catalogs/Y3/AbacusHF-v2/Boxes/QSO/sn1p250/AbacusSummit_base_c000_ph023/mpspk/mpslog_QSO_zp1.250_DR2_v1.0+dv_verr_empirical.npy
[015868.19]  01-27 02:04  TwoPointCorrelationFunction  INFO     Using estimator <class 'pycorr.twopoint_estimator.NaturalTwoPointEstimator'>.
[015868.19]  01-27 02:04  TwoPointCorrelationFunction  INFO     Running auto-correlation.
[015868.19]  01-27 02:04  TwoPointCorrelationFunction  INFO     Computing two-point counts D1D2.
[015891.63]  01-27 02:04  TwoPointCorrelationFunction  INFO     Analytically computing two-point counts R1R2.
[015891.67]  01-27 02:04  TwoPointCorrelationFunction  INFO     Correlation function computed in elapsed time 23.49 s.
[015891.67]  01-27 02:04  NaturalTwoPointEstimator     INFO     Saving /pscratch/sd/s/shengyu/galaxies/catalogs/Y3/AbacusHF-v2/Boxes/QSO/sn1p250/AbacusSummit_base_c000_ph023/mpspk/wplog_QSO_zp1.250_DR2_v1.0+dv_verr_empirical.npy.
[015891.68]  01-27 02:04  compute_2pt                  INFO     Save to /pscratch/sd/s/shengyu/galaxies/catalogs/Y3/AbacusHF-v2/Boxes/QSO/sn1p250/AbacusSummit_base_c000_ph023/mpspk/wplog_QSO_zp1.250_DR2_v1.0+dv_verr_empirical.npy
[015891.68]  01-27 02:04  compute_2pt                  INFO     Procceed {'version': 'AbacusHF-v2', 'domain': 'cubic', 'tracer': 'QSO', 'zsnap': 1.25, 'zrange': (1.1, 1.4), 'mock_id': 24, 'use_dv': 'verr_empirical'}
[015891.68]  01-27 02:04  cat_tools                    INFO     Load /pscratch/sd/s/shengyu/galaxies/catalogs/Y3/AbacusHF-v2/Boxes/QSO/sn1p250/AbacusSummit_base_c000_ph024/abacus_HF_QSO_1p250_DR2_v2.0_AbacusSummit_base_c000_ph024_base_clustering.dat.h5
[015891.68]  01-27 02:04  FileStack                    INFO     Reading /pscratch/sd/s/shengyu/galaxies/catalogs/Y3/AbacusHF-v2/Boxes/QSO/sn1p250/AbacusSummit_base_c000_ph024/abacus_HF_QSO_1p250_DR2_v2.0_AbacusSummit_base_c000_ph024_base_clustering.dat.h5.
[015891.68]  01-27 02:04  cat_tools                    INFO     use Z positions shifted in verr_empirical mode
[015892.80]  01-27 02:04  TwoPointCorrelationFunction  INFO     Using estimator <class 'pycorr.twopoint_estimator.NaturalTwoPointEstimator'>.
[015892.81]  01-27 02:04  TwoPointCorrelationFunction  INFO     Running auto-correlation.
[015892.81]  01-27 02:04  TwoPointCorrelationFunction  INFO     Computing two-point counts D1D2.
[015995.57]  01-27 02:06  TwoPointCorrelationFunction  INFO     Analytically computing two-point counts R1R2.
[015995.57]  01-27 02:06  TwoPointCorrelationFunction  INFO     Correlation function computed in elapsed time 102.76 s.
[015995.57]  01-27 02:06  NaturalTwoPointEstimator     INFO     Saving /pscratch/sd/s/shengyu/galaxies/catalogs/Y3/AbacusHF-v2/Boxes/QSO/sn1p250/AbacusSummit_base_c000_ph024/mpspk/xipoles_QSO_zp1.250_DR2_v1.0+dv_verr_empirical.npy.
[015995.57]  01-27 02:06  compute_2pt                  INFO     Save to /pscratch/sd/s/shengyu/galaxies/catalogs/Y3/AbacusHF-v2/Boxes/QSO/sn1p250/AbacusSummit_base_c000_ph024/mpspk/xipoles_QSO_zp1.250_DR2_v1.0+dv_verr_empirical.npy
[015999.39]  01-27 02:06  CatalogFFTPower              INFO     Painting catalog 1 to mesh CatalogMesh(nmesh=[512 512 512], boxsize=[2000. 2000. 2000.], boxcenter=[ 999.99994904  999.99997246 1000.00002446], dtype=float64).
[015999.80]  01-27 02:06  CatalogMesh                  INFO     Slab 0 ~ 4194304 / 28380792.
[016000.92]  01-27 02:06  CatalogMesh                  INFO     Painted 4194304 out of 28380792 objects to mesh.
[016000.92]  01-27 02:06  CatalogMesh                  INFO     Slab 4194304 ~ 8388608 / 28380792.
[016002.03]  01-27 02:06  CatalogMesh                  INFO     Painted 8388608 out of 28380792 objects to mesh.
[016002.03]  01-27 02:06  CatalogMesh                  INFO     Slab 8388608 ~ 12582912 / 28380792.
[016003.14]  01-27 02:06  CatalogMesh                  INFO     Painted 12582912 out of 28380792 objects to mesh.
[016003.14]  01-27 02:06  CatalogMesh                  INFO     Slab 12582912 ~ 16777216 / 28380792.
[016004.24]  01-27 02:06  CatalogMesh                  INFO     Painted 16777216 out of 28380792 objects to mesh.
[016004.24]  01-27 02:06  CatalogMesh                  INFO     Slab 16777216 ~ 20971520 / 28380792.
[016005.34]  01-27 02:06  CatalogMesh                  INFO     Painted 20971520 out of 28380792 objects to mesh.
[016005.34]  01-27 02:06  CatalogMesh                  INFO     Slab 20971520 ~ 25165824 / 28380792.
[016006.55]  01-27 02:06  CatalogMesh                  INFO     Painted 25165824 out of 28380792 objects to mesh.
[016006.55]  01-27 02:06  CatalogMesh                  INFO     Slab 25165824 ~ 29360128 / 28380792.
[016007.60]  01-27 02:06  CatalogMesh                  INFO     Painted 28380792 out of 28380792 objects to mesh.
[016007.60]  01-27 02:06  CatalogMesh                  INFO     Running interlacing at order 3.
[016009.85]  01-27 02:06  CatalogMesh                  INFO     Slab 0 ~ 4194304 / 28380792.
[016010.95]  01-27 02:06  CatalogMesh                  INFO     Painted 4194304 out of 28380792 objects to mesh.
[016010.95]  01-27 02:06  CatalogMesh                  INFO     Slab 4194304 ~ 8388608 / 28380792.
[016012.05]  01-27 02:06  CatalogMesh                  INFO     Painted 8388608 out of 28380792 objects to mesh.
[016012.05]  01-27 02:06  CatalogMesh                  INFO     Slab 8388608 ~ 12582912 / 28380792.
[016013.16]  01-27 02:06  CatalogMesh                  INFO     Painted 12582912 out of 28380792 objects to mesh.
[016013.16]  01-27 02:06  CatalogMesh                  INFO     Slab 12582912 ~ 16777216 / 28380792.
[016014.26]  01-27 02:06  CatalogMesh                  INFO     Painted 16777216 out of 28380792 objects to mesh.
[016014.26]  01-27 02:06  CatalogMesh                  INFO     Slab 16777216 ~ 20971520 / 28380792.
[016015.36]  01-27 02:06  CatalogMesh                  INFO     Painted 20971520 out of 28380792 objects to mesh.
[016015.36]  01-27 02:06  CatalogMesh                  INFO     Slab 20971520 ~ 25165824 / 28380792.
[016016.57]  01-27 02:06  CatalogMesh                  INFO     Painted 25165824 out of 28380792 objects to mesh.
[016016.57]  01-27 02:06  CatalogMesh                  INFO     Slab 25165824 ~ 29360128 / 28380792.
[016017.61]  01-27 02:06  CatalogMesh                  INFO     Painted 28380792 out of 28380792 objects to mesh.
[016021.38]  01-27 02:06  CatalogMesh                  INFO     Slab 0 ~ 4194304 / 28380792.
[016022.48]  01-27 02:06  CatalogMesh                  INFO     Painted 4194304 out of 28380792 objects to mesh.
[016022.48]  01-27 02:06  CatalogMesh                  INFO     Slab 4194304 ~ 8388608 / 28380792.
[016023.60]  01-27 02:06  CatalogMesh                  INFO     Painted 8388608 out of 28380792 objects to mesh.
[016023.60]  01-27 02:06  CatalogMesh                  INFO     Slab 8388608 ~ 12582912 / 28380792.
[016024.76]  01-27 02:06  CatalogMesh                  INFO     Painted 12582912 out of 28380792 objects to mesh.
[016024.76]  01-27 02:06  CatalogMesh                  INFO     Slab 12582912 ~ 16777216 / 28380792.
[016025.92]  01-27 02:06  CatalogMesh                  INFO     Painted 16777216 out of 28380792 objects to mesh.
[016025.92]  01-27 02:06  CatalogMesh                  INFO     Slab 16777216 ~ 20971520 / 28380792.
[016027.08]  01-27 02:06  CatalogMesh                  INFO     Painted 20971520 out of 28380792 objects to mesh.
[016027.08]  01-27 02:06  CatalogMesh                  INFO     Slab 20971520 ~ 25165824 / 28380792.
[016028.29]  01-27 02:06  CatalogMesh                  INFO     Painted 25165824 out of 28380792 objects to mesh.
[016028.29]  01-27 02:06  CatalogMesh                  INFO     Slab 25165824 ~ 29360128 / 28380792.
[016029.32]  01-27 02:06  CatalogMesh                  INFO     Painted 28380792 out of 28380792 objects to mesh.
[016034.82]  01-27 02:06  CatalogFFTPower              INFO     Done painting catalog 1 to mesh.
[016034.82]  01-27 02:06  CatalogFFTPower              INFO     Using 400 k-bins between 0.000 and 0.400.
[016034.82]  01-27 02:06  CatalogFFTPower              INFO     Meshes prepared in elapsed time 35.43 s.
[016034.82]  01-27 02:06  CatalogFFTPower              INFO     Running mesh calculation.
[016051.78]  01-27 02:07  CatalogFFTPower              INFO     Mesh calculations performed in elapsed time 16.95 s.
[016051.78]  01-27 02:07  CatalogFFTPower              INFO     Power spectrum computed in elapsed time 52.39 s.
[016051.78]  01-27 02:07  CatalogFFTPower              INFO     Saving /pscratch/sd/s/shengyu/galaxies/catalogs/Y3/AbacusHF-v2/Boxes/QSO/sn1p250/AbacusSummit_base_c000_ph024/mpspk/pkpoles_QSO_zp1.250_DR2_v1.0+dv_verr_empirical.npy.
[016051.78]  01-27 02:07  compute_2pt                  INFO     Save to /pscratch/sd/s/shengyu/galaxies/catalogs/Y3/AbacusHF-v2/Boxes/QSO/sn1p250/AbacusSummit_base_c000_ph024/mpspk/pkpoles_QSO_zp1.250_DR2_v1.0+dv_verr_empirical.npy
[016051.78]  01-27 02:07  TwoPointCorrelationFunction  INFO     Using estimator <class 'pycorr.twopoint_estimator.NaturalTwoPointEstimator'>.
[016051.78]  01-27 02:07  TwoPointCorrelationFunction  INFO     Running auto-correlation.
[016051.78]  01-27 02:07  TwoPointCorrelationFunction  INFO     Computing two-point counts D1D2.
[016073.67]  01-27 02:07  TwoPointCorrelationFunction  INFO     Analytically computing two-point counts R1R2.
[016073.67]  01-27 02:07  TwoPointCorrelationFunction  INFO     Correlation function computed in elapsed time 21.89 s.
[016073.68]  01-27 02:07  NaturalTwoPointEstimator     INFO     Saving /pscratch/sd/s/shengyu/galaxies/catalogs/Y3/AbacusHF-v2/Boxes/QSO/sn1p250/AbacusSummit_base_c000_ph024/mpspk/mpslog_QSO_zp1.250_DR2_v1.0+dv_verr_empirical.npy.
[016073.68]  01-27 02:07  compute_2pt                  INFO     Save to /pscratch/sd/s/shengyu/galaxies/catalogs/Y3/AbacusHF-v2/Boxes/QSO/sn1p250/AbacusSummit_base_c000_ph024/mpspk/mpslog_QSO_zp1.250_DR2_v1.0+dv_verr_empirical.npy
[016073.68]  01-27 02:07  TwoPointCorrelationFunction  INFO     Using estimator <class 'pycorr.twopoint_estimator.NaturalTwoPointEstimator'>.
[016073.68]  01-27 02:07  TwoPointCorrelationFunction  INFO     Running auto-correlation.
[016073.68]  01-27 02:07  TwoPointCorrelationFunction  INFO     Computing two-point counts D1D2.
[016096.89]  01-27 02:07  TwoPointCorrelationFunction  INFO     Analytically computing two-point counts R1R2.
[016096.90]  01-27 02:07  TwoPointCorrelationFunction  INFO     Correlation function computed in elapsed time 23.22 s.
[016096.90]  01-27 02:07  NaturalTwoPointEstimator     INFO     Saving /pscratch/sd/s/shengyu/galaxies/catalogs/Y3/AbacusHF-v2/Boxes/QSO/sn1p250/AbacusSummit_base_c000_ph024/mpspk/wplog_QSO_zp1.250_DR2_v1.0+dv_verr_empirical.npy.
[016096.90]  01-27 02:07  compute_2pt                  INFO     Save to /pscratch/sd/s/shengyu/galaxies/catalogs/Y3/AbacusHF-v2/Boxes/QSO/sn1p250/AbacusSummit_base_c000_ph024/mpspk/wplog_QSO_zp1.250_DR2_v1.0+dv_verr_empirical.npy
[016096.90]  01-27 02:07  compute_2pt                  INFO     Procceed {'version': 'AbacusHF-v2', 'domain': 'cubic', 'tracer': 'QSO', 'zsnap': 1.55, 'zrange': (1.4, 1.7), 'mock_id': 0, 'use_dv': 'verr_empirical'}
[016096.90]  01-27 02:07  cat_tools                    INFO     Load /pscratch/sd/s/shengyu/galaxies/catalogs/Y3/AbacusHF-v2/Boxes/QSO/sn1p550/AbacusSummit_base_c000_ph000/abacus_HF_QSO_1p550_DR2_v2.0_AbacusSummit_base_c000_ph000_base_clustering.dat.h5
[016096.90]  01-27 02:07  FileStack                    INFO     Reading /pscratch/sd/s/shengyu/galaxies/catalogs/Y3/AbacusHF-v2/Boxes/QSO/sn1p550/AbacusSummit_base_c000_ph000/abacus_HF_QSO_1p550_DR2_v2.0_AbacusSummit_base_c000_ph000_base_clustering.dat.h5.
[016096.91]  01-27 02:07  cat_tools                    INFO     use Z positions shifted in verr_empirical mode
[016097.83]  01-27 02:07  TwoPointCorrelationFunction  INFO     Using estimator <class 'pycorr.twopoint_estimator.NaturalTwoPointEstimator'>.
[016097.83]  01-27 02:07  TwoPointCorrelationFunction  INFO     Running auto-correlation.
[016097.83]  01-27 02:07  TwoPointCorrelationFunction  INFO     Computing two-point counts D1D2.
[016168.34]  01-27 02:09  TwoPointCorrelationFunction  INFO     Analytically computing two-point counts R1R2.
[016168.34]  01-27 02:09  TwoPointCorrelationFunction  INFO     Correlation function computed in elapsed time 70.51 s.
[016168.34]  01-27 02:09  NaturalTwoPointEstimator     INFO     Saving /pscratch/sd/s/shengyu/galaxies/catalogs/Y3/AbacusHF-v2/Boxes/QSO/sn1p550/AbacusSummit_base_c000_ph000/mpspk/xipoles_QSO_zp1.550_DR2_v1.0+dv_verr_empirical.npy.
[016168.35]  01-27 02:09  compute_2pt                  INFO     Save to /pscratch/sd/s/shengyu/galaxies/catalogs/Y3/AbacusHF-v2/Boxes/QSO/sn1p550/AbacusSummit_base_c000_ph000/mpspk/xipoles_QSO_zp1.550_DR2_v1.0+dv_verr_empirical.npy
[016171.53]  01-27 02:09  CatalogFFTPower              INFO     Painting catalog 1 to mesh CatalogMesh(nmesh=[512 512 512], boxsize=[2000. 2000. 2000.], boxcenter=[1000.00001268  999.9998731   999.99992095], dtype=float64).
[016171.89]  01-27 02:09  CatalogMesh                  INFO     Slab 0 ~ 4194304 / 23373217.
[016173.08]  01-27 02:09  CatalogMesh                  INFO     Painted 4194304 out of 23373217 objects to mesh.
[016173.08]  01-27 02:09  CatalogMesh                  INFO     Slab 4194304 ~ 8388608 / 23373217.
[016174.22]  01-27 02:09  CatalogMesh                  INFO     Painted 8388608 out of 23373217 objects to mesh.
[016174.22]  01-27 02:09  CatalogMesh                  INFO     Slab 8388608 ~ 12582912 / 23373217.
[016175.37]  01-27 02:09  CatalogMesh                  INFO     Painted 12582912 out of 23373217 objects to mesh.
[016175.37]  01-27 02:09  CatalogMesh                  INFO     Slab 12582912 ~ 16777216 / 23373217.
[016176.51]  01-27 02:09  CatalogMesh                  INFO     Painted 16777216 out of 23373217 objects to mesh.
[016176.51]  01-27 02:09  CatalogMesh                  INFO     Slab 16777216 ~ 20971520 / 23373217.
[016177.73]  01-27 02:09  CatalogMesh                  INFO     Painted 20971520 out of 23373217 objects to mesh.
[016177.73]  01-27 02:09  CatalogMesh                  INFO     Slab 20971520 ~ 25165824 / 23373217.
[016178.57]  01-27 02:09  CatalogMesh                  INFO     Painted 23373217 out of 23373217 objects to mesh.
[016178.57]  01-27 02:09  CatalogMesh                  INFO     Running interlacing at order 3.
[016180.80]  01-27 02:09  CatalogMesh                  INFO     Slab 0 ~ 4194304 / 23373217.
[016181.95]  01-27 02:09  CatalogMesh                  INFO     Painted 4194304 out of 23373217 objects to mesh.
[016181.95]  01-27 02:09  CatalogMesh                  INFO     Slab 4194304 ~ 8388608 / 23373217.
[016183.09]  01-27 02:09  CatalogMesh                  INFO     Painted 8388608 out of 23373217 objects to mesh.
[016183.09]  01-27 02:09  CatalogMesh                  INFO     Slab 8388608 ~ 12582912 / 23373217.
[016184.24]  01-27 02:09  CatalogMesh                  INFO     Painted 12582912 out of 23373217 objects to mesh.
[016184.24]  01-27 02:09  CatalogMesh                  INFO     Slab 12582912 ~ 16777216 / 23373217.
[016185.38]  01-27 02:09  CatalogMesh                  INFO     Painted 16777216 out of 23373217 objects to mesh.
[016185.38]  01-27 02:09  CatalogMesh                  INFO     Slab 16777216 ~ 20971520 / 23373217.
[016186.59]  01-27 02:09  CatalogMesh                  INFO     Painted 20971520 out of 23373217 objects to mesh.
[016186.60]  01-27 02:09  CatalogMesh                  INFO     Slab 20971520 ~ 25165824 / 23373217.
[016187.43]  01-27 02:09  CatalogMesh                  INFO     Painted 23373217 out of 23373217 objects to mesh.
[016191.21]  01-27 02:09  CatalogMesh                  INFO     Slab 0 ~ 4194304 / 23373217.
[016192.35]  01-27 02:09  CatalogMesh                  INFO     Painted 4194304 out of 23373217 objects to mesh.
[016192.35]  01-27 02:09  CatalogMesh                  INFO     Slab 4194304 ~ 8388608 / 23373217.
[016193.49]  01-27 02:09  CatalogMesh                  INFO     Painted 8388608 out of 23373217 objects to mesh.
[016193.49]  01-27 02:09  CatalogMesh                  INFO     Slab 8388608 ~ 12582912 / 23373217.
[016194.63]  01-27 02:09  CatalogMesh                  INFO     Painted 12582912 out of 23373217 objects to mesh.
[016194.63]  01-27 02:09  CatalogMesh                  INFO     Slab 12582912 ~ 16777216 / 23373217.
[016195.77]  01-27 02:09  CatalogMesh                  INFO     Painted 16777216 out of 23373217 objects to mesh.
[016195.77]  01-27 02:09  CatalogMesh                  INFO     Slab 16777216 ~ 20971520 / 23373217.
[016196.99]  01-27 02:09  CatalogMesh                  INFO     Painted 20971520 out of 23373217 objects to mesh.
[016196.99]  01-27 02:09  CatalogMesh                  INFO     Slab 20971520 ~ 25165824 / 23373217.
[016197.82]  01-27 02:09  CatalogMesh                  INFO     Painted 23373217 out of 23373217 objects to mesh.
[016203.39]  01-27 02:09  CatalogFFTPower              INFO     Done painting catalog 1 to mesh.
[016203.39]  01-27 02:09  CatalogFFTPower              INFO     Using 400 k-bins between 0.000 and 0.400.
[016203.39]  01-27 02:09  CatalogFFTPower              INFO     Meshes prepared in elapsed time 31.86 s.
[016203.39]  01-27 02:09  CatalogFFTPower              INFO     Running mesh calculation.
[016220.60]  01-27 02:09  CatalogFFTPower              INFO     Mesh calculations performed in elapsed time 17.21 s.
[016220.60]  01-27 02:09  CatalogFFTPower              INFO     Power spectrum computed in elapsed time 49.07 s.
[016220.60]  01-27 02:09  CatalogFFTPower              INFO     Saving /pscratch/sd/s/shengyu/galaxies/catalogs/Y3/AbacusHF-v2/Boxes/QSO/sn1p550/AbacusSummit_base_c000_ph000/mpspk/pkpoles_QSO_zp1.550_DR2_v1.0+dv_verr_empirical.npy.
[016220.60]  01-27 02:09  compute_2pt                  INFO     Save to /pscratch/sd/s/shengyu/galaxies/catalogs/Y3/AbacusHF-v2/Boxes/QSO/sn1p550/AbacusSummit_base_c000_ph000/mpspk/pkpoles_QSO_zp1.550_DR2_v1.0+dv_verr_empirical.npy
[016220.61]  01-27 02:09  TwoPointCorrelationFunction  INFO     Using estimator <class 'pycorr.twopoint_estimator.NaturalTwoPointEstimator'>.
[016220.61]  01-27 02:09  TwoPointCorrelationFunction  INFO     Running auto-correlation.
[016220.61]  01-27 02:09  TwoPointCorrelationFunction  INFO     Computing two-point counts D1D2.
[016234.54]  01-27 02:10  TwoPointCorrelationFunction  INFO     Analytically computing two-point counts R1R2.
[016234.54]  01-27 02:10  TwoPointCorrelationFunction  INFO     Correlation function computed in elapsed time 13.93 s.
[016234.54]  01-27 02:10  NaturalTwoPointEstimator     INFO     Saving /pscratch/sd/s/shengyu/galaxies/catalogs/Y3/AbacusHF-v2/Boxes/QSO/sn1p550/AbacusSummit_base_c000_ph000/mpspk/mpslog_QSO_zp1.550_DR2_v1.0+dv_verr_empirical.npy.
[016234.54]  01-27 02:10  compute_2pt                  INFO     Save to /pscratch/sd/s/shengyu/galaxies/catalogs/Y3/AbacusHF-v2/Boxes/QSO/sn1p550/AbacusSummit_base_c000_ph000/mpspk/mpslog_QSO_zp1.550_DR2_v1.0+dv_verr_empirical.npy
[016234.54]  01-27 02:10  TwoPointCorrelationFunction  INFO     Using estimator <class 'pycorr.twopoint_estimator.NaturalTwoPointEstimator'>.
[016234.54]  01-27 02:10  TwoPointCorrelationFunction  INFO     Running auto-correlation.
[016234.54]  01-27 02:10  TwoPointCorrelationFunction  INFO     Computing two-point counts D1D2.
[016253.84]  01-27 02:10  TwoPointCorrelationFunction  INFO     Analytically computing two-point counts R1R2.
[016253.84]  01-27 02:10  TwoPointCorrelationFunction  INFO     Correlation function computed in elapsed time 19.30 s.
[016253.84]  01-27 02:10  NaturalTwoPointEstimator     INFO     Saving /pscratch/sd/s/shengyu/galaxies/catalogs/Y3/AbacusHF-v2/Boxes/QSO/sn1p550/AbacusSummit_base_c000_ph000/mpspk/wplog_QSO_zp1.550_DR2_v1.0+dv_verr_empirical.npy.
[016253.85]  01-27 02:10  compute_2pt                  INFO     Save to /pscratch/sd/s/shengyu/galaxies/catalogs/Y3/AbacusHF-v2/Boxes/QSO/sn1p550/AbacusSummit_base_c000_ph000/mpspk/wplog_QSO_zp1.550_DR2_v1.0+dv_verr_empirical.npy
[016253.85]  01-27 02:10  compute_2pt                  INFO     Procceed {'version': 'AbacusHF-v2', 'domain': 'cubic', 'tracer': 'QSO', 'zsnap': 1.55, 'zrange': (1.4, 1.7), 'mock_id': 1, 'use_dv': 'verr_empirical'}
[016253.85]  01-27 02:10  cat_tools                    INFO     Load /pscratch/sd/s/shengyu/galaxies/catalogs/Y3/AbacusHF-v2/Boxes/QSO/sn1p550/AbacusSummit_base_c000_ph001/abacus_HF_QSO_1p550_DR2_v2.0_AbacusSummit_base_c000_ph001_base_clustering.dat.h5
[016253.85]  01-27 02:10  FileStack                    INFO     Reading /pscratch/sd/s/shengyu/galaxies/catalogs/Y3/AbacusHF-v2/Boxes/QSO/sn1p550/AbacusSummit_base_c000_ph001/abacus_HF_QSO_1p550_DR2_v2.0_AbacusSummit_base_c000_ph001_base_clustering.dat.h5.
[016253.85]  01-27 02:10  cat_tools                    INFO     use Z positions shifted in verr_empirical mode
[016254.77]  01-27 02:10  TwoPointCorrelationFunction  INFO     Using estimator <class 'pycorr.twopoint_estimator.NaturalTwoPointEstimator'>.
[016254.77]  01-27 02:10  TwoPointCorrelationFunction  INFO     Running auto-correlation.
[016254.77]  01-27 02:10  TwoPointCorrelationFunction  INFO     Computing two-point counts D1D2.
[016326.45]  01-27 02:11  TwoPointCorrelationFunction  INFO     Analytically computing two-point counts R1R2.
[016326.46]  01-27 02:11  TwoPointCorrelationFunction  INFO     Correlation function computed in elapsed time 71.69 s.
[016326.46]  01-27 02:11  NaturalTwoPointEstimator     INFO     Saving /pscratch/sd/s/shengyu/galaxies/catalogs/Y3/AbacusHF-v2/Boxes/QSO/sn1p550/AbacusSummit_base_c000_ph001/mpspk/xipoles_QSO_zp1.550_DR2_v1.0+dv_verr_empirical.npy.
[016326.46]  01-27 02:11  compute_2pt                  INFO     Save to /pscratch/sd/s/shengyu/galaxies/catalogs/Y3/AbacusHF-v2/Boxes/QSO/sn1p550/AbacusSummit_base_c000_ph001/mpspk/xipoles_QSO_zp1.550_DR2_v1.0+dv_verr_empirical.npy
[016329.63]  01-27 02:11  CatalogFFTPower              INFO     Painting catalog 1 to mesh CatalogMesh(nmesh=[512 512 512], boxsize=[2000. 2000. 2000.], boxcenter=[ 999.99995821 1000.00008014  999.99999881], dtype=float64).
[016329.99]  01-27 02:11  CatalogMesh                  INFO     Slab 0 ~ 4194304 / 23350861.
[016331.14]  01-27 02:11  CatalogMesh                  INFO     Painted 4194304 out of 23350861 objects to mesh.
[016331.14]  01-27 02:11  CatalogMesh                  INFO     Slab 4194304 ~ 8388608 / 23350861.
[016332.28]  01-27 02:11  CatalogMesh                  INFO     Painted 8388608 out of 23350861 objects to mesh.
[016332.28]  01-27 02:11  CatalogMesh                  INFO     Slab 8388608 ~ 12582912 / 23350861.
[016333.42]  01-27 02:11  CatalogMesh                  INFO     Painted 12582912 out of 23350861 objects to mesh.
[016333.42]  01-27 02:11  CatalogMesh                  INFO     Slab 12582912 ~ 16777216 / 23350861.
[016334.56]  01-27 02:11  CatalogMesh                  INFO     Painted 16777216 out of 23350861 objects to mesh.
[016334.56]  01-27 02:11  CatalogMesh                  INFO     Slab 16777216 ~ 20971520 / 23350861.
[016335.78]  01-27 02:11  CatalogMesh                  INFO     Painted 20971520 out of 23350861 objects to mesh.
[016335.78]  01-27 02:11  CatalogMesh                  INFO     Slab 20971520 ~ 25165824 / 23350861.
[016336.61]  01-27 02:11  CatalogMesh                  INFO     Painted 23350861 out of 23350861 objects to mesh.
[016336.61]  01-27 02:11  CatalogMesh                  INFO     Running interlacing at order 3.
[016338.83]  01-27 02:11  CatalogMesh                  INFO     Slab 0 ~ 4194304 / 23350861.
[016339.97]  01-27 02:11  CatalogMesh                  INFO     Painted 4194304 out of 23350861 objects to mesh.
[016339.97]  01-27 02:11  CatalogMesh                  INFO     Slab 4194304 ~ 8388608 / 23350861.
[016341.12]  01-27 02:11  CatalogMesh                  INFO     Painted 8388608 out of 23350861 objects to mesh.
[016341.12]  01-27 02:11  CatalogMesh                  INFO     Slab 8388608 ~ 12582912 / 23350861.
[016342.27]  01-27 02:11  CatalogMesh                  INFO     Painted 12582912 out of 23350861 objects to mesh.
[016342.27]  01-27 02:11  CatalogMesh                  INFO     Slab 12582912 ~ 16777216 / 23350861.
[016343.41]  01-27 02:11  CatalogMesh                  INFO     Painted 16777216 out of 23350861 objects to mesh.
[016343.41]  01-27 02:11  CatalogMesh                  INFO     Slab 16777216 ~ 20971520 / 23350861.
[016344.63]  01-27 02:11  CatalogMesh                  INFO     Painted 20971520 out of 23350861 objects to mesh.
[016344.63]  01-27 02:11  CatalogMesh                  INFO     Slab 20971520 ~ 25165824 / 23350861.
[016345.46]  01-27 02:11  CatalogMesh                  INFO     Painted 23350861 out of 23350861 objects to mesh.
[016349.23]  01-27 02:12  CatalogMesh                  INFO     Slab 0 ~ 4194304 / 23350861.
[016350.37]  01-27 02:12  CatalogMesh                  INFO     Painted 4194304 out of 23350861 objects to mesh.
[016350.37]  01-27 02:12  CatalogMesh                  INFO     Slab 4194304 ~ 8388608 / 23350861.
[016351.51]  01-27 02:12  CatalogMesh                  INFO     Painted 8388608 out of 23350861 objects to mesh.
[016351.51]  01-27 02:12  CatalogMesh                  INFO     Slab 8388608 ~ 12582912 / 23350861.
[016352.65]  01-27 02:12  CatalogMesh                  INFO     Painted 12582912 out of 23350861 objects to mesh.
[016352.65]  01-27 02:12  CatalogMesh                  INFO     Slab 12582912 ~ 16777216 / 23350861.
[016353.79]  01-27 02:12  CatalogMesh                  INFO     Painted 16777216 out of 23350861 objects to mesh.
[016353.79]  01-27 02:12  CatalogMesh                  INFO     Slab 16777216 ~ 20971520 / 23350861.
[016355.02]  01-27 02:12  CatalogMesh                  INFO     Painted 20971520 out of 23350861 objects to mesh.
[016355.02]  01-27 02:12  CatalogMesh                  INFO     Slab 20971520 ~ 25165824 / 23350861.
[016355.84]  01-27 02:12  CatalogMesh                  INFO     Painted 23350861 out of 23350861 objects to mesh.
[016361.42]  01-27 02:12  CatalogFFTPower              INFO     Done painting catalog 1 to mesh.
[016361.42]  01-27 02:12  CatalogFFTPower              INFO     Using 400 k-bins between 0.000 and 0.400.
[016361.42]  01-27 02:12  CatalogFFTPower              INFO     Meshes prepared in elapsed time 31.79 s.
[016361.42]  01-27 02:12  CatalogFFTPower              INFO     Running mesh calculation.
[016378.75]  01-27 02:12  CatalogFFTPower              INFO     Mesh calculations performed in elapsed time 17.33 s.
[016378.75]  01-27 02:12  CatalogFFTPower              INFO     Power spectrum computed in elapsed time 49.12 s.
[016378.75]  01-27 02:12  CatalogFFTPower              INFO     Saving /pscratch/sd/s/shengyu/galaxies/catalogs/Y3/AbacusHF-v2/Boxes/QSO/sn1p550/AbacusSummit_base_c000_ph001/mpspk/pkpoles_QSO_zp1.550_DR2_v1.0+dv_verr_empirical.npy.
[016378.76]  01-27 02:12  compute_2pt                  INFO     Save to /pscratch/sd/s/shengyu/galaxies/catalogs/Y3/AbacusHF-v2/Boxes/QSO/sn1p550/AbacusSummit_base_c000_ph001/mpspk/pkpoles_QSO_zp1.550_DR2_v1.0+dv_verr_empirical.npy
[016378.76]  01-27 02:12  TwoPointCorrelationFunction  INFO     Using estimator <class 'pycorr.twopoint_estimator.NaturalTwoPointEstimator'>.
[016378.76]  01-27 02:12  TwoPointCorrelationFunction  INFO     Running auto-correlation.
[016378.76]  01-27 02:12  TwoPointCorrelationFunction  INFO     Computing two-point counts D1D2.
[016396.15]  01-27 02:12  TwoPointCorrelationFunction  INFO     Analytically computing two-point counts R1R2.
[016396.15]  01-27 02:12  TwoPointCorrelationFunction  INFO     Correlation function computed in elapsed time 17.39 s.
[016396.15]  01-27 02:12  NaturalTwoPointEstimator     INFO     Saving /pscratch/sd/s/shengyu/galaxies/catalogs/Y3/AbacusHF-v2/Boxes/QSO/sn1p550/AbacusSummit_base_c000_ph001/mpspk/mpslog_QSO_zp1.550_DR2_v1.0+dv_verr_empirical.npy.
[016396.16]  01-27 02:12  compute_2pt                  INFO     Save to /pscratch/sd/s/shengyu/galaxies/catalogs/Y3/AbacusHF-v2/Boxes/QSO/sn1p550/AbacusSummit_base_c000_ph001/mpspk/mpslog_QSO_zp1.550_DR2_v1.0+dv_verr_empirical.npy
[016396.16]  01-27 02:12  TwoPointCorrelationFunction  INFO     Using estimator <class 'pycorr.twopoint_estimator.NaturalTwoPointEstimator'>.
[016396.16]  01-27 02:12  TwoPointCorrelationFunction  INFO     Running auto-correlation.
[016396.16]  01-27 02:12  TwoPointCorrelationFunction  INFO     Computing two-point counts D1D2.
[016415.44]  01-27 02:13  TwoPointCorrelationFunction  INFO     Analytically computing two-point counts R1R2.
[016415.44]  01-27 02:13  TwoPointCorrelationFunction  INFO     Correlation function computed in elapsed time 19.29 s.
[016415.44]  01-27 02:13  NaturalTwoPointEstimator     INFO     Saving /pscratch/sd/s/shengyu/galaxies/catalogs/Y3/AbacusHF-v2/Boxes/QSO/sn1p550/AbacusSummit_base_c000_ph001/mpspk/wplog_QSO_zp1.550_DR2_v1.0+dv_verr_empirical.npy.
[016415.45]  01-27 02:13  compute_2pt                  INFO     Save to /pscratch/sd/s/shengyu/galaxies/catalogs/Y3/AbacusHF-v2/Boxes/QSO/sn1p550/AbacusSummit_base_c000_ph001/mpspk/wplog_QSO_zp1.550_DR2_v1.0+dv_verr_empirical.npy
[016415.45]  01-27 02:13  compute_2pt                  INFO     Procceed {'version': 'AbacusHF-v2', 'domain': 'cubic', 'tracer': 'QSO', 'zsnap': 1.55, 'zrange': (1.4, 1.7), 'mock_id': 2, 'use_dv': 'verr_empirical'}
[016415.45]  01-27 02:13  cat_tools                    INFO     Load /pscratch/sd/s/shengyu/galaxies/catalogs/Y3/AbacusHF-v2/Boxes/QSO/sn1p550/AbacusSummit_base_c000_ph002/abacus_HF_QSO_1p550_DR2_v2.0_AbacusSummit_base_c000_ph002_base_clustering.dat.h5
[016415.45]  01-27 02:13  FileStack                    INFO     Reading /pscratch/sd/s/shengyu/galaxies/catalogs/Y3/AbacusHF-v2/Boxes/QSO/sn1p550/AbacusSummit_base_c000_ph002/abacus_HF_QSO_1p550_DR2_v2.0_AbacusSummit_base_c000_ph002_base_clustering.dat.h5.
[016415.45]  01-27 02:13  cat_tools                    INFO     use Z positions shifted in verr_empirical mode
[016416.38]  01-27 02:13  TwoPointCorrelationFunction  INFO     Using estimator <class 'pycorr.twopoint_estimator.NaturalTwoPointEstimator'>.
[016416.38]  01-27 02:13  TwoPointCorrelationFunction  INFO     Running auto-correlation.
[016416.38]  01-27 02:13  TwoPointCorrelationFunction  INFO     Computing two-point counts D1D2.
[016486.68]  01-27 02:14  TwoPointCorrelationFunction  INFO     Analytically computing two-point counts R1R2.
[016486.69]  01-27 02:14  TwoPointCorrelationFunction  INFO     Correlation function computed in elapsed time 70.31 s.
[016486.69]  01-27 02:14  NaturalTwoPointEstimator     INFO     Saving /pscratch/sd/s/shengyu/galaxies/catalogs/Y3/AbacusHF-v2/Boxes/QSO/sn1p550/AbacusSummit_base_c000_ph002/mpspk/xipoles_QSO_zp1.550_DR2_v1.0+dv_verr_empirical.npy.
[016486.70]  01-27 02:14  compute_2pt                  INFO     Save to /pscratch/sd/s/shengyu/galaxies/catalogs/Y3/AbacusHF-v2/Boxes/QSO/sn1p550/AbacusSummit_base_c000_ph002/mpspk/xipoles_QSO_zp1.550_DR2_v1.0+dv_verr_empirical.npy
[016489.90]  01-27 02:14  CatalogFFTPower              INFO     Painting catalog 1 to mesh CatalogMesh(nmesh=[512 512 512], boxsize=[2000. 2000. 2000.], boxcenter=[999.99999259 999.99998898 999.99999546], dtype=float64).
[016490.26]  01-27 02:14  CatalogMesh                  INFO     Slab 0 ~ 4194304 / 23334069.
[016491.41]  01-27 02:14  CatalogMesh                  INFO     Painted 4194304 out of 23334069 objects to mesh.
[016491.41]  01-27 02:14  CatalogMesh                  INFO     Slab 4194304 ~ 8388608 / 23334069.
[016492.55]  01-27 02:14  CatalogMesh                  INFO     Painted 8388608 out of 23334069 objects to mesh.
[016492.55]  01-27 02:14  CatalogMesh                  INFO     Slab 8388608 ~ 12582912 / 23334069.
[016493.70]  01-27 02:14  CatalogMesh                  INFO     Painted 12582912 out of 23334069 objects to mesh.
[016493.70]  01-27 02:14  CatalogMesh                  INFO     Slab 12582912 ~ 16777216 / 23334069.
[016494.84]  01-27 02:14  CatalogMesh                  INFO     Painted 16777216 out of 23334069 objects to mesh.
[016494.84]  01-27 02:14  CatalogMesh                  INFO     Slab 16777216 ~ 20971520 / 23334069.
[016496.05]  01-27 02:14  CatalogMesh                  INFO     Painted 20971520 out of 23334069 objects to mesh.
[016496.05]  01-27 02:14  CatalogMesh                  INFO     Slab 20971520 ~ 25165824 / 23334069.
[016496.89]  01-27 02:14  CatalogMesh                  INFO     Painted 23334069 out of 23334069 objects to mesh.
[016496.89]  01-27 02:14  CatalogMesh                  INFO     Running interlacing at order 3.
[016499.10]  01-27 02:14  CatalogMesh                  INFO     Slab 0 ~ 4194304 / 23334069.
[016500.23]  01-27 02:14  CatalogMesh                  INFO     Painted 4194304 out of 23334069 objects to mesh.
[016500.23]  01-27 02:14  CatalogMesh                  INFO     Slab 4194304 ~ 8388608 / 23334069.
[016501.37]  01-27 02:14  CatalogMesh                  INFO     Painted 8388608 out of 23334069 objects to mesh.
[016501.37]  01-27 02:14  CatalogMesh                  INFO     Slab 8388608 ~ 12582912 / 23334069.
[016502.51]  01-27 02:14  CatalogMesh                  INFO     Painted 12582912 out of 23334069 objects to mesh.
[016502.51]  01-27 02:14  CatalogMesh                  INFO     Slab 12582912 ~ 16777216 / 23334069.
[016503.64]  01-27 02:14  CatalogMesh                  INFO     Painted 16777216 out of 23334069 objects to mesh.
[016503.64]  01-27 02:14  CatalogMesh                  INFO     Slab 16777216 ~ 20971520 / 23334069.
[016504.86]  01-27 02:14  CatalogMesh                  INFO     Painted 20971520 out of 23334069 objects to mesh.
[016504.86]  01-27 02:14  CatalogMesh                  INFO     Slab 20971520 ~ 25165824 / 23334069.
[016505.69]  01-27 02:14  CatalogMesh                  INFO     Painted 23334069 out of 23334069 objects to mesh.
[016509.43]  01-27 02:14  CatalogMesh                  INFO     Slab 0 ~ 4194304 / 23334069.
[016510.56]  01-27 02:14  CatalogMesh                  INFO     Painted 4194304 out of 23334069 objects to mesh.
[016510.56]  01-27 02:14  CatalogMesh                  INFO     Slab 4194304 ~ 8388608 / 23334069.
[016511.69]  01-27 02:14  CatalogMesh                  INFO     Painted 8388608 out of 23334069 objects to mesh.
[016511.69]  01-27 02:14  CatalogMesh                  INFO     Slab 8388608 ~ 12582912 / 23334069.
[016512.83]  01-27 02:14  CatalogMesh                  INFO     Painted 12582912 out of 23334069 objects to mesh.
[016512.83]  01-27 02:14  CatalogMesh                  INFO     Slab 12582912 ~ 16777216 / 23334069.
[016513.96]  01-27 02:14  CatalogMesh                  INFO     Painted 16777216 out of 23334069 objects to mesh.
[016513.96]  01-27 02:14  CatalogMesh                  INFO     Slab 16777216 ~ 20971520 / 23334069.
[016515.18]  01-27 02:14  CatalogMesh                  INFO     Painted 20971520 out of 23334069 objects to mesh.
[016515.18]  01-27 02:14  CatalogMesh                  INFO     Slab 20971520 ~ 25165824 / 23334069.
[016516.00]  01-27 02:14  CatalogMesh                  INFO     Painted 23334069 out of 23334069 objects to mesh.
[016521.51]  01-27 02:14  CatalogFFTPower              INFO     Done painting catalog 1 to mesh.
[016521.51]  01-27 02:14  CatalogFFTPower              INFO     Using 400 k-bins between 0.000 and 0.400.
[016521.51]  01-27 02:14  CatalogFFTPower              INFO     Meshes prepared in elapsed time 31.61 s.
[016521.51]  01-27 02:14  CatalogFFTPower              INFO     Running mesh calculation.
[016538.57]  01-27 02:15  CatalogFFTPower              INFO     Mesh calculations performed in elapsed time 17.06 s.
[016538.57]  01-27 02:15  CatalogFFTPower              INFO     Power spectrum computed in elapsed time 48.67 s.
[016538.57]  01-27 02:15  CatalogFFTPower              INFO     Saving /pscratch/sd/s/shengyu/galaxies/catalogs/Y3/AbacusHF-v2/Boxes/QSO/sn1p550/AbacusSummit_base_c000_ph002/mpspk/pkpoles_QSO_zp1.550_DR2_v1.0+dv_verr_empirical.npy.
[016538.57]  01-27 02:15  compute_2pt                  INFO     Save to /pscratch/sd/s/shengyu/galaxies/catalogs/Y3/AbacusHF-v2/Boxes/QSO/sn1p550/AbacusSummit_base_c000_ph002/mpspk/pkpoles_QSO_zp1.550_DR2_v1.0+dv_verr_empirical.npy
[016538.57]  01-27 02:15  TwoPointCorrelationFunction  INFO     Using estimator <class 'pycorr.twopoint_estimator.NaturalTwoPointEstimator'>.
[016538.58]  01-27 02:15  TwoPointCorrelationFunction  INFO     Running auto-correlation.
[016538.58]  01-27 02:15  TwoPointCorrelationFunction  INFO     Computing two-point counts D1D2.
[016554.30]  01-27 02:15  TwoPointCorrelationFunction  INFO     Analytically computing two-point counts R1R2.
[016554.31]  01-27 02:15  TwoPointCorrelationFunction  INFO     Correlation function computed in elapsed time 15.73 s.
[016554.31]  01-27 02:15  NaturalTwoPointEstimator     INFO     Saving /pscratch/sd/s/shengyu/galaxies/catalogs/Y3/AbacusHF-v2/Boxes/QSO/sn1p550/AbacusSummit_base_c000_ph002/mpspk/mpslog_QSO_zp1.550_DR2_v1.0+dv_verr_empirical.npy.
[016554.31]  01-27 02:15  compute_2pt                  INFO     Save to /pscratch/sd/s/shengyu/galaxies/catalogs/Y3/AbacusHF-v2/Boxes/QSO/sn1p550/AbacusSummit_base_c000_ph002/mpspk/mpslog_QSO_zp1.550_DR2_v1.0+dv_verr_empirical.npy
[016554.31]  01-27 02:15  TwoPointCorrelationFunction  INFO     Using estimator <class 'pycorr.twopoint_estimator.NaturalTwoPointEstimator'>.
[016554.31]  01-27 02:15  TwoPointCorrelationFunction  INFO     Running auto-correlation.
[016554.31]  01-27 02:15  TwoPointCorrelationFunction  INFO     Computing two-point counts D1D2.
[016574.04]  01-27 02:15  TwoPointCorrelationFunction  INFO     Analytically computing two-point counts R1R2.
[016574.04]  01-27 02:15  TwoPointCorrelationFunction  INFO     Correlation function computed in elapsed time 19.73 s.
[016574.04]  01-27 02:15  NaturalTwoPointEstimator     INFO     Saving /pscratch/sd/s/shengyu/galaxies/catalogs/Y3/AbacusHF-v2/Boxes/QSO/sn1p550/AbacusSummit_base_c000_ph002/mpspk/wplog_QSO_zp1.550_DR2_v1.0+dv_verr_empirical.npy.
[016574.05]  01-27 02:15  compute_2pt                  INFO     Save to /pscratch/sd/s/shengyu/galaxies/catalogs/Y3/AbacusHF-v2/Boxes/QSO/sn1p550/AbacusSummit_base_c000_ph002/mpspk/wplog_QSO_zp1.550_DR2_v1.0+dv_verr_empirical.npy
[016574.05]  01-27 02:15  compute_2pt                  INFO     Procceed {'version': 'AbacusHF-v2', 'domain': 'cubic', 'tracer': 'QSO', 'zsnap': 1.55, 'zrange': (1.4, 1.7), 'mock_id': 3, 'use_dv': 'verr_empirical'}
[016574.05]  01-27 02:15  cat_tools                    INFO     Load /pscratch/sd/s/shengyu/galaxies/catalogs/Y3/AbacusHF-v2/Boxes/QSO/sn1p550/AbacusSummit_base_c000_ph003/abacus_HF_QSO_1p550_DR2_v2.0_AbacusSummit_base_c000_ph003_base_clustering.dat.h5
[016574.05]  01-27 02:15  FileStack                    INFO     Reading /pscratch/sd/s/shengyu/galaxies/catalogs/Y3/AbacusHF-v2/Boxes/QSO/sn1p550/AbacusSummit_base_c000_ph003/abacus_HF_QSO_1p550_DR2_v2.0_AbacusSummit_base_c000_ph003_base_clustering.dat.h5.
[016574.06]  01-27 02:15  cat_tools                    INFO     use Z positions shifted in verr_empirical mode
[016574.97]  01-27 02:15  TwoPointCorrelationFunction  INFO     Using estimator <class 'pycorr.twopoint_estimator.NaturalTwoPointEstimator'>.
[016574.97]  01-27 02:15  TwoPointCorrelationFunction  INFO     Running auto-correlation.
[016574.97]  01-27 02:15  TwoPointCorrelationFunction  INFO     Computing two-point counts D1D2.
[016644.19]  01-27 02:16  TwoPointCorrelationFunction  INFO     Analytically computing two-point counts R1R2.
[016644.19]  01-27 02:16  TwoPointCorrelationFunction  INFO     Correlation function computed in elapsed time 69.22 s.
[016644.19]  01-27 02:16  NaturalTwoPointEstimator     INFO     Saving /pscratch/sd/s/shengyu/galaxies/catalogs/Y3/AbacusHF-v2/Boxes/QSO/sn1p550/AbacusSummit_base_c000_ph003/mpspk/xipoles_QSO_zp1.550_DR2_v1.0+dv_verr_empirical.npy.
[016644.20]  01-27 02:16  compute_2pt                  INFO     Save to /pscratch/sd/s/shengyu/galaxies/catalogs/Y3/AbacusHF-v2/Boxes/QSO/sn1p550/AbacusSummit_base_c000_ph003/mpspk/xipoles_QSO_zp1.550_DR2_v1.0+dv_verr_empirical.npy
[016647.41]  01-27 02:17  CatalogFFTPower              INFO     Painting catalog 1 to mesh CatalogMesh(nmesh=[512 512 512], boxsize=[2000. 2000. 2000.], boxcenter=[ 999.99999835 1000.00011706  999.99994598], dtype=float64).
[016647.78]  01-27 02:17  CatalogMesh                  INFO     Slab 0 ~ 4194304 / 23389363.
[016648.95]  01-27 02:17  CatalogMesh                  INFO     Painted 4194304 out of 23389363 objects to mesh.
[016648.95]  01-27 02:17  CatalogMesh                  INFO     Slab 4194304 ~ 8388608 / 23389363.
[016650.08]  01-27 02:17  CatalogMesh                  INFO     Painted 8388608 out of 23389363 objects to mesh.
[016650.08]  01-27 02:17  CatalogMesh                  INFO     Slab 8388608 ~ 12582912 / 23389363.
[016651.22]  01-27 02:17  CatalogMesh                  INFO     Painted 12582912 out of 23389363 objects to mesh.
[016651.22]  01-27 02:17  CatalogMesh                  INFO     Slab 12582912 ~ 16777216 / 23389363.
[016652.35]  01-27 02:17  CatalogMesh                  INFO     Painted 16777216 out of 23389363 objects to mesh.
[016652.35]  01-27 02:17  CatalogMesh                  INFO     Slab 16777216 ~ 20971520 / 23389363.
[016653.57]  01-27 02:17  CatalogMesh                  INFO     Painted 20971520 out of 23389363 objects to mesh.
[016653.58]  01-27 02:17  CatalogMesh                  INFO     Slab 20971520 ~ 25165824 / 23389363.
[016654.41]  01-27 02:17  CatalogMesh                  INFO     Painted 23389363 out of 23389363 objects to mesh.
[016654.41]  01-27 02:17  CatalogMesh                  INFO     Running interlacing at order 3.
[016656.62]  01-27 02:17  CatalogMesh                  INFO     Slab 0 ~ 4194304 / 23389363.
[016657.75]  01-27 02:17  CatalogMesh                  INFO     Painted 4194304 out of 23389363 objects to mesh.
[016657.76]  01-27 02:17  CatalogMesh                  INFO     Slab 4194304 ~ 8388608 / 23389363.
[016658.89]  01-27 02:17  CatalogMesh                  INFO     Painted 8388608 out of 23389363 objects to mesh.
[016658.89]  01-27 02:17  CatalogMesh                  INFO     Slab 8388608 ~ 12582912 / 23389363.
[016660.02]  01-27 02:17  CatalogMesh                  INFO     Painted 12582912 out of 23389363 objects to mesh.
[016660.02]  01-27 02:17  CatalogMesh                  INFO     Slab 12582912 ~ 16777216 / 23389363.
[016661.16]  01-27 02:17  CatalogMesh                  INFO     Painted 16777216 out of 23389363 objects to mesh.
[016661.16]  01-27 02:17  CatalogMesh                  INFO     Slab 16777216 ~ 20971520 / 23389363.
[016662.38]  01-27 02:17  CatalogMesh                  INFO     Painted 20971520 out of 23389363 objects to mesh.
[016662.38]  01-27 02:17  CatalogMesh                  INFO     Slab 20971520 ~ 25165824 / 23389363.
[016663.22]  01-27 02:17  CatalogMesh                  INFO     Painted 23389363 out of 23389363 objects to mesh.
[016666.95]  01-27 02:17  CatalogMesh                  INFO     Slab 0 ~ 4194304 / 23389363.
[016668.10]  01-27 02:17  CatalogMesh                  INFO     Painted 4194304 out of 23389363 objects to mesh.
[016668.10]  01-27 02:17  CatalogMesh                  INFO     Slab 4194304 ~ 8388608 / 23389363.
[016669.23]  01-27 02:17  CatalogMesh                  INFO     Painted 8388608 out of 23389363 objects to mesh.
[016669.23]  01-27 02:17  CatalogMesh                  INFO     Slab 8388608 ~ 12582912 / 23389363.
[016670.37]  01-27 02:17  CatalogMesh                  INFO     Painted 12582912 out of 23389363 objects to mesh.
[016670.37]  01-27 02:17  CatalogMesh                  INFO     Slab 12582912 ~ 16777216 / 23389363.
[016671.51]  01-27 02:17  CatalogMesh                  INFO     Painted 16777216 out of 23389363 objects to mesh.
[016671.51]  01-27 02:17  CatalogMesh                  INFO     Slab 16777216 ~ 20971520 / 23389363.
[016672.72]  01-27 02:17  CatalogMesh                  INFO     Painted 20971520 out of 23389363 objects to mesh.
[016672.72]  01-27 02:17  CatalogMesh                  INFO     Slab 20971520 ~ 25165824 / 23389363.
[016673.55]  01-27 02:17  CatalogMesh                  INFO     Painted 23389363 out of 23389363 objects to mesh.
[016679.08]  01-27 02:17  CatalogFFTPower              INFO     Done painting catalog 1 to mesh.
[016679.08]  01-27 02:17  CatalogFFTPower              INFO     Using 400 k-bins between 0.000 and 0.400.
[016679.08]  01-27 02:17  CatalogFFTPower              INFO     Meshes prepared in elapsed time 31.67 s.
[016679.08]  01-27 02:17  CatalogFFTPower              INFO     Running mesh calculation.
[016696.16]  01-27 02:17  CatalogFFTPower              INFO     Mesh calculations performed in elapsed time 17.08 s.
[016696.16]  01-27 02:17  CatalogFFTPower              INFO     Power spectrum computed in elapsed time 48.75 s.
[016696.16]  01-27 02:17  CatalogFFTPower              INFO     Saving /pscratch/sd/s/shengyu/galaxies/catalogs/Y3/AbacusHF-v2/Boxes/QSO/sn1p550/AbacusSummit_base_c000_ph003/mpspk/pkpoles_QSO_zp1.550_DR2_v1.0+dv_verr_empirical.npy.
[016696.16]  01-27 02:17  compute_2pt                  INFO     Save to /pscratch/sd/s/shengyu/galaxies/catalogs/Y3/AbacusHF-v2/Boxes/QSO/sn1p550/AbacusSummit_base_c000_ph003/mpspk/pkpoles_QSO_zp1.550_DR2_v1.0+dv_verr_empirical.npy
[016696.16]  01-27 02:17  TwoPointCorrelationFunction  INFO     Using estimator <class 'pycorr.twopoint_estimator.NaturalTwoPointEstimator'>.
[016696.16]  01-27 02:17  TwoPointCorrelationFunction  INFO     Running auto-correlation.
[016696.16]  01-27 02:17  TwoPointCorrelationFunction  INFO     Computing two-point counts D1D2.
[016710.01]  01-27 02:18  TwoPointCorrelationFunction  INFO     Analytically computing two-point counts R1R2.
[016710.01]  01-27 02:18  TwoPointCorrelationFunction  INFO     Correlation function computed in elapsed time 13.85 s.
[016710.02]  01-27 02:18  NaturalTwoPointEstimator     INFO     Saving /pscratch/sd/s/shengyu/galaxies/catalogs/Y3/AbacusHF-v2/Boxes/QSO/sn1p550/AbacusSummit_base_c000_ph003/mpspk/mpslog_QSO_zp1.550_DR2_v1.0+dv_verr_empirical.npy.
[016710.02]  01-27 02:18  compute_2pt                  INFO     Save to /pscratch/sd/s/shengyu/galaxies/catalogs/Y3/AbacusHF-v2/Boxes/QSO/sn1p550/AbacusSummit_base_c000_ph003/mpspk/mpslog_QSO_zp1.550_DR2_v1.0+dv_verr_empirical.npy
[016710.02]  01-27 02:18  TwoPointCorrelationFunction  INFO     Using estimator <class 'pycorr.twopoint_estimator.NaturalTwoPointEstimator'>.
[016710.02]  01-27 02:18  TwoPointCorrelationFunction  INFO     Running auto-correlation.
[016710.02]  01-27 02:18  TwoPointCorrelationFunction  INFO     Computing two-point counts D1D2.
[016729.58]  01-27 02:18  TwoPointCorrelationFunction  INFO     Analytically computing two-point counts R1R2.
[016729.58]  01-27 02:18  TwoPointCorrelationFunction  INFO     Correlation function computed in elapsed time 19.56 s.
[016729.58]  01-27 02:18  NaturalTwoPointEstimator     INFO     Saving /pscratch/sd/s/shengyu/galaxies/catalogs/Y3/AbacusHF-v2/Boxes/QSO/sn1p550/AbacusSummit_base_c000_ph003/mpspk/wplog_QSO_zp1.550_DR2_v1.0+dv_verr_empirical.npy.
[016729.58]  01-27 02:18  compute_2pt                  INFO     Save to /pscratch/sd/s/shengyu/galaxies/catalogs/Y3/AbacusHF-v2/Boxes/QSO/sn1p550/AbacusSummit_base_c000_ph003/mpspk/wplog_QSO_zp1.550_DR2_v1.0+dv_verr_empirical.npy
[016729.59]  01-27 02:18  compute_2pt                  INFO     Procceed {'version': 'AbacusHF-v2', 'domain': 'cubic', 'tracer': 'QSO', 'zsnap': 1.55, 'zrange': (1.4, 1.7), 'mock_id': 4, 'use_dv': 'verr_empirical'}
[016729.59]  01-27 02:18  cat_tools                    INFO     Load /pscratch/sd/s/shengyu/galaxies/catalogs/Y3/AbacusHF-v2/Boxes/QSO/sn1p550/AbacusSummit_base_c000_ph004/abacus_HF_QSO_1p550_DR2_v2.0_AbacusSummit_base_c000_ph004_base_clustering.dat.h5
[016729.59]  01-27 02:18  FileStack                    INFO     Reading /pscratch/sd/s/shengyu/galaxies/catalogs/Y3/AbacusHF-v2/Boxes/QSO/sn1p550/AbacusSummit_base_c000_ph004/abacus_HF_QSO_1p550_DR2_v2.0_AbacusSummit_base_c000_ph004_base_clustering.dat.h5.
[016729.59]  01-27 02:18  cat_tools                    INFO     use Z positions shifted in verr_empirical mode
[016730.51]  01-27 02:18  TwoPointCorrelationFunction  INFO     Using estimator <class 'pycorr.twopoint_estimator.NaturalTwoPointEstimator'>.
[016730.51]  01-27 02:18  TwoPointCorrelationFunction  INFO     Running auto-correlation.
[016730.51]  01-27 02:18  TwoPointCorrelationFunction  INFO     Computing two-point counts D1D2.
[016799.71]  01-27 02:19  TwoPointCorrelationFunction  INFO     Analytically computing two-point counts R1R2.
[016799.71]  01-27 02:19  TwoPointCorrelationFunction  INFO     Correlation function computed in elapsed time 69.20 s.
[016799.71]  01-27 02:19  NaturalTwoPointEstimator     INFO     Saving /pscratch/sd/s/shengyu/galaxies/catalogs/Y3/AbacusHF-v2/Boxes/QSO/sn1p550/AbacusSummit_base_c000_ph004/mpspk/xipoles_QSO_zp1.550_DR2_v1.0+dv_verr_empirical.npy.
[016799.71]  01-27 02:19  compute_2pt                  INFO     Save to /pscratch/sd/s/shengyu/galaxies/catalogs/Y3/AbacusHF-v2/Boxes/QSO/sn1p550/AbacusSummit_base_c000_ph004/mpspk/xipoles_QSO_zp1.550_DR2_v1.0+dv_verr_empirical.npy
[016802.89]  01-27 02:19  CatalogFFTPower              INFO     Painting catalog 1 to mesh CatalogMesh(nmesh=[512 512 512], boxsize=[2000. 2000. 2000.], boxcenter=[1000.00005383 1000.0000043   999.9999967 ], dtype=float64).
[016803.24]  01-27 02:19  CatalogMesh                  INFO     Slab 0 ~ 4194304 / 23397894.
[016804.42]  01-27 02:19  CatalogMesh                  INFO     Painted 4194304 out of 23397894 objects to mesh.
[016804.42]  01-27 02:19  CatalogMesh                  INFO     Slab 4194304 ~ 8388608 / 23397894.
[016805.56]  01-27 02:19  CatalogMesh                  INFO     Painted 8388608 out of 23397894 objects to mesh.
[016805.56]  01-27 02:19  CatalogMesh                  INFO     Slab 8388608 ~ 12582912 / 23397894.
[016806.69]  01-27 02:19  CatalogMesh                  INFO     Painted 12582912 out of 23397894 objects to mesh.
[016806.69]  01-27 02:19  CatalogMesh                  INFO     Slab 12582912 ~ 16777216 / 23397894.
[016807.82]  01-27 02:19  CatalogMesh                  INFO     Painted 16777216 out of 23397894 objects to mesh.
[016807.82]  01-27 02:19  CatalogMesh                  INFO     Slab 16777216 ~ 20971520 / 23397894.
[016809.03]  01-27 02:19  CatalogMesh                  INFO     Painted 20971520 out of 23397894 objects to mesh.
[016809.03]  01-27 02:19  CatalogMesh                  INFO     Slab 20971520 ~ 25165824 / 23397894.
[016809.87]  01-27 02:19  CatalogMesh                  INFO     Painted 23397894 out of 23397894 objects to mesh.
[016809.87]  01-27 02:19  CatalogMesh                  INFO     Running interlacing at order 3.
[016812.07]  01-27 02:19  CatalogMesh                  INFO     Slab 0 ~ 4194304 / 23397894.
[016813.20]  01-27 02:19  CatalogMesh                  INFO     Painted 4194304 out of 23397894 objects to mesh.
[016813.20]  01-27 02:19  CatalogMesh                  INFO     Slab 4194304 ~ 8388608 / 23397894.
[016814.33]  01-27 02:19  CatalogMesh                  INFO     Painted 8388608 out of 23397894 objects to mesh.
[016814.33]  01-27 02:19  CatalogMesh                  INFO     Slab 8388608 ~ 12582912 / 23397894.
[016815.46]  01-27 02:19  CatalogMesh                  INFO     Painted 12582912 out of 23397894 objects to mesh.
[016815.46]  01-27 02:19  CatalogMesh                  INFO     Slab 12582912 ~ 16777216 / 23397894.
[016816.59]  01-27 02:19  CatalogMesh                  INFO     Painted 16777216 out of 23397894 objects to mesh.
[016816.59]  01-27 02:19  CatalogMesh                  INFO     Slab 16777216 ~ 20971520 / 23397894.
[016817.80]  01-27 02:19  CatalogMesh                  INFO     Painted 20971520 out of 23397894 objects to mesh.
[016817.80]  01-27 02:19  CatalogMesh                  INFO     Slab 20971520 ~ 25165824 / 23397894.
[016818.64]  01-27 02:19  CatalogMesh                  INFO     Painted 23397894 out of 23397894 objects to mesh.
[016822.39]  01-27 02:19  CatalogMesh                  INFO     Slab 0 ~ 4194304 / 23397894.
[016823.52]  01-27 02:19  CatalogMesh                  INFO     Painted 4194304 out of 23397894 objects to mesh.
[016823.52]  01-27 02:19  CatalogMesh                  INFO     Slab 4194304 ~ 8388608 / 23397894.
[016824.65]  01-27 02:19  CatalogMesh                  INFO     Painted 8388608 out of 23397894 objects to mesh.
[016824.66]  01-27 02:19  CatalogMesh                  INFO     Slab 8388608 ~ 12582912 / 23397894.
[016825.79]  01-27 02:19  CatalogMesh                  INFO     Painted 12582912 out of 23397894 objects to mesh.
[016825.79]  01-27 02:19  CatalogMesh                  INFO     Slab 12582912 ~ 16777216 / 23397894.
[016826.93]  01-27 02:20  CatalogMesh                  INFO     Painted 16777216 out of 23397894 objects to mesh.
[016826.93]  01-27 02:20  CatalogMesh                  INFO     Slab 16777216 ~ 20971520 / 23397894.
[016828.14]  01-27 02:20  CatalogMesh                  INFO     Painted 20971520 out of 23397894 objects to mesh.
[016828.14]  01-27 02:20  CatalogMesh                  INFO     Slab 20971520 ~ 25165824 / 23397894.
[016828.97]  01-27 02:20  CatalogMesh                  INFO     Painted 23397894 out of 23397894 objects to mesh.
[016834.51]  01-27 02:20  CatalogFFTPower              INFO     Done painting catalog 1 to mesh.
[016834.51]  01-27 02:20  CatalogFFTPower              INFO     Using 400 k-bins between 0.000 and 0.400.
[016834.51]  01-27 02:20  CatalogFFTPower              INFO     Meshes prepared in elapsed time 31.62 s.
[016834.51]  01-27 02:20  CatalogFFTPower              INFO     Running mesh calculation.
[016851.62]  01-27 02:20  CatalogFFTPower              INFO     Mesh calculations performed in elapsed time 17.11 s.
[016851.62]  01-27 02:20  CatalogFFTPower              INFO     Power spectrum computed in elapsed time 48.73 s.
[016851.62]  01-27 02:20  CatalogFFTPower              INFO     Saving /pscratch/sd/s/shengyu/galaxies/catalogs/Y3/AbacusHF-v2/Boxes/QSO/sn1p550/AbacusSummit_base_c000_ph004/mpspk/pkpoles_QSO_zp1.550_DR2_v1.0+dv_verr_empirical.npy.
[016851.62]  01-27 02:20  compute_2pt                  INFO     Save to /pscratch/sd/s/shengyu/galaxies/catalogs/Y3/AbacusHF-v2/Boxes/QSO/sn1p550/AbacusSummit_base_c000_ph004/mpspk/pkpoles_QSO_zp1.550_DR2_v1.0+dv_verr_empirical.npy
[016851.62]  01-27 02:20  TwoPointCorrelationFunction  INFO     Using estimator <class 'pycorr.twopoint_estimator.NaturalTwoPointEstimator'>.
[016851.62]  01-27 02:20  TwoPointCorrelationFunction  INFO     Running auto-correlation.
[016851.62]  01-27 02:20  TwoPointCorrelationFunction  INFO     Computing two-point counts D1D2.
[016868.31]  01-27 02:20  TwoPointCorrelationFunction  INFO     Analytically computing two-point counts R1R2.
[016868.31]  01-27 02:20  TwoPointCorrelationFunction  INFO     Correlation function computed in elapsed time 16.68 s.
[016868.31]  01-27 02:20  NaturalTwoPointEstimator     INFO     Saving /pscratch/sd/s/shengyu/galaxies/catalogs/Y3/AbacusHF-v2/Boxes/QSO/sn1p550/AbacusSummit_base_c000_ph004/mpspk/mpslog_QSO_zp1.550_DR2_v1.0+dv_verr_empirical.npy.
[016868.31]  01-27 02:20  compute_2pt                  INFO     Save to /pscratch/sd/s/shengyu/galaxies/catalogs/Y3/AbacusHF-v2/Boxes/QSO/sn1p550/AbacusSummit_base_c000_ph004/mpspk/mpslog_QSO_zp1.550_DR2_v1.0+dv_verr_empirical.npy
[016868.31]  01-27 02:20  TwoPointCorrelationFunction  INFO     Using estimator <class 'pycorr.twopoint_estimator.NaturalTwoPointEstimator'>.
[016868.31]  01-27 02:20  TwoPointCorrelationFunction  INFO     Running auto-correlation.
[016868.31]  01-27 02:20  TwoPointCorrelationFunction  INFO     Computing two-point counts D1D2.
[016887.79]  01-27 02:21  TwoPointCorrelationFunction  INFO     Analytically computing two-point counts R1R2.
[016887.79]  01-27 02:21  TwoPointCorrelationFunction  INFO     Correlation function computed in elapsed time 19.48 s.
[016887.79]  01-27 02:21  NaturalTwoPointEstimator     INFO     Saving /pscratch/sd/s/shengyu/galaxies/catalogs/Y3/AbacusHF-v2/Boxes/QSO/sn1p550/AbacusSummit_base_c000_ph004/mpspk/wplog_QSO_zp1.550_DR2_v1.0+dv_verr_empirical.npy.
[016887.80]  01-27 02:21  compute_2pt                  INFO     Save to /pscratch/sd/s/shengyu/galaxies/catalogs/Y3/AbacusHF-v2/Boxes/QSO/sn1p550/AbacusSummit_base_c000_ph004/mpspk/wplog_QSO_zp1.550_DR2_v1.0+dv_verr_empirical.npy
[016887.80]  01-27 02:21  compute_2pt                  INFO     Procceed {'version': 'AbacusHF-v2', 'domain': 'cubic', 'tracer': 'QSO', 'zsnap': 1.55, 'zrange': (1.4, 1.7), 'mock_id': 5, 'use_dv': 'verr_empirical'}
[016887.80]  01-27 02:21  cat_tools                    INFO     Load /pscratch/sd/s/shengyu/galaxies/catalogs/Y3/AbacusHF-v2/Boxes/QSO/sn1p550/AbacusSummit_base_c000_ph005/abacus_HF_QSO_1p550_DR2_v2.0_AbacusSummit_base_c000_ph005_base_clustering.dat.h5
[016887.80]  01-27 02:21  FileStack                    INFO     Reading /pscratch/sd/s/shengyu/galaxies/catalogs/Y3/AbacusHF-v2/Boxes/QSO/sn1p550/AbacusSummit_base_c000_ph005/abacus_HF_QSO_1p550_DR2_v2.0_AbacusSummit_base_c000_ph005_base_clustering.dat.h5.
[016887.80]  01-27 02:21  cat_tools                    INFO     use Z positions shifted in verr_empirical mode
[016888.72]  01-27 02:21  TwoPointCorrelationFunction  INFO     Using estimator <class 'pycorr.twopoint_estimator.NaturalTwoPointEstimator'>.
[016888.72]  01-27 02:21  TwoPointCorrelationFunction  INFO     Running auto-correlation.
[016888.72]  01-27 02:21  TwoPointCorrelationFunction  INFO     Computing two-point counts D1D2.
[016955.76]  01-27 02:22  TwoPointCorrelationFunction  INFO     Analytically computing two-point counts R1R2.
[016955.76]  01-27 02:22  TwoPointCorrelationFunction  INFO     Correlation function computed in elapsed time 67.04 s.
[016955.76]  01-27 02:22  NaturalTwoPointEstimator     INFO     Saving /pscratch/sd/s/shengyu/galaxies/catalogs/Y3/AbacusHF-v2/Boxes/QSO/sn1p550/AbacusSummit_base_c000_ph005/mpspk/xipoles_QSO_zp1.550_DR2_v1.0+dv_verr_empirical.npy.
[016955.77]  01-27 02:22  compute_2pt                  INFO     Save to /pscratch/sd/s/shengyu/galaxies/catalogs/Y3/AbacusHF-v2/Boxes/QSO/sn1p550/AbacusSummit_base_c000_ph005/mpspk/xipoles_QSO_zp1.550_DR2_v1.0+dv_verr_empirical.npy
[016958.94]  01-27 02:22  CatalogFFTPower              INFO     Painting catalog 1 to mesh CatalogMesh(nmesh=[512 512 512], boxsize=[2000. 2000. 2000.], boxcenter=[1000.000057   1000.00003359  999.99994542], dtype=float64).
[016959.30]  01-27 02:22  CatalogMesh                  INFO     Slab 0 ~ 4194304 / 23361330.
[016960.45]  01-27 02:22  CatalogMesh                  INFO     Painted 4194304 out of 23361330 objects to mesh.
[016960.45]  01-27 02:22  CatalogMesh                  INFO     Slab 4194304 ~ 8388608 / 23361330.
[016961.58]  01-27 02:22  CatalogMesh                  INFO     Painted 8388608 out of 23361330 objects to mesh.
[016961.58]  01-27 02:22  CatalogMesh                  INFO     Slab 8388608 ~ 12582912 / 23361330.
[016962.72]  01-27 02:22  CatalogMesh                  INFO     Painted 12582912 out of 23361330 objects to mesh.
[016962.72]  01-27 02:22  CatalogMesh                  INFO     Slab 12582912 ~ 16777216 / 23361330.
[016963.87]  01-27 02:22  CatalogMesh                  INFO     Painted 16777216 out of 23361330 objects to mesh.
[016963.87]  01-27 02:22  CatalogMesh                  INFO     Slab 16777216 ~ 20971520 / 23361330.
[016965.08]  01-27 02:22  CatalogMesh                  INFO     Painted 20971520 out of 23361330 objects to mesh.
[016965.08]  01-27 02:22  CatalogMesh                  INFO     Slab 20971520 ~ 25165824 / 23361330.
[016965.91]  01-27 02:22  CatalogMesh                  INFO     Painted 23361330 out of 23361330 objects to mesh.
[016965.91]  01-27 02:22  CatalogMesh                  INFO     Running interlacing at order 3.
[016968.11]  01-27 02:22  CatalogMesh                  INFO     Slab 0 ~ 4194304 / 23361330.
[016969.25]  01-27 02:22  CatalogMesh                  INFO     Painted 4194304 out of 23361330 objects to mesh.
[016969.25]  01-27 02:22  CatalogMesh                  INFO     Slab 4194304 ~ 8388608 / 23361330.
[016970.38]  01-27 02:22  CatalogMesh                  INFO     Painted 8388608 out of 23361330 objects to mesh.
[016970.38]  01-27 02:22  CatalogMesh                  INFO     Slab 8388608 ~ 12582912 / 23361330.
[016971.52]  01-27 02:22  CatalogMesh                  INFO     Painted 12582912 out of 23361330 objects to mesh.
[016971.52]  01-27 02:22  CatalogMesh                  INFO     Slab 12582912 ~ 16777216 / 23361330.
[016972.65]  01-27 02:22  CatalogMesh                  INFO     Painted 16777216 out of 23361330 objects to mesh.
[016972.65]  01-27 02:22  CatalogMesh                  INFO     Slab 16777216 ~ 20971520 / 23361330.
[016973.87]  01-27 02:22  CatalogMesh                  INFO     Painted 20971520 out of 23361330 objects to mesh.
[016973.87]  01-27 02:22  CatalogMesh                  INFO     Slab 20971520 ~ 25165824 / 23361330.
[016974.69]  01-27 02:22  CatalogMesh                  INFO     Painted 23361330 out of 23361330 objects to mesh.
[016978.44]  01-27 02:22  CatalogMesh                  INFO     Slab 0 ~ 4194304 / 23361330.
[016979.57]  01-27 02:22  CatalogMesh                  INFO     Painted 4194304 out of 23361330 objects to mesh.
[016979.57]  01-27 02:22  CatalogMesh                  INFO     Slab 4194304 ~ 8388608 / 23361330.
[016980.71]  01-27 02:22  CatalogMesh                  INFO     Painted 8388608 out of 23361330 objects to mesh.
[016980.71]  01-27 02:22  CatalogMesh                  INFO     Slab 8388608 ~ 12582912 / 23361330.
[016981.85]  01-27 02:22  CatalogMesh                  INFO     Painted 12582912 out of 23361330 objects to mesh.
[016981.85]  01-27 02:22  CatalogMesh                  INFO     Slab 12582912 ~ 16777216 / 23361330.
[016982.99]  01-27 02:22  CatalogMesh                  INFO     Painted 16777216 out of 23361330 objects to mesh.
[016982.99]  01-27 02:22  CatalogMesh                  INFO     Slab 16777216 ~ 20971520 / 23361330.
[016984.20]  01-27 02:22  CatalogMesh                  INFO     Painted 20971520 out of 23361330 objects to mesh.
[016984.20]  01-27 02:22  CatalogMesh                  INFO     Slab 20971520 ~ 25165824 / 23361330.
[016985.03]  01-27 02:22  CatalogMesh                  INFO     Painted 23361330 out of 23361330 objects to mesh.
[016990.54]  01-27 02:22  CatalogFFTPower              INFO     Done painting catalog 1 to mesh.
[016990.55]  01-27 02:22  CatalogFFTPower              INFO     Using 400 k-bins between 0.000 and 0.400.
[016990.55]  01-27 02:22  CatalogFFTPower              INFO     Meshes prepared in elapsed time 31.61 s.
[016990.55]  01-27 02:22  CatalogFFTPower              INFO     Running mesh calculation.
[017007.66]  01-27 02:23  CatalogFFTPower              INFO     Mesh calculations performed in elapsed time 17.11 s.
[017007.66]  01-27 02:23  CatalogFFTPower              INFO     Power spectrum computed in elapsed time 48.72 s.
[017007.66]  01-27 02:23  CatalogFFTPower              INFO     Saving /pscratch/sd/s/shengyu/galaxies/catalogs/Y3/AbacusHF-v2/Boxes/QSO/sn1p550/AbacusSummit_base_c000_ph005/mpspk/pkpoles_QSO_zp1.550_DR2_v1.0+dv_verr_empirical.npy.
[017007.66]  01-27 02:23  compute_2pt                  INFO     Save to /pscratch/sd/s/shengyu/galaxies/catalogs/Y3/AbacusHF-v2/Boxes/QSO/sn1p550/AbacusSummit_base_c000_ph005/mpspk/pkpoles_QSO_zp1.550_DR2_v1.0+dv_verr_empirical.npy
[017007.66]  01-27 02:23  TwoPointCorrelationFunction  INFO     Using estimator <class 'pycorr.twopoint_estimator.NaturalTwoPointEstimator'>.
[017007.66]  01-27 02:23  TwoPointCorrelationFunction  INFO     Running auto-correlation.
[017007.66]  01-27 02:23  TwoPointCorrelationFunction  INFO     Computing two-point counts D1D2.
[017024.22]  01-27 02:23  TwoPointCorrelationFunction  INFO     Analytically computing two-point counts R1R2.
[017024.22]  01-27 02:23  TwoPointCorrelationFunction  INFO     Correlation function computed in elapsed time 16.55 s.
[017024.22]  01-27 02:23  NaturalTwoPointEstimator     INFO     Saving /pscratch/sd/s/shengyu/galaxies/catalogs/Y3/AbacusHF-v2/Boxes/QSO/sn1p550/AbacusSummit_base_c000_ph005/mpspk/mpslog_QSO_zp1.550_DR2_v1.0+dv_verr_empirical.npy.
[017024.22]  01-27 02:23  compute_2pt                  INFO     Save to /pscratch/sd/s/shengyu/galaxies/catalogs/Y3/AbacusHF-v2/Boxes/QSO/sn1p550/AbacusSummit_base_c000_ph005/mpspk/mpslog_QSO_zp1.550_DR2_v1.0+dv_verr_empirical.npy
[017024.22]  01-27 02:23  TwoPointCorrelationFunction  INFO     Using estimator <class 'pycorr.twopoint_estimator.NaturalTwoPointEstimator'>.
[017024.22]  01-27 02:23  TwoPointCorrelationFunction  INFO     Running auto-correlation.
[017024.22]  01-27 02:23  TwoPointCorrelationFunction  INFO     Computing two-point counts D1D2.
[017043.48]  01-27 02:23  TwoPointCorrelationFunction  INFO     Analytically computing two-point counts R1R2.
[017043.48]  01-27 02:23  TwoPointCorrelationFunction  INFO     Correlation function computed in elapsed time 19.26 s.
[017043.48]  01-27 02:23  NaturalTwoPointEstimator     INFO     Saving /pscratch/sd/s/shengyu/galaxies/catalogs/Y3/AbacusHF-v2/Boxes/QSO/sn1p550/AbacusSummit_base_c000_ph005/mpspk/wplog_QSO_zp1.550_DR2_v1.0+dv_verr_empirical.npy.
[017043.48]  01-27 02:23  compute_2pt                  INFO     Save to /pscratch/sd/s/shengyu/galaxies/catalogs/Y3/AbacusHF-v2/Boxes/QSO/sn1p550/AbacusSummit_base_c000_ph005/mpspk/wplog_QSO_zp1.550_DR2_v1.0+dv_verr_empirical.npy
[017043.49]  01-27 02:23  compute_2pt                  INFO     Procceed {'version': 'AbacusHF-v2', 'domain': 'cubic', 'tracer': 'QSO', 'zsnap': 1.55, 'zrange': (1.4, 1.7), 'mock_id': 6, 'use_dv': 'verr_empirical'}
[017043.49]  01-27 02:23  cat_tools                    INFO     Load /pscratch/sd/s/shengyu/galaxies/catalogs/Y3/AbacusHF-v2/Boxes/QSO/sn1p550/AbacusSummit_base_c000_ph006/abacus_HF_QSO_1p550_DR2_v2.0_AbacusSummit_base_c000_ph006_base_clustering.dat.h5
[017043.49]  01-27 02:23  FileStack                    INFO     Reading /pscratch/sd/s/shengyu/galaxies/catalogs/Y3/AbacusHF-v2/Boxes/QSO/sn1p550/AbacusSummit_base_c000_ph006/abacus_HF_QSO_1p550_DR2_v2.0_AbacusSummit_base_c000_ph006_base_clustering.dat.h5.
[017043.49]  01-27 02:23  cat_tools                    INFO     use Z positions shifted in verr_empirical mode
[017044.41]  01-27 02:23  TwoPointCorrelationFunction  INFO     Using estimator <class 'pycorr.twopoint_estimator.NaturalTwoPointEstimator'>.
[017044.41]  01-27 02:23  TwoPointCorrelationFunction  INFO     Running auto-correlation.
[017044.41]  01-27 02:23  TwoPointCorrelationFunction  INFO     Computing two-point counts D1D2.
[017112.09]  01-27 02:24  TwoPointCorrelationFunction  INFO     Analytically computing two-point counts R1R2.
[017112.10]  01-27 02:24  TwoPointCorrelationFunction  INFO     Correlation function computed in elapsed time 67.69 s.
[017112.10]  01-27 02:24  NaturalTwoPointEstimator     INFO     Saving /pscratch/sd/s/shengyu/galaxies/catalogs/Y3/AbacusHF-v2/Boxes/QSO/sn1p550/AbacusSummit_base_c000_ph006/mpspk/xipoles_QSO_zp1.550_DR2_v1.0+dv_verr_empirical.npy.
[017112.10]  01-27 02:24  compute_2pt                  INFO     Save to /pscratch/sd/s/shengyu/galaxies/catalogs/Y3/AbacusHF-v2/Boxes/QSO/sn1p550/AbacusSummit_base_c000_ph006/mpspk/xipoles_QSO_zp1.550_DR2_v1.0+dv_verr_empirical.npy
[017115.27]  01-27 02:24  CatalogFFTPower              INFO     Painting catalog 1 to mesh CatalogMesh(nmesh=[512 512 512], boxsize=[2000. 2000. 2000.], boxcenter=[ 999.99991173 1000.00003791 1000.00001946], dtype=float64).
[017115.63]  01-27 02:24  CatalogMesh                  INFO     Slab 0 ~ 4194304 / 23389270.
[017116.78]  01-27 02:24  CatalogMesh                  INFO     Painted 4194304 out of 23389270 objects to mesh.
[017116.78]  01-27 02:24  CatalogMesh                  INFO     Slab 4194304 ~ 8388608 / 23389270.
[017117.91]  01-27 02:24  CatalogMesh                  INFO     Painted 8388608 out of 23389270 objects to mesh.
[017117.91]  01-27 02:24  CatalogMesh                  INFO     Slab 8388608 ~ 12582912 / 23389270.
[017119.05]  01-27 02:24  CatalogMesh                  INFO     Painted 12582912 out of 23389270 objects to mesh.
[017119.05]  01-27 02:24  CatalogMesh                  INFO     Slab 12582912 ~ 16777216 / 23389270.
[017120.18]  01-27 02:24  CatalogMesh                  INFO     Painted 16777216 out of 23389270 objects to mesh.
[017120.18]  01-27 02:24  CatalogMesh                  INFO     Slab 16777216 ~ 20971520 / 23389270.
[017121.40]  01-27 02:24  CatalogMesh                  INFO     Painted 20971520 out of 23389270 objects to mesh.
[017121.40]  01-27 02:24  CatalogMesh                  INFO     Slab 20971520 ~ 25165824 / 23389270.
[017122.23]  01-27 02:24  CatalogMesh                  INFO     Painted 23389270 out of 23389270 objects to mesh.
[017122.23]  01-27 02:24  CatalogMesh                  INFO     Running interlacing at order 3.
[017124.43]  01-27 02:24  CatalogMesh                  INFO     Slab 0 ~ 4194304 / 23389270.
[017125.56]  01-27 02:24  CatalogMesh                  INFO     Painted 4194304 out of 23389270 objects to mesh.
[017125.56]  01-27 02:24  CatalogMesh                  INFO     Slab 4194304 ~ 8388608 / 23389270.
[017126.69]  01-27 02:25  CatalogMesh                  INFO     Painted 8388608 out of 23389270 objects to mesh.
[017126.69]  01-27 02:25  CatalogMesh                  INFO     Slab 8388608 ~ 12582912 / 23389270.
[017127.82]  01-27 02:25  CatalogMesh                  INFO     Painted 12582912 out of 23389270 objects to mesh.
[017127.82]  01-27 02:25  CatalogMesh                  INFO     Slab 12582912 ~ 16777216 / 23389270.
[017128.96]  01-27 02:25  CatalogMesh                  INFO     Painted 16777216 out of 23389270 objects to mesh.
[017128.96]  01-27 02:25  CatalogMesh                  INFO     Slab 16777216 ~ 20971520 / 23389270.
[017130.17]  01-27 02:25  CatalogMesh                  INFO     Painted 20971520 out of 23389270 objects to mesh.
[017130.17]  01-27 02:25  CatalogMesh                  INFO     Slab 20971520 ~ 25165824 / 23389270.
[017131.01]  01-27 02:25  CatalogMesh                  INFO     Painted 23389270 out of 23389270 objects to mesh.
[017134.76]  01-27 02:25  CatalogMesh                  INFO     Slab 0 ~ 4194304 / 23389270.
[017135.91]  01-27 02:25  CatalogMesh                  INFO     Painted 4194304 out of 23389270 objects to mesh.
[017135.91]  01-27 02:25  CatalogMesh                  INFO     Slab 4194304 ~ 8388608 / 23389270.
[017137.05]  01-27 02:25  CatalogMesh                  INFO     Painted 8388608 out of 23389270 objects to mesh.
[017137.05]  01-27 02:25  CatalogMesh                  INFO     Slab 8388608 ~ 12582912 / 23389270.
[017138.18]  01-27 02:25  CatalogMesh                  INFO     Painted 12582912 out of 23389270 objects to mesh.
[017138.18]  01-27 02:25  CatalogMesh                  INFO     Slab 12582912 ~ 16777216 / 23389270.
[017139.32]  01-27 02:25  CatalogMesh                  INFO     Painted 16777216 out of 23389270 objects to mesh.
[017139.32]  01-27 02:25  CatalogMesh                  INFO     Slab 16777216 ~ 20971520 / 23389270.
[017140.53]  01-27 02:25  CatalogMesh                  INFO     Painted 20971520 out of 23389270 objects to mesh.
[017140.53]  01-27 02:25  CatalogMesh                  INFO     Slab 20971520 ~ 25165824 / 23389270.
[017141.37]  01-27 02:25  CatalogMesh                  INFO     Painted 23389270 out of 23389270 objects to mesh.
[017146.89]  01-27 02:25  CatalogFFTPower              INFO     Done painting catalog 1 to mesh.
[017146.89]  01-27 02:25  CatalogFFTPower              INFO     Using 400 k-bins between 0.000 and 0.400.
[017146.89]  01-27 02:25  CatalogFFTPower              INFO     Meshes prepared in elapsed time 31.62 s.
[017146.89]  01-27 02:25  CatalogFFTPower              INFO     Running mesh calculation.
[017163.98]  01-27 02:25  CatalogFFTPower              INFO     Mesh calculations performed in elapsed time 17.08 s.
[017163.98]  01-27 02:25  CatalogFFTPower              INFO     Power spectrum computed in elapsed time 48.71 s.
[017163.98]  01-27 02:25  CatalogFFTPower              INFO     Saving /pscratch/sd/s/shengyu/galaxies/catalogs/Y3/AbacusHF-v2/Boxes/QSO/sn1p550/AbacusSummit_base_c000_ph006/mpspk/pkpoles_QSO_zp1.550_DR2_v1.0+dv_verr_empirical.npy.
[017163.98]  01-27 02:25  compute_2pt                  INFO     Save to /pscratch/sd/s/shengyu/galaxies/catalogs/Y3/AbacusHF-v2/Boxes/QSO/sn1p550/AbacusSummit_base_c000_ph006/mpspk/pkpoles_QSO_zp1.550_DR2_v1.0+dv_verr_empirical.npy
[017163.98]  01-27 02:25  TwoPointCorrelationFunction  INFO     Using estimator <class 'pycorr.twopoint_estimator.NaturalTwoPointEstimator'>.
[017163.98]  01-27 02:25  TwoPointCorrelationFunction  INFO     Running auto-correlation.
[017163.98]  01-27 02:25  TwoPointCorrelationFunction  INFO     Computing two-point counts D1D2.
[017179.39]  01-27 02:25  TwoPointCorrelationFunction  INFO     Analytically computing two-point counts R1R2.
[017179.39]  01-27 02:25  TwoPointCorrelationFunction  INFO     Correlation function computed in elapsed time 15.41 s.
[017179.39]  01-27 02:25  NaturalTwoPointEstimator     INFO     Saving /pscratch/sd/s/shengyu/galaxies/catalogs/Y3/AbacusHF-v2/Boxes/QSO/sn1p550/AbacusSummit_base_c000_ph006/mpspk/mpslog_QSO_zp1.550_DR2_v1.0+dv_verr_empirical.npy.
[017179.39]  01-27 02:25  compute_2pt                  INFO     Save to /pscratch/sd/s/shengyu/galaxies/catalogs/Y3/AbacusHF-v2/Boxes/QSO/sn1p550/AbacusSummit_base_c000_ph006/mpspk/mpslog_QSO_zp1.550_DR2_v1.0+dv_verr_empirical.npy
[017179.40]  01-27 02:25  TwoPointCorrelationFunction  INFO     Using estimator <class 'pycorr.twopoint_estimator.NaturalTwoPointEstimator'>.
[017179.40]  01-27 02:25  TwoPointCorrelationFunction  INFO     Running auto-correlation.
[017179.40]  01-27 02:25  TwoPointCorrelationFunction  INFO     Computing two-point counts D1D2.
[017198.93]  01-27 02:26  TwoPointCorrelationFunction  INFO     Analytically computing two-point counts R1R2.
[017198.93]  01-27 02:26  TwoPointCorrelationFunction  INFO     Correlation function computed in elapsed time 19.54 s.
[017198.93]  01-27 02:26  NaturalTwoPointEstimator     INFO     Saving /pscratch/sd/s/shengyu/galaxies/catalogs/Y3/AbacusHF-v2/Boxes/QSO/sn1p550/AbacusSummit_base_c000_ph006/mpspk/wplog_QSO_zp1.550_DR2_v1.0+dv_verr_empirical.npy.
[017198.94]  01-27 02:26  compute_2pt                  INFO     Save to /pscratch/sd/s/shengyu/galaxies/catalogs/Y3/AbacusHF-v2/Boxes/QSO/sn1p550/AbacusSummit_base_c000_ph006/mpspk/wplog_QSO_zp1.550_DR2_v1.0+dv_verr_empirical.npy
[017198.94]  01-27 02:26  compute_2pt                  INFO     Procceed {'version': 'AbacusHF-v2', 'domain': 'cubic', 'tracer': 'QSO', 'zsnap': 1.55, 'zrange': (1.4, 1.7), 'mock_id': 7, 'use_dv': 'verr_empirical'}
[017198.94]  01-27 02:26  cat_tools                    INFO     Load /pscratch/sd/s/shengyu/galaxies/catalogs/Y3/AbacusHF-v2/Boxes/QSO/sn1p550/AbacusSummit_base_c000_ph007/abacus_HF_QSO_1p550_DR2_v2.0_AbacusSummit_base_c000_ph007_base_clustering.dat.h5
[017198.94]  01-27 02:26  FileStack                    INFO     Reading /pscratch/sd/s/shengyu/galaxies/catalogs/Y3/AbacusHF-v2/Boxes/QSO/sn1p550/AbacusSummit_base_c000_ph007/abacus_HF_QSO_1p550_DR2_v2.0_AbacusSummit_base_c000_ph007_base_clustering.dat.h5.
[017198.95]  01-27 02:26  cat_tools                    INFO     use Z positions shifted in verr_empirical mode
[017199.86]  01-27 02:26  TwoPointCorrelationFunction  INFO     Using estimator <class 'pycorr.twopoint_estimator.NaturalTwoPointEstimator'>.
[017199.86]  01-27 02:26  TwoPointCorrelationFunction  INFO     Running auto-correlation.
[017199.86]  01-27 02:26  TwoPointCorrelationFunction  INFO     Computing two-point counts D1D2.
[017269.84]  01-27 02:27  TwoPointCorrelationFunction  INFO     Analytically computing two-point counts R1R2.
[017269.85]  01-27 02:27  TwoPointCorrelationFunction  INFO     Correlation function computed in elapsed time 69.98 s.
[017269.85]  01-27 02:27  NaturalTwoPointEstimator     INFO     Saving /pscratch/sd/s/shengyu/galaxies/catalogs/Y3/AbacusHF-v2/Boxes/QSO/sn1p550/AbacusSummit_base_c000_ph007/mpspk/xipoles_QSO_zp1.550_DR2_v1.0+dv_verr_empirical.npy.
[017269.85]  01-27 02:27  compute_2pt                  INFO     Save to /pscratch/sd/s/shengyu/galaxies/catalogs/Y3/AbacusHF-v2/Boxes/QSO/sn1p550/AbacusSummit_base_c000_ph007/mpspk/xipoles_QSO_zp1.550_DR2_v1.0+dv_verr_empirical.npy
[017273.04]  01-27 02:27  CatalogFFTPower              INFO     Painting catalog 1 to mesh CatalogMesh(nmesh=[512 512 512], boxsize=[2000. 2000. 2000.], boxcenter=[999.99998402 999.99998922 999.99999025], dtype=float64).
[017273.40]  01-27 02:27  CatalogMesh                  INFO     Slab 0 ~ 4194304 / 23401997.
[017274.55]  01-27 02:27  CatalogMesh                  INFO     Painted 4194304 out of 23401997 objects to mesh.
[017274.55]  01-27 02:27  CatalogMesh                  INFO     Slab 4194304 ~ 8388608 / 23401997.
[017275.68]  01-27 02:27  CatalogMesh                  INFO     Painted 8388608 out of 23401997 objects to mesh.
[017275.68]  01-27 02:27  CatalogMesh                  INFO     Slab 8388608 ~ 12582912 / 23401997.
[017276.82]  01-27 02:27  CatalogMesh                  INFO     Painted 12582912 out of 23401997 objects to mesh.
[017276.82]  01-27 02:27  CatalogMesh                  INFO     Slab 12582912 ~ 16777216 / 23401997.
[017277.95]  01-27 02:27  CatalogMesh                  INFO     Painted 16777216 out of 23401997 objects to mesh.
[017277.95]  01-27 02:27  CatalogMesh                  INFO     Slab 16777216 ~ 20971520 / 23401997.
[017279.16]  01-27 02:27  CatalogMesh                  INFO     Painted 20971520 out of 23401997 objects to mesh.
[017279.16]  01-27 02:27  CatalogMesh                  INFO     Slab 20971520 ~ 25165824 / 23401997.
[017279.99]  01-27 02:27  CatalogMesh                  INFO     Painted 23401997 out of 23401997 objects to mesh.
[017279.99]  01-27 02:27  CatalogMesh                  INFO     Running interlacing at order 3.
[017282.20]  01-27 02:27  CatalogMesh                  INFO     Slab 0 ~ 4194304 / 23401997.
[017283.34]  01-27 02:27  CatalogMesh                  INFO     Painted 4194304 out of 23401997 objects to mesh.
[017283.34]  01-27 02:27  CatalogMesh                  INFO     Slab 4194304 ~ 8388608 / 23401997.
[017284.48]  01-27 02:27  CatalogMesh                  INFO     Painted 8388608 out of 23401997 objects to mesh.
[017284.48]  01-27 02:27  CatalogMesh                  INFO     Slab 8388608 ~ 12582912 / 23401997.
[017285.61]  01-27 02:27  CatalogMesh                  INFO     Painted 12582912 out of 23401997 objects to mesh.
[017285.61]  01-27 02:27  CatalogMesh                  INFO     Slab 12582912 ~ 16777216 / 23401997.
[017286.74]  01-27 02:27  CatalogMesh                  INFO     Painted 16777216 out of 23401997 objects to mesh.
[017286.74]  01-27 02:27  CatalogMesh                  INFO     Slab 16777216 ~ 20971520 / 23401997.
[017287.94]  01-27 02:27  CatalogMesh                  INFO     Painted 20971520 out of 23401997 objects to mesh.
[017287.95]  01-27 02:27  CatalogMesh                  INFO     Slab 20971520 ~ 25165824 / 23401997.
[017288.78]  01-27 02:27  CatalogMesh                  INFO     Painted 23401997 out of 23401997 objects to mesh.
[017292.53]  01-27 02:27  CatalogMesh                  INFO     Slab 0 ~ 4194304 / 23401997.
[017293.66]  01-27 02:27  CatalogMesh                  INFO     Painted 4194304 out of 23401997 objects to mesh.
[017293.66]  01-27 02:27  CatalogMesh                  INFO     Slab 4194304 ~ 8388608 / 23401997.
[017294.79]  01-27 02:27  CatalogMesh                  INFO     Painted 8388608 out of 23401997 objects to mesh.
[017294.79]  01-27 02:27  CatalogMesh                  INFO     Slab 8388608 ~ 12582912 / 23401997.
[017295.92]  01-27 02:27  CatalogMesh                  INFO     Painted 12582912 out of 23401997 objects to mesh.
[017295.92]  01-27 02:27  CatalogMesh                  INFO     Slab 12582912 ~ 16777216 / 23401997.
[017297.06]  01-27 02:27  CatalogMesh                  INFO     Painted 16777216 out of 23401997 objects to mesh.
[017297.06]  01-27 02:27  CatalogMesh                  INFO     Slab 16777216 ~ 20971520 / 23401997.
[017298.27]  01-27 02:27  CatalogMesh                  INFO     Painted 20971520 out of 23401997 objects to mesh.
[017298.27]  01-27 02:27  CatalogMesh                  INFO     Slab 20971520 ~ 25165824 / 23401997.
[017299.11]  01-27 02:27  CatalogMesh                  INFO     Painted 23401997 out of 23401997 objects to mesh.
[017304.64]  01-27 02:27  CatalogFFTPower              INFO     Done painting catalog 1 to mesh.
[017304.64]  01-27 02:27  CatalogFFTPower              INFO     Using 400 k-bins between 0.000 and 0.400.
[017304.64]  01-27 02:27  CatalogFFTPower              INFO     Meshes prepared in elapsed time 31.60 s.
[017304.64]  01-27 02:27  CatalogFFTPower              INFO     Running mesh calculation.
[017321.73]  01-27 02:28  CatalogFFTPower              INFO     Mesh calculations performed in elapsed time 17.09 s.
[017321.73]  01-27 02:28  CatalogFFTPower              INFO     Power spectrum computed in elapsed time 48.69 s.
[017321.73]  01-27 02:28  CatalogFFTPower              INFO     Saving /pscratch/sd/s/shengyu/galaxies/catalogs/Y3/AbacusHF-v2/Boxes/QSO/sn1p550/AbacusSummit_base_c000_ph007/mpspk/pkpoles_QSO_zp1.550_DR2_v1.0+dv_verr_empirical.npy.
[017321.73]  01-27 02:28  compute_2pt                  INFO     Save to /pscratch/sd/s/shengyu/galaxies/catalogs/Y3/AbacusHF-v2/Boxes/QSO/sn1p550/AbacusSummit_base_c000_ph007/mpspk/pkpoles_QSO_zp1.550_DR2_v1.0+dv_verr_empirical.npy
[017321.73]  01-27 02:28  TwoPointCorrelationFunction  INFO     Using estimator <class 'pycorr.twopoint_estimator.NaturalTwoPointEstimator'>.
[017321.73]  01-27 02:28  TwoPointCorrelationFunction  INFO     Running auto-correlation.
[017321.73]  01-27 02:28  TwoPointCorrelationFunction  INFO     Computing two-point counts D1D2.
[017338.27]  01-27 02:28  TwoPointCorrelationFunction  INFO     Analytically computing two-point counts R1R2.
[017338.27]  01-27 02:28  TwoPointCorrelationFunction  INFO     Correlation function computed in elapsed time 16.54 s.
[017338.27]  01-27 02:28  NaturalTwoPointEstimator     INFO     Saving /pscratch/sd/s/shengyu/galaxies/catalogs/Y3/AbacusHF-v2/Boxes/QSO/sn1p550/AbacusSummit_base_c000_ph007/mpspk/mpslog_QSO_zp1.550_DR2_v1.0+dv_verr_empirical.npy.
[017338.28]  01-27 02:28  compute_2pt                  INFO     Save to /pscratch/sd/s/shengyu/galaxies/catalogs/Y3/AbacusHF-v2/Boxes/QSO/sn1p550/AbacusSummit_base_c000_ph007/mpspk/mpslog_QSO_zp1.550_DR2_v1.0+dv_verr_empirical.npy
[017338.28]  01-27 02:28  TwoPointCorrelationFunction  INFO     Using estimator <class 'pycorr.twopoint_estimator.NaturalTwoPointEstimator'>.
[017338.28]  01-27 02:28  TwoPointCorrelationFunction  INFO     Running auto-correlation.
[017338.28]  01-27 02:28  TwoPointCorrelationFunction  INFO     Computing two-point counts D1D2.
[017357.76]  01-27 02:28  TwoPointCorrelationFunction  INFO     Analytically computing two-point counts R1R2.
[017357.76]  01-27 02:28  TwoPointCorrelationFunction  INFO     Correlation function computed in elapsed time 19.49 s.
[017357.77]  01-27 02:28  NaturalTwoPointEstimator     INFO     Saving /pscratch/sd/s/shengyu/galaxies/catalogs/Y3/AbacusHF-v2/Boxes/QSO/sn1p550/AbacusSummit_base_c000_ph007/mpspk/wplog_QSO_zp1.550_DR2_v1.0+dv_verr_empirical.npy.
[017357.77]  01-27 02:28  compute_2pt                  INFO     Save to /pscratch/sd/s/shengyu/galaxies/catalogs/Y3/AbacusHF-v2/Boxes/QSO/sn1p550/AbacusSummit_base_c000_ph007/mpspk/wplog_QSO_zp1.550_DR2_v1.0+dv_verr_empirical.npy
[017357.77]  01-27 02:28  compute_2pt                  INFO     Procceed {'version': 'AbacusHF-v2', 'domain': 'cubic', 'tracer': 'QSO', 'zsnap': 1.55, 'zrange': (1.4, 1.7), 'mock_id': 8, 'use_dv': 'verr_empirical'}
[017357.77]  01-27 02:28  cat_tools                    INFO     Load /pscratch/sd/s/shengyu/galaxies/catalogs/Y3/AbacusHF-v2/Boxes/QSO/sn1p550/AbacusSummit_base_c000_ph008/abacus_HF_QSO_1p550_DR2_v2.0_AbacusSummit_base_c000_ph008_base_clustering.dat.h5
[017357.77]  01-27 02:28  FileStack                    INFO     Reading /pscratch/sd/s/shengyu/galaxies/catalogs/Y3/AbacusHF-v2/Boxes/QSO/sn1p550/AbacusSummit_base_c000_ph008/abacus_HF_QSO_1p550_DR2_v2.0_AbacusSummit_base_c000_ph008_base_clustering.dat.h5.
[017357.78]  01-27 02:28  cat_tools                    INFO     use Z positions shifted in verr_empirical mode
[017358.75]  01-27 02:28  TwoPointCorrelationFunction  INFO     Using estimator <class 'pycorr.twopoint_estimator.NaturalTwoPointEstimator'>.
[017358.75]  01-27 02:28  TwoPointCorrelationFunction  INFO     Running auto-correlation.
[017358.75]  01-27 02:28  TwoPointCorrelationFunction  INFO     Computing two-point counts D1D2.
[017430.47]  01-27 02:30  TwoPointCorrelationFunction  INFO     Analytically computing two-point counts R1R2.
[017430.47]  01-27 02:30  TwoPointCorrelationFunction  INFO     Correlation function computed in elapsed time 71.72 s.
[017430.47]  01-27 02:30  NaturalTwoPointEstimator     INFO     Saving /pscratch/sd/s/shengyu/galaxies/catalogs/Y3/AbacusHF-v2/Boxes/QSO/sn1p550/AbacusSummit_base_c000_ph008/mpspk/xipoles_QSO_zp1.550_DR2_v1.0+dv_verr_empirical.npy.
[017430.48]  01-27 02:30  compute_2pt                  INFO     Save to /pscratch/sd/s/shengyu/galaxies/catalogs/Y3/AbacusHF-v2/Boxes/QSO/sn1p550/AbacusSummit_base_c000_ph008/mpspk/xipoles_QSO_zp1.550_DR2_v1.0+dv_verr_empirical.npy
[017433.64]  01-27 02:30  CatalogFFTPower              INFO     Painting catalog 1 to mesh CatalogMesh(nmesh=[512 512 512], boxsize=[2000. 2000. 2000.], boxcenter=[ 999.99999596 1000.00000533  999.99998421], dtype=float64).
[017434.00]  01-27 02:30  CatalogMesh                  INFO     Slab 0 ~ 4194304 / 23356790.
[017435.15]  01-27 02:30  CatalogMesh                  INFO     Painted 4194304 out of 23356790 objects to mesh.
[017435.15]  01-27 02:30  CatalogMesh                  INFO     Slab 4194304 ~ 8388608 / 23356790.
[017436.29]  01-27 02:30  CatalogMesh                  INFO     Painted 8388608 out of 23356790 objects to mesh.
[017436.29]  01-27 02:30  CatalogMesh                  INFO     Slab 8388608 ~ 12582912 / 23356790.
[017437.42]  01-27 02:30  CatalogMesh                  INFO     Painted 12582912 out of 23356790 objects to mesh.
[017437.42]  01-27 02:30  CatalogMesh                  INFO     Slab 12582912 ~ 16777216 / 23356790.
[017438.56]  01-27 02:30  CatalogMesh                  INFO     Painted 16777216 out of 23356790 objects to mesh.
[017438.56]  01-27 02:30  CatalogMesh                  INFO     Slab 16777216 ~ 20971520 / 23356790.
[017439.77]  01-27 02:30  CatalogMesh                  INFO     Painted 20971520 out of 23356790 objects to mesh.
[017439.77]  01-27 02:30  CatalogMesh                  INFO     Slab 20971520 ~ 25165824 / 23356790.
[017440.59]  01-27 02:30  CatalogMesh                  INFO     Painted 23356790 out of 23356790 objects to mesh.
[017440.59]  01-27 02:30  CatalogMesh                  INFO     Running interlacing at order 3.
[017442.79]  01-27 02:30  CatalogMesh                  INFO     Slab 0 ~ 4194304 / 23356790.
[017443.93]  01-27 02:30  CatalogMesh                  INFO     Painted 4194304 out of 23356790 objects to mesh.
[017443.93]  01-27 02:30  CatalogMesh                  INFO     Slab 4194304 ~ 8388608 / 23356790.
[017445.07]  01-27 02:30  CatalogMesh                  INFO     Painted 8388608 out of 23356790 objects to mesh.
[017445.07]  01-27 02:30  CatalogMesh                  INFO     Slab 8388608 ~ 12582912 / 23356790.
[017446.20]  01-27 02:30  CatalogMesh                  INFO     Painted 12582912 out of 23356790 objects to mesh.
[017446.20]  01-27 02:30  CatalogMesh                  INFO     Slab 12582912 ~ 16777216 / 23356790.
[017447.34]  01-27 02:30  CatalogMesh                  INFO     Painted 16777216 out of 23356790 objects to mesh.
[017447.34]  01-27 02:30  CatalogMesh                  INFO     Slab 16777216 ~ 20971520 / 23356790.
[017448.56]  01-27 02:30  CatalogMesh                  INFO     Painted 20971520 out of 23356790 objects to mesh.
[017448.56]  01-27 02:30  CatalogMesh                  INFO     Slab 20971520 ~ 25165824 / 23356790.
[017449.39]  01-27 02:30  CatalogMesh                  INFO     Painted 23356790 out of 23356790 objects to mesh.
[017453.13]  01-27 02:30  CatalogMesh                  INFO     Slab 0 ~ 4194304 / 23356790.
[017454.25]  01-27 02:30  CatalogMesh                  INFO     Painted 4194304 out of 23356790 objects to mesh.
[017454.26]  01-27 02:30  CatalogMesh                  INFO     Slab 4194304 ~ 8388608 / 23356790.
[017455.39]  01-27 02:30  CatalogMesh                  INFO     Painted 8388608 out of 23356790 objects to mesh.
[017455.39]  01-27 02:30  CatalogMesh                  INFO     Slab 8388608 ~ 12582912 / 23356790.
[017456.52]  01-27 02:30  CatalogMesh                  INFO     Painted 12582912 out of 23356790 objects to mesh.
[017456.53]  01-27 02:30  CatalogMesh                  INFO     Slab 12582912 ~ 16777216 / 23356790.
[017457.66]  01-27 02:30  CatalogMesh                  INFO     Painted 16777216 out of 23356790 objects to mesh.
[017457.66]  01-27 02:30  CatalogMesh                  INFO     Slab 16777216 ~ 20971520 / 23356790.
[017458.87]  01-27 02:30  CatalogMesh                  INFO     Painted 20971520 out of 23356790 objects to mesh.
[017458.87]  01-27 02:30  CatalogMesh                  INFO     Slab 20971520 ~ 25165824 / 23356790.
[017459.69]  01-27 02:30  CatalogMesh                  INFO     Painted 23356790 out of 23356790 objects to mesh.
[017465.20]  01-27 02:30  CatalogFFTPower              INFO     Done painting catalog 1 to mesh.
[017465.20]  01-27 02:30  CatalogFFTPower              INFO     Using 400 k-bins between 0.000 and 0.400.
[017465.21]  01-27 02:30  CatalogFFTPower              INFO     Meshes prepared in elapsed time 31.57 s.
[017465.21]  01-27 02:30  CatalogFFTPower              INFO     Running mesh calculation.
[017482.27]  01-27 02:30  CatalogFFTPower              INFO     Mesh calculations performed in elapsed time 17.06 s.
[017482.27]  01-27 02:30  CatalogFFTPower              INFO     Power spectrum computed in elapsed time 48.63 s.
[017482.27]  01-27 02:30  CatalogFFTPower              INFO     Saving /pscratch/sd/s/shengyu/galaxies/catalogs/Y3/AbacusHF-v2/Boxes/QSO/sn1p550/AbacusSummit_base_c000_ph008/mpspk/pkpoles_QSO_zp1.550_DR2_v1.0+dv_verr_empirical.npy.
[017482.27]  01-27 02:30  compute_2pt                  INFO     Save to /pscratch/sd/s/shengyu/galaxies/catalogs/Y3/AbacusHF-v2/Boxes/QSO/sn1p550/AbacusSummit_base_c000_ph008/mpspk/pkpoles_QSO_zp1.550_DR2_v1.0+dv_verr_empirical.npy
[017482.27]  01-27 02:30  TwoPointCorrelationFunction  INFO     Using estimator <class 'pycorr.twopoint_estimator.NaturalTwoPointEstimator'>.
[017482.27]  01-27 02:30  TwoPointCorrelationFunction  INFO     Running auto-correlation.
[017482.27]  01-27 02:30  TwoPointCorrelationFunction  INFO     Computing two-point counts D1D2.
[017496.72]  01-27 02:31  TwoPointCorrelationFunction  INFO     Analytically computing two-point counts R1R2.
[017496.73]  01-27 02:31  TwoPointCorrelationFunction  INFO     Correlation function computed in elapsed time 14.45 s.
[017496.73]  01-27 02:31  NaturalTwoPointEstimator     INFO     Saving /pscratch/sd/s/shengyu/galaxies/catalogs/Y3/AbacusHF-v2/Boxes/QSO/sn1p550/AbacusSummit_base_c000_ph008/mpspk/mpslog_QSO_zp1.550_DR2_v1.0+dv_verr_empirical.npy.
[017496.73]  01-27 02:31  compute_2pt                  INFO     Save to /pscratch/sd/s/shengyu/galaxies/catalogs/Y3/AbacusHF-v2/Boxes/QSO/sn1p550/AbacusSummit_base_c000_ph008/mpspk/mpslog_QSO_zp1.550_DR2_v1.0+dv_verr_empirical.npy
[017496.73]  01-27 02:31  TwoPointCorrelationFunction  INFO     Using estimator <class 'pycorr.twopoint_estimator.NaturalTwoPointEstimator'>.
[017496.73]  01-27 02:31  TwoPointCorrelationFunction  INFO     Running auto-correlation.
[017496.73]  01-27 02:31  TwoPointCorrelationFunction  INFO     Computing two-point counts D1D2.
[017516.16]  01-27 02:31  TwoPointCorrelationFunction  INFO     Analytically computing two-point counts R1R2.
[017516.16]  01-27 02:31  TwoPointCorrelationFunction  INFO     Correlation function computed in elapsed time 19.43 s.
[017516.16]  01-27 02:31  NaturalTwoPointEstimator     INFO     Saving /pscratch/sd/s/shengyu/galaxies/catalogs/Y3/AbacusHF-v2/Boxes/QSO/sn1p550/AbacusSummit_base_c000_ph008/mpspk/wplog_QSO_zp1.550_DR2_v1.0+dv_verr_empirical.npy.
[017516.17]  01-27 02:31  compute_2pt                  INFO     Save to /pscratch/sd/s/shengyu/galaxies/catalogs/Y3/AbacusHF-v2/Boxes/QSO/sn1p550/AbacusSummit_base_c000_ph008/mpspk/wplog_QSO_zp1.550_DR2_v1.0+dv_verr_empirical.npy
[017516.17]  01-27 02:31  compute_2pt                  INFO     Procceed {'version': 'AbacusHF-v2', 'domain': 'cubic', 'tracer': 'QSO', 'zsnap': 1.55, 'zrange': (1.4, 1.7), 'mock_id': 9, 'use_dv': 'verr_empirical'}
[017516.17]  01-27 02:31  cat_tools                    INFO     Load /pscratch/sd/s/shengyu/galaxies/catalogs/Y3/AbacusHF-v2/Boxes/QSO/sn1p550/AbacusSummit_base_c000_ph009/abacus_HF_QSO_1p550_DR2_v2.0_AbacusSummit_base_c000_ph009_base_clustering.dat.h5
[017516.17]  01-27 02:31  FileStack                    INFO     Reading /pscratch/sd/s/shengyu/galaxies/catalogs/Y3/AbacusHF-v2/Boxes/QSO/sn1p550/AbacusSummit_base_c000_ph009/abacus_HF_QSO_1p550_DR2_v2.0_AbacusSummit_base_c000_ph009_base_clustering.dat.h5.
[017516.18]  01-27 02:31  cat_tools                    INFO     use Z positions shifted in verr_empirical mode
[017517.17]  01-27 02:31  TwoPointCorrelationFunction  INFO     Using estimator <class 'pycorr.twopoint_estimator.NaturalTwoPointEstimator'>.
[017517.17]  01-27 02:31  TwoPointCorrelationFunction  INFO     Running auto-correlation.
[017517.17]  01-27 02:31  TwoPointCorrelationFunction  INFO     Computing two-point counts D1D2.
[017585.89]  01-27 02:32  TwoPointCorrelationFunction  INFO     Analytically computing two-point counts R1R2.
[017585.89]  01-27 02:32  TwoPointCorrelationFunction  INFO     Correlation function computed in elapsed time 68.72 s.
[017585.89]  01-27 02:32  NaturalTwoPointEstimator     INFO     Saving /pscratch/sd/s/shengyu/galaxies/catalogs/Y3/AbacusHF-v2/Boxes/QSO/sn1p550/AbacusSummit_base_c000_ph009/mpspk/xipoles_QSO_zp1.550_DR2_v1.0+dv_verr_empirical.npy.
[017585.89]  01-27 02:32  compute_2pt                  INFO     Save to /pscratch/sd/s/shengyu/galaxies/catalogs/Y3/AbacusHF-v2/Boxes/QSO/sn1p550/AbacusSummit_base_c000_ph009/mpspk/xipoles_QSO_zp1.550_DR2_v1.0+dv_verr_empirical.npy
[017589.04]  01-27 02:32  CatalogFFTPower              INFO     Painting catalog 1 to mesh CatalogMesh(nmesh=[512 512 512], boxsize=[2000. 2000. 2000.], boxcenter=[1000.00003269  999.99998144  999.99991975], dtype=float64).
[017589.39]  01-27 02:32  CatalogMesh                  INFO     Slab 0 ~ 4194304 / 23346806.
[017590.53]  01-27 02:32  CatalogMesh                  INFO     Painted 4194304 out of 23346806 objects to mesh.
[017590.53]  01-27 02:32  CatalogMesh                  INFO     Slab 4194304 ~ 8388608 / 23346806.
[017591.66]  01-27 02:32  CatalogMesh                  INFO     Painted 8388608 out of 23346806 objects to mesh.
[017591.66]  01-27 02:32  CatalogMesh                  INFO     Slab 8388608 ~ 12582912 / 23346806.
[017592.79]  01-27 02:32  CatalogMesh                  INFO     Painted 12582912 out of 23346806 objects to mesh.
[017592.79]  01-27 02:32  CatalogMesh                  INFO     Slab 12582912 ~ 16777216 / 23346806.
[017593.91]  01-27 02:32  CatalogMesh                  INFO     Painted 16777216 out of 23346806 objects to mesh.
[017593.91]  01-27 02:32  CatalogMesh                  INFO     Slab 16777216 ~ 20971520 / 23346806.
[017595.13]  01-27 02:32  CatalogMesh                  INFO     Painted 20971520 out of 23346806 objects to mesh.
[017595.13]  01-27 02:32  CatalogMesh                  INFO     Slab 20971520 ~ 25165824 / 23346806.
[017595.94]  01-27 02:32  CatalogMesh                  INFO     Painted 23346806 out of 23346806 objects to mesh.
[017595.95]  01-27 02:32  CatalogMesh                  INFO     Running interlacing at order 3.
[017598.14]  01-27 02:32  CatalogMesh                  INFO     Slab 0 ~ 4194304 / 23346806.
[017599.26]  01-27 02:32  CatalogMesh                  INFO     Painted 4194304 out of 23346806 objects to mesh.
[017599.26]  01-27 02:32  CatalogMesh                  INFO     Slab 4194304 ~ 8388608 / 23346806.
[017600.39]  01-27 02:32  CatalogMesh                  INFO     Painted 8388608 out of 23346806 objects to mesh.
[017600.39]  01-27 02:32  CatalogMesh                  INFO     Slab 8388608 ~ 12582912 / 23346806.
[017601.52]  01-27 02:32  CatalogMesh                  INFO     Painted 12582912 out of 23346806 objects to mesh.
[017601.52]  01-27 02:32  CatalogMesh                  INFO     Slab 12582912 ~ 16777216 / 23346806.
[017602.65]  01-27 02:32  CatalogMesh                  INFO     Painted 16777216 out of 23346806 objects to mesh.
[017602.65]  01-27 02:32  CatalogMesh                  INFO     Slab 16777216 ~ 20971520 / 23346806.
[017603.85]  01-27 02:32  CatalogMesh                  INFO     Painted 20971520 out of 23346806 objects to mesh.
[017603.86]  01-27 02:32  CatalogMesh                  INFO     Slab 20971520 ~ 25165824 / 23346806.
[017604.67]  01-27 02:32  CatalogMesh                  INFO     Painted 23346806 out of 23346806 objects to mesh.
[017608.41]  01-27 02:33  CatalogMesh                  INFO     Slab 0 ~ 4194304 / 23346806.
[017609.53]  01-27 02:33  CatalogMesh                  INFO     Painted 4194304 out of 23346806 objects to mesh.
[017609.53]  01-27 02:33  CatalogMesh                  INFO     Slab 4194304 ~ 8388608 / 23346806.
[017610.65]  01-27 02:33  CatalogMesh                  INFO     Painted 8388608 out of 23346806 objects to mesh.
[017610.66]  01-27 02:33  CatalogMesh                  INFO     Slab 8388608 ~ 12582912 / 23346806.
[017611.78]  01-27 02:33  CatalogMesh                  INFO     Painted 12582912 out of 23346806 objects to mesh.
[017611.78]  01-27 02:33  CatalogMesh                  INFO     Slab 12582912 ~ 16777216 / 23346806.
[017612.91]  01-27 02:33  CatalogMesh                  INFO     Painted 16777216 out of 23346806 objects to mesh.
[017612.91]  01-27 02:33  CatalogMesh                  INFO     Slab 16777216 ~ 20971520 / 23346806.
[017614.12]  01-27 02:33  CatalogMesh                  INFO     Painted 20971520 out of 23346806 objects to mesh.
[017614.12]  01-27 02:33  CatalogMesh                  INFO     Slab 20971520 ~ 25165824 / 23346806.
[017614.93]  01-27 02:33  CatalogMesh                  INFO     Painted 23346806 out of 23346806 objects to mesh.
[017620.42]  01-27 02:33  CatalogFFTPower              INFO     Done painting catalog 1 to mesh.
[017620.42]  01-27 02:33  CatalogFFTPower              INFO     Using 400 k-bins between 0.000 and 0.400.
[017620.42]  01-27 02:33  CatalogFFTPower              INFO     Meshes prepared in elapsed time 31.38 s.
[017620.42]  01-27 02:33  CatalogFFTPower              INFO     Running mesh calculation.
[017637.40]  01-27 02:33  CatalogFFTPower              INFO     Mesh calculations performed in elapsed time 16.99 s.
[017637.41]  01-27 02:33  CatalogFFTPower              INFO     Power spectrum computed in elapsed time 48.37 s.
[017637.41]  01-27 02:33  CatalogFFTPower              INFO     Saving /pscratch/sd/s/shengyu/galaxies/catalogs/Y3/AbacusHF-v2/Boxes/QSO/sn1p550/AbacusSummit_base_c000_ph009/mpspk/pkpoles_QSO_zp1.550_DR2_v1.0+dv_verr_empirical.npy.
[017637.41]  01-27 02:33  compute_2pt                  INFO     Save to /pscratch/sd/s/shengyu/galaxies/catalogs/Y3/AbacusHF-v2/Boxes/QSO/sn1p550/AbacusSummit_base_c000_ph009/mpspk/pkpoles_QSO_zp1.550_DR2_v1.0+dv_verr_empirical.npy
[017637.41]  01-27 02:33  TwoPointCorrelationFunction  INFO     Using estimator <class 'pycorr.twopoint_estimator.NaturalTwoPointEstimator'>.
[017637.41]  01-27 02:33  TwoPointCorrelationFunction  INFO     Running auto-correlation.
[017637.41]  01-27 02:33  TwoPointCorrelationFunction  INFO     Computing two-point counts D1D2.
[017652.85]  01-27 02:33  TwoPointCorrelationFunction  INFO     Analytically computing two-point counts R1R2.
[017652.85]  01-27 02:33  TwoPointCorrelationFunction  INFO     Correlation function computed in elapsed time 15.44 s.
[017652.85]  01-27 02:33  NaturalTwoPointEstimator     INFO     Saving /pscratch/sd/s/shengyu/galaxies/catalogs/Y3/AbacusHF-v2/Boxes/QSO/sn1p550/AbacusSummit_base_c000_ph009/mpspk/mpslog_QSO_zp1.550_DR2_v1.0+dv_verr_empirical.npy.
[017652.86]  01-27 02:33  compute_2pt                  INFO     Save to /pscratch/sd/s/shengyu/galaxies/catalogs/Y3/AbacusHF-v2/Boxes/QSO/sn1p550/AbacusSummit_base_c000_ph009/mpspk/mpslog_QSO_zp1.550_DR2_v1.0+dv_verr_empirical.npy
[017652.86]  01-27 02:33  TwoPointCorrelationFunction  INFO     Using estimator <class 'pycorr.twopoint_estimator.NaturalTwoPointEstimator'>.
[017652.86]  01-27 02:33  TwoPointCorrelationFunction  INFO     Running auto-correlation.
[017652.86]  01-27 02:33  TwoPointCorrelationFunction  INFO     Computing two-point counts D1D2.
[017672.18]  01-27 02:34  TwoPointCorrelationFunction  INFO     Analytically computing two-point counts R1R2.
[017672.18]  01-27 02:34  TwoPointCorrelationFunction  INFO     Correlation function computed in elapsed time 19.33 s.
[017672.18]  01-27 02:34  NaturalTwoPointEstimator     INFO     Saving /pscratch/sd/s/shengyu/galaxies/catalogs/Y3/AbacusHF-v2/Boxes/QSO/sn1p550/AbacusSummit_base_c000_ph009/mpspk/wplog_QSO_zp1.550_DR2_v1.0+dv_verr_empirical.npy.
[017672.19]  01-27 02:34  compute_2pt                  INFO     Save to /pscratch/sd/s/shengyu/galaxies/catalogs/Y3/AbacusHF-v2/Boxes/QSO/sn1p550/AbacusSummit_base_c000_ph009/mpspk/wplog_QSO_zp1.550_DR2_v1.0+dv_verr_empirical.npy
[017672.19]  01-27 02:34  compute_2pt                  INFO     Procceed {'version': 'AbacusHF-v2', 'domain': 'cubic', 'tracer': 'QSO', 'zsnap': 1.55, 'zrange': (1.4, 1.7), 'mock_id': 10, 'use_dv': 'verr_empirical'}
[017672.19]  01-27 02:34  cat_tools                    INFO     Load /pscratch/sd/s/shengyu/galaxies/catalogs/Y3/AbacusHF-v2/Boxes/QSO/sn1p550/AbacusSummit_base_c000_ph010/abacus_HF_QSO_1p550_DR2_v2.0_AbacusSummit_base_c000_ph010_base_clustering.dat.h5
[017672.19]  01-27 02:34  FileStack                    INFO     Reading /pscratch/sd/s/shengyu/galaxies/catalogs/Y3/AbacusHF-v2/Boxes/QSO/sn1p550/AbacusSummit_base_c000_ph010/abacus_HF_QSO_1p550_DR2_v2.0_AbacusSummit_base_c000_ph010_base_clustering.dat.h5.
[017672.19]  01-27 02:34  cat_tools                    INFO     use Z positions shifted in verr_empirical mode
[017673.11]  01-27 02:34  TwoPointCorrelationFunction  INFO     Using estimator <class 'pycorr.twopoint_estimator.NaturalTwoPointEstimator'>.
[017673.11]  01-27 02:34  TwoPointCorrelationFunction  INFO     Running auto-correlation.
[017673.11]  01-27 02:34  TwoPointCorrelationFunction  INFO     Computing two-point counts D1D2.
[017745.01]  01-27 02:35  TwoPointCorrelationFunction  INFO     Analytically computing two-point counts R1R2.
[017745.01]  01-27 02:35  TwoPointCorrelationFunction  INFO     Correlation function computed in elapsed time 71.90 s.
[017745.01]  01-27 02:35  NaturalTwoPointEstimator     INFO     Saving /pscratch/sd/s/shengyu/galaxies/catalogs/Y3/AbacusHF-v2/Boxes/QSO/sn1p550/AbacusSummit_base_c000_ph010/mpspk/xipoles_QSO_zp1.550_DR2_v1.0+dv_verr_empirical.npy.
[017745.02]  01-27 02:35  compute_2pt                  INFO     Save to /pscratch/sd/s/shengyu/galaxies/catalogs/Y3/AbacusHF-v2/Boxes/QSO/sn1p550/AbacusSummit_base_c000_ph010/mpspk/xipoles_QSO_zp1.550_DR2_v1.0+dv_verr_empirical.npy
[017748.18]  01-27 02:35  CatalogFFTPower              INFO     Painting catalog 1 to mesh CatalogMesh(nmesh=[512 512 512], boxsize=[2000. 2000. 2000.], boxcenter=[ 999.99998341 1000.00003628  999.99999722], dtype=float64).
[017748.53]  01-27 02:35  CatalogMesh                  INFO     Slab 0 ~ 4194304 / 23407114.
[017749.67]  01-27 02:35  CatalogMesh                  INFO     Painted 4194304 out of 23407114 objects to mesh.
[017749.67]  01-27 02:35  CatalogMesh                  INFO     Slab 4194304 ~ 8388608 / 23407114.
[017750.80]  01-27 02:35  CatalogMesh                  INFO     Painted 8388608 out of 23407114 objects to mesh.
[017750.80]  01-27 02:35  CatalogMesh                  INFO     Slab 8388608 ~ 12582912 / 23407114.
[017751.93]  01-27 02:35  CatalogMesh                  INFO     Painted 12582912 out of 23407114 objects to mesh.
[017751.93]  01-27 02:35  CatalogMesh                  INFO     Slab 12582912 ~ 16777216 / 23407114.
[017753.05]  01-27 02:35  CatalogMesh                  INFO     Painted 16777216 out of 23407114 objects to mesh.
[017753.05]  01-27 02:35  CatalogMesh                  INFO     Slab 16777216 ~ 20971520 / 23407114.
[017754.26]  01-27 02:35  CatalogMesh                  INFO     Painted 20971520 out of 23407114 objects to mesh.
[017754.26]  01-27 02:35  CatalogMesh                  INFO     Slab 20971520 ~ 25165824 / 23407114.
[017755.09]  01-27 02:35  CatalogMesh                  INFO     Painted 23407114 out of 23407114 objects to mesh.
[017755.10]  01-27 02:35  CatalogMesh                  INFO     Running interlacing at order 3.
[017757.30]  01-27 02:35  CatalogMesh                  INFO     Slab 0 ~ 4194304 / 23407114.
[017758.42]  01-27 02:35  CatalogMesh                  INFO     Painted 4194304 out of 23407114 objects to mesh.
[017758.42]  01-27 02:35  CatalogMesh                  INFO     Slab 4194304 ~ 8388608 / 23407114.
[017759.55]  01-27 02:35  CatalogMesh                  INFO     Painted 8388608 out of 23407114 objects to mesh.
[017759.55]  01-27 02:35  CatalogMesh                  INFO     Slab 8388608 ~ 12582912 / 23407114.
[017760.68]  01-27 02:35  CatalogMesh                  INFO     Painted 12582912 out of 23407114 objects to mesh.
[017760.68]  01-27 02:35  CatalogMesh                  INFO     Slab 12582912 ~ 16777216 / 23407114.
[017761.80]  01-27 02:35  CatalogMesh                  INFO     Painted 16777216 out of 23407114 objects to mesh.
[017761.80]  01-27 02:35  CatalogMesh                  INFO     Slab 16777216 ~ 20971520 / 23407114.
[017763.01]  01-27 02:35  CatalogMesh                  INFO     Painted 20971520 out of 23407114 objects to mesh.
[017763.01]  01-27 02:35  CatalogMesh                  INFO     Slab 20971520 ~ 25165824 / 23407114.
[017763.84]  01-27 02:35  CatalogMesh                  INFO     Painted 23407114 out of 23407114 objects to mesh.
[017767.56]  01-27 02:35  CatalogMesh                  INFO     Slab 0 ~ 4194304 / 23407114.
[017768.68]  01-27 02:35  CatalogMesh                  INFO     Painted 4194304 out of 23407114 objects to mesh.
[017768.68]  01-27 02:35  CatalogMesh                  INFO     Slab 4194304 ~ 8388608 / 23407114.
[017769.80]  01-27 02:35  CatalogMesh                  INFO     Painted 8388608 out of 23407114 objects to mesh.
[017769.80]  01-27 02:35  CatalogMesh                  INFO     Slab 8388608 ~ 12582912 / 23407114.
[017770.93]  01-27 02:35  CatalogMesh                  INFO     Painted 12582912 out of 23407114 objects to mesh.
[017770.93]  01-27 02:35  CatalogMesh                  INFO     Slab 12582912 ~ 16777216 / 23407114.
[017772.06]  01-27 02:35  CatalogMesh                  INFO     Painted 16777216 out of 23407114 objects to mesh.
[017772.06]  01-27 02:35  CatalogMesh                  INFO     Slab 16777216 ~ 20971520 / 23407114.
[017773.26]  01-27 02:35  CatalogMesh                  INFO     Painted 20971520 out of 23407114 objects to mesh.
[017773.26]  01-27 02:35  CatalogMesh                  INFO     Slab 20971520 ~ 25165824 / 23407114.
[017774.09]  01-27 02:35  CatalogMesh                  INFO     Painted 23407114 out of 23407114 objects to mesh.
[017779.57]  01-27 02:35  CatalogFFTPower              INFO     Done painting catalog 1 to mesh.
[017779.57]  01-27 02:35  CatalogFFTPower              INFO     Using 400 k-bins between 0.000 and 0.400.
[017779.58]  01-27 02:35  CatalogFFTPower              INFO     Meshes prepared in elapsed time 31.40 s.
[017779.58]  01-27 02:35  CatalogFFTPower              INFO     Running mesh calculation.
[017796.61]  01-27 02:36  CatalogFFTPower              INFO     Mesh calculations performed in elapsed time 17.04 s.
[017796.61]  01-27 02:36  CatalogFFTPower              INFO     Power spectrum computed in elapsed time 48.43 s.
[017796.61]  01-27 02:36  CatalogFFTPower              INFO     Saving /pscratch/sd/s/shengyu/galaxies/catalogs/Y3/AbacusHF-v2/Boxes/QSO/sn1p550/AbacusSummit_base_c000_ph010/mpspk/pkpoles_QSO_zp1.550_DR2_v1.0+dv_verr_empirical.npy.
[017796.62]  01-27 02:36  compute_2pt                  INFO     Save to /pscratch/sd/s/shengyu/galaxies/catalogs/Y3/AbacusHF-v2/Boxes/QSO/sn1p550/AbacusSummit_base_c000_ph010/mpspk/pkpoles_QSO_zp1.550_DR2_v1.0+dv_verr_empirical.npy
[017796.62]  01-27 02:36  TwoPointCorrelationFunction  INFO     Using estimator <class 'pycorr.twopoint_estimator.NaturalTwoPointEstimator'>.
[017796.62]  01-27 02:36  TwoPointCorrelationFunction  INFO     Running auto-correlation.
[017796.62]  01-27 02:36  TwoPointCorrelationFunction  INFO     Computing two-point counts D1D2.
[017812.36]  01-27 02:36  TwoPointCorrelationFunction  INFO     Analytically computing two-point counts R1R2.
[017812.37]  01-27 02:36  TwoPointCorrelationFunction  INFO     Correlation function computed in elapsed time 15.75 s.
[017812.37]  01-27 02:36  NaturalTwoPointEstimator     INFO     Saving /pscratch/sd/s/shengyu/galaxies/catalogs/Y3/AbacusHF-v2/Boxes/QSO/sn1p550/AbacusSummit_base_c000_ph010/mpspk/mpslog_QSO_zp1.550_DR2_v1.0+dv_verr_empirical.npy.
[017812.37]  01-27 02:36  compute_2pt                  INFO     Save to /pscratch/sd/s/shengyu/galaxies/catalogs/Y3/AbacusHF-v2/Boxes/QSO/sn1p550/AbacusSummit_base_c000_ph010/mpspk/mpslog_QSO_zp1.550_DR2_v1.0+dv_verr_empirical.npy
[017812.37]  01-27 02:36  TwoPointCorrelationFunction  INFO     Using estimator <class 'pycorr.twopoint_estimator.NaturalTwoPointEstimator'>.
[017812.37]  01-27 02:36  TwoPointCorrelationFunction  INFO     Running auto-correlation.
[017812.37]  01-27 02:36  TwoPointCorrelationFunction  INFO     Computing two-point counts D1D2.
[017831.72]  01-27 02:36  TwoPointCorrelationFunction  INFO     Analytically computing two-point counts R1R2.
[017831.72]  01-27 02:36  TwoPointCorrelationFunction  INFO     Correlation function computed in elapsed time 19.35 s.
[017831.72]  01-27 02:36  NaturalTwoPointEstimator     INFO     Saving /pscratch/sd/s/shengyu/galaxies/catalogs/Y3/AbacusHF-v2/Boxes/QSO/sn1p550/AbacusSummit_base_c000_ph010/mpspk/wplog_QSO_zp1.550_DR2_v1.0+dv_verr_empirical.npy.
[017831.73]  01-27 02:36  compute_2pt                  INFO     Save to /pscratch/sd/s/shengyu/galaxies/catalogs/Y3/AbacusHF-v2/Boxes/QSO/sn1p550/AbacusSummit_base_c000_ph010/mpspk/wplog_QSO_zp1.550_DR2_v1.0+dv_verr_empirical.npy
[017831.73]  01-27 02:36  compute_2pt                  INFO     Procceed {'version': 'AbacusHF-v2', 'domain': 'cubic', 'tracer': 'QSO', 'zsnap': 1.55, 'zrange': (1.4, 1.7), 'mock_id': 11, 'use_dv': 'verr_empirical'}
[017831.73]  01-27 02:36  cat_tools                    INFO     Load /pscratch/sd/s/shengyu/galaxies/catalogs/Y3/AbacusHF-v2/Boxes/QSO/sn1p550/AbacusSummit_base_c000_ph011/abacus_HF_QSO_1p550_DR2_v2.0_AbacusSummit_base_c000_ph011_base_clustering.dat.h5
[017831.73]  01-27 02:36  FileStack                    INFO     Reading /pscratch/sd/s/shengyu/galaxies/catalogs/Y3/AbacusHF-v2/Boxes/QSO/sn1p550/AbacusSummit_base_c000_ph011/abacus_HF_QSO_1p550_DR2_v2.0_AbacusSummit_base_c000_ph011_base_clustering.dat.h5.
[017831.73]  01-27 02:36  cat_tools                    INFO     use Z positions shifted in verr_empirical mode
[017832.64]  01-27 02:36  TwoPointCorrelationFunction  INFO     Using estimator <class 'pycorr.twopoint_estimator.NaturalTwoPointEstimator'>.
[017832.64]  01-27 02:36  TwoPointCorrelationFunction  INFO     Running auto-correlation.
[017832.65]  01-27 02:36  TwoPointCorrelationFunction  INFO     Computing two-point counts D1D2.
[017901.97]  01-27 02:37  TwoPointCorrelationFunction  INFO     Analytically computing two-point counts R1R2.
[017901.98]  01-27 02:37  TwoPointCorrelationFunction  INFO     Correlation function computed in elapsed time 69.33 s.
[017901.98]  01-27 02:37  NaturalTwoPointEstimator     INFO     Saving /pscratch/sd/s/shengyu/galaxies/catalogs/Y3/AbacusHF-v2/Boxes/QSO/sn1p550/AbacusSummit_base_c000_ph011/mpspk/xipoles_QSO_zp1.550_DR2_v1.0+dv_verr_empirical.npy.
[017901.98]  01-27 02:37  compute_2pt                  INFO     Save to /pscratch/sd/s/shengyu/galaxies/catalogs/Y3/AbacusHF-v2/Boxes/QSO/sn1p550/AbacusSummit_base_c000_ph011/mpspk/xipoles_QSO_zp1.550_DR2_v1.0+dv_verr_empirical.npy
[017905.14]  01-27 02:37  CatalogFFTPower              INFO     Painting catalog 1 to mesh CatalogMesh(nmesh=[512 512 512], boxsize=[2000. 2000. 2000.], boxcenter=[ 999.99999919 1000.00000433  999.99997644], dtype=float64).
[017905.51]  01-27 02:37  CatalogMesh                  INFO     Slab 0 ~ 4194304 / 23408669.
[017906.65]  01-27 02:38  CatalogMesh                  INFO     Painted 4194304 out of 23408669 objects to mesh.
[017906.65]  01-27 02:38  CatalogMesh                  INFO     Slab 4194304 ~ 8388608 / 23408669.
[017907.78]  01-27 02:38  CatalogMesh                  INFO     Painted 8388608 out of 23408669 objects to mesh.
[017907.78]  01-27 02:38  CatalogMesh                  INFO     Slab 8388608 ~ 12582912 / 23408669.
[017908.92]  01-27 02:38  CatalogMesh                  INFO     Painted 12582912 out of 23408669 objects to mesh.
[017908.92]  01-27 02:38  CatalogMesh                  INFO     Slab 12582912 ~ 16777216 / 23408669.
[017910.06]  01-27 02:38  CatalogMesh                  INFO     Painted 16777216 out of 23408669 objects to mesh.
[017910.07]  01-27 02:38  CatalogMesh                  INFO     Slab 16777216 ~ 20971520 / 23408669.
[017911.27]  01-27 02:38  CatalogMesh                  INFO     Painted 20971520 out of 23408669 objects to mesh.
[017911.27]  01-27 02:38  CatalogMesh                  INFO     Slab 20971520 ~ 25165824 / 23408669.
[017912.11]  01-27 02:38  CatalogMesh                  INFO     Painted 23408669 out of 23408669 objects to mesh.
[017912.11]  01-27 02:38  CatalogMesh                  INFO     Running interlacing at order 3.
[017914.32]  01-27 02:38  CatalogMesh                  INFO     Slab 0 ~ 4194304 / 23408669.
[017915.46]  01-27 02:38  CatalogMesh                  INFO     Painted 4194304 out of 23408669 objects to mesh.
[017915.46]  01-27 02:38  CatalogMesh                  INFO     Slab 4194304 ~ 8388608 / 23408669.
[017916.59]  01-27 02:38  CatalogMesh                  INFO     Painted 8388608 out of 23408669 objects to mesh.
[017916.59]  01-27 02:38  CatalogMesh                  INFO     Slab 8388608 ~ 12582912 / 23408669.
[017917.72]  01-27 02:38  CatalogMesh                  INFO     Painted 12582912 out of 23408669 objects to mesh.
[017917.72]  01-27 02:38  CatalogMesh                  INFO     Slab 12582912 ~ 16777216 / 23408669.
[017918.85]  01-27 02:38  CatalogMesh                  INFO     Painted 16777216 out of 23408669 objects to mesh.
[017918.86]  01-27 02:38  CatalogMesh                  INFO     Slab 16777216 ~ 20971520 / 23408669.
[017920.06]  01-27 02:38  CatalogMesh                  INFO     Painted 20971520 out of 23408669 objects to mesh.
[017920.06]  01-27 02:38  CatalogMesh                  INFO     Slab 20971520 ~ 25165824 / 23408669.
[017920.90]  01-27 02:38  CatalogMesh                  INFO     Painted 23408669 out of 23408669 objects to mesh.
[017924.67]  01-27 02:38  CatalogMesh                  INFO     Slab 0 ~ 4194304 / 23408669.
[017925.80]  01-27 02:38  CatalogMesh                  INFO     Painted 4194304 out of 23408669 objects to mesh.
[017925.80]  01-27 02:38  CatalogMesh                  INFO     Slab 4194304 ~ 8388608 / 23408669.
[017926.93]  01-27 02:38  CatalogMesh                  INFO     Painted 8388608 out of 23408669 objects to mesh.
[017926.93]  01-27 02:38  CatalogMesh                  INFO     Slab 8388608 ~ 12582912 / 23408669.
[017928.07]  01-27 02:38  CatalogMesh                  INFO     Painted 12582912 out of 23408669 objects to mesh.
[017928.07]  01-27 02:38  CatalogMesh                  INFO     Slab 12582912 ~ 16777216 / 23408669.
[017929.20]  01-27 02:38  CatalogMesh                  INFO     Painted 16777216 out of 23408669 objects to mesh.
[017929.20]  01-27 02:38  CatalogMesh                  INFO     Slab 16777216 ~ 20971520 / 23408669.
[017930.41]  01-27 02:38  CatalogMesh                  INFO     Painted 20971520 out of 23408669 objects to mesh.
[017930.41]  01-27 02:38  CatalogMesh                  INFO     Slab 20971520 ~ 25165824 / 23408669.
[017931.25]  01-27 02:38  CatalogMesh                  INFO     Painted 23408669 out of 23408669 objects to mesh.
[017936.80]  01-27 02:38  CatalogFFTPower              INFO     Done painting catalog 1 to mesh.
[017936.80]  01-27 02:38  CatalogFFTPower              INFO     Using 400 k-bins between 0.000 and 0.400.
[017936.80]  01-27 02:38  CatalogFFTPower              INFO     Meshes prepared in elapsed time 31.66 s.
[017936.80]  01-27 02:38  CatalogFFTPower              INFO     Running mesh calculation.
[017953.99]  01-27 02:38  CatalogFFTPower              INFO     Mesh calculations performed in elapsed time 17.19 s.
[017953.99]  01-27 02:38  CatalogFFTPower              INFO     Power spectrum computed in elapsed time 48.85 s.
[017953.99]  01-27 02:38  CatalogFFTPower              INFO     Saving /pscratch/sd/s/shengyu/galaxies/catalogs/Y3/AbacusHF-v2/Boxes/QSO/sn1p550/AbacusSummit_base_c000_ph011/mpspk/pkpoles_QSO_zp1.550_DR2_v1.0+dv_verr_empirical.npy.
[017953.99]  01-27 02:38  compute_2pt                  INFO     Save to /pscratch/sd/s/shengyu/galaxies/catalogs/Y3/AbacusHF-v2/Boxes/QSO/sn1p550/AbacusSummit_base_c000_ph011/mpspk/pkpoles_QSO_zp1.550_DR2_v1.0+dv_verr_empirical.npy
[017953.99]  01-27 02:38  TwoPointCorrelationFunction  INFO     Using estimator <class 'pycorr.twopoint_estimator.NaturalTwoPointEstimator'>.
[017953.99]  01-27 02:38  TwoPointCorrelationFunction  INFO     Running auto-correlation.
[017953.99]  01-27 02:38  TwoPointCorrelationFunction  INFO     Computing two-point counts D1D2.
[017970.72]  01-27 02:39  TwoPointCorrelationFunction  INFO     Analytically computing two-point counts R1R2.
[017970.72]  01-27 02:39  TwoPointCorrelationFunction  INFO     Correlation function computed in elapsed time 16.72 s.
[017970.72]  01-27 02:39  NaturalTwoPointEstimator     INFO     Saving /pscratch/sd/s/shengyu/galaxies/catalogs/Y3/AbacusHF-v2/Boxes/QSO/sn1p550/AbacusSummit_base_c000_ph011/mpspk/mpslog_QSO_zp1.550_DR2_v1.0+dv_verr_empirical.npy.
[017970.72]  01-27 02:39  compute_2pt                  INFO     Save to /pscratch/sd/s/shengyu/galaxies/catalogs/Y3/AbacusHF-v2/Boxes/QSO/sn1p550/AbacusSummit_base_c000_ph011/mpspk/mpslog_QSO_zp1.550_DR2_v1.0+dv_verr_empirical.npy
[017970.72]  01-27 02:39  TwoPointCorrelationFunction  INFO     Using estimator <class 'pycorr.twopoint_estimator.NaturalTwoPointEstimator'>.
[017970.72]  01-27 02:39  TwoPointCorrelationFunction  INFO     Running auto-correlation.
[017970.72]  01-27 02:39  TwoPointCorrelationFunction  INFO     Computing two-point counts D1D2.
[017990.07]  01-27 02:39  TwoPointCorrelationFunction  INFO     Analytically computing two-point counts R1R2.
[017990.07]  01-27 02:39  TwoPointCorrelationFunction  INFO     Correlation function computed in elapsed time 19.34 s.
[017990.07]  01-27 02:39  NaturalTwoPointEstimator     INFO     Saving /pscratch/sd/s/shengyu/galaxies/catalogs/Y3/AbacusHF-v2/Boxes/QSO/sn1p550/AbacusSummit_base_c000_ph011/mpspk/wplog_QSO_zp1.550_DR2_v1.0+dv_verr_empirical.npy.
[017990.07]  01-27 02:39  compute_2pt                  INFO     Save to /pscratch/sd/s/shengyu/galaxies/catalogs/Y3/AbacusHF-v2/Boxes/QSO/sn1p550/AbacusSummit_base_c000_ph011/mpspk/wplog_QSO_zp1.550_DR2_v1.0+dv_verr_empirical.npy
[017990.07]  01-27 02:39  compute_2pt                  INFO     Procceed {'version': 'AbacusHF-v2', 'domain': 'cubic', 'tracer': 'QSO', 'zsnap': 1.55, 'zrange': (1.4, 1.7), 'mock_id': 12, 'use_dv': 'verr_empirical'}
[017990.07]  01-27 02:39  cat_tools                    INFO     Load /pscratch/sd/s/shengyu/galaxies/catalogs/Y3/AbacusHF-v2/Boxes/QSO/sn1p550/AbacusSummit_base_c000_ph012/abacus_HF_QSO_1p550_DR2_v2.0_AbacusSummit_base_c000_ph012_base_clustering.dat.h5
[017990.07]  01-27 02:39  FileStack                    INFO     Reading /pscratch/sd/s/shengyu/galaxies/catalogs/Y3/AbacusHF-v2/Boxes/QSO/sn1p550/AbacusSummit_base_c000_ph012/abacus_HF_QSO_1p550_DR2_v2.0_AbacusSummit_base_c000_ph012_base_clustering.dat.h5.
[017990.08]  01-27 02:39  cat_tools                    INFO     use Z positions shifted in verr_empirical mode
[017990.99]  01-27 02:39  TwoPointCorrelationFunction  INFO     Using estimator <class 'pycorr.twopoint_estimator.NaturalTwoPointEstimator'>.
[017990.99]  01-27 02:39  TwoPointCorrelationFunction  INFO     Running auto-correlation.
[017990.99]  01-27 02:39  TwoPointCorrelationFunction  INFO     Computing two-point counts D1D2.
[018062.52]  01-27 02:40  TwoPointCorrelationFunction  INFO     Analytically computing two-point counts R1R2.
[018062.53]  01-27 02:40  TwoPointCorrelationFunction  INFO     Correlation function computed in elapsed time 71.53 s.
[018062.53]  01-27 02:40  NaturalTwoPointEstimator     INFO     Saving /pscratch/sd/s/shengyu/galaxies/catalogs/Y3/AbacusHF-v2/Boxes/QSO/sn1p550/AbacusSummit_base_c000_ph012/mpspk/xipoles_QSO_zp1.550_DR2_v1.0+dv_verr_empirical.npy.
[018062.53]  01-27 02:40  compute_2pt                  INFO     Save to /pscratch/sd/s/shengyu/galaxies/catalogs/Y3/AbacusHF-v2/Boxes/QSO/sn1p550/AbacusSummit_base_c000_ph012/mpspk/xipoles_QSO_zp1.550_DR2_v1.0+dv_verr_empirical.npy
[018065.67]  01-27 02:40  CatalogFFTPower              INFO     Painting catalog 1 to mesh CatalogMesh(nmesh=[512 512 512], boxsize=[2000. 2000. 2000.], boxcenter=[1000.00003146  999.9999169   999.99997842], dtype=float64).
[018066.03]  01-27 02:40  CatalogMesh                  INFO     Slab 0 ~ 4194304 / 23341005.
[018067.17]  01-27 02:40  CatalogMesh                  INFO     Painted 4194304 out of 23341005 objects to mesh.
[018067.17]  01-27 02:40  CatalogMesh                  INFO     Slab 4194304 ~ 8388608 / 23341005.
[018068.30]  01-27 02:40  CatalogMesh                  INFO     Painted 8388608 out of 23341005 objects to mesh.
[018068.30]  01-27 02:40  CatalogMesh                  INFO     Slab 8388608 ~ 12582912 / 23341005.
[018069.43]  01-27 02:40  CatalogMesh                  INFO     Painted 12582912 out of 23341005 objects to mesh.
[018069.43]  01-27 02:40  CatalogMesh                  INFO     Slab 12582912 ~ 16777216 / 23341005.
[018070.56]  01-27 02:40  CatalogMesh                  INFO     Painted 16777216 out of 23341005 objects to mesh.
[018070.56]  01-27 02:40  CatalogMesh                  INFO     Slab 16777216 ~ 20971520 / 23341005.
[018071.77]  01-27 02:40  CatalogMesh                  INFO     Painted 20971520 out of 23341005 objects to mesh.
[018071.77]  01-27 02:40  CatalogMesh                  INFO     Slab 20971520 ~ 25165824 / 23341005.
[018072.59]  01-27 02:40  CatalogMesh                  INFO     Painted 23341005 out of 23341005 objects to mesh.
[018072.59]  01-27 02:40  CatalogMesh                  INFO     Running interlacing at order 3.
[018074.80]  01-27 02:40  CatalogMesh                  INFO     Slab 0 ~ 4194304 / 23341005.
[018075.92]  01-27 02:40  CatalogMesh                  INFO     Painted 4194304 out of 23341005 objects to mesh.
[018075.92]  01-27 02:40  CatalogMesh                  INFO     Slab 4194304 ~ 8388608 / 23341005.
[018077.05]  01-27 02:40  CatalogMesh                  INFO     Painted 8388608 out of 23341005 objects to mesh.
[018077.05]  01-27 02:40  CatalogMesh                  INFO     Slab 8388608 ~ 12582912 / 23341005.
[018078.18]  01-27 02:40  CatalogMesh                  INFO     Painted 12582912 out of 23341005 objects to mesh.
[018078.19]  01-27 02:40  CatalogMesh                  INFO     Slab 12582912 ~ 16777216 / 23341005.
[018079.31]  01-27 02:40  CatalogMesh                  INFO     Painted 16777216 out of 23341005 objects to mesh.
[018079.31]  01-27 02:40  CatalogMesh                  INFO     Slab 16777216 ~ 20971520 / 23341005.
[018080.52]  01-27 02:40  CatalogMesh                  INFO     Painted 20971520 out of 23341005 objects to mesh.
[018080.52]  01-27 02:40  CatalogMesh                  INFO     Slab 20971520 ~ 25165824 / 23341005.
[018081.34]  01-27 02:40  CatalogMesh                  INFO     Painted 23341005 out of 23341005 objects to mesh.
[018085.09]  01-27 02:40  CatalogMesh                  INFO     Slab 0 ~ 4194304 / 23341005.
[018086.21]  01-27 02:40  CatalogMesh                  INFO     Painted 4194304 out of 23341005 objects to mesh.
[018086.21]  01-27 02:40  CatalogMesh                  INFO     Slab 4194304 ~ 8388608 / 23341005.
[018087.34]  01-27 02:41  CatalogMesh                  INFO     Painted 8388608 out of 23341005 objects to mesh.
[018087.34]  01-27 02:41  CatalogMesh                  INFO     Slab 8388608 ~ 12582912 / 23341005.
[018088.47]  01-27 02:41  CatalogMesh                  INFO     Painted 12582912 out of 23341005 objects to mesh.
[018088.47]  01-27 02:41  CatalogMesh                  INFO     Slab 12582912 ~ 16777216 / 23341005.
[018089.60]  01-27 02:41  CatalogMesh                  INFO     Painted 16777216 out of 23341005 objects to mesh.
[018089.60]  01-27 02:41  CatalogMesh                  INFO     Slab 16777216 ~ 20971520 / 23341005.
[018090.81]  01-27 02:41  CatalogMesh                  INFO     Painted 20971520 out of 23341005 objects to mesh.
[018090.81]  01-27 02:41  CatalogMesh                  INFO     Slab 20971520 ~ 25165824 / 23341005.
[018091.63]  01-27 02:41  CatalogMesh                  INFO     Painted 23341005 out of 23341005 objects to mesh.
[018097.18]  01-27 02:41  CatalogFFTPower              INFO     Done painting catalog 1 to mesh.
[018097.18]  01-27 02:41  CatalogFFTPower              INFO     Using 400 k-bins between 0.000 and 0.400.
[018097.18]  01-27 02:41  CatalogFFTPower              INFO     Meshes prepared in elapsed time 31.51 s.
[018097.18]  01-27 02:41  CatalogFFTPower              INFO     Running mesh calculation.
[018114.19]  01-27 02:41  CatalogFFTPower              INFO     Mesh calculations performed in elapsed time 17.01 s.
[018114.19]  01-27 02:41  CatalogFFTPower              INFO     Power spectrum computed in elapsed time 48.52 s.
[018114.19]  01-27 02:41  CatalogFFTPower              INFO     Saving /pscratch/sd/s/shengyu/galaxies/catalogs/Y3/AbacusHF-v2/Boxes/QSO/sn1p550/AbacusSummit_base_c000_ph012/mpspk/pkpoles_QSO_zp1.550_DR2_v1.0+dv_verr_empirical.npy.
[018114.19]  01-27 02:41  compute_2pt                  INFO     Save to /pscratch/sd/s/shengyu/galaxies/catalogs/Y3/AbacusHF-v2/Boxes/QSO/sn1p550/AbacusSummit_base_c000_ph012/mpspk/pkpoles_QSO_zp1.550_DR2_v1.0+dv_verr_empirical.npy
[018114.19]  01-27 02:41  TwoPointCorrelationFunction  INFO     Using estimator <class 'pycorr.twopoint_estimator.NaturalTwoPointEstimator'>.
[018114.19]  01-27 02:41  TwoPointCorrelationFunction  INFO     Running auto-correlation.
[018114.20]  01-27 02:41  TwoPointCorrelationFunction  INFO     Computing two-point counts D1D2.
[018130.55]  01-27 02:41  TwoPointCorrelationFunction  INFO     Analytically computing two-point counts R1R2.
[018130.55]  01-27 02:41  TwoPointCorrelationFunction  INFO     Correlation function computed in elapsed time 16.36 s.
[018130.55]  01-27 02:41  NaturalTwoPointEstimator     INFO     Saving /pscratch/sd/s/shengyu/galaxies/catalogs/Y3/AbacusHF-v2/Boxes/QSO/sn1p550/AbacusSummit_base_c000_ph012/mpspk/mpslog_QSO_zp1.550_DR2_v1.0+dv_verr_empirical.npy.
[018130.56]  01-27 02:41  compute_2pt                  INFO     Save to /pscratch/sd/s/shengyu/galaxies/catalogs/Y3/AbacusHF-v2/Boxes/QSO/sn1p550/AbacusSummit_base_c000_ph012/mpspk/mpslog_QSO_zp1.550_DR2_v1.0+dv_verr_empirical.npy
[018130.56]  01-27 02:41  TwoPointCorrelationFunction  INFO     Using estimator <class 'pycorr.twopoint_estimator.NaturalTwoPointEstimator'>.
[018130.56]  01-27 02:41  TwoPointCorrelationFunction  INFO     Running auto-correlation.
[018130.56]  01-27 02:41  TwoPointCorrelationFunction  INFO     Computing two-point counts D1D2.
[018149.87]  01-27 02:42  TwoPointCorrelationFunction  INFO     Analytically computing two-point counts R1R2.
[018149.87]  01-27 02:42  TwoPointCorrelationFunction  INFO     Correlation function computed in elapsed time 19.32 s.
[018149.87]  01-27 02:42  NaturalTwoPointEstimator     INFO     Saving /pscratch/sd/s/shengyu/galaxies/catalogs/Y3/AbacusHF-v2/Boxes/QSO/sn1p550/AbacusSummit_base_c000_ph012/mpspk/wplog_QSO_zp1.550_DR2_v1.0+dv_verr_empirical.npy.
[018149.88]  01-27 02:42  compute_2pt                  INFO     Save to /pscratch/sd/s/shengyu/galaxies/catalogs/Y3/AbacusHF-v2/Boxes/QSO/sn1p550/AbacusSummit_base_c000_ph012/mpspk/wplog_QSO_zp1.550_DR2_v1.0+dv_verr_empirical.npy
[018149.88]  01-27 02:42  compute_2pt                  INFO     Procceed {'version': 'AbacusHF-v2', 'domain': 'cubic', 'tracer': 'QSO', 'zsnap': 1.55, 'zrange': (1.4, 1.7), 'mock_id': 13, 'use_dv': 'verr_empirical'}
[018149.88]  01-27 02:42  cat_tools                    INFO     Load /pscratch/sd/s/shengyu/galaxies/catalogs/Y3/AbacusHF-v2/Boxes/QSO/sn1p550/AbacusSummit_base_c000_ph013/abacus_HF_QSO_1p550_DR2_v2.0_AbacusSummit_base_c000_ph013_base_clustering.dat.h5
[018149.88]  01-27 02:42  FileStack                    INFO     Reading /pscratch/sd/s/shengyu/galaxies/catalogs/Y3/AbacusHF-v2/Boxes/QSO/sn1p550/AbacusSummit_base_c000_ph013/abacus_HF_QSO_1p550_DR2_v2.0_AbacusSummit_base_c000_ph013_base_clustering.dat.h5.
[018149.89]  01-27 02:42  cat_tools                    INFO     use Z positions shifted in verr_empirical mode
[018150.80]  01-27 02:42  TwoPointCorrelationFunction  INFO     Using estimator <class 'pycorr.twopoint_estimator.NaturalTwoPointEstimator'>.
[018150.80]  01-27 02:42  TwoPointCorrelationFunction  INFO     Running auto-correlation.
[018150.80]  01-27 02:42  TwoPointCorrelationFunction  INFO     Computing two-point counts D1D2.
[018220.95]  01-27 02:43  TwoPointCorrelationFunction  INFO     Analytically computing two-point counts R1R2.
[018220.96]  01-27 02:43  TwoPointCorrelationFunction  INFO     Correlation function computed in elapsed time 70.16 s.
[018220.96]  01-27 02:43  NaturalTwoPointEstimator     INFO     Saving /pscratch/sd/s/shengyu/galaxies/catalogs/Y3/AbacusHF-v2/Boxes/QSO/sn1p550/AbacusSummit_base_c000_ph013/mpspk/xipoles_QSO_zp1.550_DR2_v1.0+dv_verr_empirical.npy.
[018220.96]  01-27 02:43  compute_2pt                  INFO     Save to /pscratch/sd/s/shengyu/galaxies/catalogs/Y3/AbacusHF-v2/Boxes/QSO/sn1p550/AbacusSummit_base_c000_ph013/mpspk/xipoles_QSO_zp1.550_DR2_v1.0+dv_verr_empirical.npy
[018224.11]  01-27 02:43  CatalogFFTPower              INFO     Painting catalog 1 to mesh CatalogMesh(nmesh=[512 512 512], boxsize=[2000. 2000. 2000.], boxcenter=[999.99999683 999.99995669 999.99999912], dtype=float64).
[018224.47]  01-27 02:43  CatalogMesh                  INFO     Slab 0 ~ 4194304 / 23374921.
[018225.62]  01-27 02:43  CatalogMesh                  INFO     Painted 4194304 out of 23374921 objects to mesh.
[018225.62]  01-27 02:43  CatalogMesh                  INFO     Slab 4194304 ~ 8388608 / 23374921.
[018226.74]  01-27 02:43  CatalogMesh                  INFO     Painted 8388608 out of 23374921 objects to mesh.
[018226.74]  01-27 02:43  CatalogMesh                  INFO     Slab 8388608 ~ 12582912 / 23374921.
[018227.86]  01-27 02:43  CatalogMesh                  INFO     Painted 12582912 out of 23374921 objects to mesh.
[018227.86]  01-27 02:43  CatalogMesh                  INFO     Slab 12582912 ~ 16777216 / 23374921.
[018228.99]  01-27 02:43  CatalogMesh                  INFO     Painted 16777216 out of 23374921 objects to mesh.
[018228.99]  01-27 02:43  CatalogMesh                  INFO     Slab 16777216 ~ 20971520 / 23374921.
[018230.19]  01-27 02:43  CatalogMesh                  INFO     Painted 20971520 out of 23374921 objects to mesh.
[018230.19]  01-27 02:43  CatalogMesh                  INFO     Slab 20971520 ~ 25165824 / 23374921.
[018231.02]  01-27 02:43  CatalogMesh                  INFO     Painted 23374921 out of 23374921 objects to mesh.
[018231.02]  01-27 02:43  CatalogMesh                  INFO     Running interlacing at order 3.
[018233.21]  01-27 02:43  CatalogMesh                  INFO     Slab 0 ~ 4194304 / 23374921.
[018234.33]  01-27 02:43  CatalogMesh                  INFO     Painted 4194304 out of 23374921 objects to mesh.
[018234.33]  01-27 02:43  CatalogMesh                  INFO     Slab 4194304 ~ 8388608 / 23374921.
[018235.45]  01-27 02:43  CatalogMesh                  INFO     Painted 8388608 out of 23374921 objects to mesh.
[018235.45]  01-27 02:43  CatalogMesh                  INFO     Slab 8388608 ~ 12582912 / 23374921.
[018236.58]  01-27 02:43  CatalogMesh                  INFO     Painted 12582912 out of 23374921 objects to mesh.
[018236.58]  01-27 02:43  CatalogMesh                  INFO     Slab 12582912 ~ 16777216 / 23374921.
[018237.70]  01-27 02:43  CatalogMesh                  INFO     Painted 16777216 out of 23374921 objects to mesh.
[018237.70]  01-27 02:43  CatalogMesh                  INFO     Slab 16777216 ~ 20971520 / 23374921.
[018238.91]  01-27 02:43  CatalogMesh                  INFO     Painted 20971520 out of 23374921 objects to mesh.
[018238.91]  01-27 02:43  CatalogMesh                  INFO     Slab 20971520 ~ 25165824 / 23374921.
[018239.73]  01-27 02:43  CatalogMesh                  INFO     Painted 23374921 out of 23374921 objects to mesh.
[018243.45]  01-27 02:43  CatalogMesh                  INFO     Slab 0 ~ 4194304 / 23374921.
[018244.57]  01-27 02:43  CatalogMesh                  INFO     Painted 4194304 out of 23374921 objects to mesh.
[018244.57]  01-27 02:43  CatalogMesh                  INFO     Slab 4194304 ~ 8388608 / 23374921.
[018245.70]  01-27 02:43  CatalogMesh                  INFO     Painted 8388608 out of 23374921 objects to mesh.
[018245.70]  01-27 02:43  CatalogMesh                  INFO     Slab 8388608 ~ 12582912 / 23374921.
[018246.82]  01-27 02:43  CatalogMesh                  INFO     Painted 12582912 out of 23374921 objects to mesh.
[018246.82]  01-27 02:43  CatalogMesh                  INFO     Slab 12582912 ~ 16777216 / 23374921.
[018247.94]  01-27 02:43  CatalogMesh                  INFO     Painted 16777216 out of 23374921 objects to mesh.
[018247.95]  01-27 02:43  CatalogMesh                  INFO     Slab 16777216 ~ 20971520 / 23374921.
[018249.15]  01-27 02:43  CatalogMesh                  INFO     Painted 20971520 out of 23374921 objects to mesh.
[018249.15]  01-27 02:43  CatalogMesh                  INFO     Slab 20971520 ~ 25165824 / 23374921.
[018249.98]  01-27 02:43  CatalogMesh                  INFO     Painted 23374921 out of 23374921 objects to mesh.
[018255.46]  01-27 02:43  CatalogFFTPower              INFO     Done painting catalog 1 to mesh.
[018255.46]  01-27 02:43  CatalogFFTPower              INFO     Using 400 k-bins between 0.000 and 0.400.
[018255.46]  01-27 02:43  CatalogFFTPower              INFO     Meshes prepared in elapsed time 31.35 s.
[018255.46]  01-27 02:43  CatalogFFTPower              INFO     Running mesh calculation.
[018272.40]  01-27 02:44  CatalogFFTPower              INFO     Mesh calculations performed in elapsed time 16.94 s.
[018272.40]  01-27 02:44  CatalogFFTPower              INFO     Power spectrum computed in elapsed time 48.29 s.
[018272.40]  01-27 02:44  CatalogFFTPower              INFO     Saving /pscratch/sd/s/shengyu/galaxies/catalogs/Y3/AbacusHF-v2/Boxes/QSO/sn1p550/AbacusSummit_base_c000_ph013/mpspk/pkpoles_QSO_zp1.550_DR2_v1.0+dv_verr_empirical.npy.
[018272.40]  01-27 02:44  compute_2pt                  INFO     Save to /pscratch/sd/s/shengyu/galaxies/catalogs/Y3/AbacusHF-v2/Boxes/QSO/sn1p550/AbacusSummit_base_c000_ph013/mpspk/pkpoles_QSO_zp1.550_DR2_v1.0+dv_verr_empirical.npy
[018272.40]  01-27 02:44  TwoPointCorrelationFunction  INFO     Using estimator <class 'pycorr.twopoint_estimator.NaturalTwoPointEstimator'>.
[018272.40]  01-27 02:44  TwoPointCorrelationFunction  INFO     Running auto-correlation.
[018272.40]  01-27 02:44  TwoPointCorrelationFunction  INFO     Computing two-point counts D1D2.
[018288.14]  01-27 02:44  TwoPointCorrelationFunction  INFO     Analytically computing two-point counts R1R2.
[018288.14]  01-27 02:44  TwoPointCorrelationFunction  INFO     Correlation function computed in elapsed time 15.74 s.
[018288.15]  01-27 02:44  NaturalTwoPointEstimator     INFO     Saving /pscratch/sd/s/shengyu/galaxies/catalogs/Y3/AbacusHF-v2/Boxes/QSO/sn1p550/AbacusSummit_base_c000_ph013/mpspk/mpslog_QSO_zp1.550_DR2_v1.0+dv_verr_empirical.npy.
[018288.15]  01-27 02:44  compute_2pt                  INFO     Save to /pscratch/sd/s/shengyu/galaxies/catalogs/Y3/AbacusHF-v2/Boxes/QSO/sn1p550/AbacusSummit_base_c000_ph013/mpspk/mpslog_QSO_zp1.550_DR2_v1.0+dv_verr_empirical.npy
[018288.15]  01-27 02:44  TwoPointCorrelationFunction  INFO     Using estimator <class 'pycorr.twopoint_estimator.NaturalTwoPointEstimator'>.
[018288.15]  01-27 02:44  TwoPointCorrelationFunction  INFO     Running auto-correlation.
[018288.15]  01-27 02:44  TwoPointCorrelationFunction  INFO     Computing two-point counts D1D2.
[018307.38]  01-27 02:44  TwoPointCorrelationFunction  INFO     Analytically computing two-point counts R1R2.
[018307.38]  01-27 02:44  TwoPointCorrelationFunction  INFO     Correlation function computed in elapsed time 19.23 s.
[018307.38]  01-27 02:44  NaturalTwoPointEstimator     INFO     Saving /pscratch/sd/s/shengyu/galaxies/catalogs/Y3/AbacusHF-v2/Boxes/QSO/sn1p550/AbacusSummit_base_c000_ph013/mpspk/wplog_QSO_zp1.550_DR2_v1.0+dv_verr_empirical.npy.
[018307.38]  01-27 02:44  compute_2pt                  INFO     Save to /pscratch/sd/s/shengyu/galaxies/catalogs/Y3/AbacusHF-v2/Boxes/QSO/sn1p550/AbacusSummit_base_c000_ph013/mpspk/wplog_QSO_zp1.550_DR2_v1.0+dv_verr_empirical.npy
[018307.38]  01-27 02:44  compute_2pt                  INFO     Procceed {'version': 'AbacusHF-v2', 'domain': 'cubic', 'tracer': 'QSO', 'zsnap': 1.55, 'zrange': (1.4, 1.7), 'mock_id': 14, 'use_dv': 'verr_empirical'}
[018307.38]  01-27 02:44  cat_tools                    INFO     Load /pscratch/sd/s/shengyu/galaxies/catalogs/Y3/AbacusHF-v2/Boxes/QSO/sn1p550/AbacusSummit_base_c000_ph014/abacus_HF_QSO_1p550_DR2_v2.0_AbacusSummit_base_c000_ph014_base_clustering.dat.h5
[018307.38]  01-27 02:44  FileStack                    INFO     Reading /pscratch/sd/s/shengyu/galaxies/catalogs/Y3/AbacusHF-v2/Boxes/QSO/sn1p550/AbacusSummit_base_c000_ph014/abacus_HF_QSO_1p550_DR2_v2.0_AbacusSummit_base_c000_ph014_base_clustering.dat.h5.
[018307.39]  01-27 02:44  cat_tools                    INFO     use Z positions shifted in verr_empirical mode
[018308.31]  01-27 02:44  TwoPointCorrelationFunction  INFO     Using estimator <class 'pycorr.twopoint_estimator.NaturalTwoPointEstimator'>.
[018308.31]  01-27 02:44  TwoPointCorrelationFunction  INFO     Running auto-correlation.
[018308.31]  01-27 02:44  TwoPointCorrelationFunction  INFO     Computing two-point counts D1D2.
[018379.12]  01-27 02:45  TwoPointCorrelationFunction  INFO     Analytically computing two-point counts R1R2.
[018379.12]  01-27 02:45  TwoPointCorrelationFunction  INFO     Correlation function computed in elapsed time 70.82 s.
[018379.13]  01-27 02:45  NaturalTwoPointEstimator     INFO     Saving /pscratch/sd/s/shengyu/galaxies/catalogs/Y3/AbacusHF-v2/Boxes/QSO/sn1p550/AbacusSummit_base_c000_ph014/mpspk/xipoles_QSO_zp1.550_DR2_v1.0+dv_verr_empirical.npy.
[018379.13]  01-27 02:45  compute_2pt                  INFO     Save to /pscratch/sd/s/shengyu/galaxies/catalogs/Y3/AbacusHF-v2/Boxes/QSO/sn1p550/AbacusSummit_base_c000_ph014/mpspk/xipoles_QSO_zp1.550_DR2_v1.0+dv_verr_empirical.npy
[018382.27]  01-27 02:45  CatalogFFTPower              INFO     Painting catalog 1 to mesh CatalogMesh(nmesh=[512 512 512], boxsize=[2000. 2000. 2000.], boxcenter=[1000.00003088 1000.00001471  999.99999766], dtype=float64).
[018382.63]  01-27 02:45  CatalogMesh                  INFO     Slab 0 ~ 4194304 / 23354539.
[018383.77]  01-27 02:45  CatalogMesh                  INFO     Painted 4194304 out of 23354539 objects to mesh.
[018383.77]  01-27 02:45  CatalogMesh                  INFO     Slab 4194304 ~ 8388608 / 23354539.
[018384.91]  01-27 02:45  CatalogMesh                  INFO     Painted 8388608 out of 23354539 objects to mesh.
[018384.91]  01-27 02:45  CatalogMesh                  INFO     Slab 8388608 ~ 12582912 / 23354539.
[018386.04]  01-27 02:45  CatalogMesh                  INFO     Painted 12582912 out of 23354539 objects to mesh.
[018386.04]  01-27 02:45  CatalogMesh                  INFO     Slab 12582912 ~ 16777216 / 23354539.
[018387.17]  01-27 02:46  CatalogMesh                  INFO     Painted 16777216 out of 23354539 objects to mesh.
[018387.17]  01-27 02:46  CatalogMesh                  INFO     Slab 16777216 ~ 20971520 / 23354539.
[018388.38]  01-27 02:46  CatalogMesh                  INFO     Painted 20971520 out of 23354539 objects to mesh.
[018388.38]  01-27 02:46  CatalogMesh                  INFO     Slab 20971520 ~ 25165824 / 23354539.
[018389.20]  01-27 02:46  CatalogMesh                  INFO     Painted 23354539 out of 23354539 objects to mesh.
[018389.20]  01-27 02:46  CatalogMesh                  INFO     Running interlacing at order 3.
[018391.41]  01-27 02:46  CatalogMesh                  INFO     Slab 0 ~ 4194304 / 23354539.
[018392.54]  01-27 02:46  CatalogMesh                  INFO     Painted 4194304 out of 23354539 objects to mesh.
[018392.54]  01-27 02:46  CatalogMesh                  INFO     Slab 4194304 ~ 8388608 / 23354539.
[018393.67]  01-27 02:46  CatalogMesh                  INFO     Painted 8388608 out of 23354539 objects to mesh.
[018393.67]  01-27 02:46  CatalogMesh                  INFO     Slab 8388608 ~ 12582912 / 23354539.
[018394.80]  01-27 02:46  CatalogMesh                  INFO     Painted 12582912 out of 23354539 objects to mesh.
[018394.80]  01-27 02:46  CatalogMesh                  INFO     Slab 12582912 ~ 16777216 / 23354539.
[018395.94]  01-27 02:46  CatalogMesh                  INFO     Painted 16777216 out of 23354539 objects to mesh.
[018395.94]  01-27 02:46  CatalogMesh                  INFO     Slab 16777216 ~ 20971520 / 23354539.
[018397.15]  01-27 02:46  CatalogMesh                  INFO     Painted 20971520 out of 23354539 objects to mesh.
[018397.15]  01-27 02:46  CatalogMesh                  INFO     Slab 20971520 ~ 25165824 / 23354539.
[018397.98]  01-27 02:46  CatalogMesh                  INFO     Painted 23354539 out of 23354539 objects to mesh.
[018401.73]  01-27 02:46  CatalogMesh                  INFO     Slab 0 ~ 4194304 / 23354539.
[018402.86]  01-27 02:46  CatalogMesh                  INFO     Painted 4194304 out of 23354539 objects to mesh.
[018402.87]  01-27 02:46  CatalogMesh                  INFO     Slab 4194304 ~ 8388608 / 23354539.
[018404.01]  01-27 02:46  CatalogMesh                  INFO     Painted 8388608 out of 23354539 objects to mesh.
[018404.01]  01-27 02:46  CatalogMesh                  INFO     Slab 8388608 ~ 12582912 / 23354539.
[018405.14]  01-27 02:46  CatalogMesh                  INFO     Painted 12582912 out of 23354539 objects to mesh.
[018405.15]  01-27 02:46  CatalogMesh                  INFO     Slab 12582912 ~ 16777216 / 23354539.
[018406.28]  01-27 02:46  CatalogMesh                  INFO     Painted 16777216 out of 23354539 objects to mesh.
[018406.28]  01-27 02:46  CatalogMesh                  INFO     Slab 16777216 ~ 20971520 / 23354539.
[018407.49]  01-27 02:46  CatalogMesh                  INFO     Painted 20971520 out of 23354539 objects to mesh.
[018407.50]  01-27 02:46  CatalogMesh                  INFO     Slab 20971520 ~ 25165824 / 23354539.
[018408.32]  01-27 02:46  CatalogMesh                  INFO     Painted 23354539 out of 23354539 objects to mesh.
[018413.85]  01-27 02:46  CatalogFFTPower              INFO     Done painting catalog 1 to mesh.
[018413.85]  01-27 02:46  CatalogFFTPower              INFO     Using 400 k-bins between 0.000 and 0.400.
[018413.85]  01-27 02:46  CatalogFFTPower              INFO     Meshes prepared in elapsed time 31.58 s.
[018413.85]  01-27 02:46  CatalogFFTPower              INFO     Running mesh calculation.
[018430.87]  01-27 02:46  CatalogFFTPower              INFO     Mesh calculations performed in elapsed time 17.02 s.
[018430.87]  01-27 02:46  CatalogFFTPower              INFO     Power spectrum computed in elapsed time 48.60 s.
[018430.87]  01-27 02:46  CatalogFFTPower              INFO     Saving /pscratch/sd/s/shengyu/galaxies/catalogs/Y3/AbacusHF-v2/Boxes/QSO/sn1p550/AbacusSummit_base_c000_ph014/mpspk/pkpoles_QSO_zp1.550_DR2_v1.0+dv_verr_empirical.npy.
[018430.88]  01-27 02:46  compute_2pt                  INFO     Save to /pscratch/sd/s/shengyu/galaxies/catalogs/Y3/AbacusHF-v2/Boxes/QSO/sn1p550/AbacusSummit_base_c000_ph014/mpspk/pkpoles_QSO_zp1.550_DR2_v1.0+dv_verr_empirical.npy
[018430.88]  01-27 02:46  TwoPointCorrelationFunction  INFO     Using estimator <class 'pycorr.twopoint_estimator.NaturalTwoPointEstimator'>.
[018430.88]  01-27 02:46  TwoPointCorrelationFunction  INFO     Running auto-correlation.
[018430.88]  01-27 02:46  TwoPointCorrelationFunction  INFO     Computing two-point counts D1D2.
[018447.49]  01-27 02:47  TwoPointCorrelationFunction  INFO     Analytically computing two-point counts R1R2.
[018447.49]  01-27 02:47  TwoPointCorrelationFunction  INFO     Correlation function computed in elapsed time 16.61 s.
[018447.49]  01-27 02:47  NaturalTwoPointEstimator     INFO     Saving /pscratch/sd/s/shengyu/galaxies/catalogs/Y3/AbacusHF-v2/Boxes/QSO/sn1p550/AbacusSummit_base_c000_ph014/mpspk/mpslog_QSO_zp1.550_DR2_v1.0+dv_verr_empirical.npy.
[018447.49]  01-27 02:47  compute_2pt                  INFO     Save to /pscratch/sd/s/shengyu/galaxies/catalogs/Y3/AbacusHF-v2/Boxes/QSO/sn1p550/AbacusSummit_base_c000_ph014/mpspk/mpslog_QSO_zp1.550_DR2_v1.0+dv_verr_empirical.npy
[018447.50]  01-27 02:47  TwoPointCorrelationFunction  INFO     Using estimator <class 'pycorr.twopoint_estimator.NaturalTwoPointEstimator'>.
[018447.50]  01-27 02:47  TwoPointCorrelationFunction  INFO     Running auto-correlation.
[018447.50]  01-27 02:47  TwoPointCorrelationFunction  INFO     Computing two-point counts D1D2.
[018467.10]  01-27 02:47  TwoPointCorrelationFunction  INFO     Analytically computing two-point counts R1R2.
[018467.10]  01-27 02:47  TwoPointCorrelationFunction  INFO     Correlation function computed in elapsed time 19.60 s.
[018467.10]  01-27 02:47  NaturalTwoPointEstimator     INFO     Saving /pscratch/sd/s/shengyu/galaxies/catalogs/Y3/AbacusHF-v2/Boxes/QSO/sn1p550/AbacusSummit_base_c000_ph014/mpspk/wplog_QSO_zp1.550_DR2_v1.0+dv_verr_empirical.npy.
[018467.10]  01-27 02:47  compute_2pt                  INFO     Save to /pscratch/sd/s/shengyu/galaxies/catalogs/Y3/AbacusHF-v2/Boxes/QSO/sn1p550/AbacusSummit_base_c000_ph014/mpspk/wplog_QSO_zp1.550_DR2_v1.0+dv_verr_empirical.npy
[018467.10]  01-27 02:47  compute_2pt                  INFO     Procceed {'version': 'AbacusHF-v2', 'domain': 'cubic', 'tracer': 'QSO', 'zsnap': 1.55, 'zrange': (1.4, 1.7), 'mock_id': 15, 'use_dv': 'verr_empirical'}
[018467.10]  01-27 02:47  cat_tools                    INFO     Load /pscratch/sd/s/shengyu/galaxies/catalogs/Y3/AbacusHF-v2/Boxes/QSO/sn1p550/AbacusSummit_base_c000_ph015/abacus_HF_QSO_1p550_DR2_v2.0_AbacusSummit_base_c000_ph015_base_clustering.dat.h5
[018467.10]  01-27 02:47  FileStack                    INFO     Reading /pscratch/sd/s/shengyu/galaxies/catalogs/Y3/AbacusHF-v2/Boxes/QSO/sn1p550/AbacusSummit_base_c000_ph015/abacus_HF_QSO_1p550_DR2_v2.0_AbacusSummit_base_c000_ph015_base_clustering.dat.h5.
[018467.11]  01-27 02:47  cat_tools                    INFO     use Z positions shifted in verr_empirical mode
[018468.03]  01-27 02:47  TwoPointCorrelationFunction  INFO     Using estimator <class 'pycorr.twopoint_estimator.NaturalTwoPointEstimator'>.
[018468.03]  01-27 02:47  TwoPointCorrelationFunction  INFO     Running auto-correlation.
[018468.03]  01-27 02:47  TwoPointCorrelationFunction  INFO     Computing two-point counts D1D2.
[018536.59]  01-27 02:48  TwoPointCorrelationFunction  INFO     Analytically computing two-point counts R1R2.
[018536.59]  01-27 02:48  TwoPointCorrelationFunction  INFO     Correlation function computed in elapsed time 68.56 s.
[018536.59]  01-27 02:48  NaturalTwoPointEstimator     INFO     Saving /pscratch/sd/s/shengyu/galaxies/catalogs/Y3/AbacusHF-v2/Boxes/QSO/sn1p550/AbacusSummit_base_c000_ph015/mpspk/xipoles_QSO_zp1.550_DR2_v1.0+dv_verr_empirical.npy.
[018536.59]  01-27 02:48  compute_2pt                  INFO     Save to /pscratch/sd/s/shengyu/galaxies/catalogs/Y3/AbacusHF-v2/Boxes/QSO/sn1p550/AbacusSummit_base_c000_ph015/mpspk/xipoles_QSO_zp1.550_DR2_v1.0+dv_verr_empirical.npy
[018539.74]  01-27 02:48  CatalogFFTPower              INFO     Painting catalog 1 to mesh CatalogMesh(nmesh=[512 512 512], boxsize=[2000. 2000. 2000.], boxcenter=[1000.00001764  999.99998068 1000.00002579], dtype=float64).
[018540.10]  01-27 02:48  CatalogMesh                  INFO     Slab 0 ~ 4194304 / 23358353.
[018541.24]  01-27 02:48  CatalogMesh                  INFO     Painted 4194304 out of 23358353 objects to mesh.
[018541.24]  01-27 02:48  CatalogMesh                  INFO     Slab 4194304 ~ 8388608 / 23358353.
[018542.37]  01-27 02:48  CatalogMesh                  INFO     Painted 8388608 out of 23358353 objects to mesh.
[018542.37]  01-27 02:48  CatalogMesh                  INFO     Slab 8388608 ~ 12582912 / 23358353.
[018543.51]  01-27 02:48  CatalogMesh                  INFO     Painted 12582912 out of 23358353 objects to mesh.
[018543.51]  01-27 02:48  CatalogMesh                  INFO     Slab 12582912 ~ 16777216 / 23358353.
[018544.64]  01-27 02:48  CatalogMesh                  INFO     Painted 16777216 out of 23358353 objects to mesh.
[018544.64]  01-27 02:48  CatalogMesh                  INFO     Slab 16777216 ~ 20971520 / 23358353.
[018545.85]  01-27 02:48  CatalogMesh                  INFO     Painted 20971520 out of 23358353 objects to mesh.
[018545.85]  01-27 02:48  CatalogMesh                  INFO     Slab 20971520 ~ 25165824 / 23358353.
[018546.67]  01-27 02:48  CatalogMesh                  INFO     Painted 23358353 out of 23358353 objects to mesh.
[018546.67]  01-27 02:48  CatalogMesh                  INFO     Running interlacing at order 3.
[018548.88]  01-27 02:48  CatalogMesh                  INFO     Slab 0 ~ 4194304 / 23358353.
[018550.01]  01-27 02:48  CatalogMesh                  INFO     Painted 4194304 out of 23358353 objects to mesh.
[018550.01]  01-27 02:48  CatalogMesh                  INFO     Slab 4194304 ~ 8388608 / 23358353.
[018551.15]  01-27 02:48  CatalogMesh                  INFO     Painted 8388608 out of 23358353 objects to mesh.
[018551.15]  01-27 02:48  CatalogMesh                  INFO     Slab 8388608 ~ 12582912 / 23358353.
[018552.28]  01-27 02:48  CatalogMesh                  INFO     Painted 12582912 out of 23358353 objects to mesh.
[018552.28]  01-27 02:48  CatalogMesh                  INFO     Slab 12582912 ~ 16777216 / 23358353.
[018553.41]  01-27 02:48  CatalogMesh                  INFO     Painted 16777216 out of 23358353 objects to mesh.
[018553.42]  01-27 02:48  CatalogMesh                  INFO     Slab 16777216 ~ 20971520 / 23358353.
[018554.63]  01-27 02:48  CatalogMesh                  INFO     Painted 20971520 out of 23358353 objects to mesh.
[018554.64]  01-27 02:48  CatalogMesh                  INFO     Slab 20971520 ~ 25165824 / 23358353.
[018555.46]  01-27 02:48  CatalogMesh                  INFO     Painted 23358353 out of 23358353 objects to mesh.
[018559.21]  01-27 02:48  CatalogMesh                  INFO     Slab 0 ~ 4194304 / 23358353.
[018560.33]  01-27 02:48  CatalogMesh                  INFO     Painted 4194304 out of 23358353 objects to mesh.
[018560.33]  01-27 02:48  CatalogMesh                  INFO     Slab 4194304 ~ 8388608 / 23358353.
[018561.47]  01-27 02:48  CatalogMesh                  INFO     Painted 8388608 out of 23358353 objects to mesh.
[018561.47]  01-27 02:48  CatalogMesh                  INFO     Slab 8388608 ~ 12582912 / 23358353.
[018562.60]  01-27 02:48  CatalogMesh                  INFO     Painted 12582912 out of 23358353 objects to mesh.
[018562.60]  01-27 02:48  CatalogMesh                  INFO     Slab 12582912 ~ 16777216 / 23358353.
[018563.73]  01-27 02:48  CatalogMesh                  INFO     Painted 16777216 out of 23358353 objects to mesh.
[018563.74]  01-27 02:48  CatalogMesh                  INFO     Slab 16777216 ~ 20971520 / 23358353.
[018564.94]  01-27 02:48  CatalogMesh                  INFO     Painted 20971520 out of 23358353 objects to mesh.
[018564.94]  01-27 02:48  CatalogMesh                  INFO     Slab 20971520 ~ 25165824 / 23358353.
[018565.76]  01-27 02:48  CatalogMesh                  INFO     Painted 23358353 out of 23358353 objects to mesh.
[018571.27]  01-27 02:49  CatalogFFTPower              INFO     Done painting catalog 1 to mesh.
[018571.28]  01-27 02:49  CatalogFFTPower              INFO     Using 400 k-bins between 0.000 and 0.400.
[018571.28]  01-27 02:49  CatalogFFTPower              INFO     Meshes prepared in elapsed time 31.53 s.
[018571.28]  01-27 02:49  CatalogFFTPower              INFO     Running mesh calculation.
[018588.34]  01-27 02:49  CatalogFFTPower              INFO     Mesh calculations performed in elapsed time 17.07 s.
[018588.34]  01-27 02:49  CatalogFFTPower              INFO     Power spectrum computed in elapsed time 48.60 s.
[018588.35]  01-27 02:49  CatalogFFTPower              INFO     Saving /pscratch/sd/s/shengyu/galaxies/catalogs/Y3/AbacusHF-v2/Boxes/QSO/sn1p550/AbacusSummit_base_c000_ph015/mpspk/pkpoles_QSO_zp1.550_DR2_v1.0+dv_verr_empirical.npy.
[018588.35]  01-27 02:49  compute_2pt                  INFO     Save to /pscratch/sd/s/shengyu/galaxies/catalogs/Y3/AbacusHF-v2/Boxes/QSO/sn1p550/AbacusSummit_base_c000_ph015/mpspk/pkpoles_QSO_zp1.550_DR2_v1.0+dv_verr_empirical.npy
[018588.35]  01-27 02:49  TwoPointCorrelationFunction  INFO     Using estimator <class 'pycorr.twopoint_estimator.NaturalTwoPointEstimator'>.
[018588.35]  01-27 02:49  TwoPointCorrelationFunction  INFO     Running auto-correlation.
[018588.35]  01-27 02:49  TwoPointCorrelationFunction  INFO     Computing two-point counts D1D2.
[018603.17]  01-27 02:49  TwoPointCorrelationFunction  INFO     Analytically computing two-point counts R1R2.
[018603.18]  01-27 02:49  TwoPointCorrelationFunction  INFO     Correlation function computed in elapsed time 14.83 s.
[018603.18]  01-27 02:49  NaturalTwoPointEstimator     INFO     Saving /pscratch/sd/s/shengyu/galaxies/catalogs/Y3/AbacusHF-v2/Boxes/QSO/sn1p550/AbacusSummit_base_c000_ph015/mpspk/mpslog_QSO_zp1.550_DR2_v1.0+dv_verr_empirical.npy.
[018603.18]  01-27 02:49  compute_2pt                  INFO     Save to /pscratch/sd/s/shengyu/galaxies/catalogs/Y3/AbacusHF-v2/Boxes/QSO/sn1p550/AbacusSummit_base_c000_ph015/mpspk/mpslog_QSO_zp1.550_DR2_v1.0+dv_verr_empirical.npy
[018603.18]  01-27 02:49  TwoPointCorrelationFunction  INFO     Using estimator <class 'pycorr.twopoint_estimator.NaturalTwoPointEstimator'>.
[018603.18]  01-27 02:49  TwoPointCorrelationFunction  INFO     Running auto-correlation.
[018603.18]  01-27 02:49  TwoPointCorrelationFunction  INFO     Computing two-point counts D1D2.
[018622.47]  01-27 02:49  TwoPointCorrelationFunction  INFO     Analytically computing two-point counts R1R2.
[018622.47]  01-27 02:49  TwoPointCorrelationFunction  INFO     Correlation function computed in elapsed time 19.29 s.
[018622.47]  01-27 02:49  NaturalTwoPointEstimator     INFO     Saving /pscratch/sd/s/shengyu/galaxies/catalogs/Y3/AbacusHF-v2/Boxes/QSO/sn1p550/AbacusSummit_base_c000_ph015/mpspk/wplog_QSO_zp1.550_DR2_v1.0+dv_verr_empirical.npy.
[018622.47]  01-27 02:49  compute_2pt                  INFO     Save to /pscratch/sd/s/shengyu/galaxies/catalogs/Y3/AbacusHF-v2/Boxes/QSO/sn1p550/AbacusSummit_base_c000_ph015/mpspk/wplog_QSO_zp1.550_DR2_v1.0+dv_verr_empirical.npy
[018622.48]  01-27 02:49  compute_2pt                  INFO     Procceed {'version': 'AbacusHF-v2', 'domain': 'cubic', 'tracer': 'QSO', 'zsnap': 1.55, 'zrange': (1.4, 1.7), 'mock_id': 16, 'use_dv': 'verr_empirical'}
[018622.48]  01-27 02:49  cat_tools                    INFO     Load /pscratch/sd/s/shengyu/galaxies/catalogs/Y3/AbacusHF-v2/Boxes/QSO/sn1p550/AbacusSummit_base_c000_ph016/abacus_HF_QSO_1p550_DR2_v2.0_AbacusSummit_base_c000_ph016_base_clustering.dat.h5
[018622.48]  01-27 02:49  FileStack                    INFO     Reading /pscratch/sd/s/shengyu/galaxies/catalogs/Y3/AbacusHF-v2/Boxes/QSO/sn1p550/AbacusSummit_base_c000_ph016/abacus_HF_QSO_1p550_DR2_v2.0_AbacusSummit_base_c000_ph016_base_clustering.dat.h5.
[018622.48]  01-27 02:49  cat_tools                    INFO     use Z positions shifted in verr_empirical mode
[018623.40]  01-27 02:49  TwoPointCorrelationFunction  INFO     Using estimator <class 'pycorr.twopoint_estimator.NaturalTwoPointEstimator'>.
[018623.40]  01-27 02:49  TwoPointCorrelationFunction  INFO     Running auto-correlation.
[018623.40]  01-27 02:49  TwoPointCorrelationFunction  INFO     Computing two-point counts D1D2.
[018692.82]  01-27 02:51  TwoPointCorrelationFunction  INFO     Analytically computing two-point counts R1R2.
[018692.82]  01-27 02:51  TwoPointCorrelationFunction  INFO     Correlation function computed in elapsed time 69.42 s.
[018692.82]  01-27 02:51  NaturalTwoPointEstimator     INFO     Saving /pscratch/sd/s/shengyu/galaxies/catalogs/Y3/AbacusHF-v2/Boxes/QSO/sn1p550/AbacusSummit_base_c000_ph016/mpspk/xipoles_QSO_zp1.550_DR2_v1.0+dv_verr_empirical.npy.
[018692.82]  01-27 02:51  compute_2pt                  INFO     Save to /pscratch/sd/s/shengyu/galaxies/catalogs/Y3/AbacusHF-v2/Boxes/QSO/sn1p550/AbacusSummit_base_c000_ph016/mpspk/xipoles_QSO_zp1.550_DR2_v1.0+dv_verr_empirical.npy
[018695.97]  01-27 02:51  CatalogFFTPower              INFO     Painting catalog 1 to mesh CatalogMesh(nmesh=[512 512 512], boxsize=[2000. 2000. 2000.], boxcenter=[1000.00000199 1000.00000102  999.99999226], dtype=float64).
[018696.33]  01-27 02:51  CatalogMesh                  INFO     Slab 0 ~ 4194304 / 23369586.
[018697.47]  01-27 02:51  CatalogMesh                  INFO     Painted 4194304 out of 23369586 objects to mesh.
[018697.47]  01-27 02:51  CatalogMesh                  INFO     Slab 4194304 ~ 8388608 / 23369586.
[018698.60]  01-27 02:51  CatalogMesh                  INFO     Painted 8388608 out of 23369586 objects to mesh.
[018698.60]  01-27 02:51  CatalogMesh                  INFO     Slab 8388608 ~ 12582912 / 23369586.
[018699.73]  01-27 02:51  CatalogMesh                  INFO     Painted 12582912 out of 23369586 objects to mesh.
[018699.73]  01-27 02:51  CatalogMesh                  INFO     Slab 12582912 ~ 16777216 / 23369586.
[018700.86]  01-27 02:51  CatalogMesh                  INFO     Painted 16777216 out of 23369586 objects to mesh.
[018700.86]  01-27 02:51  CatalogMesh                  INFO     Slab 16777216 ~ 20971520 / 23369586.
[018702.07]  01-27 02:51  CatalogMesh                  INFO     Painted 20971520 out of 23369586 objects to mesh.
[018702.07]  01-27 02:51  CatalogMesh                  INFO     Slab 20971520 ~ 25165824 / 23369586.
[018702.89]  01-27 02:51  CatalogMesh                  INFO     Painted 23369586 out of 23369586 objects to mesh.
[018702.89]  01-27 02:51  CatalogMesh                  INFO     Running interlacing at order 3.
[018705.11]  01-27 02:51  CatalogMesh                  INFO     Slab 0 ~ 4194304 / 23369586.
[018706.24]  01-27 02:51  CatalogMesh                  INFO     Painted 4194304 out of 23369586 objects to mesh.
[018706.24]  01-27 02:51  CatalogMesh                  INFO     Slab 4194304 ~ 8388608 / 23369586.
[018707.38]  01-27 02:51  CatalogMesh                  INFO     Painted 8388608 out of 23369586 objects to mesh.
[018707.38]  01-27 02:51  CatalogMesh                  INFO     Slab 8388608 ~ 12582912 / 23369586.
[018708.51]  01-27 02:51  CatalogMesh                  INFO     Painted 12582912 out of 23369586 objects to mesh.
[018708.51]  01-27 02:51  CatalogMesh                  INFO     Slab 12582912 ~ 16777216 / 23369586.
[018709.64]  01-27 02:51  CatalogMesh                  INFO     Painted 16777216 out of 23369586 objects to mesh.
[018709.64]  01-27 02:51  CatalogMesh                  INFO     Slab 16777216 ~ 20971520 / 23369586.
[018710.86]  01-27 02:51  CatalogMesh                  INFO     Painted 20971520 out of 23369586 objects to mesh.
[018710.87]  01-27 02:51  CatalogMesh                  INFO     Slab 20971520 ~ 25165824 / 23369586.
[018711.70]  01-27 02:51  CatalogMesh                  INFO     Painted 23369586 out of 23369586 objects to mesh.
[018715.45]  01-27 02:51  CatalogMesh                  INFO     Slab 0 ~ 4194304 / 23369586.
[018716.58]  01-27 02:51  CatalogMesh                  INFO     Painted 4194304 out of 23369586 objects to mesh.
[018716.58]  01-27 02:51  CatalogMesh                  INFO     Slab 4194304 ~ 8388608 / 23369586.
[018717.71]  01-27 02:51  CatalogMesh                  INFO     Painted 8388608 out of 23369586 objects to mesh.
[018717.71]  01-27 02:51  CatalogMesh                  INFO     Slab 8388608 ~ 12582912 / 23369586.
[018718.84]  01-27 02:51  CatalogMesh                  INFO     Painted 12582912 out of 23369586 objects to mesh.
[018718.84]  01-27 02:51  CatalogMesh                  INFO     Slab 12582912 ~ 16777216 / 23369586.
[018719.97]  01-27 02:51  CatalogMesh                  INFO     Painted 16777216 out of 23369586 objects to mesh.
[018719.97]  01-27 02:51  CatalogMesh                  INFO     Slab 16777216 ~ 20971520 / 23369586.
[018721.18]  01-27 02:51  CatalogMesh                  INFO     Painted 20971520 out of 23369586 objects to mesh.
[018721.18]  01-27 02:51  CatalogMesh                  INFO     Slab 20971520 ~ 25165824 / 23369586.
[018722.01]  01-27 02:51  CatalogMesh                  INFO     Painted 23369586 out of 23369586 objects to mesh.
[018727.53]  01-27 02:51  CatalogFFTPower              INFO     Done painting catalog 1 to mesh.
[018727.53]  01-27 02:51  CatalogFFTPower              INFO     Using 400 k-bins between 0.000 and 0.400.
[018727.53]  01-27 02:51  CatalogFFTPower              INFO     Meshes prepared in elapsed time 31.56 s.
[018727.53]  01-27 02:51  CatalogFFTPower              INFO     Running mesh calculation.
[018744.58]  01-27 02:51  CatalogFFTPower              INFO     Mesh calculations performed in elapsed time 17.06 s.
[018744.58]  01-27 02:51  CatalogFFTPower              INFO     Power spectrum computed in elapsed time 48.62 s.
[018744.58]  01-27 02:51  CatalogFFTPower              INFO     Saving /pscratch/sd/s/shengyu/galaxies/catalogs/Y3/AbacusHF-v2/Boxes/QSO/sn1p550/AbacusSummit_base_c000_ph016/mpspk/pkpoles_QSO_zp1.550_DR2_v1.0+dv_verr_empirical.npy.
[018744.59]  01-27 02:51  compute_2pt                  INFO     Save to /pscratch/sd/s/shengyu/galaxies/catalogs/Y3/AbacusHF-v2/Boxes/QSO/sn1p550/AbacusSummit_base_c000_ph016/mpspk/pkpoles_QSO_zp1.550_DR2_v1.0+dv_verr_empirical.npy
[018744.59]  01-27 02:51  TwoPointCorrelationFunction  INFO     Using estimator <class 'pycorr.twopoint_estimator.NaturalTwoPointEstimator'>.
[018744.59]  01-27 02:51  TwoPointCorrelationFunction  INFO     Running auto-correlation.
[018744.59]  01-27 02:51  TwoPointCorrelationFunction  INFO     Computing two-point counts D1D2.
[018759.03]  01-27 02:52  TwoPointCorrelationFunction  INFO     Analytically computing two-point counts R1R2.
[018759.03]  01-27 02:52  TwoPointCorrelationFunction  INFO     Correlation function computed in elapsed time 14.44 s.
[018759.03]  01-27 02:52  NaturalTwoPointEstimator     INFO     Saving /pscratch/sd/s/shengyu/galaxies/catalogs/Y3/AbacusHF-v2/Boxes/QSO/sn1p550/AbacusSummit_base_c000_ph016/mpspk/mpslog_QSO_zp1.550_DR2_v1.0+dv_verr_empirical.npy.
[018759.03]  01-27 02:52  compute_2pt                  INFO     Save to /pscratch/sd/s/shengyu/galaxies/catalogs/Y3/AbacusHF-v2/Boxes/QSO/sn1p550/AbacusSummit_base_c000_ph016/mpspk/mpslog_QSO_zp1.550_DR2_v1.0+dv_verr_empirical.npy
[018759.03]  01-27 02:52  TwoPointCorrelationFunction  INFO     Using estimator <class 'pycorr.twopoint_estimator.NaturalTwoPointEstimator'>.
[018759.03]  01-27 02:52  TwoPointCorrelationFunction  INFO     Running auto-correlation.
[018759.03]  01-27 02:52  TwoPointCorrelationFunction  INFO     Computing two-point counts D1D2.
[018778.35]  01-27 02:52  TwoPointCorrelationFunction  INFO     Analytically computing two-point counts R1R2.
[018778.35]  01-27 02:52  TwoPointCorrelationFunction  INFO     Correlation function computed in elapsed time 19.32 s.
[018778.35]  01-27 02:52  NaturalTwoPointEstimator     INFO     Saving /pscratch/sd/s/shengyu/galaxies/catalogs/Y3/AbacusHF-v2/Boxes/QSO/sn1p550/AbacusSummit_base_c000_ph016/mpspk/wplog_QSO_zp1.550_DR2_v1.0+dv_verr_empirical.npy.
[018778.35]  01-27 02:52  compute_2pt                  INFO     Save to /pscratch/sd/s/shengyu/galaxies/catalogs/Y3/AbacusHF-v2/Boxes/QSO/sn1p550/AbacusSummit_base_c000_ph016/mpspk/wplog_QSO_zp1.550_DR2_v1.0+dv_verr_empirical.npy
[018778.35]  01-27 02:52  compute_2pt                  INFO     Procceed {'version': 'AbacusHF-v2', 'domain': 'cubic', 'tracer': 'QSO', 'zsnap': 1.55, 'zrange': (1.4, 1.7), 'mock_id': 17, 'use_dv': 'verr_empirical'}
[018778.36]  01-27 02:52  cat_tools                    INFO     Load /pscratch/sd/s/shengyu/galaxies/catalogs/Y3/AbacusHF-v2/Boxes/QSO/sn1p550/AbacusSummit_base_c000_ph017/abacus_HF_QSO_1p550_DR2_v2.0_AbacusSummit_base_c000_ph017_base_clustering.dat.h5
[018778.36]  01-27 02:52  FileStack                    INFO     Reading /pscratch/sd/s/shengyu/galaxies/catalogs/Y3/AbacusHF-v2/Boxes/QSO/sn1p550/AbacusSummit_base_c000_ph017/abacus_HF_QSO_1p550_DR2_v2.0_AbacusSummit_base_c000_ph017_base_clustering.dat.h5.
[018778.36]  01-27 02:52  cat_tools                    INFO     use Z positions shifted in verr_empirical mode
[018779.27]  01-27 02:52  TwoPointCorrelationFunction  INFO     Using estimator <class 'pycorr.twopoint_estimator.NaturalTwoPointEstimator'>.
[018779.27]  01-27 02:52  TwoPointCorrelationFunction  INFO     Running auto-correlation.
[018779.27]  01-27 02:52  TwoPointCorrelationFunction  INFO     Computing two-point counts D1D2.
[018850.19]  01-27 02:53  TwoPointCorrelationFunction  INFO     Analytically computing two-point counts R1R2.
[018850.19]  01-27 02:53  TwoPointCorrelationFunction  INFO     Correlation function computed in elapsed time 70.92 s.
[018850.19]  01-27 02:53  NaturalTwoPointEstimator     INFO     Saving /pscratch/sd/s/shengyu/galaxies/catalogs/Y3/AbacusHF-v2/Boxes/QSO/sn1p550/AbacusSummit_base_c000_ph017/mpspk/xipoles_QSO_zp1.550_DR2_v1.0+dv_verr_empirical.npy.
[018850.20]  01-27 02:53  compute_2pt                  INFO     Save to /pscratch/sd/s/shengyu/galaxies/catalogs/Y3/AbacusHF-v2/Boxes/QSO/sn1p550/AbacusSummit_base_c000_ph017/mpspk/xipoles_QSO_zp1.550_DR2_v1.0+dv_verr_empirical.npy
[018853.34]  01-27 02:53  CatalogFFTPower              INFO     Painting catalog 1 to mesh CatalogMesh(nmesh=[512 512 512], boxsize=[2000. 2000. 2000.], boxcenter=[999.99994952 999.99997772 999.99994124], dtype=float64).
[018853.70]  01-27 02:53  CatalogMesh                  INFO     Slab 0 ~ 4194304 / 23354632.
[018854.85]  01-27 02:53  CatalogMesh                  INFO     Painted 4194304 out of 23354632 objects to mesh.
[018854.85]  01-27 02:53  CatalogMesh                  INFO     Slab 4194304 ~ 8388608 / 23354632.
[018855.97]  01-27 02:53  CatalogMesh                  INFO     Painted 8388608 out of 23354632 objects to mesh.
[018855.97]  01-27 02:53  CatalogMesh                  INFO     Slab 8388608 ~ 12582912 / 23354632.
[018857.10]  01-27 02:53  CatalogMesh                  INFO     Painted 12582912 out of 23354632 objects to mesh.
[018857.10]  01-27 02:53  CatalogMesh                  INFO     Slab 12582912 ~ 16777216 / 23354632.
[018858.22]  01-27 02:53  CatalogMesh                  INFO     Painted 16777216 out of 23354632 objects to mesh.
[018858.22]  01-27 02:53  CatalogMesh                  INFO     Slab 16777216 ~ 20971520 / 23354632.
[018859.43]  01-27 02:53  CatalogMesh                  INFO     Painted 20971520 out of 23354632 objects to mesh.
[018859.43]  01-27 02:53  CatalogMesh                  INFO     Slab 20971520 ~ 25165824 / 23354632.
[018860.25]  01-27 02:53  CatalogMesh                  INFO     Painted 23354632 out of 23354632 objects to mesh.
[018860.25]  01-27 02:53  CatalogMesh                  INFO     Running interlacing at order 3.
[018862.43]  01-27 02:53  CatalogMesh                  INFO     Slab 0 ~ 4194304 / 23354632.
[018863.56]  01-27 02:53  CatalogMesh                  INFO     Painted 4194304 out of 23354632 objects to mesh.
[018863.56]  01-27 02:53  CatalogMesh                  INFO     Slab 4194304 ~ 8388608 / 23354632.
[018864.68]  01-27 02:53  CatalogMesh                  INFO     Painted 8388608 out of 23354632 objects to mesh.
[018864.68]  01-27 02:53  CatalogMesh                  INFO     Slab 8388608 ~ 12582912 / 23354632.
[018865.81]  01-27 02:53  CatalogMesh                  INFO     Painted 12582912 out of 23354632 objects to mesh.
[018865.81]  01-27 02:53  CatalogMesh                  INFO     Slab 12582912 ~ 16777216 / 23354632.
[018866.95]  01-27 02:54  CatalogMesh                  INFO     Painted 16777216 out of 23354632 objects to mesh.
[018866.95]  01-27 02:54  CatalogMesh                  INFO     Slab 16777216 ~ 20971520 / 23354632.
[018868.15]  01-27 02:54  CatalogMesh                  INFO     Painted 20971520 out of 23354632 objects to mesh.
[018868.15]  01-27 02:54  CatalogMesh                  INFO     Slab 20971520 ~ 25165824 / 23354632.
[018868.98]  01-27 02:54  CatalogMesh                  INFO     Painted 23354632 out of 23354632 objects to mesh.
[018872.69]  01-27 02:54  CatalogMesh                  INFO     Slab 0 ~ 4194304 / 23354632.
[018873.83]  01-27 02:54  CatalogMesh                  INFO     Painted 4194304 out of 23354632 objects to mesh.
[018873.83]  01-27 02:54  CatalogMesh                  INFO     Slab 4194304 ~ 8388608 / 23354632.
[018874.96]  01-27 02:54  CatalogMesh                  INFO     Painted 8388608 out of 23354632 objects to mesh.
[018874.96]  01-27 02:54  CatalogMesh                  INFO     Slab 8388608 ~ 12582912 / 23354632.
[018876.08]  01-27 02:54  CatalogMesh                  INFO     Painted 12582912 out of 23354632 objects to mesh.
[018876.09]  01-27 02:54  CatalogMesh                  INFO     Slab 12582912 ~ 16777216 / 23354632.
[018877.21]  01-27 02:54  CatalogMesh                  INFO     Painted 16777216 out of 23354632 objects to mesh.
[018877.21]  01-27 02:54  CatalogMesh                  INFO     Slab 16777216 ~ 20971520 / 23354632.
[018878.41]  01-27 02:54  CatalogMesh                  INFO     Painted 20971520 out of 23354632 objects to mesh.
[018878.41]  01-27 02:54  CatalogMesh                  INFO     Slab 20971520 ~ 25165824 / 23354632.
[018879.24]  01-27 02:54  CatalogMesh                  INFO     Painted 23354632 out of 23354632 objects to mesh.
[018884.72]  01-27 02:54  CatalogFFTPower              INFO     Done painting catalog 1 to mesh.
[018884.72]  01-27 02:54  CatalogFFTPower              INFO     Using 400 k-bins between 0.000 and 0.400.
[018884.72]  01-27 02:54  CatalogFFTPower              INFO     Meshes prepared in elapsed time 31.38 s.
[018884.72]  01-27 02:54  CatalogFFTPower              INFO     Running mesh calculation.
[018901.69]  01-27 02:54  CatalogFFTPower              INFO     Mesh calculations performed in elapsed time 16.97 s.
[018901.69]  01-27 02:54  CatalogFFTPower              INFO     Power spectrum computed in elapsed time 48.35 s.
[018901.69]  01-27 02:54  CatalogFFTPower              INFO     Saving /pscratch/sd/s/shengyu/galaxies/catalogs/Y3/AbacusHF-v2/Boxes/QSO/sn1p550/AbacusSummit_base_c000_ph017/mpspk/pkpoles_QSO_zp1.550_DR2_v1.0+dv_verr_empirical.npy.
[018901.69]  01-27 02:54  compute_2pt                  INFO     Save to /pscratch/sd/s/shengyu/galaxies/catalogs/Y3/AbacusHF-v2/Boxes/QSO/sn1p550/AbacusSummit_base_c000_ph017/mpspk/pkpoles_QSO_zp1.550_DR2_v1.0+dv_verr_empirical.npy
[018901.69]  01-27 02:54  TwoPointCorrelationFunction  INFO     Using estimator <class 'pycorr.twopoint_estimator.NaturalTwoPointEstimator'>.
[018901.69]  01-27 02:54  TwoPointCorrelationFunction  INFO     Running auto-correlation.
[018901.69]  01-27 02:54  TwoPointCorrelationFunction  INFO     Computing two-point counts D1D2.
[018918.35]  01-27 02:54  TwoPointCorrelationFunction  INFO     Analytically computing two-point counts R1R2.
[018918.35]  01-27 02:54  TwoPointCorrelationFunction  INFO     Correlation function computed in elapsed time 16.66 s.
[018918.35]  01-27 02:54  NaturalTwoPointEstimator     INFO     Saving /pscratch/sd/s/shengyu/galaxies/catalogs/Y3/AbacusHF-v2/Boxes/QSO/sn1p550/AbacusSummit_base_c000_ph017/mpspk/mpslog_QSO_zp1.550_DR2_v1.0+dv_verr_empirical.npy.
[018918.36]  01-27 02:54  compute_2pt                  INFO     Save to /pscratch/sd/s/shengyu/galaxies/catalogs/Y3/AbacusHF-v2/Boxes/QSO/sn1p550/AbacusSummit_base_c000_ph017/mpspk/mpslog_QSO_zp1.550_DR2_v1.0+dv_verr_empirical.npy
[018918.36]  01-27 02:54  TwoPointCorrelationFunction  INFO     Using estimator <class 'pycorr.twopoint_estimator.NaturalTwoPointEstimator'>.
[018918.36]  01-27 02:54  TwoPointCorrelationFunction  INFO     Running auto-correlation.
[018918.36]  01-27 02:54  TwoPointCorrelationFunction  INFO     Computing two-point counts D1D2.
[018937.67]  01-27 02:55  TwoPointCorrelationFunction  INFO     Analytically computing two-point counts R1R2.
[018937.67]  01-27 02:55  TwoPointCorrelationFunction  INFO     Correlation function computed in elapsed time 19.32 s.
[018937.68]  01-27 02:55  NaturalTwoPointEstimator     INFO     Saving /pscratch/sd/s/shengyu/galaxies/catalogs/Y3/AbacusHF-v2/Boxes/QSO/sn1p550/AbacusSummit_base_c000_ph017/mpspk/wplog_QSO_zp1.550_DR2_v1.0+dv_verr_empirical.npy.
[018937.68]  01-27 02:55  compute_2pt                  INFO     Save to /pscratch/sd/s/shengyu/galaxies/catalogs/Y3/AbacusHF-v2/Boxes/QSO/sn1p550/AbacusSummit_base_c000_ph017/mpspk/wplog_QSO_zp1.550_DR2_v1.0+dv_verr_empirical.npy
[018937.68]  01-27 02:55  compute_2pt                  INFO     Procceed {'version': 'AbacusHF-v2', 'domain': 'cubic', 'tracer': 'QSO', 'zsnap': 1.55, 'zrange': (1.4, 1.7), 'mock_id': 18, 'use_dv': 'verr_empirical'}
[018937.68]  01-27 02:55  cat_tools                    INFO     Load /pscratch/sd/s/shengyu/galaxies/catalogs/Y3/AbacusHF-v2/Boxes/QSO/sn1p550/AbacusSummit_base_c000_ph018/abacus_HF_QSO_1p550_DR2_v2.0_AbacusSummit_base_c000_ph018_base_clustering.dat.h5
[018937.68]  01-27 02:55  FileStack                    INFO     Reading /pscratch/sd/s/shengyu/galaxies/catalogs/Y3/AbacusHF-v2/Boxes/QSO/sn1p550/AbacusSummit_base_c000_ph018/abacus_HF_QSO_1p550_DR2_v2.0_AbacusSummit_base_c000_ph018_base_clustering.dat.h5.
[018937.69]  01-27 02:55  cat_tools                    INFO     use Z positions shifted in verr_empirical mode
[018938.59]  01-27 02:55  TwoPointCorrelationFunction  INFO     Using estimator <class 'pycorr.twopoint_estimator.NaturalTwoPointEstimator'>.
[018938.59]  01-27 02:55  TwoPointCorrelationFunction  INFO     Running auto-correlation.
[018938.59]  01-27 02:55  TwoPointCorrelationFunction  INFO     Computing two-point counts D1D2.
[019006.45]  01-27 02:56  TwoPointCorrelationFunction  INFO     Analytically computing two-point counts R1R2.
[019006.45]  01-27 02:56  TwoPointCorrelationFunction  INFO     Correlation function computed in elapsed time 67.86 s.
[019006.45]  01-27 02:56  NaturalTwoPointEstimator     INFO     Saving /pscratch/sd/s/shengyu/galaxies/catalogs/Y3/AbacusHF-v2/Boxes/QSO/sn1p550/AbacusSummit_base_c000_ph018/mpspk/xipoles_QSO_zp1.550_DR2_v1.0+dv_verr_empirical.npy.
[019006.46]  01-27 02:56  compute_2pt                  INFO     Save to /pscratch/sd/s/shengyu/galaxies/catalogs/Y3/AbacusHF-v2/Boxes/QSO/sn1p550/AbacusSummit_base_c000_ph018/mpspk/xipoles_QSO_zp1.550_DR2_v1.0+dv_verr_empirical.npy
[019009.60]  01-27 02:56  CatalogFFTPower              INFO     Painting catalog 1 to mesh CatalogMesh(nmesh=[512 512 512], boxsize=[2000. 2000. 2000.], boxcenter=[ 999.9999592  1000.00001762 1000.00000191], dtype=float64).
[019009.96]  01-27 02:56  CatalogMesh                  INFO     Slab 0 ~ 4194304 / 23348769.
[019011.10]  01-27 02:56  CatalogMesh                  INFO     Painted 4194304 out of 23348769 objects to mesh.
[019011.10]  01-27 02:56  CatalogMesh                  INFO     Slab 4194304 ~ 8388608 / 23348769.
[019012.23]  01-27 02:56  CatalogMesh                  INFO     Painted 8388608 out of 23348769 objects to mesh.
[019012.23]  01-27 02:56  CatalogMesh                  INFO     Slab 8388608 ~ 12582912 / 23348769.
[019013.36]  01-27 02:56  CatalogMesh                  INFO     Painted 12582912 out of 23348769 objects to mesh.
[019013.36]  01-27 02:56  CatalogMesh                  INFO     Slab 12582912 ~ 16777216 / 23348769.
[019014.49]  01-27 02:56  CatalogMesh                  INFO     Painted 16777216 out of 23348769 objects to mesh.
[019014.49]  01-27 02:56  CatalogMesh                  INFO     Slab 16777216 ~ 20971520 / 23348769.
[019015.69]  01-27 02:56  CatalogMesh                  INFO     Painted 20971520 out of 23348769 objects to mesh.
[019015.69]  01-27 02:56  CatalogMesh                  INFO     Slab 20971520 ~ 25165824 / 23348769.
[019016.51]  01-27 02:56  CatalogMesh                  INFO     Painted 23348769 out of 23348769 objects to mesh.
[019016.51]  01-27 02:56  CatalogMesh                  INFO     Running interlacing at order 3.
[019018.69]  01-27 02:56  CatalogMesh                  INFO     Slab 0 ~ 4194304 / 23348769.
[019019.81]  01-27 02:56  CatalogMesh                  INFO     Painted 4194304 out of 23348769 objects to mesh.
[019019.81]  01-27 02:56  CatalogMesh                  INFO     Slab 4194304 ~ 8388608 / 23348769.
[019020.93]  01-27 02:56  CatalogMesh                  INFO     Painted 8388608 out of 23348769 objects to mesh.
[019020.94]  01-27 02:56  CatalogMesh                  INFO     Slab 8388608 ~ 12582912 / 23348769.
[019022.07]  01-27 02:56  CatalogMesh                  INFO     Painted 12582912 out of 23348769 objects to mesh.
[019022.07]  01-27 02:56  CatalogMesh                  INFO     Slab 12582912 ~ 16777216 / 23348769.
[019023.20]  01-27 02:56  CatalogMesh                  INFO     Painted 16777216 out of 23348769 objects to mesh.
[019023.20]  01-27 02:56  CatalogMesh                  INFO     Slab 16777216 ~ 20971520 / 23348769.
[019024.40]  01-27 02:56  CatalogMesh                  INFO     Painted 20971520 out of 23348769 objects to mesh.
[019024.40]  01-27 02:56  CatalogMesh                  INFO     Slab 20971520 ~ 25165824 / 23348769.
[019025.21]  01-27 02:56  CatalogMesh                  INFO     Painted 23348769 out of 23348769 objects to mesh.
[019028.92]  01-27 02:56  CatalogMesh                  INFO     Slab 0 ~ 4194304 / 23348769.
[019030.05]  01-27 02:56  CatalogMesh                  INFO     Painted 4194304 out of 23348769 objects to mesh.
[019030.05]  01-27 02:56  CatalogMesh                  INFO     Slab 4194304 ~ 8388608 / 23348769.
[019031.17]  01-27 02:56  CatalogMesh                  INFO     Painted 8388608 out of 23348769 objects to mesh.
[019031.17]  01-27 02:56  CatalogMesh                  INFO     Slab 8388608 ~ 12582912 / 23348769.
[019032.30]  01-27 02:56  CatalogMesh                  INFO     Painted 12582912 out of 23348769 objects to mesh.
[019032.30]  01-27 02:56  CatalogMesh                  INFO     Slab 12582912 ~ 16777216 / 23348769.
[019033.43]  01-27 02:56  CatalogMesh                  INFO     Painted 16777216 out of 23348769 objects to mesh.
[019033.43]  01-27 02:56  CatalogMesh                  INFO     Slab 16777216 ~ 20971520 / 23348769.
[019034.63]  01-27 02:56  CatalogMesh                  INFO     Painted 20971520 out of 23348769 objects to mesh.
[019034.63]  01-27 02:56  CatalogMesh                  INFO     Slab 20971520 ~ 25165824 / 23348769.
[019035.44]  01-27 02:56  CatalogMesh                  INFO     Painted 23348769 out of 23348769 objects to mesh.
[019040.93]  01-27 02:56  CatalogFFTPower              INFO     Done painting catalog 1 to mesh.
[019040.93]  01-27 02:56  CatalogFFTPower              INFO     Using 400 k-bins between 0.000 and 0.400.
[019040.93]  01-27 02:56  CatalogFFTPower              INFO     Meshes prepared in elapsed time 31.33 s.
[019040.93]  01-27 02:56  CatalogFFTPower              INFO     Running mesh calculation.
[019057.90]  01-27 02:57  CatalogFFTPower              INFO     Mesh calculations performed in elapsed time 16.97 s.
[019057.90]  01-27 02:57  CatalogFFTPower              INFO     Power spectrum computed in elapsed time 48.30 s.
[019057.90]  01-27 02:57  CatalogFFTPower              INFO     Saving /pscratch/sd/s/shengyu/galaxies/catalogs/Y3/AbacusHF-v2/Boxes/QSO/sn1p550/AbacusSummit_base_c000_ph018/mpspk/pkpoles_QSO_zp1.550_DR2_v1.0+dv_verr_empirical.npy.
[019057.90]  01-27 02:57  compute_2pt                  INFO     Save to /pscratch/sd/s/shengyu/galaxies/catalogs/Y3/AbacusHF-v2/Boxes/QSO/sn1p550/AbacusSummit_base_c000_ph018/mpspk/pkpoles_QSO_zp1.550_DR2_v1.0+dv_verr_empirical.npy
[019057.90]  01-27 02:57  TwoPointCorrelationFunction  INFO     Using estimator <class 'pycorr.twopoint_estimator.NaturalTwoPointEstimator'>.
[019057.90]  01-27 02:57  TwoPointCorrelationFunction  INFO     Running auto-correlation.
[019057.90]  01-27 02:57  TwoPointCorrelationFunction  INFO     Computing two-point counts D1D2.
[019073.07]  01-27 02:57  TwoPointCorrelationFunction  INFO     Analytically computing two-point counts R1R2.
[019073.08]  01-27 02:57  TwoPointCorrelationFunction  INFO     Correlation function computed in elapsed time 15.17 s.
[019073.08]  01-27 02:57  NaturalTwoPointEstimator     INFO     Saving /pscratch/sd/s/shengyu/galaxies/catalogs/Y3/AbacusHF-v2/Boxes/QSO/sn1p550/AbacusSummit_base_c000_ph018/mpspk/mpslog_QSO_zp1.550_DR2_v1.0+dv_verr_empirical.npy.
[019073.08]  01-27 02:57  compute_2pt                  INFO     Save to /pscratch/sd/s/shengyu/galaxies/catalogs/Y3/AbacusHF-v2/Boxes/QSO/sn1p550/AbacusSummit_base_c000_ph018/mpspk/mpslog_QSO_zp1.550_DR2_v1.0+dv_verr_empirical.npy
[019073.08]  01-27 02:57  TwoPointCorrelationFunction  INFO     Using estimator <class 'pycorr.twopoint_estimator.NaturalTwoPointEstimator'>.
[019073.08]  01-27 02:57  TwoPointCorrelationFunction  INFO     Running auto-correlation.
[019073.08]  01-27 02:57  TwoPointCorrelationFunction  INFO     Computing two-point counts D1D2.
[019092.34]  01-27 02:57  TwoPointCorrelationFunction  INFO     Analytically computing two-point counts R1R2.
[019092.34]  01-27 02:57  TwoPointCorrelationFunction  INFO     Correlation function computed in elapsed time 19.26 s.
[019092.34]  01-27 02:57  NaturalTwoPointEstimator     INFO     Saving /pscratch/sd/s/shengyu/galaxies/catalogs/Y3/AbacusHF-v2/Boxes/QSO/sn1p550/AbacusSummit_base_c000_ph018/mpspk/wplog_QSO_zp1.550_DR2_v1.0+dv_verr_empirical.npy.
[019092.34]  01-27 02:57  compute_2pt                  INFO     Save to /pscratch/sd/s/shengyu/galaxies/catalogs/Y3/AbacusHF-v2/Boxes/QSO/sn1p550/AbacusSummit_base_c000_ph018/mpspk/wplog_QSO_zp1.550_DR2_v1.0+dv_verr_empirical.npy
[019092.35]  01-27 02:57  compute_2pt                  INFO     Procceed {'version': 'AbacusHF-v2', 'domain': 'cubic', 'tracer': 'QSO', 'zsnap': 1.55, 'zrange': (1.4, 1.7), 'mock_id': 19, 'use_dv': 'verr_empirical'}
[019092.35]  01-27 02:57  cat_tools                    INFO     Load /pscratch/sd/s/shengyu/galaxies/catalogs/Y3/AbacusHF-v2/Boxes/QSO/sn1p550/AbacusSummit_base_c000_ph019/abacus_HF_QSO_1p550_DR2_v2.0_AbacusSummit_base_c000_ph019_base_clustering.dat.h5
[019092.35]  01-27 02:57  FileStack                    INFO     Reading /pscratch/sd/s/shengyu/galaxies/catalogs/Y3/AbacusHF-v2/Boxes/QSO/sn1p550/AbacusSummit_base_c000_ph019/abacus_HF_QSO_1p550_DR2_v2.0_AbacusSummit_base_c000_ph019_base_clustering.dat.h5.
[019092.35]  01-27 02:57  cat_tools                    INFO     use Z positions shifted in verr_empirical mode
[019093.26]  01-27 02:57  TwoPointCorrelationFunction  INFO     Using estimator <class 'pycorr.twopoint_estimator.NaturalTwoPointEstimator'>.
[019093.26]  01-27 02:57  TwoPointCorrelationFunction  INFO     Running auto-correlation.
[019093.26]  01-27 02:57  TwoPointCorrelationFunction  INFO     Computing two-point counts D1D2.
[019163.32]  01-27 02:58  TwoPointCorrelationFunction  INFO     Analytically computing two-point counts R1R2.
[019163.32]  01-27 02:58  TwoPointCorrelationFunction  INFO     Correlation function computed in elapsed time 70.06 s.
[019163.32]  01-27 02:58  NaturalTwoPointEstimator     INFO     Saving /pscratch/sd/s/shengyu/galaxies/catalogs/Y3/AbacusHF-v2/Boxes/QSO/sn1p550/AbacusSummit_base_c000_ph019/mpspk/xipoles_QSO_zp1.550_DR2_v1.0+dv_verr_empirical.npy.
[019163.33]  01-27 02:58  compute_2pt                  INFO     Save to /pscratch/sd/s/shengyu/galaxies/catalogs/Y3/AbacusHF-v2/Boxes/QSO/sn1p550/AbacusSummit_base_c000_ph019/mpspk/xipoles_QSO_zp1.550_DR2_v1.0+dv_verr_empirical.npy
[019166.48]  01-27 02:59  CatalogFFTPower              INFO     Painting catalog 1 to mesh CatalogMesh(nmesh=[512 512 512], boxsize=[2000. 2000. 2000.], boxcenter=[ 999.99992957  999.99999853 1000.00002331], dtype=float64).
[019166.84]  01-27 02:59  CatalogMesh                  INFO     Slab 0 ~ 4194304 / 23344365.
[019167.98]  01-27 02:59  CatalogMesh                  INFO     Painted 4194304 out of 23344365 objects to mesh.
[019167.98]  01-27 02:59  CatalogMesh                  INFO     Slab 4194304 ~ 8388608 / 23344365.
[019169.11]  01-27 02:59  CatalogMesh                  INFO     Painted 8388608 out of 23344365 objects to mesh.
[019169.11]  01-27 02:59  CatalogMesh                  INFO     Slab 8388608 ~ 12582912 / 23344365.
[019170.25]  01-27 02:59  CatalogMesh                  INFO     Painted 12582912 out of 23344365 objects to mesh.
[019170.25]  01-27 02:59  CatalogMesh                  INFO     Slab 12582912 ~ 16777216 / 23344365.
[019171.38]  01-27 02:59  CatalogMesh                  INFO     Painted 16777216 out of 23344365 objects to mesh.
[019171.38]  01-27 02:59  CatalogMesh                  INFO     Slab 16777216 ~ 20971520 / 23344365.
[019172.59]  01-27 02:59  CatalogMesh                  INFO     Painted 20971520 out of 23344365 objects to mesh.
[019172.59]  01-27 02:59  CatalogMesh                  INFO     Slab 20971520 ~ 25165824 / 23344365.
[019173.40]  01-27 02:59  CatalogMesh                  INFO     Painted 23344365 out of 23344365 objects to mesh.
[019173.41]  01-27 02:59  CatalogMesh                  INFO     Running interlacing at order 3.
[019175.59]  01-27 02:59  CatalogMesh                  INFO     Slab 0 ~ 4194304 / 23344365.
[019176.72]  01-27 02:59  CatalogMesh                  INFO     Painted 4194304 out of 23344365 objects to mesh.
[019176.72]  01-27 02:59  CatalogMesh                  INFO     Slab 4194304 ~ 8388608 / 23344365.
[019177.85]  01-27 02:59  CatalogMesh                  INFO     Painted 8388608 out of 23344365 objects to mesh.
[019177.85]  01-27 02:59  CatalogMesh                  INFO     Slab 8388608 ~ 12582912 / 23344365.
[019178.98]  01-27 02:59  CatalogMesh                  INFO     Painted 12582912 out of 23344365 objects to mesh.
[019178.99]  01-27 02:59  CatalogMesh                  INFO     Slab 12582912 ~ 16777216 / 23344365.
[019180.11]  01-27 02:59  CatalogMesh                  INFO     Painted 16777216 out of 23344365 objects to mesh.
[019180.11]  01-27 02:59  CatalogMesh                  INFO     Slab 16777216 ~ 20971520 / 23344365.
[019181.31]  01-27 02:59  CatalogMesh                  INFO     Painted 20971520 out of 23344365 objects to mesh.
[019181.31]  01-27 02:59  CatalogMesh                  INFO     Slab 20971520 ~ 25165824 / 23344365.
[019182.13]  01-27 02:59  CatalogMesh                  INFO     Painted 23344365 out of 23344365 objects to mesh.
[019185.86]  01-27 02:59  CatalogMesh                  INFO     Slab 0 ~ 4194304 / 23344365.
[019186.98]  01-27 02:59  CatalogMesh                  INFO     Painted 4194304 out of 23344365 objects to mesh.
[019186.98]  01-27 02:59  CatalogMesh                  INFO     Slab 4194304 ~ 8388608 / 23344365.
[019188.11]  01-27 02:59  CatalogMesh                  INFO     Painted 8388608 out of 23344365 objects to mesh.
[019188.11]  01-27 02:59  CatalogMesh                  INFO     Slab 8388608 ~ 12582912 / 23344365.
[019189.24]  01-27 02:59  CatalogMesh                  INFO     Painted 12582912 out of 23344365 objects to mesh.
[019189.24]  01-27 02:59  CatalogMesh                  INFO     Slab 12582912 ~ 16777216 / 23344365.
[019190.36]  01-27 02:59  CatalogMesh                  INFO     Painted 16777216 out of 23344365 objects to mesh.
[019190.36]  01-27 02:59  CatalogMesh                  INFO     Slab 16777216 ~ 20971520 / 23344365.
[019191.57]  01-27 02:59  CatalogMesh                  INFO     Painted 20971520 out of 23344365 objects to mesh.
[019191.57]  01-27 02:59  CatalogMesh                  INFO     Slab 20971520 ~ 25165824 / 23344365.
[019192.39]  01-27 02:59  CatalogMesh                  INFO     Painted 23344365 out of 23344365 objects to mesh.
[019197.88]  01-27 02:59  CatalogFFTPower              INFO     Done painting catalog 1 to mesh.
[019197.88]  01-27 02:59  CatalogFFTPower              INFO     Using 400 k-bins between 0.000 and 0.400.
[019197.88]  01-27 02:59  CatalogFFTPower              INFO     Meshes prepared in elapsed time 31.40 s.
[019197.88]  01-27 02:59  CatalogFFTPower              INFO     Running mesh calculation.
[019214.79]  01-27 02:59  CatalogFFTPower              INFO     Mesh calculations performed in elapsed time 16.90 s.
[019214.79]  01-27 02:59  CatalogFFTPower              INFO     Power spectrum computed in elapsed time 48.30 s.
[019214.79]  01-27 02:59  CatalogFFTPower              INFO     Saving /pscratch/sd/s/shengyu/galaxies/catalogs/Y3/AbacusHF-v2/Boxes/QSO/sn1p550/AbacusSummit_base_c000_ph019/mpspk/pkpoles_QSO_zp1.550_DR2_v1.0+dv_verr_empirical.npy.
[019214.79]  01-27 02:59  compute_2pt                  INFO     Save to /pscratch/sd/s/shengyu/galaxies/catalogs/Y3/AbacusHF-v2/Boxes/QSO/sn1p550/AbacusSummit_base_c000_ph019/mpspk/pkpoles_QSO_zp1.550_DR2_v1.0+dv_verr_empirical.npy
[019214.79]  01-27 02:59  TwoPointCorrelationFunction  INFO     Using estimator <class 'pycorr.twopoint_estimator.NaturalTwoPointEstimator'>.
[019214.79]  01-27 02:59  TwoPointCorrelationFunction  INFO     Running auto-correlation.
[019214.79]  01-27 02:59  TwoPointCorrelationFunction  INFO     Computing two-point counts D1D2.
[019231.27]  01-27 03:00  TwoPointCorrelationFunction  INFO     Analytically computing two-point counts R1R2.
[019231.27]  01-27 03:00  TwoPointCorrelationFunction  INFO     Correlation function computed in elapsed time 16.48 s.
[019231.27]  01-27 03:00  NaturalTwoPointEstimator     INFO     Saving /pscratch/sd/s/shengyu/galaxies/catalogs/Y3/AbacusHF-v2/Boxes/QSO/sn1p550/AbacusSummit_base_c000_ph019/mpspk/mpslog_QSO_zp1.550_DR2_v1.0+dv_verr_empirical.npy.
[019231.28]  01-27 03:00  compute_2pt                  INFO     Save to /pscratch/sd/s/shengyu/galaxies/catalogs/Y3/AbacusHF-v2/Boxes/QSO/sn1p550/AbacusSummit_base_c000_ph019/mpspk/mpslog_QSO_zp1.550_DR2_v1.0+dv_verr_empirical.npy
[019231.28]  01-27 03:00  TwoPointCorrelationFunction  INFO     Using estimator <class 'pycorr.twopoint_estimator.NaturalTwoPointEstimator'>.
[019231.28]  01-27 03:00  TwoPointCorrelationFunction  INFO     Running auto-correlation.
[019231.28]  01-27 03:00  TwoPointCorrelationFunction  INFO     Computing two-point counts D1D2.
[019250.52]  01-27 03:00  TwoPointCorrelationFunction  INFO     Analytically computing two-point counts R1R2.
[019250.53]  01-27 03:00  TwoPointCorrelationFunction  INFO     Correlation function computed in elapsed time 19.25 s.
[019250.53]  01-27 03:00  NaturalTwoPointEstimator     INFO     Saving /pscratch/sd/s/shengyu/galaxies/catalogs/Y3/AbacusHF-v2/Boxes/QSO/sn1p550/AbacusSummit_base_c000_ph019/mpspk/wplog_QSO_zp1.550_DR2_v1.0+dv_verr_empirical.npy.
[019250.53]  01-27 03:00  compute_2pt                  INFO     Save to /pscratch/sd/s/shengyu/galaxies/catalogs/Y3/AbacusHF-v2/Boxes/QSO/sn1p550/AbacusSummit_base_c000_ph019/mpspk/wplog_QSO_zp1.550_DR2_v1.0+dv_verr_empirical.npy
[019250.53]  01-27 03:00  compute_2pt                  INFO     Procceed {'version': 'AbacusHF-v2', 'domain': 'cubic', 'tracer': 'QSO', 'zsnap': 1.55, 'zrange': (1.4, 1.7), 'mock_id': 20, 'use_dv': 'verr_empirical'}
[019250.53]  01-27 03:00  cat_tools                    INFO     Load /pscratch/sd/s/shengyu/galaxies/catalogs/Y3/AbacusHF-v2/Boxes/QSO/sn1p550/AbacusSummit_base_c000_ph020/abacus_HF_QSO_1p550_DR2_v2.0_AbacusSummit_base_c000_ph020_base_clustering.dat.h5
[019250.53]  01-27 03:00  FileStack                    INFO     Reading /pscratch/sd/s/shengyu/galaxies/catalogs/Y3/AbacusHF-v2/Boxes/QSO/sn1p550/AbacusSummit_base_c000_ph020/abacus_HF_QSO_1p550_DR2_v2.0_AbacusSummit_base_c000_ph020_base_clustering.dat.h5.
[019250.54]  01-27 03:00  cat_tools                    INFO     use Z positions shifted in verr_empirical mode
[019251.46]  01-27 03:00  TwoPointCorrelationFunction  INFO     Using estimator <class 'pycorr.twopoint_estimator.NaturalTwoPointEstimator'>.
[019251.46]  01-27 03:00  TwoPointCorrelationFunction  INFO     Running auto-correlation.
[019251.46]  01-27 03:00  TwoPointCorrelationFunction  INFO     Computing two-point counts D1D2.
[019318.91]  01-27 03:01  TwoPointCorrelationFunction  INFO     Analytically computing two-point counts R1R2.
[019318.91]  01-27 03:01  TwoPointCorrelationFunction  INFO     Correlation function computed in elapsed time 67.45 s.
[019318.91]  01-27 03:01  NaturalTwoPointEstimator     INFO     Saving /pscratch/sd/s/shengyu/galaxies/catalogs/Y3/AbacusHF-v2/Boxes/QSO/sn1p550/AbacusSummit_base_c000_ph020/mpspk/xipoles_QSO_zp1.550_DR2_v1.0+dv_verr_empirical.npy.
[019318.91]  01-27 03:01  compute_2pt                  INFO     Save to /pscratch/sd/s/shengyu/galaxies/catalogs/Y3/AbacusHF-v2/Boxes/QSO/sn1p550/AbacusSummit_base_c000_ph020/mpspk/xipoles_QSO_zp1.550_DR2_v1.0+dv_verr_empirical.npy
[019322.06]  01-27 03:01  CatalogFFTPower              INFO     Painting catalog 1 to mesh CatalogMesh(nmesh=[512 512 512], boxsize=[2000. 2000. 2000.], boxcenter=[1000.000023    999.99999817 1000.00008489], dtype=float64).
[019322.42]  01-27 03:01  CatalogMesh                  INFO     Slab 0 ~ 4194304 / 23359942.
[019323.56]  01-27 03:01  CatalogMesh                  INFO     Painted 4194304 out of 23359942 objects to mesh.
[019323.56]  01-27 03:01  CatalogMesh                  INFO     Slab 4194304 ~ 8388608 / 23359942.
[019324.68]  01-27 03:01  CatalogMesh                  INFO     Painted 8388608 out of 23359942 objects to mesh.
[019324.68]  01-27 03:01  CatalogMesh                  INFO     Slab 8388608 ~ 12582912 / 23359942.
[019325.81]  01-27 03:01  CatalogMesh                  INFO     Painted 12582912 out of 23359942 objects to mesh.
[019325.81]  01-27 03:01  CatalogMesh                  INFO     Slab 12582912 ~ 16777216 / 23359942.
[019326.94]  01-27 03:01  CatalogMesh                  INFO     Painted 16777216 out of 23359942 objects to mesh.
[019326.94]  01-27 03:01  CatalogMesh                  INFO     Slab 16777216 ~ 20971520 / 23359942.
[019328.15]  01-27 03:01  CatalogMesh                  INFO     Painted 20971520 out of 23359942 objects to mesh.
[019328.15]  01-27 03:01  CatalogMesh                  INFO     Slab 20971520 ~ 25165824 / 23359942.
[019328.97]  01-27 03:01  CatalogMesh                  INFO     Painted 23359942 out of 23359942 objects to mesh.
[019328.97]  01-27 03:01  CatalogMesh                  INFO     Running interlacing at order 3.
[019331.16]  01-27 03:01  CatalogMesh                  INFO     Slab 0 ~ 4194304 / 23359942.
[019332.28]  01-27 03:01  CatalogMesh                  INFO     Painted 4194304 out of 23359942 objects to mesh.
[019332.28]  01-27 03:01  CatalogMesh                  INFO     Slab 4194304 ~ 8388608 / 23359942.
[019333.41]  01-27 03:01  CatalogMesh                  INFO     Painted 8388608 out of 23359942 objects to mesh.
[019333.41]  01-27 03:01  CatalogMesh                  INFO     Slab 8388608 ~ 12582912 / 23359942.
[019334.53]  01-27 03:01  CatalogMesh                  INFO     Painted 12582912 out of 23359942 objects to mesh.
[019334.53]  01-27 03:01  CatalogMesh                  INFO     Slab 12582912 ~ 16777216 / 23359942.
[019335.66]  01-27 03:01  CatalogMesh                  INFO     Painted 16777216 out of 23359942 objects to mesh.
[019335.66]  01-27 03:01  CatalogMesh                  INFO     Slab 16777216 ~ 20971520 / 23359942.
[019336.86]  01-27 03:01  CatalogMesh                  INFO     Painted 20971520 out of 23359942 objects to mesh.
[019336.86]  01-27 03:01  CatalogMesh                  INFO     Slab 20971520 ~ 25165824 / 23359942.
[019337.68]  01-27 03:01  CatalogMesh                  INFO     Painted 23359942 out of 23359942 objects to mesh.
[019341.40]  01-27 03:01  CatalogMesh                  INFO     Slab 0 ~ 4194304 / 23359942.
[019342.52]  01-27 03:01  CatalogMesh                  INFO     Painted 4194304 out of 23359942 objects to mesh.
[019342.52]  01-27 03:01  CatalogMesh                  INFO     Slab 4194304 ~ 8388608 / 23359942.
[019343.65]  01-27 03:01  CatalogMesh                  INFO     Painted 8388608 out of 23359942 objects to mesh.
[019343.65]  01-27 03:01  CatalogMesh                  INFO     Slab 8388608 ~ 12582912 / 23359942.
[019344.78]  01-27 03:01  CatalogMesh                  INFO     Painted 12582912 out of 23359942 objects to mesh.
[019344.78]  01-27 03:01  CatalogMesh                  INFO     Slab 12582912 ~ 16777216 / 23359942.
[019345.91]  01-27 03:01  CatalogMesh                  INFO     Painted 16777216 out of 23359942 objects to mesh.
[019345.91]  01-27 03:01  CatalogMesh                  INFO     Slab 16777216 ~ 20971520 / 23359942.
[019347.11]  01-27 03:02  CatalogMesh                  INFO     Painted 20971520 out of 23359942 objects to mesh.
[019347.11]  01-27 03:02  CatalogMesh                  INFO     Slab 20971520 ~ 25165824 / 23359942.
[019347.93]  01-27 03:02  CatalogMesh                  INFO     Painted 23359942 out of 23359942 objects to mesh.
[019353.42]  01-27 03:02  CatalogFFTPower              INFO     Done painting catalog 1 to mesh.
[019353.42]  01-27 03:02  CatalogFFTPower              INFO     Using 400 k-bins between 0.000 and 0.400.
[019353.42]  01-27 03:02  CatalogFFTPower              INFO     Meshes prepared in elapsed time 31.36 s.
[019353.42]  01-27 03:02  CatalogFFTPower              INFO     Running mesh calculation.
[019370.37]  01-27 03:02  CatalogFFTPower              INFO     Mesh calculations performed in elapsed time 16.95 s.
[019370.37]  01-27 03:02  CatalogFFTPower              INFO     Power spectrum computed in elapsed time 48.31 s.
[019370.37]  01-27 03:02  CatalogFFTPower              INFO     Saving /pscratch/sd/s/shengyu/galaxies/catalogs/Y3/AbacusHF-v2/Boxes/QSO/sn1p550/AbacusSummit_base_c000_ph020/mpspk/pkpoles_QSO_zp1.550_DR2_v1.0+dv_verr_empirical.npy.
[019370.37]  01-27 03:02  compute_2pt                  INFO     Save to /pscratch/sd/s/shengyu/galaxies/catalogs/Y3/AbacusHF-v2/Boxes/QSO/sn1p550/AbacusSummit_base_c000_ph020/mpspk/pkpoles_QSO_zp1.550_DR2_v1.0+dv_verr_empirical.npy
[019370.37]  01-27 03:02  TwoPointCorrelationFunction  INFO     Using estimator <class 'pycorr.twopoint_estimator.NaturalTwoPointEstimator'>.
[019370.37]  01-27 03:02  TwoPointCorrelationFunction  INFO     Running auto-correlation.
[019370.37]  01-27 03:02  TwoPointCorrelationFunction  INFO     Computing two-point counts D1D2.
[019387.38]  01-27 03:02  TwoPointCorrelationFunction  INFO     Analytically computing two-point counts R1R2.
[019387.38]  01-27 03:02  TwoPointCorrelationFunction  INFO     Correlation function computed in elapsed time 17.01 s.
[019387.38]  01-27 03:02  NaturalTwoPointEstimator     INFO     Saving /pscratch/sd/s/shengyu/galaxies/catalogs/Y3/AbacusHF-v2/Boxes/QSO/sn1p550/AbacusSummit_base_c000_ph020/mpspk/mpslog_QSO_zp1.550_DR2_v1.0+dv_verr_empirical.npy.
[019387.38]  01-27 03:02  compute_2pt                  INFO     Save to /pscratch/sd/s/shengyu/galaxies/catalogs/Y3/AbacusHF-v2/Boxes/QSO/sn1p550/AbacusSummit_base_c000_ph020/mpspk/mpslog_QSO_zp1.550_DR2_v1.0+dv_verr_empirical.npy
[019387.38]  01-27 03:02  TwoPointCorrelationFunction  INFO     Using estimator <class 'pycorr.twopoint_estimator.NaturalTwoPointEstimator'>.
[019387.38]  01-27 03:02  TwoPointCorrelationFunction  INFO     Running auto-correlation.
[019387.38]  01-27 03:02  TwoPointCorrelationFunction  INFO     Computing two-point counts D1D2.
[019406.59]  01-27 03:03  TwoPointCorrelationFunction  INFO     Analytically computing two-point counts R1R2.
[019406.59]  01-27 03:03  TwoPointCorrelationFunction  INFO     Correlation function computed in elapsed time 19.21 s.
[019406.59]  01-27 03:03  NaturalTwoPointEstimator     INFO     Saving /pscratch/sd/s/shengyu/galaxies/catalogs/Y3/AbacusHF-v2/Boxes/QSO/sn1p550/AbacusSummit_base_c000_ph020/mpspk/wplog_QSO_zp1.550_DR2_v1.0+dv_verr_empirical.npy.
[019406.59]  01-27 03:03  compute_2pt                  INFO     Save to /pscratch/sd/s/shengyu/galaxies/catalogs/Y3/AbacusHF-v2/Boxes/QSO/sn1p550/AbacusSummit_base_c000_ph020/mpspk/wplog_QSO_zp1.550_DR2_v1.0+dv_verr_empirical.npy
[019406.59]  01-27 03:03  compute_2pt                  INFO     Procceed {'version': 'AbacusHF-v2', 'domain': 'cubic', 'tracer': 'QSO', 'zsnap': 1.55, 'zrange': (1.4, 1.7), 'mock_id': 21, 'use_dv': 'verr_empirical'}
[019406.59]  01-27 03:03  cat_tools                    INFO     Load /pscratch/sd/s/shengyu/galaxies/catalogs/Y3/AbacusHF-v2/Boxes/QSO/sn1p550/AbacusSummit_base_c000_ph021/abacus_HF_QSO_1p550_DR2_v2.0_AbacusSummit_base_c000_ph021_base_clustering.dat.h5
[019406.59]  01-27 03:03  FileStack                    INFO     Reading /pscratch/sd/s/shengyu/galaxies/catalogs/Y3/AbacusHF-v2/Boxes/QSO/sn1p550/AbacusSummit_base_c000_ph021/abacus_HF_QSO_1p550_DR2_v2.0_AbacusSummit_base_c000_ph021_base_clustering.dat.h5.
[019406.60]  01-27 03:03  cat_tools                    INFO     use Z positions shifted in verr_empirical mode
[019407.51]  01-27 03:03  TwoPointCorrelationFunction  INFO     Using estimator <class 'pycorr.twopoint_estimator.NaturalTwoPointEstimator'>.
[019407.51]  01-27 03:03  TwoPointCorrelationFunction  INFO     Running auto-correlation.
[019407.51]  01-27 03:03  TwoPointCorrelationFunction  INFO     Computing two-point counts D1D2.
[019475.64]  01-27 03:04  TwoPointCorrelationFunction  INFO     Analytically computing two-point counts R1R2.
[019475.64]  01-27 03:04  TwoPointCorrelationFunction  INFO     Correlation function computed in elapsed time 68.13 s.
[019475.64]  01-27 03:04  NaturalTwoPointEstimator     INFO     Saving /pscratch/sd/s/shengyu/galaxies/catalogs/Y3/AbacusHF-v2/Boxes/QSO/sn1p550/AbacusSummit_base_c000_ph021/mpspk/xipoles_QSO_zp1.550_DR2_v1.0+dv_verr_empirical.npy.
[019475.64]  01-27 03:04  compute_2pt                  INFO     Save to /pscratch/sd/s/shengyu/galaxies/catalogs/Y3/AbacusHF-v2/Boxes/QSO/sn1p550/AbacusSummit_base_c000_ph021/mpspk/xipoles_QSO_zp1.550_DR2_v1.0+dv_verr_empirical.npy
[019478.78]  01-27 03:04  CatalogFFTPower              INFO     Painting catalog 1 to mesh CatalogMesh(nmesh=[512 512 512], boxsize=[2000. 2000. 2000.], boxcenter=[1000.00004647  999.99991346 1000.00005906], dtype=float64).
[019479.14]  01-27 03:04  CatalogMesh                  INFO     Slab 0 ~ 4194304 / 23378452.
[019480.28]  01-27 03:04  CatalogMesh                  INFO     Painted 4194304 out of 23378452 objects to mesh.
[019480.28]  01-27 03:04  CatalogMesh                  INFO     Slab 4194304 ~ 8388608 / 23378452.
[019481.42]  01-27 03:04  CatalogMesh                  INFO     Painted 8388608 out of 23378452 objects to mesh.
[019481.42]  01-27 03:04  CatalogMesh                  INFO     Slab 8388608 ~ 12582912 / 23378452.
[019482.55]  01-27 03:04  CatalogMesh                  INFO     Painted 12582912 out of 23378452 objects to mesh.
[019482.55]  01-27 03:04  CatalogMesh                  INFO     Slab 12582912 ~ 16777216 / 23378452.
[019483.67]  01-27 03:04  CatalogMesh                  INFO     Painted 16777216 out of 23378452 objects to mesh.
[019483.67]  01-27 03:04  CatalogMesh                  INFO     Slab 16777216 ~ 20971520 / 23378452.
[019484.88]  01-27 03:04  CatalogMesh                  INFO     Painted 20971520 out of 23378452 objects to mesh.
[019484.88]  01-27 03:04  CatalogMesh                  INFO     Slab 20971520 ~ 25165824 / 23378452.
[019485.70]  01-27 03:04  CatalogMesh                  INFO     Painted 23378452 out of 23378452 objects to mesh.
[019485.71]  01-27 03:04  CatalogMesh                  INFO     Running interlacing at order 3.
[019487.91]  01-27 03:04  CatalogMesh                  INFO     Slab 0 ~ 4194304 / 23378452.
[019489.06]  01-27 03:04  CatalogMesh                  INFO     Painted 4194304 out of 23378452 objects to mesh.
[019489.06]  01-27 03:04  CatalogMesh                  INFO     Slab 4194304 ~ 8388608 / 23378452.
[019490.23]  01-27 03:04  CatalogMesh                  INFO     Painted 8388608 out of 23378452 objects to mesh.
[019490.23]  01-27 03:04  CatalogMesh                  INFO     Slab 8388608 ~ 12582912 / 23378452.
[019491.40]  01-27 03:04  CatalogMesh                  INFO     Painted 12582912 out of 23378452 objects to mesh.
[019491.41]  01-27 03:04  CatalogMesh                  INFO     Slab 12582912 ~ 16777216 / 23378452.
[019492.55]  01-27 03:04  CatalogMesh                  INFO     Painted 16777216 out of 23378452 objects to mesh.
[019492.55]  01-27 03:04  CatalogMesh                  INFO     Slab 16777216 ~ 20971520 / 23378452.
[019493.77]  01-27 03:04  CatalogMesh                  INFO     Painted 20971520 out of 23378452 objects to mesh.
[019493.77]  01-27 03:04  CatalogMesh                  INFO     Slab 20971520 ~ 25165824 / 23378452.
[019494.59]  01-27 03:04  CatalogMesh                  INFO     Painted 23378452 out of 23378452 objects to mesh.
[019498.30]  01-27 03:04  CatalogMesh                  INFO     Slab 0 ~ 4194304 / 23378452.
[019499.42]  01-27 03:04  CatalogMesh                  INFO     Painted 4194304 out of 23378452 objects to mesh.
[019499.43]  01-27 03:04  CatalogMesh                  INFO     Slab 4194304 ~ 8388608 / 23378452.
[019500.54]  01-27 03:04  CatalogMesh                  INFO     Painted 8388608 out of 23378452 objects to mesh.
[019500.54]  01-27 03:04  CatalogMesh                  INFO     Slab 8388608 ~ 12582912 / 23378452.
[019501.68]  01-27 03:04  CatalogMesh                  INFO     Painted 12582912 out of 23378452 objects to mesh.
[019501.68]  01-27 03:04  CatalogMesh                  INFO     Slab 12582912 ~ 16777216 / 23378452.
[019502.80]  01-27 03:04  CatalogMesh                  INFO     Painted 16777216 out of 23378452 objects to mesh.
[019502.80]  01-27 03:04  CatalogMesh                  INFO     Slab 16777216 ~ 20971520 / 23378452.
[019504.01]  01-27 03:04  CatalogMesh                  INFO     Painted 20971520 out of 23378452 objects to mesh.
[019504.01]  01-27 03:04  CatalogMesh                  INFO     Slab 20971520 ~ 25165824 / 23378452.
[019504.83]  01-27 03:04  CatalogMesh                  INFO     Painted 23378452 out of 23378452 objects to mesh.
[019510.31]  01-27 03:04  CatalogFFTPower              INFO     Done painting catalog 1 to mesh.
[019510.31]  01-27 03:04  CatalogFFTPower              INFO     Using 400 k-bins between 0.000 and 0.400.
[019510.31]  01-27 03:04  CatalogFFTPower              INFO     Meshes prepared in elapsed time 31.52 s.
[019510.31]  01-27 03:04  CatalogFFTPower              INFO     Running mesh calculation.
[019527.24]  01-27 03:05  CatalogFFTPower              INFO     Mesh calculations performed in elapsed time 16.93 s.
[019527.24]  01-27 03:05  CatalogFFTPower              INFO     Power spectrum computed in elapsed time 48.46 s.
[019527.24]  01-27 03:05  CatalogFFTPower              INFO     Saving /pscratch/sd/s/shengyu/galaxies/catalogs/Y3/AbacusHF-v2/Boxes/QSO/sn1p550/AbacusSummit_base_c000_ph021/mpspk/pkpoles_QSO_zp1.550_DR2_v1.0+dv_verr_empirical.npy.
[019527.24]  01-27 03:05  compute_2pt                  INFO     Save to /pscratch/sd/s/shengyu/galaxies/catalogs/Y3/AbacusHF-v2/Boxes/QSO/sn1p550/AbacusSummit_base_c000_ph021/mpspk/pkpoles_QSO_zp1.550_DR2_v1.0+dv_verr_empirical.npy
[019527.25]  01-27 03:05  TwoPointCorrelationFunction  INFO     Using estimator <class 'pycorr.twopoint_estimator.NaturalTwoPointEstimator'>.
[019527.25]  01-27 03:05  TwoPointCorrelationFunction  INFO     Running auto-correlation.
[019527.25]  01-27 03:05  TwoPointCorrelationFunction  INFO     Computing two-point counts D1D2.
[019543.66]  01-27 03:05  TwoPointCorrelationFunction  INFO     Analytically computing two-point counts R1R2.
[019543.66]  01-27 03:05  TwoPointCorrelationFunction  INFO     Correlation function computed in elapsed time 16.41 s.
[019543.66]  01-27 03:05  NaturalTwoPointEstimator     INFO     Saving /pscratch/sd/s/shengyu/galaxies/catalogs/Y3/AbacusHF-v2/Boxes/QSO/sn1p550/AbacusSummit_base_c000_ph021/mpspk/mpslog_QSO_zp1.550_DR2_v1.0+dv_verr_empirical.npy.
[019543.66]  01-27 03:05  compute_2pt                  INFO     Save to /pscratch/sd/s/shengyu/galaxies/catalogs/Y3/AbacusHF-v2/Boxes/QSO/sn1p550/AbacusSummit_base_c000_ph021/mpspk/mpslog_QSO_zp1.550_DR2_v1.0+dv_verr_empirical.npy
[019543.66]  01-27 03:05  TwoPointCorrelationFunction  INFO     Using estimator <class 'pycorr.twopoint_estimator.NaturalTwoPointEstimator'>.
[019543.66]  01-27 03:05  TwoPointCorrelationFunction  INFO     Running auto-correlation.
[019543.66]  01-27 03:05  TwoPointCorrelationFunction  INFO     Computing two-point counts D1D2.
[019563.02]  01-27 03:05  TwoPointCorrelationFunction  INFO     Analytically computing two-point counts R1R2.
[019563.02]  01-27 03:05  TwoPointCorrelationFunction  INFO     Correlation function computed in elapsed time 19.36 s.
[019563.02]  01-27 03:05  NaturalTwoPointEstimator     INFO     Saving /pscratch/sd/s/shengyu/galaxies/catalogs/Y3/AbacusHF-v2/Boxes/QSO/sn1p550/AbacusSummit_base_c000_ph021/mpspk/wplog_QSO_zp1.550_DR2_v1.0+dv_verr_empirical.npy.
[019563.03]  01-27 03:05  compute_2pt                  INFO     Save to /pscratch/sd/s/shengyu/galaxies/catalogs/Y3/AbacusHF-v2/Boxes/QSO/sn1p550/AbacusSummit_base_c000_ph021/mpspk/wplog_QSO_zp1.550_DR2_v1.0+dv_verr_empirical.npy
[019563.03]  01-27 03:05  compute_2pt                  INFO     Procceed {'version': 'AbacusHF-v2', 'domain': 'cubic', 'tracer': 'QSO', 'zsnap': 1.55, 'zrange': (1.4, 1.7), 'mock_id': 22, 'use_dv': 'verr_empirical'}
[019563.03]  01-27 03:05  cat_tools                    INFO     Load /pscratch/sd/s/shengyu/galaxies/catalogs/Y3/AbacusHF-v2/Boxes/QSO/sn1p550/AbacusSummit_base_c000_ph022/abacus_HF_QSO_1p550_DR2_v2.0_AbacusSummit_base_c000_ph022_base_clustering.dat.h5
[019563.03]  01-27 03:05  FileStack                    INFO     Reading /pscratch/sd/s/shengyu/galaxies/catalogs/Y3/AbacusHF-v2/Boxes/QSO/sn1p550/AbacusSummit_base_c000_ph022/abacus_HF_QSO_1p550_DR2_v2.0_AbacusSummit_base_c000_ph022_base_clustering.dat.h5.
[019563.04]  01-27 03:05  cat_tools                    INFO     use Z positions shifted in verr_empirical mode
[019563.95]  01-27 03:05  TwoPointCorrelationFunction  INFO     Using estimator <class 'pycorr.twopoint_estimator.NaturalTwoPointEstimator'>.
[019563.95]  01-27 03:05  TwoPointCorrelationFunction  INFO     Running auto-correlation.
[019563.95]  01-27 03:05  TwoPointCorrelationFunction  INFO     Computing two-point counts D1D2.
[019632.86]  01-27 03:06  TwoPointCorrelationFunction  INFO     Analytically computing two-point counts R1R2.
[019632.86]  01-27 03:06  TwoPointCorrelationFunction  INFO     Correlation function computed in elapsed time 68.91 s.
[019632.86]  01-27 03:06  NaturalTwoPointEstimator     INFO     Saving /pscratch/sd/s/shengyu/galaxies/catalogs/Y3/AbacusHF-v2/Boxes/QSO/sn1p550/AbacusSummit_base_c000_ph022/mpspk/xipoles_QSO_zp1.550_DR2_v1.0+dv_verr_empirical.npy.
[019632.87]  01-27 03:06  compute_2pt                  INFO     Save to /pscratch/sd/s/shengyu/galaxies/catalogs/Y3/AbacusHF-v2/Boxes/QSO/sn1p550/AbacusSummit_base_c000_ph022/mpspk/xipoles_QSO_zp1.550_DR2_v1.0+dv_verr_empirical.npy
[019636.01]  01-27 03:06  CatalogFFTPower              INFO     Painting catalog 1 to mesh CatalogMesh(nmesh=[512 512 512], boxsize=[2000. 2000. 2000.], boxcenter=[1000.00000512  999.99997178  999.99995736], dtype=float64).
[019636.36]  01-27 03:06  CatalogMesh                  INFO     Slab 0 ~ 4194304 / 23372091.
[019637.51]  01-27 03:06  CatalogMesh                  INFO     Painted 4194304 out of 23372091 objects to mesh.
[019637.51]  01-27 03:06  CatalogMesh                  INFO     Slab 4194304 ~ 8388608 / 23372091.
[019638.64]  01-27 03:06  CatalogMesh                  INFO     Painted 8388608 out of 23372091 objects to mesh.
[019638.64]  01-27 03:06  CatalogMesh                  INFO     Slab 8388608 ~ 12582912 / 23372091.
[019639.76]  01-27 03:06  CatalogMesh                  INFO     Painted 12582912 out of 23372091 objects to mesh.
[019639.76]  01-27 03:06  CatalogMesh                  INFO     Slab 12582912 ~ 16777216 / 23372091.
[019640.90]  01-27 03:06  CatalogMesh                  INFO     Painted 16777216 out of 23372091 objects to mesh.
[019640.90]  01-27 03:06  CatalogMesh                  INFO     Slab 16777216 ~ 20971520 / 23372091.
[019642.10]  01-27 03:06  CatalogMesh                  INFO     Painted 20971520 out of 23372091 objects to mesh.
[019642.10]  01-27 03:06  CatalogMesh                  INFO     Slab 20971520 ~ 25165824 / 23372091.
[019642.92]  01-27 03:06  CatalogMesh                  INFO     Painted 23372091 out of 23372091 objects to mesh.
[019642.92]  01-27 03:06  CatalogMesh                  INFO     Running interlacing at order 3.
[019645.11]  01-27 03:06  CatalogMesh                  INFO     Slab 0 ~ 4194304 / 23372091.
[019646.23]  01-27 03:06  CatalogMesh                  INFO     Painted 4194304 out of 23372091 objects to mesh.
[019646.23]  01-27 03:06  CatalogMesh                  INFO     Slab 4194304 ~ 8388608 / 23372091.
[019647.36]  01-27 03:07  CatalogMesh                  INFO     Painted 8388608 out of 23372091 objects to mesh.
[019647.36]  01-27 03:07  CatalogMesh                  INFO     Slab 8388608 ~ 12582912 / 23372091.
[019648.49]  01-27 03:07  CatalogMesh                  INFO     Painted 12582912 out of 23372091 objects to mesh.
[019648.49]  01-27 03:07  CatalogMesh                  INFO     Slab 12582912 ~ 16777216 / 23372091.
[019649.63]  01-27 03:07  CatalogMesh                  INFO     Painted 16777216 out of 23372091 objects to mesh.
[019649.63]  01-27 03:07  CatalogMesh                  INFO     Slab 16777216 ~ 20971520 / 23372091.
[019650.83]  01-27 03:07  CatalogMesh                  INFO     Painted 20971520 out of 23372091 objects to mesh.
[019650.83]  01-27 03:07  CatalogMesh                  INFO     Slab 20971520 ~ 25165824 / 23372091.
[019651.66]  01-27 03:07  CatalogMesh                  INFO     Painted 23372091 out of 23372091 objects to mesh.
[019655.38]  01-27 03:07  CatalogMesh                  INFO     Slab 0 ~ 4194304 / 23372091.
[019656.51]  01-27 03:07  CatalogMesh                  INFO     Painted 4194304 out of 23372091 objects to mesh.
[019656.51]  01-27 03:07  CatalogMesh                  INFO     Slab 4194304 ~ 8388608 / 23372091.
[019657.64]  01-27 03:07  CatalogMesh                  INFO     Painted 8388608 out of 23372091 objects to mesh.
[019657.64]  01-27 03:07  CatalogMesh                  INFO     Slab 8388608 ~ 12582912 / 23372091.
[019658.77]  01-27 03:07  CatalogMesh                  INFO     Painted 12582912 out of 23372091 objects to mesh.
[019658.77]  01-27 03:07  CatalogMesh                  INFO     Slab 12582912 ~ 16777216 / 23372091.
[019659.90]  01-27 03:07  CatalogMesh                  INFO     Painted 16777216 out of 23372091 objects to mesh.
[019659.90]  01-27 03:07  CatalogMesh                  INFO     Slab 16777216 ~ 20971520 / 23372091.
[019661.10]  01-27 03:07  CatalogMesh                  INFO     Painted 20971520 out of 23372091 objects to mesh.
[019661.10]  01-27 03:07  CatalogMesh                  INFO     Slab 20971520 ~ 25165824 / 23372091.
[019661.93]  01-27 03:07  CatalogMesh                  INFO     Painted 23372091 out of 23372091 objects to mesh.
[019667.42]  01-27 03:07  CatalogFFTPower              INFO     Done painting catalog 1 to mesh.
[019667.43]  01-27 03:07  CatalogFFTPower              INFO     Using 400 k-bins between 0.000 and 0.400.
[019667.43]  01-27 03:07  CatalogFFTPower              INFO     Meshes prepared in elapsed time 31.42 s.
[019667.43]  01-27 03:07  CatalogFFTPower              INFO     Running mesh calculation.
[019684.38]  01-27 03:07  CatalogFFTPower              INFO     Mesh calculations performed in elapsed time 16.96 s.
[019684.38]  01-27 03:07  CatalogFFTPower              INFO     Power spectrum computed in elapsed time 48.38 s.
[019684.39]  01-27 03:07  CatalogFFTPower              INFO     Saving /pscratch/sd/s/shengyu/galaxies/catalogs/Y3/AbacusHF-v2/Boxes/QSO/sn1p550/AbacusSummit_base_c000_ph022/mpspk/pkpoles_QSO_zp1.550_DR2_v1.0+dv_verr_empirical.npy.
[019684.39]  01-27 03:07  compute_2pt                  INFO     Save to /pscratch/sd/s/shengyu/galaxies/catalogs/Y3/AbacusHF-v2/Boxes/QSO/sn1p550/AbacusSummit_base_c000_ph022/mpspk/pkpoles_QSO_zp1.550_DR2_v1.0+dv_verr_empirical.npy
[019684.39]  01-27 03:07  TwoPointCorrelationFunction  INFO     Using estimator <class 'pycorr.twopoint_estimator.NaturalTwoPointEstimator'>.
[019684.39]  01-27 03:07  TwoPointCorrelationFunction  INFO     Running auto-correlation.
[019684.39]  01-27 03:07  TwoPointCorrelationFunction  INFO     Computing two-point counts D1D2.
[019698.25]  01-27 03:07  TwoPointCorrelationFunction  INFO     Analytically computing two-point counts R1R2.
[019698.25]  01-27 03:07  TwoPointCorrelationFunction  INFO     Correlation function computed in elapsed time 13.87 s.
[019698.25]  01-27 03:07  NaturalTwoPointEstimator     INFO     Saving /pscratch/sd/s/shengyu/galaxies/catalogs/Y3/AbacusHF-v2/Boxes/QSO/sn1p550/AbacusSummit_base_c000_ph022/mpspk/mpslog_QSO_zp1.550_DR2_v1.0+dv_verr_empirical.npy.
[019698.26]  01-27 03:07  compute_2pt                  INFO     Save to /pscratch/sd/s/shengyu/galaxies/catalogs/Y3/AbacusHF-v2/Boxes/QSO/sn1p550/AbacusSummit_base_c000_ph022/mpspk/mpslog_QSO_zp1.550_DR2_v1.0+dv_verr_empirical.npy
[019698.26]  01-27 03:07  TwoPointCorrelationFunction  INFO     Using estimator <class 'pycorr.twopoint_estimator.NaturalTwoPointEstimator'>.
[019698.26]  01-27 03:07  TwoPointCorrelationFunction  INFO     Running auto-correlation.
[019698.26]  01-27 03:07  TwoPointCorrelationFunction  INFO     Computing two-point counts D1D2.
[019717.66]  01-27 03:08  TwoPointCorrelationFunction  INFO     Analytically computing two-point counts R1R2.
[019717.66]  01-27 03:08  TwoPointCorrelationFunction  INFO     Correlation function computed in elapsed time 19.41 s.
[019717.66]  01-27 03:08  NaturalTwoPointEstimator     INFO     Saving /pscratch/sd/s/shengyu/galaxies/catalogs/Y3/AbacusHF-v2/Boxes/QSO/sn1p550/AbacusSummit_base_c000_ph022/mpspk/wplog_QSO_zp1.550_DR2_v1.0+dv_verr_empirical.npy.
[019717.67]  01-27 03:08  compute_2pt                  INFO     Save to /pscratch/sd/s/shengyu/galaxies/catalogs/Y3/AbacusHF-v2/Boxes/QSO/sn1p550/AbacusSummit_base_c000_ph022/mpspk/wplog_QSO_zp1.550_DR2_v1.0+dv_verr_empirical.npy
[019717.67]  01-27 03:08  compute_2pt                  INFO     Procceed {'version': 'AbacusHF-v2', 'domain': 'cubic', 'tracer': 'QSO', 'zsnap': 1.55, 'zrange': (1.4, 1.7), 'mock_id': 23, 'use_dv': 'verr_empirical'}
[019717.67]  01-27 03:08  cat_tools                    INFO     Load /pscratch/sd/s/shengyu/galaxies/catalogs/Y3/AbacusHF-v2/Boxes/QSO/sn1p550/AbacusSummit_base_c000_ph023/abacus_HF_QSO_1p550_DR2_v2.0_AbacusSummit_base_c000_ph023_base_clustering.dat.h5
[019717.67]  01-27 03:08  FileStack                    INFO     Reading /pscratch/sd/s/shengyu/galaxies/catalogs/Y3/AbacusHF-v2/Boxes/QSO/sn1p550/AbacusSummit_base_c000_ph023/abacus_HF_QSO_1p550_DR2_v2.0_AbacusSummit_base_c000_ph023_base_clustering.dat.h5.
[019717.68]  01-27 03:08  cat_tools                    INFO     use Z positions shifted in verr_empirical mode
[019718.59]  01-27 03:08  TwoPointCorrelationFunction  INFO     Using estimator <class 'pycorr.twopoint_estimator.NaturalTwoPointEstimator'>.
[019718.59]  01-27 03:08  TwoPointCorrelationFunction  INFO     Running auto-correlation.
[019718.59]  01-27 03:08  TwoPointCorrelationFunction  INFO     Computing two-point counts D1D2.
[019788.12]  01-27 03:09  TwoPointCorrelationFunction  INFO     Analytically computing two-point counts R1R2.
[019788.12]  01-27 03:09  TwoPointCorrelationFunction  INFO     Correlation function computed in elapsed time 69.53 s.
[019788.12]  01-27 03:09  NaturalTwoPointEstimator     INFO     Saving /pscratch/sd/s/shengyu/galaxies/catalogs/Y3/AbacusHF-v2/Boxes/QSO/sn1p550/AbacusSummit_base_c000_ph023/mpspk/xipoles_QSO_zp1.550_DR2_v1.0+dv_verr_empirical.npy.
[019788.12]  01-27 03:09  compute_2pt                  INFO     Save to /pscratch/sd/s/shengyu/galaxies/catalogs/Y3/AbacusHF-v2/Boxes/QSO/sn1p550/AbacusSummit_base_c000_ph023/mpspk/xipoles_QSO_zp1.550_DR2_v1.0+dv_verr_empirical.npy
[019791.28]  01-27 03:09  CatalogFFTPower              INFO     Painting catalog 1 to mesh CatalogMesh(nmesh=[512 512 512], boxsize=[2000. 2000. 2000.], boxcenter=[1000.00000315 1000.00008541  999.99999698], dtype=float64).
[019791.63]  01-27 03:09  CatalogMesh                  INFO     Slab 0 ~ 4194304 / 23370269.
[019792.78]  01-27 03:09  CatalogMesh                  INFO     Painted 4194304 out of 23370269 objects to mesh.
[019792.78]  01-27 03:09  CatalogMesh                  INFO     Slab 4194304 ~ 8388608 / 23370269.
[019793.90]  01-27 03:09  CatalogMesh                  INFO     Painted 8388608 out of 23370269 objects to mesh.
[019793.90]  01-27 03:09  CatalogMesh                  INFO     Slab 8388608 ~ 12582912 / 23370269.
[019795.03]  01-27 03:09  CatalogMesh                  INFO     Painted 12582912 out of 23370269 objects to mesh.
[019795.03]  01-27 03:09  CatalogMesh                  INFO     Slab 12582912 ~ 16777216 / 23370269.
[019796.16]  01-27 03:09  CatalogMesh                  INFO     Painted 16777216 out of 23370269 objects to mesh.
[019796.16]  01-27 03:09  CatalogMesh                  INFO     Slab 16777216 ~ 20971520 / 23370269.
[019797.38]  01-27 03:09  CatalogMesh                  INFO     Painted 20971520 out of 23370269 objects to mesh.
[019797.38]  01-27 03:09  CatalogMesh                  INFO     Slab 20971520 ~ 25165824 / 23370269.
[019798.20]  01-27 03:09  CatalogMesh                  INFO     Painted 23370269 out of 23370269 objects to mesh.
[019798.20]  01-27 03:09  CatalogMesh                  INFO     Running interlacing at order 3.
[019800.39]  01-27 03:09  CatalogMesh                  INFO     Slab 0 ~ 4194304 / 23370269.
[019801.51]  01-27 03:09  CatalogMesh                  INFO     Painted 4194304 out of 23370269 objects to mesh.
[019801.51]  01-27 03:09  CatalogMesh                  INFO     Slab 4194304 ~ 8388608 / 23370269.
[019802.65]  01-27 03:09  CatalogMesh                  INFO     Painted 8388608 out of 23370269 objects to mesh.
[019802.65]  01-27 03:09  CatalogMesh                  INFO     Slab 8388608 ~ 12582912 / 23370269.
[019803.77]  01-27 03:09  CatalogMesh                  INFO     Painted 12582912 out of 23370269 objects to mesh.
[019803.77]  01-27 03:09  CatalogMesh                  INFO     Slab 12582912 ~ 16777216 / 23370269.
[019804.90]  01-27 03:09  CatalogMesh                  INFO     Painted 16777216 out of 23370269 objects to mesh.
[019804.90]  01-27 03:09  CatalogMesh                  INFO     Slab 16777216 ~ 20971520 / 23370269.
[019806.10]  01-27 03:09  CatalogMesh                  INFO     Painted 20971520 out of 23370269 objects to mesh.
[019806.10]  01-27 03:09  CatalogMesh                  INFO     Slab 20971520 ~ 25165824 / 23370269.
[019806.93]  01-27 03:09  CatalogMesh                  INFO     Painted 23370269 out of 23370269 objects to mesh.
[019810.67]  01-27 03:09  CatalogMesh                  INFO     Slab 0 ~ 4194304 / 23370269.
[019811.79]  01-27 03:09  CatalogMesh                  INFO     Painted 4194304 out of 23370269 objects to mesh.
[019811.79]  01-27 03:09  CatalogMesh                  INFO     Slab 4194304 ~ 8388608 / 23370269.
[019812.92]  01-27 03:09  CatalogMesh                  INFO     Painted 8388608 out of 23370269 objects to mesh.
[019812.92]  01-27 03:09  CatalogMesh                  INFO     Slab 8388608 ~ 12582912 / 23370269.
[019814.06]  01-27 03:09  CatalogMesh                  INFO     Painted 12582912 out of 23370269 objects to mesh.
[019814.06]  01-27 03:09  CatalogMesh                  INFO     Slab 12582912 ~ 16777216 / 23370269.
[019815.18]  01-27 03:09  CatalogMesh                  INFO     Painted 16777216 out of 23370269 objects to mesh.
[019815.18]  01-27 03:09  CatalogMesh                  INFO     Slab 16777216 ~ 20971520 / 23370269.
[019816.39]  01-27 03:09  CatalogMesh                  INFO     Painted 20971520 out of 23370269 objects to mesh.
[019816.39]  01-27 03:09  CatalogMesh                  INFO     Slab 20971520 ~ 25165824 / 23370269.
[019817.21]  01-27 03:09  CatalogMesh                  INFO     Painted 23370269 out of 23370269 objects to mesh.
[019822.69]  01-27 03:09  CatalogFFTPower              INFO     Done painting catalog 1 to mesh.
[019822.69]  01-27 03:09  CatalogFFTPower              INFO     Using 400 k-bins between 0.000 and 0.400.
[019822.69]  01-27 03:09  CatalogFFTPower              INFO     Meshes prepared in elapsed time 31.42 s.
[019822.69]  01-27 03:09  CatalogFFTPower              INFO     Running mesh calculation.
[019839.65]  01-27 03:10  CatalogFFTPower              INFO     Mesh calculations performed in elapsed time 16.96 s.
[019839.65]  01-27 03:10  CatalogFFTPower              INFO     Power spectrum computed in elapsed time 48.38 s.
[019839.65]  01-27 03:10  CatalogFFTPower              INFO     Saving /pscratch/sd/s/shengyu/galaxies/catalogs/Y3/AbacusHF-v2/Boxes/QSO/sn1p550/AbacusSummit_base_c000_ph023/mpspk/pkpoles_QSO_zp1.550_DR2_v1.0+dv_verr_empirical.npy.
[019839.66]  01-27 03:10  compute_2pt                  INFO     Save to /pscratch/sd/s/shengyu/galaxies/catalogs/Y3/AbacusHF-v2/Boxes/QSO/sn1p550/AbacusSummit_base_c000_ph023/mpspk/pkpoles_QSO_zp1.550_DR2_v1.0+dv_verr_empirical.npy
[019839.66]  01-27 03:10  TwoPointCorrelationFunction  INFO     Using estimator <class 'pycorr.twopoint_estimator.NaturalTwoPointEstimator'>.
[019839.66]  01-27 03:10  TwoPointCorrelationFunction  INFO     Running auto-correlation.
[019839.66]  01-27 03:10  TwoPointCorrelationFunction  INFO     Computing two-point counts D1D2.
[019854.46]  01-27 03:10  TwoPointCorrelationFunction  INFO     Analytically computing two-point counts R1R2.
[019854.46]  01-27 03:10  TwoPointCorrelationFunction  INFO     Correlation function computed in elapsed time 14.81 s.
[019854.47]  01-27 03:10  NaturalTwoPointEstimator     INFO     Saving /pscratch/sd/s/shengyu/galaxies/catalogs/Y3/AbacusHF-v2/Boxes/QSO/sn1p550/AbacusSummit_base_c000_ph023/mpspk/mpslog_QSO_zp1.550_DR2_v1.0+dv_verr_empirical.npy.
[019854.47]  01-27 03:10  compute_2pt                  INFO     Save to /pscratch/sd/s/shengyu/galaxies/catalogs/Y3/AbacusHF-v2/Boxes/QSO/sn1p550/AbacusSummit_base_c000_ph023/mpspk/mpslog_QSO_zp1.550_DR2_v1.0+dv_verr_empirical.npy
[019854.47]  01-27 03:10  TwoPointCorrelationFunction  INFO     Using estimator <class 'pycorr.twopoint_estimator.NaturalTwoPointEstimator'>.
[019854.47]  01-27 03:10  TwoPointCorrelationFunction  INFO     Running auto-correlation.
[019854.47]  01-27 03:10  TwoPointCorrelationFunction  INFO     Computing two-point counts D1D2.
[019873.78]  01-27 03:10  TwoPointCorrelationFunction  INFO     Analytically computing two-point counts R1R2.
[019873.78]  01-27 03:10  TwoPointCorrelationFunction  INFO     Correlation function computed in elapsed time 19.31 s.
[019873.78]  01-27 03:10  NaturalTwoPointEstimator     INFO     Saving /pscratch/sd/s/shengyu/galaxies/catalogs/Y3/AbacusHF-v2/Boxes/QSO/sn1p550/AbacusSummit_base_c000_ph023/mpspk/wplog_QSO_zp1.550_DR2_v1.0+dv_verr_empirical.npy.
[019873.78]  01-27 03:10  compute_2pt                  INFO     Save to /pscratch/sd/s/shengyu/galaxies/catalogs/Y3/AbacusHF-v2/Boxes/QSO/sn1p550/AbacusSummit_base_c000_ph023/mpspk/wplog_QSO_zp1.550_DR2_v1.0+dv_verr_empirical.npy
[019873.79]  01-27 03:10  compute_2pt                  INFO     Procceed {'version': 'AbacusHF-v2', 'domain': 'cubic', 'tracer': 'QSO', 'zsnap': 1.55, 'zrange': (1.4, 1.7), 'mock_id': 24, 'use_dv': 'verr_empirical'}
[019873.79]  01-27 03:10  cat_tools                    INFO     Load /pscratch/sd/s/shengyu/galaxies/catalogs/Y3/AbacusHF-v2/Boxes/QSO/sn1p550/AbacusSummit_base_c000_ph024/abacus_HF_QSO_1p550_DR2_v2.0_AbacusSummit_base_c000_ph024_base_clustering.dat.h5
[019873.79]  01-27 03:10  FileStack                    INFO     Reading /pscratch/sd/s/shengyu/galaxies/catalogs/Y3/AbacusHF-v2/Boxes/QSO/sn1p550/AbacusSummit_base_c000_ph024/abacus_HF_QSO_1p550_DR2_v2.0_AbacusSummit_base_c000_ph024_base_clustering.dat.h5.
[019873.79]  01-27 03:10  cat_tools                    INFO     use Z positions shifted in verr_empirical mode
[019874.71]  01-27 03:10  TwoPointCorrelationFunction  INFO     Using estimator <class 'pycorr.twopoint_estimator.NaturalTwoPointEstimator'>.
[019874.71]  01-27 03:10  TwoPointCorrelationFunction  INFO     Running auto-correlation.
[019874.71]  01-27 03:10  TwoPointCorrelationFunction  INFO     Computing two-point counts D1D2.
[019943.66]  01-27 03:11  TwoPointCorrelationFunction  INFO     Analytically computing two-point counts R1R2.
[019943.66]  01-27 03:11  TwoPointCorrelationFunction  INFO     Correlation function computed in elapsed time 68.95 s.
[019943.66]  01-27 03:11  NaturalTwoPointEstimator     INFO     Saving /pscratch/sd/s/shengyu/galaxies/catalogs/Y3/AbacusHF-v2/Boxes/QSO/sn1p550/AbacusSummit_base_c000_ph024/mpspk/xipoles_QSO_zp1.550_DR2_v1.0+dv_verr_empirical.npy.
[019943.67]  01-27 03:11  compute_2pt                  INFO     Save to /pscratch/sd/s/shengyu/galaxies/catalogs/Y3/AbacusHF-v2/Boxes/QSO/sn1p550/AbacusSummit_base_c000_ph024/mpspk/xipoles_QSO_zp1.550_DR2_v1.0+dv_verr_empirical.npy
[019946.90]  01-27 03:12  CatalogFFTPower              INFO     Painting catalog 1 to mesh CatalogMesh(nmesh=[512 512 512], boxsize=[2000. 2000. 2000.], boxcenter=[ 999.99998668 1000.00001497 1000.00000491], dtype=float64).
[019947.26]  01-27 03:12  CatalogMesh                  INFO     Slab 0 ~ 4194304 / 23431381.
[019948.40]  01-27 03:12  CatalogMesh                  INFO     Painted 4194304 out of 23431381 objects to mesh.
[019948.40]  01-27 03:12  CatalogMesh                  INFO     Slab 4194304 ~ 8388608 / 23431381.
[019949.53]  01-27 03:12  CatalogMesh                  INFO     Painted 8388608 out of 23431381 objects to mesh.
[019949.53]  01-27 03:12  CatalogMesh                  INFO     Slab 8388608 ~ 12582912 / 23431381.
[019950.66]  01-27 03:12  CatalogMesh                  INFO     Painted 12582912 out of 23431381 objects to mesh.
[019950.66]  01-27 03:12  CatalogMesh                  INFO     Slab 12582912 ~ 16777216 / 23431381.
[019951.78]  01-27 03:12  CatalogMesh                  INFO     Painted 16777216 out of 23431381 objects to mesh.
[019951.78]  01-27 03:12  CatalogMesh                  INFO     Slab 16777216 ~ 20971520 / 23431381.
[019952.98]  01-27 03:12  CatalogMesh                  INFO     Painted 20971520 out of 23431381 objects to mesh.
[019952.98]  01-27 03:12  CatalogMesh                  INFO     Slab 20971520 ~ 25165824 / 23431381.
[019953.83]  01-27 03:12  CatalogMesh                  INFO     Painted 23431381 out of 23431381 objects to mesh.
[019953.83]  01-27 03:12  CatalogMesh                  INFO     Running interlacing at order 3.
[019956.02]  01-27 03:12  CatalogMesh                  INFO     Slab 0 ~ 4194304 / 23431381.
[019957.15]  01-27 03:12  CatalogMesh                  INFO     Painted 4194304 out of 23431381 objects to mesh.
[019957.15]  01-27 03:12  CatalogMesh                  INFO     Slab 4194304 ~ 8388608 / 23431381.
[019958.27]  01-27 03:12  CatalogMesh                  INFO     Painted 8388608 out of 23431381 objects to mesh.
[019958.27]  01-27 03:12  CatalogMesh                  INFO     Slab 8388608 ~ 12582912 / 23431381.
[019959.40]  01-27 03:12  CatalogMesh                  INFO     Painted 12582912 out of 23431381 objects to mesh.
[019959.40]  01-27 03:12  CatalogMesh                  INFO     Slab 12582912 ~ 16777216 / 23431381.
[019960.53]  01-27 03:12  CatalogMesh                  INFO     Painted 16777216 out of 23431381 objects to mesh.
[019960.53]  01-27 03:12  CatalogMesh                  INFO     Slab 16777216 ~ 20971520 / 23431381.
[019961.73]  01-27 03:12  CatalogMesh                  INFO     Painted 20971520 out of 23431381 objects to mesh.
[019961.73]  01-27 03:12  CatalogMesh                  INFO     Slab 20971520 ~ 25165824 / 23431381.
[019962.58]  01-27 03:12  CatalogMesh                  INFO     Painted 23431381 out of 23431381 objects to mesh.
[019966.31]  01-27 03:12  CatalogMesh                  INFO     Slab 0 ~ 4194304 / 23431381.
[019967.43]  01-27 03:12  CatalogMesh                  INFO     Painted 4194304 out of 23431381 objects to mesh.
[019967.43]  01-27 03:12  CatalogMesh                  INFO     Slab 4194304 ~ 8388608 / 23431381.
[019968.57]  01-27 03:12  CatalogMesh                  INFO     Painted 8388608 out of 23431381 objects to mesh.
[019968.57]  01-27 03:12  CatalogMesh                  INFO     Slab 8388608 ~ 12582912 / 23431381.
[019969.70]  01-27 03:12  CatalogMesh                  INFO     Painted 12582912 out of 23431381 objects to mesh.
[019969.70]  01-27 03:12  CatalogMesh                  INFO     Slab 12582912 ~ 16777216 / 23431381.
[019970.83]  01-27 03:12  CatalogMesh                  INFO     Painted 16777216 out of 23431381 objects to mesh.
[019970.83]  01-27 03:12  CatalogMesh                  INFO     Slab 16777216 ~ 20971520 / 23431381.
[019972.03]  01-27 03:12  CatalogMesh                  INFO     Painted 20971520 out of 23431381 objects to mesh.
[019972.03]  01-27 03:12  CatalogMesh                  INFO     Slab 20971520 ~ 25165824 / 23431381.
[019972.88]  01-27 03:12  CatalogMesh                  INFO     Painted 23431381 out of 23431381 objects to mesh.
[019978.37]  01-27 03:12  CatalogFFTPower              INFO     Done painting catalog 1 to mesh.
[019978.37]  01-27 03:12  CatalogFFTPower              INFO     Using 400 k-bins between 0.000 and 0.400.
[019978.37]  01-27 03:12  CatalogFFTPower              INFO     Meshes prepared in elapsed time 31.47 s.
[019978.37]  01-27 03:12  CatalogFFTPower              INFO     Running mesh calculation.
[019995.37]  01-27 03:12  CatalogFFTPower              INFO     Mesh calculations performed in elapsed time 17.00 s.
[019995.37]  01-27 03:12  CatalogFFTPower              INFO     Power spectrum computed in elapsed time 48.47 s.
[019995.37]  01-27 03:12  CatalogFFTPower              INFO     Saving /pscratch/sd/s/shengyu/galaxies/catalogs/Y3/AbacusHF-v2/Boxes/QSO/sn1p550/AbacusSummit_base_c000_ph024/mpspk/pkpoles_QSO_zp1.550_DR2_v1.0+dv_verr_empirical.npy.
[019995.38]  01-27 03:12  compute_2pt                  INFO     Save to /pscratch/sd/s/shengyu/galaxies/catalogs/Y3/AbacusHF-v2/Boxes/QSO/sn1p550/AbacusSummit_base_c000_ph024/mpspk/pkpoles_QSO_zp1.550_DR2_v1.0+dv_verr_empirical.npy
[019995.38]  01-27 03:12  TwoPointCorrelationFunction  INFO     Using estimator <class 'pycorr.twopoint_estimator.NaturalTwoPointEstimator'>.
[019995.38]  01-27 03:12  TwoPointCorrelationFunction  INFO     Running auto-correlation.
[019995.38]  01-27 03:12  TwoPointCorrelationFunction  INFO     Computing two-point counts D1D2.
[020010.01]  01-27 03:13  TwoPointCorrelationFunction  INFO     Analytically computing two-point counts R1R2.
[020010.01]  01-27 03:13  TwoPointCorrelationFunction  INFO     Correlation function computed in elapsed time 14.64 s.
[020010.01]  01-27 03:13  NaturalTwoPointEstimator     INFO     Saving /pscratch/sd/s/shengyu/galaxies/catalogs/Y3/AbacusHF-v2/Boxes/QSO/sn1p550/AbacusSummit_base_c000_ph024/mpspk/mpslog_QSO_zp1.550_DR2_v1.0+dv_verr_empirical.npy.
[020010.02]  01-27 03:13  compute_2pt                  INFO     Save to /pscratch/sd/s/shengyu/galaxies/catalogs/Y3/AbacusHF-v2/Boxes/QSO/sn1p550/AbacusSummit_base_c000_ph024/mpspk/mpslog_QSO_zp1.550_DR2_v1.0+dv_verr_empirical.npy
[020010.02]  01-27 03:13  TwoPointCorrelationFunction  INFO     Using estimator <class 'pycorr.twopoint_estimator.NaturalTwoPointEstimator'>.
[020010.02]  01-27 03:13  TwoPointCorrelationFunction  INFO     Running auto-correlation.
[020010.02]  01-27 03:13  TwoPointCorrelationFunction  INFO     Computing two-point counts D1D2.
[020029.36]  01-27 03:13  TwoPointCorrelationFunction  INFO     Analytically computing two-point counts R1R2.
[020029.36]  01-27 03:13  TwoPointCorrelationFunction  INFO     Correlation function computed in elapsed time 19.34 s.
[020029.36]  01-27 03:13  NaturalTwoPointEstimator     INFO     Saving /pscratch/sd/s/shengyu/galaxies/catalogs/Y3/AbacusHF-v2/Boxes/QSO/sn1p550/AbacusSummit_base_c000_ph024/mpspk/wplog_QSO_zp1.550_DR2_v1.0+dv_verr_empirical.npy.
[020029.37]  01-27 03:13  compute_2pt                  INFO     Save to /pscratch/sd/s/shengyu/galaxies/catalogs/Y3/AbacusHF-v2/Boxes/QSO/sn1p550/AbacusSummit_base_c000_ph024/mpspk/wplog_QSO_zp1.550_DR2_v1.0+dv_verr_empirical.npy
[020029.37]  01-27 03:13  compute_2pt                  INFO     Procceed {'version': 'AbacusHF-v2', 'domain': 'cubic', 'tracer': 'QSO', 'zsnap': 1.85, 'zrange': (1.7, 2.1), 'mock_id': 0, 'use_dv': 'verr_empirical'}
[020029.37]  01-27 03:13  cat_tools                    INFO     Load /pscratch/sd/s/shengyu/galaxies/catalogs/Y3/AbacusHF-v2/Boxes/QSO/sn1p850/AbacusSummit_base_c000_ph000/abacus_HF_QSO_1p850_DR2_v2.0_AbacusSummit_base_c000_ph000_base_clustering.dat.h5
[020029.37]  01-27 03:13  FileStack                    INFO     Reading /pscratch/sd/s/shengyu/galaxies/catalogs/Y3/AbacusHF-v2/Boxes/QSO/sn1p850/AbacusSummit_base_c000_ph000/abacus_HF_QSO_1p850_DR2_v2.0_AbacusSummit_base_c000_ph000_base_clustering.dat.h5.
[020029.37]  01-27 03:13  cat_tools                    INFO     use Z positions shifted in verr_empirical mode
[020029.82]  01-27 03:13  TwoPointCorrelationFunction  INFO     Using estimator <class 'pycorr.twopoint_estimator.NaturalTwoPointEstimator'>.
[020029.82]  01-27 03:13  TwoPointCorrelationFunction  INFO     Running auto-correlation.
[020029.82]  01-27 03:13  TwoPointCorrelationFunction  INFO     Computing two-point counts D1D2.
[020046.35]  01-27 03:13  TwoPointCorrelationFunction  INFO     Analytically computing two-point counts R1R2.
[020046.35]  01-27 03:13  TwoPointCorrelationFunction  INFO     Correlation function computed in elapsed time 16.53 s.
[020046.35]  01-27 03:13  NaturalTwoPointEstimator     INFO     Saving /pscratch/sd/s/shengyu/galaxies/catalogs/Y3/AbacusHF-v2/Boxes/QSO/sn1p850/AbacusSummit_base_c000_ph000/mpspk/xipoles_QSO_zp1.850_DR2_v1.0+dv_verr_empirical.npy.
[020046.35]  01-27 03:13  compute_2pt                  INFO     Save to /pscratch/sd/s/shengyu/galaxies/catalogs/Y3/AbacusHF-v2/Boxes/QSO/sn1p850/AbacusSummit_base_c000_ph000/mpspk/xipoles_QSO_zp1.850_DR2_v1.0+dv_verr_empirical.npy
[020047.89]  01-27 03:13  CatalogFFTPower              INFO     Painting catalog 1 to mesh CatalogMesh(nmesh=[512 512 512], boxsize=[2000. 2000. 2000.], boxcenter=[1000.00002169  999.99988233  999.99998269], dtype=float64).
[020048.13]  01-27 03:13  CatalogMesh                  INFO     Slab 0 ~ 4194304 / 11336595.
[020049.36]  01-27 03:13  CatalogMesh                  INFO     Painted 4194304 out of 11336595 objects to mesh.
[020049.36]  01-27 03:13  CatalogMesh                  INFO     Slab 4194304 ~ 8388608 / 11336595.
[020050.58]  01-27 03:13  CatalogMesh                  INFO     Painted 8388608 out of 11336595 objects to mesh.
[020050.58]  01-27 03:13  CatalogMesh                  INFO     Slab 8388608 ~ 12582912 / 11336595.
[020051.58]  01-27 03:13  CatalogMesh                  INFO     Painted 11336595 out of 11336595 objects to mesh.
[020051.59]  01-27 03:13  CatalogMesh                  INFO     Running interlacing at order 3.
[020053.64]  01-27 03:13  CatalogMesh                  INFO     Slab 0 ~ 4194304 / 11336595.
[020054.86]  01-27 03:13  CatalogMesh                  INFO     Painted 4194304 out of 11336595 objects to mesh.
[020054.86]  01-27 03:13  CatalogMesh                  INFO     Slab 4194304 ~ 8388608 / 11336595.
[020056.09]  01-27 03:13  CatalogMesh                  INFO     Painted 8388608 out of 11336595 objects to mesh.
[020056.09]  01-27 03:13  CatalogMesh                  INFO     Slab 8388608 ~ 12582912 / 11336595.
[020057.09]  01-27 03:13  CatalogMesh                  INFO     Painted 11336595 out of 11336595 objects to mesh.
[020060.70]  01-27 03:13  CatalogMesh                  INFO     Slab 0 ~ 4194304 / 11336595.
[020061.91]  01-27 03:13  CatalogMesh                  INFO     Painted 4194304 out of 11336595 objects to mesh.
[020061.91]  01-27 03:13  CatalogMesh                  INFO     Slab 4194304 ~ 8388608 / 11336595.
[020063.13]  01-27 03:13  CatalogMesh                  INFO     Painted 8388608 out of 11336595 objects to mesh.
[020063.13]  01-27 03:13  CatalogMesh                  INFO     Slab 8388608 ~ 12582912 / 11336595.
[020064.14]  01-27 03:13  CatalogMesh                  INFO     Painted 11336595 out of 11336595 objects to mesh.
[020069.63]  01-27 03:14  CatalogFFTPower              INFO     Done painting catalog 1 to mesh.
[020069.63]  01-27 03:14  CatalogFFTPower              INFO     Using 400 k-bins between 0.000 and 0.400.
[020069.63]  01-27 03:14  CatalogFFTPower              INFO     Meshes prepared in elapsed time 21.74 s.
[020069.63]  01-27 03:14  CatalogFFTPower              INFO     Running mesh calculation.
[020086.61]  01-27 03:14  CatalogFFTPower              INFO     Mesh calculations performed in elapsed time 16.98 s.
[020086.61]  01-27 03:14  CatalogFFTPower              INFO     Power spectrum computed in elapsed time 38.72 s.
[020086.61]  01-27 03:14  CatalogFFTPower              INFO     Saving /pscratch/sd/s/shengyu/galaxies/catalogs/Y3/AbacusHF-v2/Boxes/QSO/sn1p850/AbacusSummit_base_c000_ph000/mpspk/pkpoles_QSO_zp1.850_DR2_v1.0+dv_verr_empirical.npy.
[020086.61]  01-27 03:14  compute_2pt                  INFO     Save to /pscratch/sd/s/shengyu/galaxies/catalogs/Y3/AbacusHF-v2/Boxes/QSO/sn1p850/AbacusSummit_base_c000_ph000/mpspk/pkpoles_QSO_zp1.850_DR2_v1.0+dv_verr_empirical.npy
[020086.61]  01-27 03:14  TwoPointCorrelationFunction  INFO     Using estimator <class 'pycorr.twopoint_estimator.NaturalTwoPointEstimator'>.
[020086.61]  01-27 03:14  TwoPointCorrelationFunction  INFO     Running auto-correlation.
[020086.61]  01-27 03:14  TwoPointCorrelationFunction  INFO     Computing two-point counts D1D2.
[020090.27]  01-27 03:14  TwoPointCorrelationFunction  INFO     Analytically computing two-point counts R1R2.
[020090.28]  01-27 03:14  TwoPointCorrelationFunction  INFO     Correlation function computed in elapsed time 3.66 s.
[020090.28]  01-27 03:14  NaturalTwoPointEstimator     INFO     Saving /pscratch/sd/s/shengyu/galaxies/catalogs/Y3/AbacusHF-v2/Boxes/QSO/sn1p850/AbacusSummit_base_c000_ph000/mpspk/mpslog_QSO_zp1.850_DR2_v1.0+dv_verr_empirical.npy.
[020090.28]  01-27 03:14  compute_2pt                  INFO     Save to /pscratch/sd/s/shengyu/galaxies/catalogs/Y3/AbacusHF-v2/Boxes/QSO/sn1p850/AbacusSummit_base_c000_ph000/mpspk/mpslog_QSO_zp1.850_DR2_v1.0+dv_verr_empirical.npy
[020090.28]  01-27 03:14  TwoPointCorrelationFunction  INFO     Using estimator <class 'pycorr.twopoint_estimator.NaturalTwoPointEstimator'>.
[020090.28]  01-27 03:14  TwoPointCorrelationFunction  INFO     Running auto-correlation.
[020090.28]  01-27 03:14  TwoPointCorrelationFunction  INFO     Computing two-point counts D1D2.
[020101.17]  01-27 03:14  TwoPointCorrelationFunction  INFO     Analytically computing two-point counts R1R2.
[020101.17]  01-27 03:14  TwoPointCorrelationFunction  INFO     Correlation function computed in elapsed time 10.89 s.
[020101.17]  01-27 03:14  NaturalTwoPointEstimator     INFO     Saving /pscratch/sd/s/shengyu/galaxies/catalogs/Y3/AbacusHF-v2/Boxes/QSO/sn1p850/AbacusSummit_base_c000_ph000/mpspk/wplog_QSO_zp1.850_DR2_v1.0+dv_verr_empirical.npy.
[020101.17]  01-27 03:14  compute_2pt                  INFO     Save to /pscratch/sd/s/shengyu/galaxies/catalogs/Y3/AbacusHF-v2/Boxes/QSO/sn1p850/AbacusSummit_base_c000_ph000/mpspk/wplog_QSO_zp1.850_DR2_v1.0+dv_verr_empirical.npy
[020101.17]  01-27 03:14  compute_2pt                  INFO     Procceed {'version': 'AbacusHF-v2', 'domain': 'cubic', 'tracer': 'QSO', 'zsnap': 1.85, 'zrange': (1.7, 2.1), 'mock_id': 1, 'use_dv': 'verr_empirical'}
[020101.18]  01-27 03:14  cat_tools                    INFO     Load /pscratch/sd/s/shengyu/galaxies/catalogs/Y3/AbacusHF-v2/Boxes/QSO/sn1p850/AbacusSummit_base_c000_ph001/abacus_HF_QSO_1p850_DR2_v2.0_AbacusSummit_base_c000_ph001_base_clustering.dat.h5
[020101.18]  01-27 03:14  FileStack                    INFO     Reading /pscratch/sd/s/shengyu/galaxies/catalogs/Y3/AbacusHF-v2/Boxes/QSO/sn1p850/AbacusSummit_base_c000_ph001/abacus_HF_QSO_1p850_DR2_v2.0_AbacusSummit_base_c000_ph001_base_clustering.dat.h5.
[020101.18]  01-27 03:14  cat_tools                    INFO     use Z positions shifted in verr_empirical mode
[020101.63]  01-27 03:14  TwoPointCorrelationFunction  INFO     Using estimator <class 'pycorr.twopoint_estimator.NaturalTwoPointEstimator'>.
[020101.63]  01-27 03:14  TwoPointCorrelationFunction  INFO     Running auto-correlation.
[020101.63]  01-27 03:14  TwoPointCorrelationFunction  INFO     Computing two-point counts D1D2.
[020118.23]  01-27 03:14  TwoPointCorrelationFunction  INFO     Analytically computing two-point counts R1R2.
[020118.23]  01-27 03:14  TwoPointCorrelationFunction  INFO     Correlation function computed in elapsed time 16.60 s.
[020118.23]  01-27 03:14  NaturalTwoPointEstimator     INFO     Saving /pscratch/sd/s/shengyu/galaxies/catalogs/Y3/AbacusHF-v2/Boxes/QSO/sn1p850/AbacusSummit_base_c000_ph001/mpspk/xipoles_QSO_zp1.850_DR2_v1.0+dv_verr_empirical.npy.
[020118.24]  01-27 03:14  compute_2pt                  INFO     Save to /pscratch/sd/s/shengyu/galaxies/catalogs/Y3/AbacusHF-v2/Boxes/QSO/sn1p850/AbacusSummit_base_c000_ph001/mpspk/xipoles_QSO_zp1.850_DR2_v1.0+dv_verr_empirical.npy
[020119.77]  01-27 03:14  CatalogFFTPower              INFO     Painting catalog 1 to mesh CatalogMesh(nmesh=[512 512 512], boxsize=[2000. 2000. 2000.], boxcenter=[999.99989471 999.99961363 999.99993945], dtype=float64).
[020120.01]  01-27 03:14  CatalogMesh                  INFO     Slab 0 ~ 4194304 / 11330979.
[020121.25]  01-27 03:14  CatalogMesh                  INFO     Painted 4194304 out of 11330979 objects to mesh.
[020121.25]  01-27 03:14  CatalogMesh                  INFO     Slab 4194304 ~ 8388608 / 11330979.
[020122.47]  01-27 03:14  CatalogMesh                  INFO     Painted 8388608 out of 11330979 objects to mesh.
[020122.48]  01-27 03:14  CatalogMesh                  INFO     Slab 8388608 ~ 12582912 / 11330979.
[020123.48]  01-27 03:14  CatalogMesh                  INFO     Painted 11330979 out of 11330979 objects to mesh.
[020123.48]  01-27 03:14  CatalogMesh                  INFO     Running interlacing at order 3.
[020125.54]  01-27 03:14  CatalogMesh                  INFO     Slab 0 ~ 4194304 / 11330979.
[020126.76]  01-27 03:15  CatalogMesh                  INFO     Painted 4194304 out of 11330979 objects to mesh.
[020126.76]  01-27 03:15  CatalogMesh                  INFO     Slab 4194304 ~ 8388608 / 11330979.
[020127.98]  01-27 03:15  CatalogMesh                  INFO     Painted 8388608 out of 11330979 objects to mesh.
[020127.98]  01-27 03:15  CatalogMesh                  INFO     Slab 8388608 ~ 12582912 / 11330979.
[020128.98]  01-27 03:15  CatalogMesh                  INFO     Painted 11330979 out of 11330979 objects to mesh.
[020132.57]  01-27 03:15  CatalogMesh                  INFO     Slab 0 ~ 4194304 / 11330979.
[020133.85]  01-27 03:15  CatalogMesh                  INFO     Painted 4194304 out of 11330979 objects to mesh.
[020133.85]  01-27 03:15  CatalogMesh                  INFO     Slab 4194304 ~ 8388608 / 11330979.
[020135.08]  01-27 03:15  CatalogMesh                  INFO     Painted 8388608 out of 11330979 objects to mesh.
[020135.08]  01-27 03:15  CatalogMesh                  INFO     Slab 8388608 ~ 12582912 / 11330979.
[020136.08]  01-27 03:15  CatalogMesh                  INFO     Painted 11330979 out of 11330979 objects to mesh.
[020141.55]  01-27 03:15  CatalogFFTPower              INFO     Done painting catalog 1 to mesh.
[020141.55]  01-27 03:15  CatalogFFTPower              INFO     Using 400 k-bins between 0.000 and 0.400.
[020141.55]  01-27 03:15  CatalogFFTPower              INFO     Meshes prepared in elapsed time 21.78 s.
[020141.55]  01-27 03:15  CatalogFFTPower              INFO     Running mesh calculation.
[020158.56]  01-27 03:15  CatalogFFTPower              INFO     Mesh calculations performed in elapsed time 17.01 s.
[020158.56]  01-27 03:15  CatalogFFTPower              INFO     Power spectrum computed in elapsed time 38.79 s.
[020158.56]  01-27 03:15  CatalogFFTPower              INFO     Saving /pscratch/sd/s/shengyu/galaxies/catalogs/Y3/AbacusHF-v2/Boxes/QSO/sn1p850/AbacusSummit_base_c000_ph001/mpspk/pkpoles_QSO_zp1.850_DR2_v1.0+dv_verr_empirical.npy.
[020158.56]  01-27 03:15  compute_2pt                  INFO     Save to /pscratch/sd/s/shengyu/galaxies/catalogs/Y3/AbacusHF-v2/Boxes/QSO/sn1p850/AbacusSummit_base_c000_ph001/mpspk/pkpoles_QSO_zp1.850_DR2_v1.0+dv_verr_empirical.npy
[020158.56]  01-27 03:15  TwoPointCorrelationFunction  INFO     Using estimator <class 'pycorr.twopoint_estimator.NaturalTwoPointEstimator'>.
[020158.56]  01-27 03:15  TwoPointCorrelationFunction  INFO     Running auto-correlation.
[020158.56]  01-27 03:15  TwoPointCorrelationFunction  INFO     Computing two-point counts D1D2.
[020162.09]  01-27 03:15  TwoPointCorrelationFunction  INFO     Analytically computing two-point counts R1R2.
[020162.09]  01-27 03:15  TwoPointCorrelationFunction  INFO     Correlation function computed in elapsed time 3.53 s.
[020162.09]  01-27 03:15  NaturalTwoPointEstimator     INFO     Saving /pscratch/sd/s/shengyu/galaxies/catalogs/Y3/AbacusHF-v2/Boxes/QSO/sn1p850/AbacusSummit_base_c000_ph001/mpspk/mpslog_QSO_zp1.850_DR2_v1.0+dv_verr_empirical.npy.
[020162.10]  01-27 03:15  compute_2pt                  INFO     Save to /pscratch/sd/s/shengyu/galaxies/catalogs/Y3/AbacusHF-v2/Boxes/QSO/sn1p850/AbacusSummit_base_c000_ph001/mpspk/mpslog_QSO_zp1.850_DR2_v1.0+dv_verr_empirical.npy
[020162.10]  01-27 03:15  TwoPointCorrelationFunction  INFO     Using estimator <class 'pycorr.twopoint_estimator.NaturalTwoPointEstimator'>.
[020162.10]  01-27 03:15  TwoPointCorrelationFunction  INFO     Running auto-correlation.
[020162.10]  01-27 03:15  TwoPointCorrelationFunction  INFO     Computing two-point counts D1D2.
[020173.17]  01-27 03:15  TwoPointCorrelationFunction  INFO     Analytically computing two-point counts R1R2.
[020173.18]  01-27 03:15  TwoPointCorrelationFunction  INFO     Correlation function computed in elapsed time 11.08 s.
[020173.18]  01-27 03:15  NaturalTwoPointEstimator     INFO     Saving /pscratch/sd/s/shengyu/galaxies/catalogs/Y3/AbacusHF-v2/Boxes/QSO/sn1p850/AbacusSummit_base_c000_ph001/mpspk/wplog_QSO_zp1.850_DR2_v1.0+dv_verr_empirical.npy.
[020173.18]  01-27 03:15  compute_2pt                  INFO     Save to /pscratch/sd/s/shengyu/galaxies/catalogs/Y3/AbacusHF-v2/Boxes/QSO/sn1p850/AbacusSummit_base_c000_ph001/mpspk/wplog_QSO_zp1.850_DR2_v1.0+dv_verr_empirical.npy
[020173.18]  01-27 03:15  compute_2pt                  INFO     Procceed {'version': 'AbacusHF-v2', 'domain': 'cubic', 'tracer': 'QSO', 'zsnap': 1.85, 'zrange': (1.7, 2.1), 'mock_id': 2, 'use_dv': 'verr_empirical'}
[020173.18]  01-27 03:15  cat_tools                    INFO     Load /pscratch/sd/s/shengyu/galaxies/catalogs/Y3/AbacusHF-v2/Boxes/QSO/sn1p850/AbacusSummit_base_c000_ph002/abacus_HF_QSO_1p850_DR2_v2.0_AbacusSummit_base_c000_ph002_base_clustering.dat.h5
[020173.18]  01-27 03:15  FileStack                    INFO     Reading /pscratch/sd/s/shengyu/galaxies/catalogs/Y3/AbacusHF-v2/Boxes/QSO/sn1p850/AbacusSummit_base_c000_ph002/abacus_HF_QSO_1p850_DR2_v2.0_AbacusSummit_base_c000_ph002_base_clustering.dat.h5.
[020173.19]  01-27 03:15  cat_tools                    INFO     use Z positions shifted in verr_empirical mode
[020173.64]  01-27 03:15  TwoPointCorrelationFunction  INFO     Using estimator <class 'pycorr.twopoint_estimator.NaturalTwoPointEstimator'>.
[020173.64]  01-27 03:15  TwoPointCorrelationFunction  INFO     Running auto-correlation.
[020173.64]  01-27 03:15  TwoPointCorrelationFunction  INFO     Computing two-point counts D1D2.
[020190.78]  01-27 03:16  TwoPointCorrelationFunction  INFO     Analytically computing two-point counts R1R2.
[020190.78]  01-27 03:16  TwoPointCorrelationFunction  INFO     Correlation function computed in elapsed time 17.14 s.
[020190.78]  01-27 03:16  NaturalTwoPointEstimator     INFO     Saving /pscratch/sd/s/shengyu/galaxies/catalogs/Y3/AbacusHF-v2/Boxes/QSO/sn1p850/AbacusSummit_base_c000_ph002/mpspk/xipoles_QSO_zp1.850_DR2_v1.0+dv_verr_empirical.npy.
[020190.79]  01-27 03:16  compute_2pt                  INFO     Save to /pscratch/sd/s/shengyu/galaxies/catalogs/Y3/AbacusHF-v2/Boxes/QSO/sn1p850/AbacusSummit_base_c000_ph002/mpspk/xipoles_QSO_zp1.850_DR2_v1.0+dv_verr_empirical.npy
[020192.34]  01-27 03:16  CatalogFFTPower              INFO     Painting catalog 1 to mesh CatalogMesh(nmesh=[512 512 512], boxsize=[2000. 2000. 2000.], boxcenter=[1000.00008266  999.99986669 1000.00000713], dtype=float64).
[020192.57]  01-27 03:16  CatalogMesh                  INFO     Slab 0 ~ 4194304 / 11350985.
[020193.80]  01-27 03:16  CatalogMesh                  INFO     Painted 4194304 out of 11350985 objects to mesh.
[020193.80]  01-27 03:16  CatalogMesh                  INFO     Slab 4194304 ~ 8388608 / 11350985.
[020195.03]  01-27 03:16  CatalogMesh                  INFO     Painted 8388608 out of 11350985 objects to mesh.
[020195.03]  01-27 03:16  CatalogMesh                  INFO     Slab 8388608 ~ 12582912 / 11350985.
[020196.04]  01-27 03:16  CatalogMesh                  INFO     Painted 11350985 out of 11350985 objects to mesh.
[020196.04]  01-27 03:16  CatalogMesh                  INFO     Running interlacing at order 3.
[020198.10]  01-27 03:16  CatalogMesh                  INFO     Slab 0 ~ 4194304 / 11350985.
[020199.31]  01-27 03:16  CatalogMesh                  INFO     Painted 4194304 out of 11350985 objects to mesh.
[020199.31]  01-27 03:16  CatalogMesh                  INFO     Slab 4194304 ~ 8388608 / 11350985.
[020200.53]  01-27 03:16  CatalogMesh                  INFO     Painted 8388608 out of 11350985 objects to mesh.
[020200.53]  01-27 03:16  CatalogMesh                  INFO     Slab 8388608 ~ 12582912 / 11350985.
[020201.54]  01-27 03:16  CatalogMesh                  INFO     Painted 11350985 out of 11350985 objects to mesh.
[020205.13]  01-27 03:16  CatalogMesh                  INFO     Slab 0 ~ 4194304 / 11350985.
[020206.36]  01-27 03:16  CatalogMesh                  INFO     Painted 4194304 out of 11350985 objects to mesh.
[020206.36]  01-27 03:16  CatalogMesh                  INFO     Slab 4194304 ~ 8388608 / 11350985.
[020207.59]  01-27 03:16  CatalogMesh                  INFO     Painted 8388608 out of 11350985 objects to mesh.
[020207.59]  01-27 03:16  CatalogMesh                  INFO     Slab 8388608 ~ 12582912 / 11350985.
[020208.60]  01-27 03:16  CatalogMesh                  INFO     Painted 11350985 out of 11350985 objects to mesh.
[020214.09]  01-27 03:16  CatalogFFTPower              INFO     Done painting catalog 1 to mesh.
[020214.09]  01-27 03:16  CatalogFFTPower              INFO     Using 400 k-bins between 0.000 and 0.400.
[020214.09]  01-27 03:16  CatalogFFTPower              INFO     Meshes prepared in elapsed time 21.75 s.
[020214.09]  01-27 03:16  CatalogFFTPower              INFO     Running mesh calculation.
[020231.06]  01-27 03:16  CatalogFFTPower              INFO     Mesh calculations performed in elapsed time 16.98 s.
[020231.06]  01-27 03:16  CatalogFFTPower              INFO     Power spectrum computed in elapsed time 38.72 s.
[020231.07]  01-27 03:16  CatalogFFTPower              INFO     Saving /pscratch/sd/s/shengyu/galaxies/catalogs/Y3/AbacusHF-v2/Boxes/QSO/sn1p850/AbacusSummit_base_c000_ph002/mpspk/pkpoles_QSO_zp1.850_DR2_v1.0+dv_verr_empirical.npy.
[020231.07]  01-27 03:16  compute_2pt                  INFO     Save to /pscratch/sd/s/shengyu/galaxies/catalogs/Y3/AbacusHF-v2/Boxes/QSO/sn1p850/AbacusSummit_base_c000_ph002/mpspk/pkpoles_QSO_zp1.850_DR2_v1.0+dv_verr_empirical.npy
[020231.07]  01-27 03:16  TwoPointCorrelationFunction  INFO     Using estimator <class 'pycorr.twopoint_estimator.NaturalTwoPointEstimator'>.
[020231.07]  01-27 03:16  TwoPointCorrelationFunction  INFO     Running auto-correlation.
[020231.07]  01-27 03:16  TwoPointCorrelationFunction  INFO     Computing two-point counts D1D2.
[020234.94]  01-27 03:16  TwoPointCorrelationFunction  INFO     Analytically computing two-point counts R1R2.
[020234.94]  01-27 03:16  TwoPointCorrelationFunction  INFO     Correlation function computed in elapsed time 3.87 s.
[020234.94]  01-27 03:16  NaturalTwoPointEstimator     INFO     Saving /pscratch/sd/s/shengyu/galaxies/catalogs/Y3/AbacusHF-v2/Boxes/QSO/sn1p850/AbacusSummit_base_c000_ph002/mpspk/mpslog_QSO_zp1.850_DR2_v1.0+dv_verr_empirical.npy.
[020234.95]  01-27 03:16  compute_2pt                  INFO     Save to /pscratch/sd/s/shengyu/galaxies/catalogs/Y3/AbacusHF-v2/Boxes/QSO/sn1p850/AbacusSummit_base_c000_ph002/mpspk/mpslog_QSO_zp1.850_DR2_v1.0+dv_verr_empirical.npy
[020234.95]  01-27 03:16  TwoPointCorrelationFunction  INFO     Using estimator <class 'pycorr.twopoint_estimator.NaturalTwoPointEstimator'>.
[020234.95]  01-27 03:16  TwoPointCorrelationFunction  INFO     Running auto-correlation.
[020234.95]  01-27 03:16  TwoPointCorrelationFunction  INFO     Computing two-point counts D1D2.
[020246.23]  01-27 03:16  TwoPointCorrelationFunction  INFO     Analytically computing two-point counts R1R2.
[020246.23]  01-27 03:16  TwoPointCorrelationFunction  INFO     Correlation function computed in elapsed time 11.28 s.
[020246.23]  01-27 03:16  NaturalTwoPointEstimator     INFO     Saving /pscratch/sd/s/shengyu/galaxies/catalogs/Y3/AbacusHF-v2/Boxes/QSO/sn1p850/AbacusSummit_base_c000_ph002/mpspk/wplog_QSO_zp1.850_DR2_v1.0+dv_verr_empirical.npy.
[020246.23]  01-27 03:16  compute_2pt                  INFO     Save to /pscratch/sd/s/shengyu/galaxies/catalogs/Y3/AbacusHF-v2/Boxes/QSO/sn1p850/AbacusSummit_base_c000_ph002/mpspk/wplog_QSO_zp1.850_DR2_v1.0+dv_verr_empirical.npy
[020246.24]  01-27 03:16  compute_2pt                  INFO     Procceed {'version': 'AbacusHF-v2', 'domain': 'cubic', 'tracer': 'QSO', 'zsnap': 1.85, 'zrange': (1.7, 2.1), 'mock_id': 3, 'use_dv': 'verr_empirical'}
[020246.24]  01-27 03:16  cat_tools                    INFO     Load /pscratch/sd/s/shengyu/galaxies/catalogs/Y3/AbacusHF-v2/Boxes/QSO/sn1p850/AbacusSummit_base_c000_ph003/abacus_HF_QSO_1p850_DR2_v2.0_AbacusSummit_base_c000_ph003_base_clustering.dat.h5
[020246.24]  01-27 03:16  FileStack                    INFO     Reading /pscratch/sd/s/shengyu/galaxies/catalogs/Y3/AbacusHF-v2/Boxes/QSO/sn1p850/AbacusSummit_base_c000_ph003/abacus_HF_QSO_1p850_DR2_v2.0_AbacusSummit_base_c000_ph003_base_clustering.dat.h5.
[020246.24]  01-27 03:16  cat_tools                    INFO     use Z positions shifted in verr_empirical mode
[020246.70]  01-27 03:17  TwoPointCorrelationFunction  INFO     Using estimator <class 'pycorr.twopoint_estimator.NaturalTwoPointEstimator'>.
[020246.70]  01-27 03:17  TwoPointCorrelationFunction  INFO     Running auto-correlation.
[020246.70]  01-27 03:17  TwoPointCorrelationFunction  INFO     Computing two-point counts D1D2.
[020263.36]  01-27 03:17  TwoPointCorrelationFunction  INFO     Analytically computing two-point counts R1R2.
[020263.36]  01-27 03:17  TwoPointCorrelationFunction  INFO     Correlation function computed in elapsed time 16.67 s.
[020263.36]  01-27 03:17  NaturalTwoPointEstimator     INFO     Saving /pscratch/sd/s/shengyu/galaxies/catalogs/Y3/AbacusHF-v2/Boxes/QSO/sn1p850/AbacusSummit_base_c000_ph003/mpspk/xipoles_QSO_zp1.850_DR2_v1.0+dv_verr_empirical.npy.
[020263.37]  01-27 03:17  compute_2pt                  INFO     Save to /pscratch/sd/s/shengyu/galaxies/catalogs/Y3/AbacusHF-v2/Boxes/QSO/sn1p850/AbacusSummit_base_c000_ph003/mpspk/xipoles_QSO_zp1.850_DR2_v1.0+dv_verr_empirical.npy
[020264.90]  01-27 03:17  CatalogFFTPower              INFO     Painting catalog 1 to mesh CatalogMesh(nmesh=[512 512 512], boxsize=[2000. 2000. 2000.], boxcenter=[1000.00000338 1000.00020905 1000.00005592], dtype=float64).
[020265.14]  01-27 03:17  CatalogMesh                  INFO     Slab 0 ~ 4194304 / 11379098.
[020266.37]  01-27 03:17  CatalogMesh                  INFO     Painted 4194304 out of 11379098 objects to mesh.
[020266.37]  01-27 03:17  CatalogMesh                  INFO     Slab 4194304 ~ 8388608 / 11379098.
[020267.59]  01-27 03:17  CatalogMesh                  INFO     Painted 8388608 out of 11379098 objects to mesh.
[020267.60]  01-27 03:17  CatalogMesh                  INFO     Slab 8388608 ~ 12582912 / 11379098.
[020268.62]  01-27 03:17  CatalogMesh                  INFO     Painted 11379098 out of 11379098 objects to mesh.
[020268.62]  01-27 03:17  CatalogMesh                  INFO     Running interlacing at order 3.
[020270.68]  01-27 03:17  CatalogMesh                  INFO     Slab 0 ~ 4194304 / 11379098.
[020271.91]  01-27 03:17  CatalogMesh                  INFO     Painted 4194304 out of 11379098 objects to mesh.
[020271.91]  01-27 03:17  CatalogMesh                  INFO     Slab 4194304 ~ 8388608 / 11379098.
[020273.14]  01-27 03:17  CatalogMesh                  INFO     Painted 8388608 out of 11379098 objects to mesh.
[020273.14]  01-27 03:17  CatalogMesh                  INFO     Slab 8388608 ~ 12582912 / 11379098.
[020274.15]  01-27 03:17  CatalogMesh                  INFO     Painted 11379098 out of 11379098 objects to mesh.
[020277.75]  01-27 03:17  CatalogMesh                  INFO     Slab 0 ~ 4194304 / 11379098.
[020278.97]  01-27 03:17  CatalogMesh                  INFO     Painted 4194304 out of 11379098 objects to mesh.
[020278.97]  01-27 03:17  CatalogMesh                  INFO     Slab 4194304 ~ 8388608 / 11379098.
[020280.19]  01-27 03:17  CatalogMesh                  INFO     Painted 8388608 out of 11379098 objects to mesh.
[020280.19]  01-27 03:17  CatalogMesh                  INFO     Slab 8388608 ~ 12582912 / 11379098.
[020281.22]  01-27 03:17  CatalogMesh                  INFO     Painted 11379098 out of 11379098 objects to mesh.
[020286.69]  01-27 03:17  CatalogFFTPower              INFO     Done painting catalog 1 to mesh.
[020286.69]  01-27 03:17  CatalogFFTPower              INFO     Using 400 k-bins between 0.000 and 0.400.
[020286.69]  01-27 03:17  CatalogFFTPower              INFO     Meshes prepared in elapsed time 21.79 s.
[020286.69]  01-27 03:17  CatalogFFTPower              INFO     Running mesh calculation.
[020303.67]  01-27 03:17  CatalogFFTPower              INFO     Mesh calculations performed in elapsed time 16.98 s.
[020303.67]  01-27 03:17  CatalogFFTPower              INFO     Power spectrum computed in elapsed time 38.77 s.
[020303.67]  01-27 03:17  CatalogFFTPower              INFO     Saving /pscratch/sd/s/shengyu/galaxies/catalogs/Y3/AbacusHF-v2/Boxes/QSO/sn1p850/AbacusSummit_base_c000_ph003/mpspk/pkpoles_QSO_zp1.850_DR2_v1.0+dv_verr_empirical.npy.
[020303.67]  01-27 03:17  compute_2pt                  INFO     Save to /pscratch/sd/s/shengyu/galaxies/catalogs/Y3/AbacusHF-v2/Boxes/QSO/sn1p850/AbacusSummit_base_c000_ph003/mpspk/pkpoles_QSO_zp1.850_DR2_v1.0+dv_verr_empirical.npy
[020303.67]  01-27 03:17  TwoPointCorrelationFunction  INFO     Using estimator <class 'pycorr.twopoint_estimator.NaturalTwoPointEstimator'>.
[020303.67]  01-27 03:17  TwoPointCorrelationFunction  INFO     Running auto-correlation.
[020303.67]  01-27 03:17  TwoPointCorrelationFunction  INFO     Computing two-point counts D1D2.
[020307.23]  01-27 03:18  TwoPointCorrelationFunction  INFO     Analytically computing two-point counts R1R2.
[020307.23]  01-27 03:18  TwoPointCorrelationFunction  INFO     Correlation function computed in elapsed time 3.56 s.
[020307.23]  01-27 03:18  NaturalTwoPointEstimator     INFO     Saving /pscratch/sd/s/shengyu/galaxies/catalogs/Y3/AbacusHF-v2/Boxes/QSO/sn1p850/AbacusSummit_base_c000_ph003/mpspk/mpslog_QSO_zp1.850_DR2_v1.0+dv_verr_empirical.npy.
[020307.23]  01-27 03:18  compute_2pt                  INFO     Save to /pscratch/sd/s/shengyu/galaxies/catalogs/Y3/AbacusHF-v2/Boxes/QSO/sn1p850/AbacusSummit_base_c000_ph003/mpspk/mpslog_QSO_zp1.850_DR2_v1.0+dv_verr_empirical.npy
[020307.23]  01-27 03:18  TwoPointCorrelationFunction  INFO     Using estimator <class 'pycorr.twopoint_estimator.NaturalTwoPointEstimator'>.
[020307.23]  01-27 03:18  TwoPointCorrelationFunction  INFO     Running auto-correlation.
[020307.23]  01-27 03:18  TwoPointCorrelationFunction  INFO     Computing two-point counts D1D2.
[020318.11]  01-27 03:18  TwoPointCorrelationFunction  INFO     Analytically computing two-point counts R1R2.
[020318.11]  01-27 03:18  TwoPointCorrelationFunction  INFO     Correlation function computed in elapsed time 10.87 s.
[020318.11]  01-27 03:18  NaturalTwoPointEstimator     INFO     Saving /pscratch/sd/s/shengyu/galaxies/catalogs/Y3/AbacusHF-v2/Boxes/QSO/sn1p850/AbacusSummit_base_c000_ph003/mpspk/wplog_QSO_zp1.850_DR2_v1.0+dv_verr_empirical.npy.
[020318.11]  01-27 03:18  compute_2pt                  INFO     Save to /pscratch/sd/s/shengyu/galaxies/catalogs/Y3/AbacusHF-v2/Boxes/QSO/sn1p850/AbacusSummit_base_c000_ph003/mpspk/wplog_QSO_zp1.850_DR2_v1.0+dv_verr_empirical.npy
[020318.11]  01-27 03:18  compute_2pt                  INFO     Procceed {'version': 'AbacusHF-v2', 'domain': 'cubic', 'tracer': 'QSO', 'zsnap': 1.85, 'zrange': (1.7, 2.1), 'mock_id': 4, 'use_dv': 'verr_empirical'}
[020318.11]  01-27 03:18  cat_tools                    INFO     Load /pscratch/sd/s/shengyu/galaxies/catalogs/Y3/AbacusHF-v2/Boxes/QSO/sn1p850/AbacusSummit_base_c000_ph004/abacus_HF_QSO_1p850_DR2_v2.0_AbacusSummit_base_c000_ph004_base_clustering.dat.h5
[020318.11]  01-27 03:18  FileStack                    INFO     Reading /pscratch/sd/s/shengyu/galaxies/catalogs/Y3/AbacusHF-v2/Boxes/QSO/sn1p850/AbacusSummit_base_c000_ph004/abacus_HF_QSO_1p850_DR2_v2.0_AbacusSummit_base_c000_ph004_base_clustering.dat.h5.
[020318.12]  01-27 03:18  cat_tools                    INFO     use Z positions shifted in verr_empirical mode
[020318.58]  01-27 03:18  TwoPointCorrelationFunction  INFO     Using estimator <class 'pycorr.twopoint_estimator.NaturalTwoPointEstimator'>.
[020318.58]  01-27 03:18  TwoPointCorrelationFunction  INFO     Running auto-correlation.
[020318.58]  01-27 03:18  TwoPointCorrelationFunction  INFO     Computing two-point counts D1D2.
[020335.51]  01-27 03:18  TwoPointCorrelationFunction  INFO     Analytically computing two-point counts R1R2.
[020335.52]  01-27 03:18  TwoPointCorrelationFunction  INFO     Correlation function computed in elapsed time 16.94 s.
[020335.52]  01-27 03:18  NaturalTwoPointEstimator     INFO     Saving /pscratch/sd/s/shengyu/galaxies/catalogs/Y3/AbacusHF-v2/Boxes/QSO/sn1p850/AbacusSummit_base_c000_ph004/mpspk/xipoles_QSO_zp1.850_DR2_v1.0+dv_verr_empirical.npy.
[020335.52]  01-27 03:18  compute_2pt                  INFO     Save to /pscratch/sd/s/shengyu/galaxies/catalogs/Y3/AbacusHF-v2/Boxes/QSO/sn1p850/AbacusSummit_base_c000_ph004/mpspk/xipoles_QSO_zp1.850_DR2_v1.0+dv_verr_empirical.npy
[020337.05]  01-27 03:18  CatalogFFTPower              INFO     Painting catalog 1 to mesh CatalogMesh(nmesh=[512 512 512], boxsize=[2000. 2000. 2000.], boxcenter=[999.99993075 999.99997852 999.99976441], dtype=float64).
[020337.28]  01-27 03:18  CatalogMesh                  INFO     Slab 0 ~ 4194304 / 11366153.
[020338.51]  01-27 03:18  CatalogMesh                  INFO     Painted 4194304 out of 11366153 objects to mesh.
[020338.51]  01-27 03:18  CatalogMesh                  INFO     Slab 4194304 ~ 8388608 / 11366153.
[020339.73]  01-27 03:18  CatalogMesh                  INFO     Painted 8388608 out of 11366153 objects to mesh.
[020339.73]  01-27 03:18  CatalogMesh                  INFO     Slab 8388608 ~ 12582912 / 11366153.
[020340.74]  01-27 03:18  CatalogMesh                  INFO     Painted 11366153 out of 11366153 objects to mesh.
[020340.74]  01-27 03:18  CatalogMesh                  INFO     Running interlacing at order 3.
[020342.79]  01-27 03:18  CatalogMesh                  INFO     Slab 0 ~ 4194304 / 11366153.
[020344.01]  01-27 03:18  CatalogMesh                  INFO     Painted 4194304 out of 11366153 objects to mesh.
[020344.01]  01-27 03:18  CatalogMesh                  INFO     Slab 4194304 ~ 8388608 / 11366153.
[020345.23]  01-27 03:18  CatalogMesh                  INFO     Painted 8388608 out of 11366153 objects to mesh.
[020345.23]  01-27 03:18  CatalogMesh                  INFO     Slab 8388608 ~ 12582912 / 11366153.
[020346.23]  01-27 03:18  CatalogMesh                  INFO     Painted 11366153 out of 11366153 objects to mesh.
[020349.83]  01-27 03:18  CatalogMesh                  INFO     Slab 0 ~ 4194304 / 11366153.
[020351.04]  01-27 03:18  CatalogMesh                  INFO     Painted 4194304 out of 11366153 objects to mesh.
[020351.04]  01-27 03:18  CatalogMesh                  INFO     Slab 4194304 ~ 8388608 / 11366153.
[020352.26]  01-27 03:18  CatalogMesh                  INFO     Painted 8388608 out of 11366153 objects to mesh.
[020352.26]  01-27 03:18  CatalogMesh                  INFO     Slab 8388608 ~ 12582912 / 11366153.
[020353.27]  01-27 03:18  CatalogMesh                  INFO     Painted 11366153 out of 11366153 objects to mesh.
[020358.75]  01-27 03:18  CatalogFFTPower              INFO     Done painting catalog 1 to mesh.
[020358.75]  01-27 03:18  CatalogFFTPower              INFO     Using 400 k-bins between 0.000 and 0.400.
[020358.75]  01-27 03:18  CatalogFFTPower              INFO     Meshes prepared in elapsed time 21.70 s.
[020358.75]  01-27 03:18  CatalogFFTPower              INFO     Running mesh calculation.
[020375.75]  01-27 03:19  CatalogFFTPower              INFO     Mesh calculations performed in elapsed time 17.00 s.
[020375.75]  01-27 03:19  CatalogFFTPower              INFO     Power spectrum computed in elapsed time 38.70 s.
[020375.75]  01-27 03:19  CatalogFFTPower              INFO     Saving /pscratch/sd/s/shengyu/galaxies/catalogs/Y3/AbacusHF-v2/Boxes/QSO/sn1p850/AbacusSummit_base_c000_ph004/mpspk/pkpoles_QSO_zp1.850_DR2_v1.0+dv_verr_empirical.npy.
[020375.76]  01-27 03:19  compute_2pt                  INFO     Save to /pscratch/sd/s/shengyu/galaxies/catalogs/Y3/AbacusHF-v2/Boxes/QSO/sn1p850/AbacusSummit_base_c000_ph004/mpspk/pkpoles_QSO_zp1.850_DR2_v1.0+dv_verr_empirical.npy
[020375.76]  01-27 03:19  TwoPointCorrelationFunction  INFO     Using estimator <class 'pycorr.twopoint_estimator.NaturalTwoPointEstimator'>.
[020375.76]  01-27 03:19  TwoPointCorrelationFunction  INFO     Running auto-correlation.
[020375.76]  01-27 03:19  TwoPointCorrelationFunction  INFO     Computing two-point counts D1D2.
[020379.46]  01-27 03:19  TwoPointCorrelationFunction  INFO     Analytically computing two-point counts R1R2.
[020379.46]  01-27 03:19  TwoPointCorrelationFunction  INFO     Correlation function computed in elapsed time 3.71 s.
[020379.46]  01-27 03:19  NaturalTwoPointEstimator     INFO     Saving /pscratch/sd/s/shengyu/galaxies/catalogs/Y3/AbacusHF-v2/Boxes/QSO/sn1p850/AbacusSummit_base_c000_ph004/mpspk/mpslog_QSO_zp1.850_DR2_v1.0+dv_verr_empirical.npy.
[020379.47]  01-27 03:19  compute_2pt                  INFO     Save to /pscratch/sd/s/shengyu/galaxies/catalogs/Y3/AbacusHF-v2/Boxes/QSO/sn1p850/AbacusSummit_base_c000_ph004/mpspk/mpslog_QSO_zp1.850_DR2_v1.0+dv_verr_empirical.npy
[020379.47]  01-27 03:19  TwoPointCorrelationFunction  INFO     Using estimator <class 'pycorr.twopoint_estimator.NaturalTwoPointEstimator'>.
[020379.47]  01-27 03:19  TwoPointCorrelationFunction  INFO     Running auto-correlation.
[020379.47]  01-27 03:19  TwoPointCorrelationFunction  INFO     Computing two-point counts D1D2.
[020390.39]  01-27 03:19  TwoPointCorrelationFunction  INFO     Analytically computing two-point counts R1R2.
[020390.39]  01-27 03:19  TwoPointCorrelationFunction  INFO     Correlation function computed in elapsed time 10.92 s.
[020390.39]  01-27 03:19  NaturalTwoPointEstimator     INFO     Saving /pscratch/sd/s/shengyu/galaxies/catalogs/Y3/AbacusHF-v2/Boxes/QSO/sn1p850/AbacusSummit_base_c000_ph004/mpspk/wplog_QSO_zp1.850_DR2_v1.0+dv_verr_empirical.npy.
[020390.39]  01-27 03:19  compute_2pt                  INFO     Save to /pscratch/sd/s/shengyu/galaxies/catalogs/Y3/AbacusHF-v2/Boxes/QSO/sn1p850/AbacusSummit_base_c000_ph004/mpspk/wplog_QSO_zp1.850_DR2_v1.0+dv_verr_empirical.npy
[020390.40]  01-27 03:19  compute_2pt                  INFO     Procceed {'version': 'AbacusHF-v2', 'domain': 'cubic', 'tracer': 'QSO', 'zsnap': 1.85, 'zrange': (1.7, 2.1), 'mock_id': 5, 'use_dv': 'verr_empirical'}
[020390.40]  01-27 03:19  cat_tools                    INFO     Load /pscratch/sd/s/shengyu/galaxies/catalogs/Y3/AbacusHF-v2/Boxes/QSO/sn1p850/AbacusSummit_base_c000_ph005/abacus_HF_QSO_1p850_DR2_v2.0_AbacusSummit_base_c000_ph005_base_clustering.dat.h5
[020390.40]  01-27 03:19  FileStack                    INFO     Reading /pscratch/sd/s/shengyu/galaxies/catalogs/Y3/AbacusHF-v2/Boxes/QSO/sn1p850/AbacusSummit_base_c000_ph005/abacus_HF_QSO_1p850_DR2_v2.0_AbacusSummit_base_c000_ph005_base_clustering.dat.h5.
[020390.40]  01-27 03:19  cat_tools                    INFO     use Z positions shifted in verr_empirical mode
[020390.85]  01-27 03:19  TwoPointCorrelationFunction  INFO     Using estimator <class 'pycorr.twopoint_estimator.NaturalTwoPointEstimator'>.
[020390.85]  01-27 03:19  TwoPointCorrelationFunction  INFO     Running auto-correlation.
[020390.85]  01-27 03:19  TwoPointCorrelationFunction  INFO     Computing two-point counts D1D2.
[020407.23]  01-27 03:19  TwoPointCorrelationFunction  INFO     Analytically computing two-point counts R1R2.
[020407.23]  01-27 03:19  TwoPointCorrelationFunction  INFO     Correlation function computed in elapsed time 16.38 s.
[020407.23]  01-27 03:19  NaturalTwoPointEstimator     INFO     Saving /pscratch/sd/s/shengyu/galaxies/catalogs/Y3/AbacusHF-v2/Boxes/QSO/sn1p850/AbacusSummit_base_c000_ph005/mpspk/xipoles_QSO_zp1.850_DR2_v1.0+dv_verr_empirical.npy.
[020407.24]  01-27 03:19  compute_2pt                  INFO     Save to /pscratch/sd/s/shengyu/galaxies/catalogs/Y3/AbacusHF-v2/Boxes/QSO/sn1p850/AbacusSummit_base_c000_ph005/mpspk/xipoles_QSO_zp1.850_DR2_v1.0+dv_verr_empirical.npy
[020408.77]  01-27 03:19  CatalogFFTPower              INFO     Painting catalog 1 to mesh CatalogMesh(nmesh=[512 512 512], boxsize=[2000. 2000. 2000.], boxcenter=[ 999.99999947 1000.00010914 1000.00002068], dtype=float64).
[020409.00]  01-27 03:19  CatalogMesh                  INFO     Slab 0 ~ 4194304 / 11349642.
[020410.23]  01-27 03:19  CatalogMesh                  INFO     Painted 4194304 out of 11349642 objects to mesh.
[020410.23]  01-27 03:19  CatalogMesh                  INFO     Slab 4194304 ~ 8388608 / 11349642.
[020411.45]  01-27 03:19  CatalogMesh                  INFO     Painted 8388608 out of 11349642 objects to mesh.
[020411.45]  01-27 03:19  CatalogMesh                  INFO     Slab 8388608 ~ 12582912 / 11349642.
[020412.46]  01-27 03:19  CatalogMesh                  INFO     Painted 11349642 out of 11349642 objects to mesh.
[020412.46]  01-27 03:19  CatalogMesh                  INFO     Running interlacing at order 3.
[020414.51]  01-27 03:19  CatalogMesh                  INFO     Slab 0 ~ 4194304 / 11349642.
[020415.72]  01-27 03:19  CatalogMesh                  INFO     Painted 4194304 out of 11349642 objects to mesh.
[020415.72]  01-27 03:19  CatalogMesh                  INFO     Slab 4194304 ~ 8388608 / 11349642.
[020416.94]  01-27 03:19  CatalogMesh                  INFO     Painted 8388608 out of 11349642 objects to mesh.
[020416.94]  01-27 03:19  CatalogMesh                  INFO     Slab 8388608 ~ 12582912 / 11349642.
[020417.94]  01-27 03:19  CatalogMesh                  INFO     Painted 11349642 out of 11349642 objects to mesh.
[020421.53]  01-27 03:19  CatalogMesh                  INFO     Slab 0 ~ 4194304 / 11349642.
[020422.75]  01-27 03:19  CatalogMesh                  INFO     Painted 4194304 out of 11349642 objects to mesh.
[020422.75]  01-27 03:19  CatalogMesh                  INFO     Slab 4194304 ~ 8388608 / 11349642.
[020423.98]  01-27 03:19  CatalogMesh                  INFO     Painted 8388608 out of 11349642 objects to mesh.
[020423.98]  01-27 03:19  CatalogMesh                  INFO     Slab 8388608 ~ 12582912 / 11349642.
[020424.99]  01-27 03:19  CatalogMesh                  INFO     Painted 11349642 out of 11349642 objects to mesh.
[020430.47]  01-27 03:20  CatalogFFTPower              INFO     Done painting catalog 1 to mesh.
[020430.47]  01-27 03:20  CatalogFFTPower              INFO     Using 400 k-bins between 0.000 and 0.400.
[020430.47]  01-27 03:20  CatalogFFTPower              INFO     Meshes prepared in elapsed time 21.70 s.
[020430.47]  01-27 03:20  CatalogFFTPower              INFO     Running mesh calculation.
[020447.42]  01-27 03:20  CatalogFFTPower              INFO     Mesh calculations performed in elapsed time 16.95 s.
[020447.42]  01-27 03:20  CatalogFFTPower              INFO     Power spectrum computed in elapsed time 38.65 s.
[020447.42]  01-27 03:20  CatalogFFTPower              INFO     Saving /pscratch/sd/s/shengyu/galaxies/catalogs/Y3/AbacusHF-v2/Boxes/QSO/sn1p850/AbacusSummit_base_c000_ph005/mpspk/pkpoles_QSO_zp1.850_DR2_v1.0+dv_verr_empirical.npy.
[020447.42]  01-27 03:20  compute_2pt                  INFO     Save to /pscratch/sd/s/shengyu/galaxies/catalogs/Y3/AbacusHF-v2/Boxes/QSO/sn1p850/AbacusSummit_base_c000_ph005/mpspk/pkpoles_QSO_zp1.850_DR2_v1.0+dv_verr_empirical.npy
[020447.42]  01-27 03:20  TwoPointCorrelationFunction  INFO     Using estimator <class 'pycorr.twopoint_estimator.NaturalTwoPointEstimator'>.
[020447.42]  01-27 03:20  TwoPointCorrelationFunction  INFO     Running auto-correlation.
[020447.42]  01-27 03:20  TwoPointCorrelationFunction  INFO     Computing two-point counts D1D2.
[020451.33]  01-27 03:20  TwoPointCorrelationFunction  INFO     Analytically computing two-point counts R1R2.
[020451.33]  01-27 03:20  TwoPointCorrelationFunction  INFO     Correlation function computed in elapsed time 3.91 s.
[020451.33]  01-27 03:20  NaturalTwoPointEstimator     INFO     Saving /pscratch/sd/s/shengyu/galaxies/catalogs/Y3/AbacusHF-v2/Boxes/QSO/sn1p850/AbacusSummit_base_c000_ph005/mpspk/mpslog_QSO_zp1.850_DR2_v1.0+dv_verr_empirical.npy.
[020451.34]  01-27 03:20  compute_2pt                  INFO     Save to /pscratch/sd/s/shengyu/galaxies/catalogs/Y3/AbacusHF-v2/Boxes/QSO/sn1p850/AbacusSummit_base_c000_ph005/mpspk/mpslog_QSO_zp1.850_DR2_v1.0+dv_verr_empirical.npy
[020451.34]  01-27 03:20  TwoPointCorrelationFunction  INFO     Using estimator <class 'pycorr.twopoint_estimator.NaturalTwoPointEstimator'>.
[020451.34]  01-27 03:20  TwoPointCorrelationFunction  INFO     Running auto-correlation.
[020451.34]  01-27 03:20  TwoPointCorrelationFunction  INFO     Computing two-point counts D1D2.
[020462.67]  01-27 03:20  TwoPointCorrelationFunction  INFO     Analytically computing two-point counts R1R2.
[020462.67]  01-27 03:20  TwoPointCorrelationFunction  INFO     Correlation function computed in elapsed time 11.34 s.
[020462.67]  01-27 03:20  NaturalTwoPointEstimator     INFO     Saving /pscratch/sd/s/shengyu/galaxies/catalogs/Y3/AbacusHF-v2/Boxes/QSO/sn1p850/AbacusSummit_base_c000_ph005/mpspk/wplog_QSO_zp1.850_DR2_v1.0+dv_verr_empirical.npy.
[020462.68]  01-27 03:20  compute_2pt                  INFO     Save to /pscratch/sd/s/shengyu/galaxies/catalogs/Y3/AbacusHF-v2/Boxes/QSO/sn1p850/AbacusSummit_base_c000_ph005/mpspk/wplog_QSO_zp1.850_DR2_v1.0+dv_verr_empirical.npy
[020462.68]  01-27 03:20  compute_2pt                  INFO     Procceed {'version': 'AbacusHF-v2', 'domain': 'cubic', 'tracer': 'QSO', 'zsnap': 1.85, 'zrange': (1.7, 2.1), 'mock_id': 6, 'use_dv': 'verr_empirical'}
[020462.68]  01-27 03:20  cat_tools                    INFO     Load /pscratch/sd/s/shengyu/galaxies/catalogs/Y3/AbacusHF-v2/Boxes/QSO/sn1p850/AbacusSummit_base_c000_ph006/abacus_HF_QSO_1p850_DR2_v2.0_AbacusSummit_base_c000_ph006_base_clustering.dat.h5
[020462.68]  01-27 03:20  FileStack                    INFO     Reading /pscratch/sd/s/shengyu/galaxies/catalogs/Y3/AbacusHF-v2/Boxes/QSO/sn1p850/AbacusSummit_base_c000_ph006/abacus_HF_QSO_1p850_DR2_v2.0_AbacusSummit_base_c000_ph006_base_clustering.dat.h5.
[020462.68]  01-27 03:20  cat_tools                    INFO     use Z positions shifted in verr_empirical mode
[020463.13]  01-27 03:20  TwoPointCorrelationFunction  INFO     Using estimator <class 'pycorr.twopoint_estimator.NaturalTwoPointEstimator'>.
[020463.13]  01-27 03:20  TwoPointCorrelationFunction  INFO     Running auto-correlation.
[020463.13]  01-27 03:20  TwoPointCorrelationFunction  INFO     Computing two-point counts D1D2.
[020480.12]  01-27 03:20  TwoPointCorrelationFunction  INFO     Analytically computing two-point counts R1R2.
[020480.12]  01-27 03:20  TwoPointCorrelationFunction  INFO     Correlation function computed in elapsed time 16.99 s.
[020480.12]  01-27 03:20  NaturalTwoPointEstimator     INFO     Saving /pscratch/sd/s/shengyu/galaxies/catalogs/Y3/AbacusHF-v2/Boxes/QSO/sn1p850/AbacusSummit_base_c000_ph006/mpspk/xipoles_QSO_zp1.850_DR2_v1.0+dv_verr_empirical.npy.
[020480.12]  01-27 03:20  compute_2pt                  INFO     Save to /pscratch/sd/s/shengyu/galaxies/catalogs/Y3/AbacusHF-v2/Boxes/QSO/sn1p850/AbacusSummit_base_c000_ph006/mpspk/xipoles_QSO_zp1.850_DR2_v1.0+dv_verr_empirical.npy
[020481.65]  01-27 03:20  CatalogFFTPower              INFO     Painting catalog 1 to mesh CatalogMesh(nmesh=[512 512 512], boxsize=[2000. 2000. 2000.], boxcenter=[1000.00001094  999.99996391 1000.0000197 ], dtype=float64).
[020481.88]  01-27 03:20  CatalogMesh                  INFO     Slab 0 ~ 4194304 / 11350156.
[020483.12]  01-27 03:20  CatalogMesh                  INFO     Painted 4194304 out of 11350156 objects to mesh.
[020483.12]  01-27 03:20  CatalogMesh                  INFO     Slab 4194304 ~ 8388608 / 11350156.
[020484.34]  01-27 03:20  CatalogMesh                  INFO     Painted 8388608 out of 11350156 objects to mesh.
[020484.35]  01-27 03:20  CatalogMesh                  INFO     Slab 8388608 ~ 12582912 / 11350156.
[020485.35]  01-27 03:20  CatalogMesh                  INFO     Painted 11350156 out of 11350156 objects to mesh.
[020485.35]  01-27 03:20  CatalogMesh                  INFO     Running interlacing at order 3.
[020487.41]  01-27 03:21  CatalogMesh                  INFO     Slab 0 ~ 4194304 / 11350156.
[020488.63]  01-27 03:21  CatalogMesh                  INFO     Painted 4194304 out of 11350156 objects to mesh.
[020488.63]  01-27 03:21  CatalogMesh                  INFO     Slab 4194304 ~ 8388608 / 11350156.
[020489.85]  01-27 03:21  CatalogMesh                  INFO     Painted 8388608 out of 11350156 objects to mesh.
[020489.85]  01-27 03:21  CatalogMesh                  INFO     Slab 8388608 ~ 12582912 / 11350156.
[020490.85]  01-27 03:21  CatalogMesh                  INFO     Painted 11350156 out of 11350156 objects to mesh.
[020494.45]  01-27 03:21  CatalogMesh                  INFO     Slab 0 ~ 4194304 / 11350156.
[020495.68]  01-27 03:21  CatalogMesh                  INFO     Painted 4194304 out of 11350156 objects to mesh.
[020495.68]  01-27 03:21  CatalogMesh                  INFO     Slab 4194304 ~ 8388608 / 11350156.
[020496.91]  01-27 03:21  CatalogMesh                  INFO     Painted 8388608 out of 11350156 objects to mesh.
[020496.91]  01-27 03:21  CatalogMesh                  INFO     Slab 8388608 ~ 12582912 / 11350156.
[020497.92]  01-27 03:21  CatalogMesh                  INFO     Painted 11350156 out of 11350156 objects to mesh.
[020503.37]  01-27 03:21  CatalogFFTPower              INFO     Done painting catalog 1 to mesh.
[020503.37]  01-27 03:21  CatalogFFTPower              INFO     Using 400 k-bins between 0.000 and 0.400.
[020503.37]  01-27 03:21  CatalogFFTPower              INFO     Meshes prepared in elapsed time 21.72 s.
[020503.37]  01-27 03:21  CatalogFFTPower              INFO     Running mesh calculation.
[020520.33]  01-27 03:21  CatalogFFTPower              INFO     Mesh calculations performed in elapsed time 16.96 s.
[020520.33]  01-27 03:21  CatalogFFTPower              INFO     Power spectrum computed in elapsed time 38.67 s.
[020520.33]  01-27 03:21  CatalogFFTPower              INFO     Saving /pscratch/sd/s/shengyu/galaxies/catalogs/Y3/AbacusHF-v2/Boxes/QSO/sn1p850/AbacusSummit_base_c000_ph006/mpspk/pkpoles_QSO_zp1.850_DR2_v1.0+dv_verr_empirical.npy.
[020520.33]  01-27 03:21  compute_2pt                  INFO     Save to /pscratch/sd/s/shengyu/galaxies/catalogs/Y3/AbacusHF-v2/Boxes/QSO/sn1p850/AbacusSummit_base_c000_ph006/mpspk/pkpoles_QSO_zp1.850_DR2_v1.0+dv_verr_empirical.npy
[020520.33]  01-27 03:21  TwoPointCorrelationFunction  INFO     Using estimator <class 'pycorr.twopoint_estimator.NaturalTwoPointEstimator'>.
[020520.33]  01-27 03:21  TwoPointCorrelationFunction  INFO     Running auto-correlation.
[020520.33]  01-27 03:21  TwoPointCorrelationFunction  INFO     Computing two-point counts D1D2.
[020524.20]  01-27 03:21  TwoPointCorrelationFunction  INFO     Analytically computing two-point counts R1R2.
[020524.20]  01-27 03:21  TwoPointCorrelationFunction  INFO     Correlation function computed in elapsed time 3.87 s.
[020524.20]  01-27 03:21  NaturalTwoPointEstimator     INFO     Saving /pscratch/sd/s/shengyu/galaxies/catalogs/Y3/AbacusHF-v2/Boxes/QSO/sn1p850/AbacusSummit_base_c000_ph006/mpspk/mpslog_QSO_zp1.850_DR2_v1.0+dv_verr_empirical.npy.
[020524.20]  01-27 03:21  compute_2pt                  INFO     Save to /pscratch/sd/s/shengyu/galaxies/catalogs/Y3/AbacusHF-v2/Boxes/QSO/sn1p850/AbacusSummit_base_c000_ph006/mpspk/mpslog_QSO_zp1.850_DR2_v1.0+dv_verr_empirical.npy
[020524.20]  01-27 03:21  TwoPointCorrelationFunction  INFO     Using estimator <class 'pycorr.twopoint_estimator.NaturalTwoPointEstimator'>.
[020524.21]  01-27 03:21  TwoPointCorrelationFunction  INFO     Running auto-correlation.
[020524.21]  01-27 03:21  TwoPointCorrelationFunction  INFO     Computing two-point counts D1D2.
[020535.89]  01-27 03:21  TwoPointCorrelationFunction  INFO     Analytically computing two-point counts R1R2.
[020535.89]  01-27 03:21  TwoPointCorrelationFunction  INFO     Correlation function computed in elapsed time 11.69 s.
[020535.90]  01-27 03:21  NaturalTwoPointEstimator     INFO     Saving /pscratch/sd/s/shengyu/galaxies/catalogs/Y3/AbacusHF-v2/Boxes/QSO/sn1p850/AbacusSummit_base_c000_ph006/mpspk/wplog_QSO_zp1.850_DR2_v1.0+dv_verr_empirical.npy.
[020535.90]  01-27 03:21  compute_2pt                  INFO     Save to /pscratch/sd/s/shengyu/galaxies/catalogs/Y3/AbacusHF-v2/Boxes/QSO/sn1p850/AbacusSummit_base_c000_ph006/mpspk/wplog_QSO_zp1.850_DR2_v1.0+dv_verr_empirical.npy
[020535.90]  01-27 03:21  compute_2pt                  INFO     Procceed {'version': 'AbacusHF-v2', 'domain': 'cubic', 'tracer': 'QSO', 'zsnap': 1.85, 'zrange': (1.7, 2.1), 'mock_id': 7, 'use_dv': 'verr_empirical'}
[020535.90]  01-27 03:21  cat_tools                    INFO     Load /pscratch/sd/s/shengyu/galaxies/catalogs/Y3/AbacusHF-v2/Boxes/QSO/sn1p850/AbacusSummit_base_c000_ph007/abacus_HF_QSO_1p850_DR2_v2.0_AbacusSummit_base_c000_ph007_base_clustering.dat.h5
[020535.90]  01-27 03:21  FileStack                    INFO     Reading /pscratch/sd/s/shengyu/galaxies/catalogs/Y3/AbacusHF-v2/Boxes/QSO/sn1p850/AbacusSummit_base_c000_ph007/abacus_HF_QSO_1p850_DR2_v2.0_AbacusSummit_base_c000_ph007_base_clustering.dat.h5.
[020535.91]  01-27 03:21  cat_tools                    INFO     use Z positions shifted in verr_empirical mode
[020536.36]  01-27 03:21  TwoPointCorrelationFunction  INFO     Using estimator <class 'pycorr.twopoint_estimator.NaturalTwoPointEstimator'>.
[020536.36]  01-27 03:21  TwoPointCorrelationFunction  INFO     Running auto-correlation.
[020536.36]  01-27 03:21  TwoPointCorrelationFunction  INFO     Computing two-point counts D1D2.
[020552.77]  01-27 03:22  TwoPointCorrelationFunction  INFO     Analytically computing two-point counts R1R2.
[020552.77]  01-27 03:22  TwoPointCorrelationFunction  INFO     Correlation function computed in elapsed time 16.41 s.
[020552.77]  01-27 03:22  NaturalTwoPointEstimator     INFO     Saving /pscratch/sd/s/shengyu/galaxies/catalogs/Y3/AbacusHF-v2/Boxes/QSO/sn1p850/AbacusSummit_base_c000_ph007/mpspk/xipoles_QSO_zp1.850_DR2_v1.0+dv_verr_empirical.npy.
[020552.77]  01-27 03:22  compute_2pt                  INFO     Save to /pscratch/sd/s/shengyu/galaxies/catalogs/Y3/AbacusHF-v2/Boxes/QSO/sn1p850/AbacusSummit_base_c000_ph007/mpspk/xipoles_QSO_zp1.850_DR2_v1.0+dv_verr_empirical.npy
[020554.31]  01-27 03:22  CatalogFFTPower              INFO     Painting catalog 1 to mesh CatalogMesh(nmesh=[512 512 512], boxsize=[2000. 2000. 2000.], boxcenter=[1000.00000569 1000.00000736  999.99998376], dtype=float64).
[020554.54]  01-27 03:22  CatalogMesh                  INFO     Slab 0 ~ 4194304 / 11324489.
[020555.78]  01-27 03:22  CatalogMesh                  INFO     Painted 4194304 out of 11324489 objects to mesh.
[020555.78]  01-27 03:22  CatalogMesh                  INFO     Slab 4194304 ~ 8388608 / 11324489.
[020557.00]  01-27 03:22  CatalogMesh                  INFO     Painted 8388608 out of 11324489 objects to mesh.
[020557.00]  01-27 03:22  CatalogMesh                  INFO     Slab 8388608 ~ 12582912 / 11324489.
[020558.00]  01-27 03:22  CatalogMesh                  INFO     Painted 11324489 out of 11324489 objects to mesh.
[020558.00]  01-27 03:22  CatalogMesh                  INFO     Running interlacing at order 3.
[020560.05]  01-27 03:22  CatalogMesh                  INFO     Slab 0 ~ 4194304 / 11324489.
[020561.27]  01-27 03:22  CatalogMesh                  INFO     Painted 4194304 out of 11324489 objects to mesh.
[020561.27]  01-27 03:22  CatalogMesh                  INFO     Slab 4194304 ~ 8388608 / 11324489.
[020562.49]  01-27 03:22  CatalogMesh                  INFO     Painted 8388608 out of 11324489 objects to mesh.
[020562.49]  01-27 03:22  CatalogMesh                  INFO     Slab 8388608 ~ 12582912 / 11324489.
[020563.49]  01-27 03:22  CatalogMesh                  INFO     Painted 11324489 out of 11324489 objects to mesh.
[020567.09]  01-27 03:22  CatalogMesh                  INFO     Slab 0 ~ 4194304 / 11324489.
[020568.32]  01-27 03:22  CatalogMesh                  INFO     Painted 4194304 out of 11324489 objects to mesh.
[020568.32]  01-27 03:22  CatalogMesh                  INFO     Slab 4194304 ~ 8388608 / 11324489.
[020569.54]  01-27 03:22  CatalogMesh                  INFO     Painted 8388608 out of 11324489 objects to mesh.
[020569.54]  01-27 03:22  CatalogMesh                  INFO     Slab 8388608 ~ 12582912 / 11324489.
[020570.54]  01-27 03:22  CatalogMesh                  INFO     Painted 11324489 out of 11324489 objects to mesh.
[020576.03]  01-27 03:22  CatalogFFTPower              INFO     Done painting catalog 1 to mesh.
[020576.03]  01-27 03:22  CatalogFFTPower              INFO     Using 400 k-bins between 0.000 and 0.400.
[020576.03]  01-27 03:22  CatalogFFTPower              INFO     Meshes prepared in elapsed time 21.72 s.
[020576.03]  01-27 03:22  CatalogFFTPower              INFO     Running mesh calculation.
[020592.97]  01-27 03:22  CatalogFFTPower              INFO     Mesh calculations performed in elapsed time 16.94 s.
[020592.98]  01-27 03:22  CatalogFFTPower              INFO     Power spectrum computed in elapsed time 38.66 s.
[020592.98]  01-27 03:22  CatalogFFTPower              INFO     Saving /pscratch/sd/s/shengyu/galaxies/catalogs/Y3/AbacusHF-v2/Boxes/QSO/sn1p850/AbacusSummit_base_c000_ph007/mpspk/pkpoles_QSO_zp1.850_DR2_v1.0+dv_verr_empirical.npy.
[020592.98]  01-27 03:22  compute_2pt                  INFO     Save to /pscratch/sd/s/shengyu/galaxies/catalogs/Y3/AbacusHF-v2/Boxes/QSO/sn1p850/AbacusSummit_base_c000_ph007/mpspk/pkpoles_QSO_zp1.850_DR2_v1.0+dv_verr_empirical.npy
[020592.98]  01-27 03:22  TwoPointCorrelationFunction  INFO     Using estimator <class 'pycorr.twopoint_estimator.NaturalTwoPointEstimator'>.
[020592.98]  01-27 03:22  TwoPointCorrelationFunction  INFO     Running auto-correlation.
[020592.98]  01-27 03:22  TwoPointCorrelationFunction  INFO     Computing two-point counts D1D2.
[020596.45]  01-27 03:22  TwoPointCorrelationFunction  INFO     Analytically computing two-point counts R1R2.
[020596.45]  01-27 03:22  TwoPointCorrelationFunction  INFO     Correlation function computed in elapsed time 3.46 s.
[020596.45]  01-27 03:22  NaturalTwoPointEstimator     INFO     Saving /pscratch/sd/s/shengyu/galaxies/catalogs/Y3/AbacusHF-v2/Boxes/QSO/sn1p850/AbacusSummit_base_c000_ph007/mpspk/mpslog_QSO_zp1.850_DR2_v1.0+dv_verr_empirical.npy.
[020596.45]  01-27 03:22  compute_2pt                  INFO     Save to /pscratch/sd/s/shengyu/galaxies/catalogs/Y3/AbacusHF-v2/Boxes/QSO/sn1p850/AbacusSummit_base_c000_ph007/mpspk/mpslog_QSO_zp1.850_DR2_v1.0+dv_verr_empirical.npy
[020596.45]  01-27 03:22  TwoPointCorrelationFunction  INFO     Using estimator <class 'pycorr.twopoint_estimator.NaturalTwoPointEstimator'>.
[020596.45]  01-27 03:22  TwoPointCorrelationFunction  INFO     Running auto-correlation.
[020596.45]  01-27 03:22  TwoPointCorrelationFunction  INFO     Computing two-point counts D1D2.
[020607.62]  01-27 03:23  TwoPointCorrelationFunction  INFO     Analytically computing two-point counts R1R2.
[020607.62]  01-27 03:23  TwoPointCorrelationFunction  INFO     Correlation function computed in elapsed time 11.17 s.
[020607.62]  01-27 03:23  NaturalTwoPointEstimator     INFO     Saving /pscratch/sd/s/shengyu/galaxies/catalogs/Y3/AbacusHF-v2/Boxes/QSO/sn1p850/AbacusSummit_base_c000_ph007/mpspk/wplog_QSO_zp1.850_DR2_v1.0+dv_verr_empirical.npy.
[020607.62]  01-27 03:23  compute_2pt                  INFO     Save to /pscratch/sd/s/shengyu/galaxies/catalogs/Y3/AbacusHF-v2/Boxes/QSO/sn1p850/AbacusSummit_base_c000_ph007/mpspk/wplog_QSO_zp1.850_DR2_v1.0+dv_verr_empirical.npy
[020607.63]  01-27 03:23  compute_2pt                  INFO     Procceed {'version': 'AbacusHF-v2', 'domain': 'cubic', 'tracer': 'QSO', 'zsnap': 1.85, 'zrange': (1.7, 2.1), 'mock_id': 8, 'use_dv': 'verr_empirical'}
[020607.63]  01-27 03:23  cat_tools                    INFO     Load /pscratch/sd/s/shengyu/galaxies/catalogs/Y3/AbacusHF-v2/Boxes/QSO/sn1p850/AbacusSummit_base_c000_ph008/abacus_HF_QSO_1p850_DR2_v2.0_AbacusSummit_base_c000_ph008_base_clustering.dat.h5
[020607.63]  01-27 03:23  FileStack                    INFO     Reading /pscratch/sd/s/shengyu/galaxies/catalogs/Y3/AbacusHF-v2/Boxes/QSO/sn1p850/AbacusSummit_base_c000_ph008/abacus_HF_QSO_1p850_DR2_v2.0_AbacusSummit_base_c000_ph008_base_clustering.dat.h5.
[020607.63]  01-27 03:23  cat_tools                    INFO     use Z positions shifted in verr_empirical mode
[020608.08]  01-27 03:23  TwoPointCorrelationFunction  INFO     Using estimator <class 'pycorr.twopoint_estimator.NaturalTwoPointEstimator'>.
[020608.08]  01-27 03:23  TwoPointCorrelationFunction  INFO     Running auto-correlation.
[020608.08]  01-27 03:23  TwoPointCorrelationFunction  INFO     Computing two-point counts D1D2.
[020624.96]  01-27 03:23  TwoPointCorrelationFunction  INFO     Analytically computing two-point counts R1R2.
[020624.96]  01-27 03:23  TwoPointCorrelationFunction  INFO     Correlation function computed in elapsed time 16.88 s.
[020624.96]  01-27 03:23  NaturalTwoPointEstimator     INFO     Saving /pscratch/sd/s/shengyu/galaxies/catalogs/Y3/AbacusHF-v2/Boxes/QSO/sn1p850/AbacusSummit_base_c000_ph008/mpspk/xipoles_QSO_zp1.850_DR2_v1.0+dv_verr_empirical.npy.
[020624.97]  01-27 03:23  compute_2pt                  INFO     Save to /pscratch/sd/s/shengyu/galaxies/catalogs/Y3/AbacusHF-v2/Boxes/QSO/sn1p850/AbacusSummit_base_c000_ph008/mpspk/xipoles_QSO_zp1.850_DR2_v1.0+dv_verr_empirical.npy
[020626.51]  01-27 03:23  CatalogFFTPower              INFO     Painting catalog 1 to mesh CatalogMesh(nmesh=[512 512 512], boxsize=[2000. 2000. 2000.], boxcenter=[ 999.99998379 1000.00012458 1000.00012304], dtype=float64).
[020626.74]  01-27 03:23  CatalogMesh                  INFO     Slab 0 ~ 4194304 / 11320981.
[020627.98]  01-27 03:23  CatalogMesh                  INFO     Painted 4194304 out of 11320981 objects to mesh.
[020627.98]  01-27 03:23  CatalogMesh                  INFO     Slab 4194304 ~ 8388608 / 11320981.
[020629.20]  01-27 03:23  CatalogMesh                  INFO     Painted 8388608 out of 11320981 objects to mesh.
[020629.20]  01-27 03:23  CatalogMesh                  INFO     Slab 8388608 ~ 12582912 / 11320981.
[020630.20]  01-27 03:23  CatalogMesh                  INFO     Painted 11320981 out of 11320981 objects to mesh.
[020630.20]  01-27 03:23  CatalogMesh                  INFO     Running interlacing at order 3.
[020632.25]  01-27 03:23  CatalogMesh                  INFO     Slab 0 ~ 4194304 / 11320981.
[020633.47]  01-27 03:23  CatalogMesh                  INFO     Painted 4194304 out of 11320981 objects to mesh.
[020633.47]  01-27 03:23  CatalogMesh                  INFO     Slab 4194304 ~ 8388608 / 11320981.
[020634.71]  01-27 03:23  CatalogMesh                  INFO     Painted 8388608 out of 11320981 objects to mesh.
[020634.71]  01-27 03:23  CatalogMesh                  INFO     Slab 8388608 ~ 12582912 / 11320981.
[020635.70]  01-27 03:23  CatalogMesh                  INFO     Painted 11320981 out of 11320981 objects to mesh.
[020639.31]  01-27 03:23  CatalogMesh                  INFO     Slab 0 ~ 4194304 / 11320981.
[020640.53]  01-27 03:23  CatalogMesh                  INFO     Painted 4194304 out of 11320981 objects to mesh.
[020640.53]  01-27 03:23  CatalogMesh                  INFO     Slab 4194304 ~ 8388608 / 11320981.
[020641.75]  01-27 03:23  CatalogMesh                  INFO     Painted 8388608 out of 11320981 objects to mesh.
[020641.75]  01-27 03:23  CatalogMesh                  INFO     Slab 8388608 ~ 12582912 / 11320981.
[020642.75]  01-27 03:23  CatalogMesh                  INFO     Painted 11320981 out of 11320981 objects to mesh.
[020648.22]  01-27 03:23  CatalogFFTPower              INFO     Done painting catalog 1 to mesh.
[020648.22]  01-27 03:23  CatalogFFTPower              INFO     Using 400 k-bins between 0.000 and 0.400.
[020648.22]  01-27 03:23  CatalogFFTPower              INFO     Meshes prepared in elapsed time 21.72 s.
[020648.22]  01-27 03:23  CatalogFFTPower              INFO     Running mesh calculation.
[020665.18]  01-27 03:23  CatalogFFTPower              INFO     Mesh calculations performed in elapsed time 16.96 s.
[020665.18]  01-27 03:23  CatalogFFTPower              INFO     Power spectrum computed in elapsed time 38.67 s.
[020665.18]  01-27 03:23  CatalogFFTPower              INFO     Saving /pscratch/sd/s/shengyu/galaxies/catalogs/Y3/AbacusHF-v2/Boxes/QSO/sn1p850/AbacusSummit_base_c000_ph008/mpspk/pkpoles_QSO_zp1.850_DR2_v1.0+dv_verr_empirical.npy.
[020665.18]  01-27 03:23  compute_2pt                  INFO     Save to /pscratch/sd/s/shengyu/galaxies/catalogs/Y3/AbacusHF-v2/Boxes/QSO/sn1p850/AbacusSummit_base_c000_ph008/mpspk/pkpoles_QSO_zp1.850_DR2_v1.0+dv_verr_empirical.npy
[020665.18]  01-27 03:23  TwoPointCorrelationFunction  INFO     Using estimator <class 'pycorr.twopoint_estimator.NaturalTwoPointEstimator'>.
[020665.18]  01-27 03:23  TwoPointCorrelationFunction  INFO     Running auto-correlation.
[020665.19]  01-27 03:23  TwoPointCorrelationFunction  INFO     Computing two-point counts D1D2.
[020668.88]  01-27 03:24  TwoPointCorrelationFunction  INFO     Analytically computing two-point counts R1R2.
[020668.88]  01-27 03:24  TwoPointCorrelationFunction  INFO     Correlation function computed in elapsed time 3.69 s.
[020668.88]  01-27 03:24  NaturalTwoPointEstimator     INFO     Saving /pscratch/sd/s/shengyu/galaxies/catalogs/Y3/AbacusHF-v2/Boxes/QSO/sn1p850/AbacusSummit_base_c000_ph008/mpspk/mpslog_QSO_zp1.850_DR2_v1.0+dv_verr_empirical.npy.
[020668.88]  01-27 03:24  compute_2pt                  INFO     Save to /pscratch/sd/s/shengyu/galaxies/catalogs/Y3/AbacusHF-v2/Boxes/QSO/sn1p850/AbacusSummit_base_c000_ph008/mpspk/mpslog_QSO_zp1.850_DR2_v1.0+dv_verr_empirical.npy
[020668.88]  01-27 03:24  TwoPointCorrelationFunction  INFO     Using estimator <class 'pycorr.twopoint_estimator.NaturalTwoPointEstimator'>.
[020668.88]  01-27 03:24  TwoPointCorrelationFunction  INFO     Running auto-correlation.
[020668.88]  01-27 03:24  TwoPointCorrelationFunction  INFO     Computing two-point counts D1D2.
[020680.09]  01-27 03:24  TwoPointCorrelationFunction  INFO     Analytically computing two-point counts R1R2.
[020680.09]  01-27 03:24  TwoPointCorrelationFunction  INFO     Correlation function computed in elapsed time 11.20 s.
[020680.09]  01-27 03:24  NaturalTwoPointEstimator     INFO     Saving /pscratch/sd/s/shengyu/galaxies/catalogs/Y3/AbacusHF-v2/Boxes/QSO/sn1p850/AbacusSummit_base_c000_ph008/mpspk/wplog_QSO_zp1.850_DR2_v1.0+dv_verr_empirical.npy.
[020680.09]  01-27 03:24  compute_2pt                  INFO     Save to /pscratch/sd/s/shengyu/galaxies/catalogs/Y3/AbacusHF-v2/Boxes/QSO/sn1p850/AbacusSummit_base_c000_ph008/mpspk/wplog_QSO_zp1.850_DR2_v1.0+dv_verr_empirical.npy
[020680.09]  01-27 03:24  compute_2pt                  INFO     Procceed {'version': 'AbacusHF-v2', 'domain': 'cubic', 'tracer': 'QSO', 'zsnap': 1.85, 'zrange': (1.7, 2.1), 'mock_id': 9, 'use_dv': 'verr_empirical'}
[020680.09]  01-27 03:24  cat_tools                    INFO     Load /pscratch/sd/s/shengyu/galaxies/catalogs/Y3/AbacusHF-v2/Boxes/QSO/sn1p850/AbacusSummit_base_c000_ph009/abacus_HF_QSO_1p850_DR2_v2.0_AbacusSummit_base_c000_ph009_base_clustering.dat.h5
[020680.09]  01-27 03:24  FileStack                    INFO     Reading /pscratch/sd/s/shengyu/galaxies/catalogs/Y3/AbacusHF-v2/Boxes/QSO/sn1p850/AbacusSummit_base_c000_ph009/abacus_HF_QSO_1p850_DR2_v2.0_AbacusSummit_base_c000_ph009_base_clustering.dat.h5.
[020680.10]  01-27 03:24  cat_tools                    INFO     use Z positions shifted in verr_empirical mode
[020680.55]  01-27 03:24  TwoPointCorrelationFunction  INFO     Using estimator <class 'pycorr.twopoint_estimator.NaturalTwoPointEstimator'>.
[020680.55]  01-27 03:24  TwoPointCorrelationFunction  INFO     Running auto-correlation.
[020680.55]  01-27 03:24  TwoPointCorrelationFunction  INFO     Computing two-point counts D1D2.
[020697.43]  01-27 03:24  TwoPointCorrelationFunction  INFO     Analytically computing two-point counts R1R2.
[020697.43]  01-27 03:24  TwoPointCorrelationFunction  INFO     Correlation function computed in elapsed time 16.88 s.
[020697.43]  01-27 03:24  NaturalTwoPointEstimator     INFO     Saving /pscratch/sd/s/shengyu/galaxies/catalogs/Y3/AbacusHF-v2/Boxes/QSO/sn1p850/AbacusSummit_base_c000_ph009/mpspk/xipoles_QSO_zp1.850_DR2_v1.0+dv_verr_empirical.npy.
[020697.44]  01-27 03:24  compute_2pt                  INFO     Save to /pscratch/sd/s/shengyu/galaxies/catalogs/Y3/AbacusHF-v2/Boxes/QSO/sn1p850/AbacusSummit_base_c000_ph009/mpspk/xipoles_QSO_zp1.850_DR2_v1.0+dv_verr_empirical.npy
[020698.97]  01-27 03:24  CatalogFFTPower              INFO     Painting catalog 1 to mesh CatalogMesh(nmesh=[512 512 512], boxsize=[2000. 2000. 2000.], boxcenter=[ 999.99999743 1000.00028291  999.9999202 ], dtype=float64).
[020699.19]  01-27 03:24  CatalogMesh                  INFO     Slab 0 ~ 4194304 / 11341516.
[020700.43]  01-27 03:24  CatalogMesh                  INFO     Painted 4194304 out of 11341516 objects to mesh.
[020700.43]  01-27 03:24  CatalogMesh                  INFO     Slab 4194304 ~ 8388608 / 11341516.
[020701.65]  01-27 03:24  CatalogMesh                  INFO     Painted 8388608 out of 11341516 objects to mesh.
[020701.65]  01-27 03:24  CatalogMesh                  INFO     Slab 8388608 ~ 12582912 / 11341516.
[020702.65]  01-27 03:24  CatalogMesh                  INFO     Painted 11341516 out of 11341516 objects to mesh.
[020702.66]  01-27 03:24  CatalogMesh                  INFO     Running interlacing at order 3.
[020704.71]  01-27 03:24  CatalogMesh                  INFO     Slab 0 ~ 4194304 / 11341516.
[020705.93]  01-27 03:24  CatalogMesh                  INFO     Painted 4194304 out of 11341516 objects to mesh.
[020705.93]  01-27 03:24  CatalogMesh                  INFO     Slab 4194304 ~ 8388608 / 11341516.
[020707.15]  01-27 03:24  CatalogMesh                  INFO     Painted 8388608 out of 11341516 objects to mesh.
[020707.15]  01-27 03:24  CatalogMesh                  INFO     Slab 8388608 ~ 12582912 / 11341516.
[020708.16]  01-27 03:24  CatalogMesh                  INFO     Painted 11341516 out of 11341516 objects to mesh.
[020711.76]  01-27 03:24  CatalogMesh                  INFO     Slab 0 ~ 4194304 / 11341516.
[020712.98]  01-27 03:24  CatalogMesh                  INFO     Painted 4194304 out of 11341516 objects to mesh.
[020712.98]  01-27 03:24  CatalogMesh                  INFO     Slab 4194304 ~ 8388608 / 11341516.
[020714.20]  01-27 03:24  CatalogMesh                  INFO     Painted 8388608 out of 11341516 objects to mesh.
[020714.20]  01-27 03:24  CatalogMesh                  INFO     Slab 8388608 ~ 12582912 / 11341516.
[020715.20]  01-27 03:24  CatalogMesh                  INFO     Painted 11341516 out of 11341516 objects to mesh.
[020720.68]  01-27 03:24  CatalogFFTPower              INFO     Done painting catalog 1 to mesh.
[020720.68]  01-27 03:24  CatalogFFTPower              INFO     Using 400 k-bins between 0.000 and 0.400.
[020720.68]  01-27 03:24  CatalogFFTPower              INFO     Meshes prepared in elapsed time 21.72 s.
[020720.68]  01-27 03:24  CatalogFFTPower              INFO     Running mesh calculation.
[020737.65]  01-27 03:25  CatalogFFTPower              INFO     Mesh calculations performed in elapsed time 16.96 s.
[020737.65]  01-27 03:25  CatalogFFTPower              INFO     Power spectrum computed in elapsed time 38.68 s.
[020737.65]  01-27 03:25  CatalogFFTPower              INFO     Saving /pscratch/sd/s/shengyu/galaxies/catalogs/Y3/AbacusHF-v2/Boxes/QSO/sn1p850/AbacusSummit_base_c000_ph009/mpspk/pkpoles_QSO_zp1.850_DR2_v1.0+dv_verr_empirical.npy.
[020737.65]  01-27 03:25  compute_2pt                  INFO     Save to /pscratch/sd/s/shengyu/galaxies/catalogs/Y3/AbacusHF-v2/Boxes/QSO/sn1p850/AbacusSummit_base_c000_ph009/mpspk/pkpoles_QSO_zp1.850_DR2_v1.0+dv_verr_empirical.npy
[020737.65]  01-27 03:25  TwoPointCorrelationFunction  INFO     Using estimator <class 'pycorr.twopoint_estimator.NaturalTwoPointEstimator'>.
[020737.65]  01-27 03:25  TwoPointCorrelationFunction  INFO     Running auto-correlation.
[020737.65]  01-27 03:25  TwoPointCorrelationFunction  INFO     Computing two-point counts D1D2.
[020741.64]  01-27 03:25  TwoPointCorrelationFunction  INFO     Analytically computing two-point counts R1R2.
[020741.64]  01-27 03:25  TwoPointCorrelationFunction  INFO     Correlation function computed in elapsed time 3.99 s.
[020741.64]  01-27 03:25  NaturalTwoPointEstimator     INFO     Saving /pscratch/sd/s/shengyu/galaxies/catalogs/Y3/AbacusHF-v2/Boxes/QSO/sn1p850/AbacusSummit_base_c000_ph009/mpspk/mpslog_QSO_zp1.850_DR2_v1.0+dv_verr_empirical.npy.
[020741.65]  01-27 03:25  compute_2pt                  INFO     Save to /pscratch/sd/s/shengyu/galaxies/catalogs/Y3/AbacusHF-v2/Boxes/QSO/sn1p850/AbacusSummit_base_c000_ph009/mpspk/mpslog_QSO_zp1.850_DR2_v1.0+dv_verr_empirical.npy
[020741.65]  01-27 03:25  TwoPointCorrelationFunction  INFO     Using estimator <class 'pycorr.twopoint_estimator.NaturalTwoPointEstimator'>.
[020741.65]  01-27 03:25  TwoPointCorrelationFunction  INFO     Running auto-correlation.
[020741.65]  01-27 03:25  TwoPointCorrelationFunction  INFO     Computing two-point counts D1D2.
[020752.70]  01-27 03:25  TwoPointCorrelationFunction  INFO     Analytically computing two-point counts R1R2.
[020752.70]  01-27 03:25  TwoPointCorrelationFunction  INFO     Correlation function computed in elapsed time 11.05 s.
[020752.70]  01-27 03:25  NaturalTwoPointEstimator     INFO     Saving /pscratch/sd/s/shengyu/galaxies/catalogs/Y3/AbacusHF-v2/Boxes/QSO/sn1p850/AbacusSummit_base_c000_ph009/mpspk/wplog_QSO_zp1.850_DR2_v1.0+dv_verr_empirical.npy.
[020752.70]  01-27 03:25  compute_2pt                  INFO     Save to /pscratch/sd/s/shengyu/galaxies/catalogs/Y3/AbacusHF-v2/Boxes/QSO/sn1p850/AbacusSummit_base_c000_ph009/mpspk/wplog_QSO_zp1.850_DR2_v1.0+dv_verr_empirical.npy
[020752.70]  01-27 03:25  compute_2pt                  INFO     Procceed {'version': 'AbacusHF-v2', 'domain': 'cubic', 'tracer': 'QSO', 'zsnap': 1.85, 'zrange': (1.7, 2.1), 'mock_id': 10, 'use_dv': 'verr_empirical'}
[020752.70]  01-27 03:25  cat_tools                    INFO     Load /pscratch/sd/s/shengyu/galaxies/catalogs/Y3/AbacusHF-v2/Boxes/QSO/sn1p850/AbacusSummit_base_c000_ph010/abacus_HF_QSO_1p850_DR2_v2.0_AbacusSummit_base_c000_ph010_base_clustering.dat.h5
[020752.70]  01-27 03:25  FileStack                    INFO     Reading /pscratch/sd/s/shengyu/galaxies/catalogs/Y3/AbacusHF-v2/Boxes/QSO/sn1p850/AbacusSummit_base_c000_ph010/abacus_HF_QSO_1p850_DR2_v2.0_AbacusSummit_base_c000_ph010_base_clustering.dat.h5.
[020752.71]  01-27 03:25  cat_tools                    INFO     use Z positions shifted in verr_empirical mode
[020753.16]  01-27 03:25  TwoPointCorrelationFunction  INFO     Using estimator <class 'pycorr.twopoint_estimator.NaturalTwoPointEstimator'>.
[020753.16]  01-27 03:25  TwoPointCorrelationFunction  INFO     Running auto-correlation.
[020753.16]  01-27 03:25  TwoPointCorrelationFunction  INFO     Computing two-point counts D1D2.
[020770.05]  01-27 03:25  TwoPointCorrelationFunction  INFO     Analytically computing two-point counts R1R2.
[020770.06]  01-27 03:25  TwoPointCorrelationFunction  INFO     Correlation function computed in elapsed time 16.90 s.
[020770.06]  01-27 03:25  NaturalTwoPointEstimator     INFO     Saving /pscratch/sd/s/shengyu/galaxies/catalogs/Y3/AbacusHF-v2/Boxes/QSO/sn1p850/AbacusSummit_base_c000_ph010/mpspk/xipoles_QSO_zp1.850_DR2_v1.0+dv_verr_empirical.npy.
[020770.06]  01-27 03:25  compute_2pt                  INFO     Save to /pscratch/sd/s/shengyu/galaxies/catalogs/Y3/AbacusHF-v2/Boxes/QSO/sn1p850/AbacusSummit_base_c000_ph010/mpspk/xipoles_QSO_zp1.850_DR2_v1.0+dv_verr_empirical.npy
[020771.59]  01-27 03:25  CatalogFFTPower              INFO     Painting catalog 1 to mesh CatalogMesh(nmesh=[512 512 512], boxsize=[2000. 2000. 2000.], boxcenter=[1000.00026874  999.99995866  999.99973285], dtype=float64).
[020771.82]  01-27 03:25  CatalogMesh                  INFO     Slab 0 ~ 4194304 / 11321039.
[020773.05]  01-27 03:25  CatalogMesh                  INFO     Painted 4194304 out of 11321039 objects to mesh.
[020773.06]  01-27 03:25  CatalogMesh                  INFO     Slab 4194304 ~ 8388608 / 11321039.
[020774.27]  01-27 03:25  CatalogMesh                  INFO     Painted 8388608 out of 11321039 objects to mesh.
[020774.27]  01-27 03:25  CatalogMesh                  INFO     Slab 8388608 ~ 12582912 / 11321039.
[020775.27]  01-27 03:25  CatalogMesh                  INFO     Painted 11321039 out of 11321039 objects to mesh.
[020775.27]  01-27 03:25  CatalogMesh                  INFO     Running interlacing at order 3.
[020777.33]  01-27 03:25  CatalogMesh                  INFO     Slab 0 ~ 4194304 / 11321039.
[020778.54]  01-27 03:25  CatalogMesh                  INFO     Painted 4194304 out of 11321039 objects to mesh.
[020778.55]  01-27 03:25  CatalogMesh                  INFO     Slab 4194304 ~ 8388608 / 11321039.
[020779.76]  01-27 03:25  CatalogMesh                  INFO     Painted 8388608 out of 11321039 objects to mesh.
[020779.76]  01-27 03:25  CatalogMesh                  INFO     Slab 8388608 ~ 12582912 / 11321039.
[020780.76]  01-27 03:25  CatalogMesh                  INFO     Painted 11321039 out of 11321039 objects to mesh.
[020784.36]  01-27 03:25  CatalogMesh                  INFO     Slab 0 ~ 4194304 / 11321039.
[020785.59]  01-27 03:25  CatalogMesh                  INFO     Painted 4194304 out of 11321039 objects to mesh.
[020785.59]  01-27 03:25  CatalogMesh                  INFO     Slab 4194304 ~ 8388608 / 11321039.
[020786.81]  01-27 03:26  CatalogMesh                  INFO     Painted 8388608 out of 11321039 objects to mesh.
[020786.81]  01-27 03:26  CatalogMesh                  INFO     Slab 8388608 ~ 12582912 / 11321039.
[020787.80]  01-27 03:26  CatalogMesh                  INFO     Painted 11321039 out of 11321039 objects to mesh.
[020793.29]  01-27 03:26  CatalogFFTPower              INFO     Done painting catalog 1 to mesh.
[020793.29]  01-27 03:26  CatalogFFTPower              INFO     Using 400 k-bins between 0.000 and 0.400.
[020793.29]  01-27 03:26  CatalogFFTPower              INFO     Meshes prepared in elapsed time 21.70 s.
[020793.29]  01-27 03:26  CatalogFFTPower              INFO     Running mesh calculation.
[020810.24]  01-27 03:26  CatalogFFTPower              INFO     Mesh calculations performed in elapsed time 16.95 s.
[020810.24]  01-27 03:26  CatalogFFTPower              INFO     Power spectrum computed in elapsed time 38.65 s.
[020810.24]  01-27 03:26  CatalogFFTPower              INFO     Saving /pscratch/sd/s/shengyu/galaxies/catalogs/Y3/AbacusHF-v2/Boxes/QSO/sn1p850/AbacusSummit_base_c000_ph010/mpspk/pkpoles_QSO_zp1.850_DR2_v1.0+dv_verr_empirical.npy.
[020810.24]  01-27 03:26  compute_2pt                  INFO     Save to /pscratch/sd/s/shengyu/galaxies/catalogs/Y3/AbacusHF-v2/Boxes/QSO/sn1p850/AbacusSummit_base_c000_ph010/mpspk/pkpoles_QSO_zp1.850_DR2_v1.0+dv_verr_empirical.npy
[020810.24]  01-27 03:26  TwoPointCorrelationFunction  INFO     Using estimator <class 'pycorr.twopoint_estimator.NaturalTwoPointEstimator'>.
[020810.24]  01-27 03:26  TwoPointCorrelationFunction  INFO     Running auto-correlation.
[020810.24]  01-27 03:26  TwoPointCorrelationFunction  INFO     Computing two-point counts D1D2.
[020814.11]  01-27 03:26  TwoPointCorrelationFunction  INFO     Analytically computing two-point counts R1R2.
[020814.11]  01-27 03:26  TwoPointCorrelationFunction  INFO     Correlation function computed in elapsed time 3.87 s.
[020814.11]  01-27 03:26  NaturalTwoPointEstimator     INFO     Saving /pscratch/sd/s/shengyu/galaxies/catalogs/Y3/AbacusHF-v2/Boxes/QSO/sn1p850/AbacusSummit_base_c000_ph010/mpspk/mpslog_QSO_zp1.850_DR2_v1.0+dv_verr_empirical.npy.
[020814.11]  01-27 03:26  compute_2pt                  INFO     Save to /pscratch/sd/s/shengyu/galaxies/catalogs/Y3/AbacusHF-v2/Boxes/QSO/sn1p850/AbacusSummit_base_c000_ph010/mpspk/mpslog_QSO_zp1.850_DR2_v1.0+dv_verr_empirical.npy
[020814.11]  01-27 03:26  TwoPointCorrelationFunction  INFO     Using estimator <class 'pycorr.twopoint_estimator.NaturalTwoPointEstimator'>.
[020814.11]  01-27 03:26  TwoPointCorrelationFunction  INFO     Running auto-correlation.
[020814.11]  01-27 03:26  TwoPointCorrelationFunction  INFO     Computing two-point counts D1D2.
[020825.11]  01-27 03:26  TwoPointCorrelationFunction  INFO     Analytically computing two-point counts R1R2.
[020825.11]  01-27 03:26  TwoPointCorrelationFunction  INFO     Correlation function computed in elapsed time 11.00 s.
[020825.11]  01-27 03:26  NaturalTwoPointEstimator     INFO     Saving /pscratch/sd/s/shengyu/galaxies/catalogs/Y3/AbacusHF-v2/Boxes/QSO/sn1p850/AbacusSummit_base_c000_ph010/mpspk/wplog_QSO_zp1.850_DR2_v1.0+dv_verr_empirical.npy.
[020825.11]  01-27 03:26  compute_2pt                  INFO     Save to /pscratch/sd/s/shengyu/galaxies/catalogs/Y3/AbacusHF-v2/Boxes/QSO/sn1p850/AbacusSummit_base_c000_ph010/mpspk/wplog_QSO_zp1.850_DR2_v1.0+dv_verr_empirical.npy
[020825.11]  01-27 03:26  compute_2pt                  INFO     Procceed {'version': 'AbacusHF-v2', 'domain': 'cubic', 'tracer': 'QSO', 'zsnap': 1.85, 'zrange': (1.7, 2.1), 'mock_id': 11, 'use_dv': 'verr_empirical'}
[020825.11]  01-27 03:26  cat_tools                    INFO     Load /pscratch/sd/s/shengyu/galaxies/catalogs/Y3/AbacusHF-v2/Boxes/QSO/sn1p850/AbacusSummit_base_c000_ph011/abacus_HF_QSO_1p850_DR2_v2.0_AbacusSummit_base_c000_ph011_base_clustering.dat.h5
[020825.11]  01-27 03:26  FileStack                    INFO     Reading /pscratch/sd/s/shengyu/galaxies/catalogs/Y3/AbacusHF-v2/Boxes/QSO/sn1p850/AbacusSummit_base_c000_ph011/abacus_HF_QSO_1p850_DR2_v2.0_AbacusSummit_base_c000_ph011_base_clustering.dat.h5.
[020825.12]  01-27 03:26  cat_tools                    INFO     use Z positions shifted in verr_empirical mode
[020825.57]  01-27 03:26  TwoPointCorrelationFunction  INFO     Using estimator <class 'pycorr.twopoint_estimator.NaturalTwoPointEstimator'>.
[020825.57]  01-27 03:26  TwoPointCorrelationFunction  INFO     Running auto-correlation.
[020825.57]  01-27 03:26  TwoPointCorrelationFunction  INFO     Computing two-point counts D1D2.
[020841.77]  01-27 03:26  TwoPointCorrelationFunction  INFO     Analytically computing two-point counts R1R2.
[020841.77]  01-27 03:26  TwoPointCorrelationFunction  INFO     Correlation function computed in elapsed time 16.21 s.
[020841.77]  01-27 03:26  NaturalTwoPointEstimator     INFO     Saving /pscratch/sd/s/shengyu/galaxies/catalogs/Y3/AbacusHF-v2/Boxes/QSO/sn1p850/AbacusSummit_base_c000_ph011/mpspk/xipoles_QSO_zp1.850_DR2_v1.0+dv_verr_empirical.npy.
[020841.78]  01-27 03:26  compute_2pt                  INFO     Save to /pscratch/sd/s/shengyu/galaxies/catalogs/Y3/AbacusHF-v2/Boxes/QSO/sn1p850/AbacusSummit_base_c000_ph011/mpspk/xipoles_QSO_zp1.850_DR2_v1.0+dv_verr_empirical.npy
[020843.31]  01-27 03:26  CatalogFFTPower              INFO     Painting catalog 1 to mesh CatalogMesh(nmesh=[512 512 512], boxsize=[2000. 2000. 2000.], boxcenter=[1000.00011746  999.99995266 1000.00006518], dtype=float64).
[020843.54]  01-27 03:26  CatalogMesh                  INFO     Slab 0 ~ 4194304 / 11330087.
[020844.78]  01-27 03:26  CatalogMesh                  INFO     Painted 4194304 out of 11330087 objects to mesh.
[020844.78]  01-27 03:26  CatalogMesh                  INFO     Slab 4194304 ~ 8388608 / 11330087.
[020846.00]  01-27 03:26  CatalogMesh                  INFO     Painted 8388608 out of 11330087 objects to mesh.
[020846.01]  01-27 03:26  CatalogMesh                  INFO     Slab 8388608 ~ 12582912 / 11330087.
[020847.01]  01-27 03:27  CatalogMesh                  INFO     Painted 11330087 out of 11330087 objects to mesh.
[020847.01]  01-27 03:27  CatalogMesh                  INFO     Running interlacing at order 3.
[020849.06]  01-27 03:27  CatalogMesh                  INFO     Slab 0 ~ 4194304 / 11330087.
[020850.28]  01-27 03:27  CatalogMesh                  INFO     Painted 4194304 out of 11330087 objects to mesh.
[020850.28]  01-27 03:27  CatalogMesh                  INFO     Slab 4194304 ~ 8388608 / 11330087.
[020851.50]  01-27 03:27  CatalogMesh                  INFO     Painted 8388608 out of 11330087 objects to mesh.
[020851.51]  01-27 03:27  CatalogMesh                  INFO     Slab 8388608 ~ 12582912 / 11330087.
[020852.50]  01-27 03:27  CatalogMesh                  INFO     Painted 11330087 out of 11330087 objects to mesh.
[020856.12]  01-27 03:27  CatalogMesh                  INFO     Slab 0 ~ 4194304 / 11330087.
[020857.34]  01-27 03:27  CatalogMesh                  INFO     Painted 4194304 out of 11330087 objects to mesh.
[020857.34]  01-27 03:27  CatalogMesh                  INFO     Slab 4194304 ~ 8388608 / 11330087.
[020858.56]  01-27 03:27  CatalogMesh                  INFO     Painted 8388608 out of 11330087 objects to mesh.
[020858.56]  01-27 03:27  CatalogMesh                  INFO     Slab 8388608 ~ 12582912 / 11330087.
[020859.56]  01-27 03:27  CatalogMesh                  INFO     Painted 11330087 out of 11330087 objects to mesh.
[020865.04]  01-27 03:27  CatalogFFTPower              INFO     Done painting catalog 1 to mesh.
[020865.04]  01-27 03:27  CatalogFFTPower              INFO     Using 400 k-bins between 0.000 and 0.400.
[020865.04]  01-27 03:27  CatalogFFTPower              INFO     Meshes prepared in elapsed time 21.73 s.
[020865.04]  01-27 03:27  CatalogFFTPower              INFO     Running mesh calculation.
[020882.02]  01-27 03:27  CatalogFFTPower              INFO     Mesh calculations performed in elapsed time 16.98 s.
[020882.02]  01-27 03:27  CatalogFFTPower              INFO     Power spectrum computed in elapsed time 38.71 s.
[020882.03]  01-27 03:27  CatalogFFTPower              INFO     Saving /pscratch/sd/s/shengyu/galaxies/catalogs/Y3/AbacusHF-v2/Boxes/QSO/sn1p850/AbacusSummit_base_c000_ph011/mpspk/pkpoles_QSO_zp1.850_DR2_v1.0+dv_verr_empirical.npy.
[020882.03]  01-27 03:27  compute_2pt                  INFO     Save to /pscratch/sd/s/shengyu/galaxies/catalogs/Y3/AbacusHF-v2/Boxes/QSO/sn1p850/AbacusSummit_base_c000_ph011/mpspk/pkpoles_QSO_zp1.850_DR2_v1.0+dv_verr_empirical.npy
[020882.03]  01-27 03:27  TwoPointCorrelationFunction  INFO     Using estimator <class 'pycorr.twopoint_estimator.NaturalTwoPointEstimator'>.
[020882.03]  01-27 03:27  TwoPointCorrelationFunction  INFO     Running auto-correlation.
[020882.03]  01-27 03:27  TwoPointCorrelationFunction  INFO     Computing two-point counts D1D2.
[020885.53]  01-27 03:27  TwoPointCorrelationFunction  INFO     Analytically computing two-point counts R1R2.
[020885.53]  01-27 03:27  TwoPointCorrelationFunction  INFO     Correlation function computed in elapsed time 3.50 s.
[020885.53]  01-27 03:27  NaturalTwoPointEstimator     INFO     Saving /pscratch/sd/s/shengyu/galaxies/catalogs/Y3/AbacusHF-v2/Boxes/QSO/sn1p850/AbacusSummit_base_c000_ph011/mpspk/mpslog_QSO_zp1.850_DR2_v1.0+dv_verr_empirical.npy.
[020885.54]  01-27 03:27  compute_2pt                  INFO     Save to /pscratch/sd/s/shengyu/galaxies/catalogs/Y3/AbacusHF-v2/Boxes/QSO/sn1p850/AbacusSummit_base_c000_ph011/mpspk/mpslog_QSO_zp1.850_DR2_v1.0+dv_verr_empirical.npy
[020885.54]  01-27 03:27  TwoPointCorrelationFunction  INFO     Using estimator <class 'pycorr.twopoint_estimator.NaturalTwoPointEstimator'>.
[020885.54]  01-27 03:27  TwoPointCorrelationFunction  INFO     Running auto-correlation.
[020885.54]  01-27 03:27  TwoPointCorrelationFunction  INFO     Computing two-point counts D1D2.
[020896.48]  01-27 03:27  TwoPointCorrelationFunction  INFO     Analytically computing two-point counts R1R2.
[020896.48]  01-27 03:27  TwoPointCorrelationFunction  INFO     Correlation function computed in elapsed time 10.95 s.
[020896.48]  01-27 03:27  NaturalTwoPointEstimator     INFO     Saving /pscratch/sd/s/shengyu/galaxies/catalogs/Y3/AbacusHF-v2/Boxes/QSO/sn1p850/AbacusSummit_base_c000_ph011/mpspk/wplog_QSO_zp1.850_DR2_v1.0+dv_verr_empirical.npy.
[020896.49]  01-27 03:27  compute_2pt                  INFO     Save to /pscratch/sd/s/shengyu/galaxies/catalogs/Y3/AbacusHF-v2/Boxes/QSO/sn1p850/AbacusSummit_base_c000_ph011/mpspk/wplog_QSO_zp1.850_DR2_v1.0+dv_verr_empirical.npy
[020896.49]  01-27 03:27  compute_2pt                  INFO     Procceed {'version': 'AbacusHF-v2', 'domain': 'cubic', 'tracer': 'QSO', 'zsnap': 1.85, 'zrange': (1.7, 2.1), 'mock_id': 12, 'use_dv': 'verr_empirical'}
[020896.49]  01-27 03:27  cat_tools                    INFO     Load /pscratch/sd/s/shengyu/galaxies/catalogs/Y3/AbacusHF-v2/Boxes/QSO/sn1p850/AbacusSummit_base_c000_ph012/abacus_HF_QSO_1p850_DR2_v2.0_AbacusSummit_base_c000_ph012_base_clustering.dat.h5
[020896.49]  01-27 03:27  FileStack                    INFO     Reading /pscratch/sd/s/shengyu/galaxies/catalogs/Y3/AbacusHF-v2/Boxes/QSO/sn1p850/AbacusSummit_base_c000_ph012/abacus_HF_QSO_1p850_DR2_v2.0_AbacusSummit_base_c000_ph012_base_clustering.dat.h5.
[020896.49]  01-27 03:27  cat_tools                    INFO     use Z positions shifted in verr_empirical mode
[020896.95]  01-27 03:27  TwoPointCorrelationFunction  INFO     Using estimator <class 'pycorr.twopoint_estimator.NaturalTwoPointEstimator'>.
[020896.95]  01-27 03:27  TwoPointCorrelationFunction  INFO     Running auto-correlation.
[020896.95]  01-27 03:27  TwoPointCorrelationFunction  INFO     Computing two-point counts D1D2.
[020913.38]  01-27 03:28  TwoPointCorrelationFunction  INFO     Analytically computing two-point counts R1R2.
[020913.38]  01-27 03:28  TwoPointCorrelationFunction  INFO     Correlation function computed in elapsed time 16.43 s.
[020913.38]  01-27 03:28  NaturalTwoPointEstimator     INFO     Saving /pscratch/sd/s/shengyu/galaxies/catalogs/Y3/AbacusHF-v2/Boxes/QSO/sn1p850/AbacusSummit_base_c000_ph012/mpspk/xipoles_QSO_zp1.850_DR2_v1.0+dv_verr_empirical.npy.
[020913.39]  01-27 03:28  compute_2pt                  INFO     Save to /pscratch/sd/s/shengyu/galaxies/catalogs/Y3/AbacusHF-v2/Boxes/QSO/sn1p850/AbacusSummit_base_c000_ph012/mpspk/xipoles_QSO_zp1.850_DR2_v1.0+dv_verr_empirical.npy
[020914.93]  01-27 03:28  CatalogFFTPower              INFO     Painting catalog 1 to mesh CatalogMesh(nmesh=[512 512 512], boxsize=[2000. 2000. 2000.], boxcenter=[1000.00002486  999.99989854 1000.00007153], dtype=float64).
[020915.16]  01-27 03:28  CatalogMesh                  INFO     Slab 0 ~ 4194304 / 11360407.
[020916.48]  01-27 03:28  CatalogMesh                  INFO     Painted 4194304 out of 11360407 objects to mesh.
[020916.48]  01-27 03:28  CatalogMesh                  INFO     Slab 4194304 ~ 8388608 / 11360407.
[020917.76]  01-27 03:28  CatalogMesh                  INFO     Painted 8388608 out of 11360407 objects to mesh.
[020917.76]  01-27 03:28  CatalogMesh                  INFO     Slab 8388608 ~ 12582912 / 11360407.
[020918.81]  01-27 03:28  CatalogMesh                  INFO     Painted 11360407 out of 11360407 objects to mesh.
[020918.81]  01-27 03:28  CatalogMesh                  INFO     Running interlacing at order 3.
[020920.86]  01-27 03:28  CatalogMesh                  INFO     Slab 0 ~ 4194304 / 11360407.
[020922.08]  01-27 03:28  CatalogMesh                  INFO     Painted 4194304 out of 11360407 objects to mesh.
[020922.08]  01-27 03:28  CatalogMesh                  INFO     Slab 4194304 ~ 8388608 / 11360407.
[020923.31]  01-27 03:28  CatalogMesh                  INFO     Painted 8388608 out of 11360407 objects to mesh.
[020923.31]  01-27 03:28  CatalogMesh                  INFO     Slab 8388608 ~ 12582912 / 11360407.
[020924.32]  01-27 03:28  CatalogMesh                  INFO     Painted 11360407 out of 11360407 objects to mesh.
[020927.92]  01-27 03:28  CatalogMesh                  INFO     Slab 0 ~ 4194304 / 11360407.
[020929.14]  01-27 03:28  CatalogMesh                  INFO     Painted 4194304 out of 11360407 objects to mesh.
[020929.14]  01-27 03:28  CatalogMesh                  INFO     Slab 4194304 ~ 8388608 / 11360407.
[020930.36]  01-27 03:28  CatalogMesh                  INFO     Painted 8388608 out of 11360407 objects to mesh.
[020930.36]  01-27 03:28  CatalogMesh                  INFO     Slab 8388608 ~ 12582912 / 11360407.
[020931.37]  01-27 03:28  CatalogMesh                  INFO     Painted 11360407 out of 11360407 objects to mesh.
[020936.85]  01-27 03:28  CatalogFFTPower              INFO     Done painting catalog 1 to mesh.
[020936.85]  01-27 03:28  CatalogFFTPower              INFO     Using 400 k-bins between 0.000 and 0.400.
[020936.85]  01-27 03:28  CatalogFFTPower              INFO     Meshes prepared in elapsed time 21.92 s.
[020936.85]  01-27 03:28  CatalogFFTPower              INFO     Running mesh calculation.
[020953.82]  01-27 03:28  CatalogFFTPower              INFO     Mesh calculations performed in elapsed time 16.97 s.
[020953.82]  01-27 03:28  CatalogFFTPower              INFO     Power spectrum computed in elapsed time 38.89 s.
[020953.82]  01-27 03:28  CatalogFFTPower              INFO     Saving /pscratch/sd/s/shengyu/galaxies/catalogs/Y3/AbacusHF-v2/Boxes/QSO/sn1p850/AbacusSummit_base_c000_ph012/mpspk/pkpoles_QSO_zp1.850_DR2_v1.0+dv_verr_empirical.npy.
[020953.82]  01-27 03:28  compute_2pt                  INFO     Save to /pscratch/sd/s/shengyu/galaxies/catalogs/Y3/AbacusHF-v2/Boxes/QSO/sn1p850/AbacusSummit_base_c000_ph012/mpspk/pkpoles_QSO_zp1.850_DR2_v1.0+dv_verr_empirical.npy
[020953.82]  01-27 03:28  TwoPointCorrelationFunction  INFO     Using estimator <class 'pycorr.twopoint_estimator.NaturalTwoPointEstimator'>.
[020953.82]  01-27 03:28  TwoPointCorrelationFunction  INFO     Running auto-correlation.
[020953.82]  01-27 03:28  TwoPointCorrelationFunction  INFO     Computing two-point counts D1D2.
[020957.53]  01-27 03:28  TwoPointCorrelationFunction  INFO     Analytically computing two-point counts R1R2.
[020957.53]  01-27 03:28  TwoPointCorrelationFunction  INFO     Correlation function computed in elapsed time 3.71 s.
[020957.53]  01-27 03:28  NaturalTwoPointEstimator     INFO     Saving /pscratch/sd/s/shengyu/galaxies/catalogs/Y3/AbacusHF-v2/Boxes/QSO/sn1p850/AbacusSummit_base_c000_ph012/mpspk/mpslog_QSO_zp1.850_DR2_v1.0+dv_verr_empirical.npy.
[020957.54]  01-27 03:28  compute_2pt                  INFO     Save to /pscratch/sd/s/shengyu/galaxies/catalogs/Y3/AbacusHF-v2/Boxes/QSO/sn1p850/AbacusSummit_base_c000_ph012/mpspk/mpslog_QSO_zp1.850_DR2_v1.0+dv_verr_empirical.npy
[020957.54]  01-27 03:28  TwoPointCorrelationFunction  INFO     Using estimator <class 'pycorr.twopoint_estimator.NaturalTwoPointEstimator'>.
[020957.54]  01-27 03:28  TwoPointCorrelationFunction  INFO     Running auto-correlation.
[020957.54]  01-27 03:28  TwoPointCorrelationFunction  INFO     Computing two-point counts D1D2.
[020968.61]  01-27 03:29  TwoPointCorrelationFunction  INFO     Analytically computing two-point counts R1R2.
[020968.61]  01-27 03:29  TwoPointCorrelationFunction  INFO     Correlation function computed in elapsed time 11.07 s.
[020968.61]  01-27 03:29  NaturalTwoPointEstimator     INFO     Saving /pscratch/sd/s/shengyu/galaxies/catalogs/Y3/AbacusHF-v2/Boxes/QSO/sn1p850/AbacusSummit_base_c000_ph012/mpspk/wplog_QSO_zp1.850_DR2_v1.0+dv_verr_empirical.npy.
[020968.61]  01-27 03:29  compute_2pt                  INFO     Save to /pscratch/sd/s/shengyu/galaxies/catalogs/Y3/AbacusHF-v2/Boxes/QSO/sn1p850/AbacusSummit_base_c000_ph012/mpspk/wplog_QSO_zp1.850_DR2_v1.0+dv_verr_empirical.npy
[020968.61]  01-27 03:29  compute_2pt                  INFO     Procceed {'version': 'AbacusHF-v2', 'domain': 'cubic', 'tracer': 'QSO', 'zsnap': 1.85, 'zrange': (1.7, 2.1), 'mock_id': 13, 'use_dv': 'verr_empirical'}
[020968.61]  01-27 03:29  cat_tools                    INFO     Load /pscratch/sd/s/shengyu/galaxies/catalogs/Y3/AbacusHF-v2/Boxes/QSO/sn1p850/AbacusSummit_base_c000_ph013/abacus_HF_QSO_1p850_DR2_v2.0_AbacusSummit_base_c000_ph013_base_clustering.dat.h5
[020968.61]  01-27 03:29  FileStack                    INFO     Reading /pscratch/sd/s/shengyu/galaxies/catalogs/Y3/AbacusHF-v2/Boxes/QSO/sn1p850/AbacusSummit_base_c000_ph013/abacus_HF_QSO_1p850_DR2_v2.0_AbacusSummit_base_c000_ph013_base_clustering.dat.h5.
[020968.62]  01-27 03:29  cat_tools                    INFO     use Z positions shifted in verr_empirical mode
[020969.07]  01-27 03:29  TwoPointCorrelationFunction  INFO     Using estimator <class 'pycorr.twopoint_estimator.NaturalTwoPointEstimator'>.
[020969.07]  01-27 03:29  TwoPointCorrelationFunction  INFO     Running auto-correlation.
[020969.07]  01-27 03:29  TwoPointCorrelationFunction  INFO     Computing two-point counts D1D2.
[020985.57]  01-27 03:29  TwoPointCorrelationFunction  INFO     Analytically computing two-point counts R1R2.
[020985.57]  01-27 03:29  TwoPointCorrelationFunction  INFO     Correlation function computed in elapsed time 16.50 s.
[020985.57]  01-27 03:29  NaturalTwoPointEstimator     INFO     Saving /pscratch/sd/s/shengyu/galaxies/catalogs/Y3/AbacusHF-v2/Boxes/QSO/sn1p850/AbacusSummit_base_c000_ph013/mpspk/xipoles_QSO_zp1.850_DR2_v1.0+dv_verr_empirical.npy.
[020985.58]  01-27 03:29  compute_2pt                  INFO     Save to /pscratch/sd/s/shengyu/galaxies/catalogs/Y3/AbacusHF-v2/Boxes/QSO/sn1p850/AbacusSummit_base_c000_ph013/mpspk/xipoles_QSO_zp1.850_DR2_v1.0+dv_verr_empirical.npy
[020987.11]  01-27 03:29  CatalogFFTPower              INFO     Painting catalog 1 to mesh CatalogMesh(nmesh=[512 512 512], boxsize=[2000. 2000. 2000.], boxcenter=[1000.00014672 1000.0000554   999.99972069], dtype=float64).
[020987.34]  01-27 03:29  CatalogMesh                  INFO     Slab 0 ~ 4194304 / 11336475.
[020988.57]  01-27 03:29  CatalogMesh                  INFO     Painted 4194304 out of 11336475 objects to mesh.
[020988.57]  01-27 03:29  CatalogMesh                  INFO     Slab 4194304 ~ 8388608 / 11336475.
[020989.80]  01-27 03:29  CatalogMesh                  INFO     Painted 8388608 out of 11336475 objects to mesh.
[020989.80]  01-27 03:29  CatalogMesh                  INFO     Slab 8388608 ~ 12582912 / 11336475.
[020990.80]  01-27 03:29  CatalogMesh                  INFO     Painted 11336475 out of 11336475 objects to mesh.
[020990.80]  01-27 03:29  CatalogMesh                  INFO     Running interlacing at order 3.
[020992.87]  01-27 03:29  CatalogMesh                  INFO     Slab 0 ~ 4194304 / 11336475.
[020994.17]  01-27 03:29  CatalogMesh                  INFO     Painted 4194304 out of 11336475 objects to mesh.
[020994.17]  01-27 03:29  CatalogMesh                  INFO     Slab 4194304 ~ 8388608 / 11336475.
[020995.44]  01-27 03:29  CatalogMesh                  INFO     Painted 8388608 out of 11336475 objects to mesh.
[020995.44]  01-27 03:29  CatalogMesh                  INFO     Slab 8388608 ~ 12582912 / 11336475.
[020996.49]  01-27 03:29  CatalogMesh                  INFO     Painted 11336475 out of 11336475 objects to mesh.
[021000.09]  01-27 03:29  CatalogMesh                  INFO     Slab 0 ~ 4194304 / 11336475.
[021001.37]  01-27 03:29  CatalogMesh                  INFO     Painted 4194304 out of 11336475 objects to mesh.
[021001.38]  01-27 03:29  CatalogMesh                  INFO     Slab 4194304 ~ 8388608 / 11336475.
[021002.68]  01-27 03:29  CatalogMesh                  INFO     Painted 8388608 out of 11336475 objects to mesh.
[021002.68]  01-27 03:29  CatalogMesh                  INFO     Slab 8388608 ~ 12582912 / 11336475.
[021003.71]  01-27 03:29  CatalogMesh                  INFO     Painted 11336475 out of 11336475 objects to mesh.
[021009.18]  01-27 03:29  CatalogFFTPower              INFO     Done painting catalog 1 to mesh.
[021009.18]  01-27 03:29  CatalogFFTPower              INFO     Using 400 k-bins between 0.000 and 0.400.
[021009.18]  01-27 03:29  CatalogFFTPower              INFO     Meshes prepared in elapsed time 22.08 s.
[021009.18]  01-27 03:29  CatalogFFTPower              INFO     Running mesh calculation.
[021026.12]  01-27 03:29  CatalogFFTPower              INFO     Mesh calculations performed in elapsed time 16.94 s.
[021026.12]  01-27 03:29  CatalogFFTPower              INFO     Power spectrum computed in elapsed time 39.01 s.
[021026.12]  01-27 03:29  CatalogFFTPower              INFO     Saving /pscratch/sd/s/shengyu/galaxies/catalogs/Y3/AbacusHF-v2/Boxes/QSO/sn1p850/AbacusSummit_base_c000_ph013/mpspk/pkpoles_QSO_zp1.850_DR2_v1.0+dv_verr_empirical.npy.
[021026.12]  01-27 03:29  compute_2pt                  INFO     Save to /pscratch/sd/s/shengyu/galaxies/catalogs/Y3/AbacusHF-v2/Boxes/QSO/sn1p850/AbacusSummit_base_c000_ph013/mpspk/pkpoles_QSO_zp1.850_DR2_v1.0+dv_verr_empirical.npy
[021026.12]  01-27 03:29  TwoPointCorrelationFunction  INFO     Using estimator <class 'pycorr.twopoint_estimator.NaturalTwoPointEstimator'>.
[021026.12]  01-27 03:29  TwoPointCorrelationFunction  INFO     Running auto-correlation.
[021026.12]  01-27 03:29  TwoPointCorrelationFunction  INFO     Computing two-point counts D1D2.
[021029.60]  01-27 03:30  TwoPointCorrelationFunction  INFO     Analytically computing two-point counts R1R2.
[021029.60]  01-27 03:30  TwoPointCorrelationFunction  INFO     Correlation function computed in elapsed time 3.47 s.
[021029.60]  01-27 03:30  NaturalTwoPointEstimator     INFO     Saving /pscratch/sd/s/shengyu/galaxies/catalogs/Y3/AbacusHF-v2/Boxes/QSO/sn1p850/AbacusSummit_base_c000_ph013/mpspk/mpslog_QSO_zp1.850_DR2_v1.0+dv_verr_empirical.npy.
[021029.60]  01-27 03:30  compute_2pt                  INFO     Save to /pscratch/sd/s/shengyu/galaxies/catalogs/Y3/AbacusHF-v2/Boxes/QSO/sn1p850/AbacusSummit_base_c000_ph013/mpspk/mpslog_QSO_zp1.850_DR2_v1.0+dv_verr_empirical.npy
[021029.60]  01-27 03:30  TwoPointCorrelationFunction  INFO     Using estimator <class 'pycorr.twopoint_estimator.NaturalTwoPointEstimator'>.
[021029.60]  01-27 03:30  TwoPointCorrelationFunction  INFO     Running auto-correlation.
[021029.60]  01-27 03:30  TwoPointCorrelationFunction  INFO     Computing two-point counts D1D2.
[021041.14]  01-27 03:30  TwoPointCorrelationFunction  INFO     Analytically computing two-point counts R1R2.
[021041.14]  01-27 03:30  TwoPointCorrelationFunction  INFO     Correlation function computed in elapsed time 11.54 s.
[021041.15]  01-27 03:30  NaturalTwoPointEstimator     INFO     Saving /pscratch/sd/s/shengyu/galaxies/catalogs/Y3/AbacusHF-v2/Boxes/QSO/sn1p850/AbacusSummit_base_c000_ph013/mpspk/wplog_QSO_zp1.850_DR2_v1.0+dv_verr_empirical.npy.
[021041.15]  01-27 03:30  compute_2pt                  INFO     Save to /pscratch/sd/s/shengyu/galaxies/catalogs/Y3/AbacusHF-v2/Boxes/QSO/sn1p850/AbacusSummit_base_c000_ph013/mpspk/wplog_QSO_zp1.850_DR2_v1.0+dv_verr_empirical.npy
[021041.15]  01-27 03:30  compute_2pt                  INFO     Procceed {'version': 'AbacusHF-v2', 'domain': 'cubic', 'tracer': 'QSO', 'zsnap': 1.85, 'zrange': (1.7, 2.1), 'mock_id': 14, 'use_dv': 'verr_empirical'}
[021041.15]  01-27 03:30  cat_tools                    INFO     Load /pscratch/sd/s/shengyu/galaxies/catalogs/Y3/AbacusHF-v2/Boxes/QSO/sn1p850/AbacusSummit_base_c000_ph014/abacus_HF_QSO_1p850_DR2_v2.0_AbacusSummit_base_c000_ph014_base_clustering.dat.h5
[021041.15]  01-27 03:30  FileStack                    INFO     Reading /pscratch/sd/s/shengyu/galaxies/catalogs/Y3/AbacusHF-v2/Boxes/QSO/sn1p850/AbacusSummit_base_c000_ph014/abacus_HF_QSO_1p850_DR2_v2.0_AbacusSummit_base_c000_ph014_base_clustering.dat.h5.
[021041.16]  01-27 03:30  cat_tools                    INFO     use Z positions shifted in verr_empirical mode
[021041.61]  01-27 03:30  TwoPointCorrelationFunction  INFO     Using estimator <class 'pycorr.twopoint_estimator.NaturalTwoPointEstimator'>.
[021041.61]  01-27 03:30  TwoPointCorrelationFunction  INFO     Running auto-correlation.
[021041.61]  01-27 03:30  TwoPointCorrelationFunction  INFO     Computing two-point counts D1D2.
[021058.52]  01-27 03:30  TwoPointCorrelationFunction  INFO     Analytically computing two-point counts R1R2.
[021058.53]  01-27 03:30  TwoPointCorrelationFunction  INFO     Correlation function computed in elapsed time 16.92 s.
[021058.53]  01-27 03:30  NaturalTwoPointEstimator     INFO     Saving /pscratch/sd/s/shengyu/galaxies/catalogs/Y3/AbacusHF-v2/Boxes/QSO/sn1p850/AbacusSummit_base_c000_ph014/mpspk/xipoles_QSO_zp1.850_DR2_v1.0+dv_verr_empirical.npy.
[021058.53]  01-27 03:30  compute_2pt                  INFO     Save to /pscratch/sd/s/shengyu/galaxies/catalogs/Y3/AbacusHF-v2/Boxes/QSO/sn1p850/AbacusSummit_base_c000_ph014/mpspk/xipoles_QSO_zp1.850_DR2_v1.0+dv_verr_empirical.npy
[021060.06]  01-27 03:30  CatalogFFTPower              INFO     Painting catalog 1 to mesh CatalogMesh(nmesh=[512 512 512], boxsize=[2000. 2000. 2000.], boxcenter=[ 999.99993793 1000.00011192  999.99999492], dtype=float64).
[021060.29]  01-27 03:30  CatalogMesh                  INFO     Slab 0 ~ 4194304 / 11351332.
[021061.57]  01-27 03:30  CatalogMesh                  INFO     Painted 4194304 out of 11351332 objects to mesh.
[021061.57]  01-27 03:30  CatalogMesh                  INFO     Slab 4194304 ~ 8388608 / 11351332.
[021062.87]  01-27 03:30  CatalogMesh                  INFO     Painted 8388608 out of 11351332 objects to mesh.
[021062.87]  01-27 03:30  CatalogMesh                  INFO     Slab 8388608 ~ 12582912 / 11351332.
[021063.93]  01-27 03:30  CatalogMesh                  INFO     Painted 11351332 out of 11351332 objects to mesh.
[021063.93]  01-27 03:30  CatalogMesh                  INFO     Running interlacing at order 3.
[021065.99]  01-27 03:30  CatalogMesh                  INFO     Slab 0 ~ 4194304 / 11351332.
[021067.25]  01-27 03:30  CatalogMesh                  INFO     Painted 4194304 out of 11351332 objects to mesh.
[021067.25]  01-27 03:30  CatalogMesh                  INFO     Slab 4194304 ~ 8388608 / 11351332.
[021068.55]  01-27 03:30  CatalogMesh                  INFO     Painted 8388608 out of 11351332 objects to mesh.
[021068.55]  01-27 03:30  CatalogMesh                  INFO     Slab 8388608 ~ 12582912 / 11351332.
[021069.61]  01-27 03:30  CatalogMesh                  INFO     Painted 11351332 out of 11351332 objects to mesh.
[021073.21]  01-27 03:30  CatalogMesh                  INFO     Slab 0 ~ 4194304 / 11351332.
[021074.49]  01-27 03:30  CatalogMesh                  INFO     Painted 4194304 out of 11351332 objects to mesh.
[021074.49]  01-27 03:30  CatalogMesh                  INFO     Slab 4194304 ~ 8388608 / 11351332.
[021075.78]  01-27 03:30  CatalogMesh                  INFO     Painted 8388608 out of 11351332 objects to mesh.
[021075.79]  01-27 03:30  CatalogMesh                  INFO     Slab 8388608 ~ 12582912 / 11351332.
[021076.85]  01-27 03:30  CatalogMesh                  INFO     Painted 11351332 out of 11351332 objects to mesh.
[021082.32]  01-27 03:30  CatalogFFTPower              INFO     Done painting catalog 1 to mesh.
[021082.33]  01-27 03:30  CatalogFFTPower              INFO     Using 400 k-bins between 0.000 and 0.400.
[021082.33]  01-27 03:30  CatalogFFTPower              INFO     Meshes prepared in elapsed time 22.27 s.
[021082.33]  01-27 03:30  CatalogFFTPower              INFO     Running mesh calculation.
[021099.27]  01-27 03:31  CatalogFFTPower              INFO     Mesh calculations performed in elapsed time 16.94 s.
[021099.27]  01-27 03:31  CatalogFFTPower              INFO     Power spectrum computed in elapsed time 39.21 s.
[021099.27]  01-27 03:31  CatalogFFTPower              INFO     Saving /pscratch/sd/s/shengyu/galaxies/catalogs/Y3/AbacusHF-v2/Boxes/QSO/sn1p850/AbacusSummit_base_c000_ph014/mpspk/pkpoles_QSO_zp1.850_DR2_v1.0+dv_verr_empirical.npy.
[021099.27]  01-27 03:31  compute_2pt                  INFO     Save to /pscratch/sd/s/shengyu/galaxies/catalogs/Y3/AbacusHF-v2/Boxes/QSO/sn1p850/AbacusSummit_base_c000_ph014/mpspk/pkpoles_QSO_zp1.850_DR2_v1.0+dv_verr_empirical.npy
[021099.27]  01-27 03:31  TwoPointCorrelationFunction  INFO     Using estimator <class 'pycorr.twopoint_estimator.NaturalTwoPointEstimator'>.
[021099.27]  01-27 03:31  TwoPointCorrelationFunction  INFO     Running auto-correlation.
[021099.27]  01-27 03:31  TwoPointCorrelationFunction  INFO     Computing two-point counts D1D2.
[021103.13]  01-27 03:31  TwoPointCorrelationFunction  INFO     Analytically computing two-point counts R1R2.
[021103.13]  01-27 03:31  TwoPointCorrelationFunction  INFO     Correlation function computed in elapsed time 3.86 s.
[021103.13]  01-27 03:31  NaturalTwoPointEstimator     INFO     Saving /pscratch/sd/s/shengyu/galaxies/catalogs/Y3/AbacusHF-v2/Boxes/QSO/sn1p850/AbacusSummit_base_c000_ph014/mpspk/mpslog_QSO_zp1.850_DR2_v1.0+dv_verr_empirical.npy.
[021103.14]  01-27 03:31  compute_2pt                  INFO     Save to /pscratch/sd/s/shengyu/galaxies/catalogs/Y3/AbacusHF-v2/Boxes/QSO/sn1p850/AbacusSummit_base_c000_ph014/mpspk/mpslog_QSO_zp1.850_DR2_v1.0+dv_verr_empirical.npy
[021103.14]  01-27 03:31  TwoPointCorrelationFunction  INFO     Using estimator <class 'pycorr.twopoint_estimator.NaturalTwoPointEstimator'>.
[021103.14]  01-27 03:31  TwoPointCorrelationFunction  INFO     Running auto-correlation.
[021103.14]  01-27 03:31  TwoPointCorrelationFunction  INFO     Computing two-point counts D1D2.
[021114.16]  01-27 03:31  TwoPointCorrelationFunction  INFO     Analytically computing two-point counts R1R2.
[021114.16]  01-27 03:31  TwoPointCorrelationFunction  INFO     Correlation function computed in elapsed time 11.03 s.
[021114.16]  01-27 03:31  NaturalTwoPointEstimator     INFO     Saving /pscratch/sd/s/shengyu/galaxies/catalogs/Y3/AbacusHF-v2/Boxes/QSO/sn1p850/AbacusSummit_base_c000_ph014/mpspk/wplog_QSO_zp1.850_DR2_v1.0+dv_verr_empirical.npy.
[021114.17]  01-27 03:31  compute_2pt                  INFO     Save to /pscratch/sd/s/shengyu/galaxies/catalogs/Y3/AbacusHF-v2/Boxes/QSO/sn1p850/AbacusSummit_base_c000_ph014/mpspk/wplog_QSO_zp1.850_DR2_v1.0+dv_verr_empirical.npy
[021114.17]  01-27 03:31  compute_2pt                  INFO     Procceed {'version': 'AbacusHF-v2', 'domain': 'cubic', 'tracer': 'QSO', 'zsnap': 1.85, 'zrange': (1.7, 2.1), 'mock_id': 15, 'use_dv': 'verr_empirical'}
[021114.17]  01-27 03:31  cat_tools                    INFO     Load /pscratch/sd/s/shengyu/galaxies/catalogs/Y3/AbacusHF-v2/Boxes/QSO/sn1p850/AbacusSummit_base_c000_ph015/abacus_HF_QSO_1p850_DR2_v2.0_AbacusSummit_base_c000_ph015_base_clustering.dat.h5
[021114.17]  01-27 03:31  FileStack                    INFO     Reading /pscratch/sd/s/shengyu/galaxies/catalogs/Y3/AbacusHF-v2/Boxes/QSO/sn1p850/AbacusSummit_base_c000_ph015/abacus_HF_QSO_1p850_DR2_v2.0_AbacusSummit_base_c000_ph015_base_clustering.dat.h5.
[021114.17]  01-27 03:31  cat_tools                    INFO     use Z positions shifted in verr_empirical mode
[021114.65]  01-27 03:31  TwoPointCorrelationFunction  INFO     Using estimator <class 'pycorr.twopoint_estimator.NaturalTwoPointEstimator'>.
[021114.65]  01-27 03:31  TwoPointCorrelationFunction  INFO     Running auto-correlation.
[021114.65]  01-27 03:31  TwoPointCorrelationFunction  INFO     Computing two-point counts D1D2.
[021131.29]  01-27 03:31  TwoPointCorrelationFunction  INFO     Analytically computing two-point counts R1R2.
[021131.29]  01-27 03:31  TwoPointCorrelationFunction  INFO     Correlation function computed in elapsed time 16.64 s.
[021131.29]  01-27 03:31  NaturalTwoPointEstimator     INFO     Saving /pscratch/sd/s/shengyu/galaxies/catalogs/Y3/AbacusHF-v2/Boxes/QSO/sn1p850/AbacusSummit_base_c000_ph015/mpspk/xipoles_QSO_zp1.850_DR2_v1.0+dv_verr_empirical.npy.
[021131.30]  01-27 03:31  compute_2pt                  INFO     Save to /pscratch/sd/s/shengyu/galaxies/catalogs/Y3/AbacusHF-v2/Boxes/QSO/sn1p850/AbacusSummit_base_c000_ph015/mpspk/xipoles_QSO_zp1.850_DR2_v1.0+dv_verr_empirical.npy
[021132.83]  01-27 03:31  CatalogFFTPower              INFO     Painting catalog 1 to mesh CatalogMesh(nmesh=[512 512 512], boxsize=[2000. 2000. 2000.], boxcenter=[999.99999679 999.99999475 999.99996942], dtype=float64).
[021133.06]  01-27 03:31  CatalogMesh                  INFO     Slab 0 ~ 4194304 / 11362422.
[021134.29]  01-27 03:31  CatalogMesh                  INFO     Painted 4194304 out of 11362422 objects to mesh.
[021134.29]  01-27 03:31  CatalogMesh                  INFO     Slab 4194304 ~ 8388608 / 11362422.
[021135.51]  01-27 03:31  CatalogMesh                  INFO     Painted 8388608 out of 11362422 objects to mesh.
[021135.51]  01-27 03:31  CatalogMesh                  INFO     Slab 8388608 ~ 12582912 / 11362422.
[021136.51]  01-27 03:31  CatalogMesh                  INFO     Painted 11362422 out of 11362422 objects to mesh.
[021136.51]  01-27 03:31  CatalogMesh                  INFO     Running interlacing at order 3.
[021138.58]  01-27 03:31  CatalogMesh                  INFO     Slab 0 ~ 4194304 / 11362422.
[021139.79]  01-27 03:31  CatalogMesh                  INFO     Painted 4194304 out of 11362422 objects to mesh.
[021139.80]  01-27 03:31  CatalogMesh                  INFO     Slab 4194304 ~ 8388608 / 11362422.
[021141.02]  01-27 03:31  CatalogMesh                  INFO     Painted 8388608 out of 11362422 objects to mesh.
[021141.02]  01-27 03:31  CatalogMesh                  INFO     Slab 8388608 ~ 12582912 / 11362422.
[021142.02]  01-27 03:31  CatalogMesh                  INFO     Painted 11362422 out of 11362422 objects to mesh.
[021145.61]  01-27 03:31  CatalogMesh                  INFO     Slab 0 ~ 4194304 / 11362422.
[021146.82]  01-27 03:32  CatalogMesh                  INFO     Painted 4194304 out of 11362422 objects to mesh.
[021146.82]  01-27 03:32  CatalogMesh                  INFO     Slab 4194304 ~ 8388608 / 11362422.
[021148.03]  01-27 03:32  CatalogMesh                  INFO     Painted 8388608 out of 11362422 objects to mesh.
[021148.04]  01-27 03:32  CatalogMesh                  INFO     Slab 8388608 ~ 12582912 / 11362422.
[021149.04]  01-27 03:32  CatalogMesh                  INFO     Painted 11362422 out of 11362422 objects to mesh.
[021154.51]  01-27 03:32  CatalogFFTPower              INFO     Done painting catalog 1 to mesh.
[021154.51]  01-27 03:32  CatalogFFTPower              INFO     Using 400 k-bins between 0.000 and 0.400.
[021154.51]  01-27 03:32  CatalogFFTPower              INFO     Meshes prepared in elapsed time 21.68 s.
[021154.51]  01-27 03:32  CatalogFFTPower              INFO     Running mesh calculation.
[021171.43]  01-27 03:32  CatalogFFTPower              INFO     Mesh calculations performed in elapsed time 16.92 s.
[021171.43]  01-27 03:32  CatalogFFTPower              INFO     Power spectrum computed in elapsed time 38.60 s.
[021171.43]  01-27 03:32  CatalogFFTPower              INFO     Saving /pscratch/sd/s/shengyu/galaxies/catalogs/Y3/AbacusHF-v2/Boxes/QSO/sn1p850/AbacusSummit_base_c000_ph015/mpspk/pkpoles_QSO_zp1.850_DR2_v1.0+dv_verr_empirical.npy.
[021171.43]  01-27 03:32  compute_2pt                  INFO     Save to /pscratch/sd/s/shengyu/galaxies/catalogs/Y3/AbacusHF-v2/Boxes/QSO/sn1p850/AbacusSummit_base_c000_ph015/mpspk/pkpoles_QSO_zp1.850_DR2_v1.0+dv_verr_empirical.npy
[021171.43]  01-27 03:32  TwoPointCorrelationFunction  INFO     Using estimator <class 'pycorr.twopoint_estimator.NaturalTwoPointEstimator'>.
[021171.43]  01-27 03:32  TwoPointCorrelationFunction  INFO     Running auto-correlation.
[021171.43]  01-27 03:32  TwoPointCorrelationFunction  INFO     Computing two-point counts D1D2.
[021174.90]  01-27 03:32  TwoPointCorrelationFunction  INFO     Analytically computing two-point counts R1R2.
[021174.90]  01-27 03:32  TwoPointCorrelationFunction  INFO     Correlation function computed in elapsed time 3.47 s.
[021174.90]  01-27 03:32  NaturalTwoPointEstimator     INFO     Saving /pscratch/sd/s/shengyu/galaxies/catalogs/Y3/AbacusHF-v2/Boxes/QSO/sn1p850/AbacusSummit_base_c000_ph015/mpspk/mpslog_QSO_zp1.850_DR2_v1.0+dv_verr_empirical.npy.
[021174.91]  01-27 03:32  compute_2pt                  INFO     Save to /pscratch/sd/s/shengyu/galaxies/catalogs/Y3/AbacusHF-v2/Boxes/QSO/sn1p850/AbacusSummit_base_c000_ph015/mpspk/mpslog_QSO_zp1.850_DR2_v1.0+dv_verr_empirical.npy
[021174.91]  01-27 03:32  TwoPointCorrelationFunction  INFO     Using estimator <class 'pycorr.twopoint_estimator.NaturalTwoPointEstimator'>.
[021174.91]  01-27 03:32  TwoPointCorrelationFunction  INFO     Running auto-correlation.
[021174.91]  01-27 03:32  TwoPointCorrelationFunction  INFO     Computing two-point counts D1D2.
[021185.91]  01-27 03:32  TwoPointCorrelationFunction  INFO     Analytically computing two-point counts R1R2.
[021185.91]  01-27 03:32  TwoPointCorrelationFunction  INFO     Correlation function computed in elapsed time 11.00 s.
[021185.91]  01-27 03:32  NaturalTwoPointEstimator     INFO     Saving /pscratch/sd/s/shengyu/galaxies/catalogs/Y3/AbacusHF-v2/Boxes/QSO/sn1p850/AbacusSummit_base_c000_ph015/mpspk/wplog_QSO_zp1.850_DR2_v1.0+dv_verr_empirical.npy.
[021185.92]  01-27 03:32  compute_2pt                  INFO     Save to /pscratch/sd/s/shengyu/galaxies/catalogs/Y3/AbacusHF-v2/Boxes/QSO/sn1p850/AbacusSummit_base_c000_ph015/mpspk/wplog_QSO_zp1.850_DR2_v1.0+dv_verr_empirical.npy
[021185.92]  01-27 03:32  compute_2pt                  INFO     Procceed {'version': 'AbacusHF-v2', 'domain': 'cubic', 'tracer': 'QSO', 'zsnap': 1.85, 'zrange': (1.7, 2.1), 'mock_id': 16, 'use_dv': 'verr_empirical'}
[021185.92]  01-27 03:32  cat_tools                    INFO     Load /pscratch/sd/s/shengyu/galaxies/catalogs/Y3/AbacusHF-v2/Boxes/QSO/sn1p850/AbacusSummit_base_c000_ph016/abacus_HF_QSO_1p850_DR2_v2.0_AbacusSummit_base_c000_ph016_base_clustering.dat.h5
[021185.92]  01-27 03:32  FileStack                    INFO     Reading /pscratch/sd/s/shengyu/galaxies/catalogs/Y3/AbacusHF-v2/Boxes/QSO/sn1p850/AbacusSummit_base_c000_ph016/abacus_HF_QSO_1p850_DR2_v2.0_AbacusSummit_base_c000_ph016_base_clustering.dat.h5.
[021185.92]  01-27 03:32  cat_tools                    INFO     use Z positions shifted in verr_empirical mode
[021186.37]  01-27 03:32  TwoPointCorrelationFunction  INFO     Using estimator <class 'pycorr.twopoint_estimator.NaturalTwoPointEstimator'>.
[021186.37]  01-27 03:32  TwoPointCorrelationFunction  INFO     Running auto-correlation.
[021186.37]  01-27 03:32  TwoPointCorrelationFunction  INFO     Computing two-point counts D1D2.
[021202.78]  01-27 03:32  TwoPointCorrelationFunction  INFO     Analytically computing two-point counts R1R2.
[021202.78]  01-27 03:32  TwoPointCorrelationFunction  INFO     Correlation function computed in elapsed time 16.41 s.
[021202.78]  01-27 03:32  NaturalTwoPointEstimator     INFO     Saving /pscratch/sd/s/shengyu/galaxies/catalogs/Y3/AbacusHF-v2/Boxes/QSO/sn1p850/AbacusSummit_base_c000_ph016/mpspk/xipoles_QSO_zp1.850_DR2_v1.0+dv_verr_empirical.npy.
[021202.79]  01-27 03:32  compute_2pt                  INFO     Save to /pscratch/sd/s/shengyu/galaxies/catalogs/Y3/AbacusHF-v2/Boxes/QSO/sn1p850/AbacusSummit_base_c000_ph016/mpspk/xipoles_QSO_zp1.850_DR2_v1.0+dv_verr_empirical.npy
[021204.33]  01-27 03:32  CatalogFFTPower              INFO     Painting catalog 1 to mesh CatalogMesh(nmesh=[512 512 512], boxsize=[2000. 2000. 2000.], boxcenter=[ 999.99986189  999.99999967 1000.00004332], dtype=float64).
[021204.56]  01-27 03:32  CatalogMesh                  INFO     Slab 0 ~ 4194304 / 11383744.
[021205.78]  01-27 03:32  CatalogMesh                  INFO     Painted 4194304 out of 11383744 objects to mesh.
[021205.78]  01-27 03:32  CatalogMesh                  INFO     Slab 4194304 ~ 8388608 / 11383744.
[021207.00]  01-27 03:33  CatalogMesh                  INFO     Painted 8388608 out of 11383744 objects to mesh.
[021207.00]  01-27 03:33  CatalogMesh                  INFO     Slab 8388608 ~ 12582912 / 11383744.
[021208.01]  01-27 03:33  CatalogMesh                  INFO     Painted 11383744 out of 11383744 objects to mesh.
[021208.01]  01-27 03:33  CatalogMesh                  INFO     Running interlacing at order 3.
[021210.07]  01-27 03:33  CatalogMesh                  INFO     Slab 0 ~ 4194304 / 11383744.
[021211.29]  01-27 03:33  CatalogMesh                  INFO     Painted 4194304 out of 11383744 objects to mesh.
[021211.29]  01-27 03:33  CatalogMesh                  INFO     Slab 4194304 ~ 8388608 / 11383744.
[021212.52]  01-27 03:33  CatalogMesh                  INFO     Painted 8388608 out of 11383744 objects to mesh.
[021212.52]  01-27 03:33  CatalogMesh                  INFO     Slab 8388608 ~ 12582912 / 11383744.
[021213.53]  01-27 03:33  CatalogMesh                  INFO     Painted 11383744 out of 11383744 objects to mesh.
[021217.14]  01-27 03:33  CatalogMesh                  INFO     Slab 0 ~ 4194304 / 11383744.
[021218.35]  01-27 03:33  CatalogMesh                  INFO     Painted 4194304 out of 11383744 objects to mesh.
[021218.35]  01-27 03:33  CatalogMesh                  INFO     Slab 4194304 ~ 8388608 / 11383744.
[021219.57]  01-27 03:33  CatalogMesh                  INFO     Painted 8388608 out of 11383744 objects to mesh.
[021219.57]  01-27 03:33  CatalogMesh                  INFO     Slab 8388608 ~ 12582912 / 11383744.
[021220.58]  01-27 03:33  CatalogMesh                  INFO     Painted 11383744 out of 11383744 objects to mesh.
[021226.07]  01-27 03:33  CatalogFFTPower              INFO     Done painting catalog 1 to mesh.
[021226.07]  01-27 03:33  CatalogFFTPower              INFO     Using 400 k-bins between 0.000 and 0.400.
[021226.07]  01-27 03:33  CatalogFFTPower              INFO     Meshes prepared in elapsed time 21.74 s.
[021226.07]  01-27 03:33  CatalogFFTPower              INFO     Running mesh calculation.
[021242.99]  01-27 03:33  CatalogFFTPower              INFO     Mesh calculations performed in elapsed time 16.92 s.
[021242.99]  01-27 03:33  CatalogFFTPower              INFO     Power spectrum computed in elapsed time 38.66 s.
[021242.99]  01-27 03:33  CatalogFFTPower              INFO     Saving /pscratch/sd/s/shengyu/galaxies/catalogs/Y3/AbacusHF-v2/Boxes/QSO/sn1p850/AbacusSummit_base_c000_ph016/mpspk/pkpoles_QSO_zp1.850_DR2_v1.0+dv_verr_empirical.npy.
[021242.99]  01-27 03:33  compute_2pt                  INFO     Save to /pscratch/sd/s/shengyu/galaxies/catalogs/Y3/AbacusHF-v2/Boxes/QSO/sn1p850/AbacusSummit_base_c000_ph016/mpspk/pkpoles_QSO_zp1.850_DR2_v1.0+dv_verr_empirical.npy
[021242.99]  01-27 03:33  TwoPointCorrelationFunction  INFO     Using estimator <class 'pycorr.twopoint_estimator.NaturalTwoPointEstimator'>.
[021242.99]  01-27 03:33  TwoPointCorrelationFunction  INFO     Running auto-correlation.
[021242.99]  01-27 03:33  TwoPointCorrelationFunction  INFO     Computing two-point counts D1D2.
[021246.70]  01-27 03:33  TwoPointCorrelationFunction  INFO     Analytically computing two-point counts R1R2.
[021246.70]  01-27 03:33  TwoPointCorrelationFunction  INFO     Correlation function computed in elapsed time 3.71 s.
[021246.70]  01-27 03:33  NaturalTwoPointEstimator     INFO     Saving /pscratch/sd/s/shengyu/galaxies/catalogs/Y3/AbacusHF-v2/Boxes/QSO/sn1p850/AbacusSummit_base_c000_ph016/mpspk/mpslog_QSO_zp1.850_DR2_v1.0+dv_verr_empirical.npy.
[021246.70]  01-27 03:33  compute_2pt                  INFO     Save to /pscratch/sd/s/shengyu/galaxies/catalogs/Y3/AbacusHF-v2/Boxes/QSO/sn1p850/AbacusSummit_base_c000_ph016/mpspk/mpslog_QSO_zp1.850_DR2_v1.0+dv_verr_empirical.npy
[021246.70]  01-27 03:33  TwoPointCorrelationFunction  INFO     Using estimator <class 'pycorr.twopoint_estimator.NaturalTwoPointEstimator'>.
[021246.71]  01-27 03:33  TwoPointCorrelationFunction  INFO     Running auto-correlation.
[021246.71]  01-27 03:33  TwoPointCorrelationFunction  INFO     Computing two-point counts D1D2.
[021257.76]  01-27 03:33  TwoPointCorrelationFunction  INFO     Analytically computing two-point counts R1R2.
[021257.76]  01-27 03:33  TwoPointCorrelationFunction  INFO     Correlation function computed in elapsed time 11.05 s.
[021257.76]  01-27 03:33  NaturalTwoPointEstimator     INFO     Saving /pscratch/sd/s/shengyu/galaxies/catalogs/Y3/AbacusHF-v2/Boxes/QSO/sn1p850/AbacusSummit_base_c000_ph016/mpspk/wplog_QSO_zp1.850_DR2_v1.0+dv_verr_empirical.npy.
[021257.76]  01-27 03:33  compute_2pt                  INFO     Save to /pscratch/sd/s/shengyu/galaxies/catalogs/Y3/AbacusHF-v2/Boxes/QSO/sn1p850/AbacusSummit_base_c000_ph016/mpspk/wplog_QSO_zp1.850_DR2_v1.0+dv_verr_empirical.npy
[021257.76]  01-27 03:33  compute_2pt                  INFO     Procceed {'version': 'AbacusHF-v2', 'domain': 'cubic', 'tracer': 'QSO', 'zsnap': 1.85, 'zrange': (1.7, 2.1), 'mock_id': 17, 'use_dv': 'verr_empirical'}
[021257.76]  01-27 03:33  cat_tools                    INFO     Load /pscratch/sd/s/shengyu/galaxies/catalogs/Y3/AbacusHF-v2/Boxes/QSO/sn1p850/AbacusSummit_base_c000_ph017/abacus_HF_QSO_1p850_DR2_v2.0_AbacusSummit_base_c000_ph017_base_clustering.dat.h5
[021257.76]  01-27 03:33  FileStack                    INFO     Reading /pscratch/sd/s/shengyu/galaxies/catalogs/Y3/AbacusHF-v2/Boxes/QSO/sn1p850/AbacusSummit_base_c000_ph017/abacus_HF_QSO_1p850_DR2_v2.0_AbacusSummit_base_c000_ph017_base_clustering.dat.h5.
[021257.77]  01-27 03:33  cat_tools                    INFO     use Z positions shifted in verr_empirical mode
[021258.22]  01-27 03:33  TwoPointCorrelationFunction  INFO     Using estimator <class 'pycorr.twopoint_estimator.NaturalTwoPointEstimator'>.
[021258.22]  01-27 03:33  TwoPointCorrelationFunction  INFO     Running auto-correlation.
[021258.22]  01-27 03:33  TwoPointCorrelationFunction  INFO     Computing two-point counts D1D2.
[021274.73]  01-27 03:34  TwoPointCorrelationFunction  INFO     Analytically computing two-point counts R1R2.
[021274.73]  01-27 03:34  TwoPointCorrelationFunction  INFO     Correlation function computed in elapsed time 16.51 s.
[021274.73]  01-27 03:34  NaturalTwoPointEstimator     INFO     Saving /pscratch/sd/s/shengyu/galaxies/catalogs/Y3/AbacusHF-v2/Boxes/QSO/sn1p850/AbacusSummit_base_c000_ph017/mpspk/xipoles_QSO_zp1.850_DR2_v1.0+dv_verr_empirical.npy.
[021274.74]  01-27 03:34  compute_2pt                  INFO     Save to /pscratch/sd/s/shengyu/galaxies/catalogs/Y3/AbacusHF-v2/Boxes/QSO/sn1p850/AbacusSummit_base_c000_ph017/mpspk/xipoles_QSO_zp1.850_DR2_v1.0+dv_verr_empirical.npy
[021276.26]  01-27 03:34  CatalogFFTPower              INFO     Painting catalog 1 to mesh CatalogMesh(nmesh=[512 512 512], boxsize=[2000. 2000. 2000.], boxcenter=[1000.00002411  999.99998695  999.99978948], dtype=float64).
[021276.50]  01-27 03:34  CatalogMesh                  INFO     Slab 0 ~ 4194304 / 11335886.
[021277.73]  01-27 03:34  CatalogMesh                  INFO     Painted 4194304 out of 11335886 objects to mesh.
[021277.73]  01-27 03:34  CatalogMesh                  INFO     Slab 4194304 ~ 8388608 / 11335886.
[021278.95]  01-27 03:34  CatalogMesh                  INFO     Painted 8388608 out of 11335886 objects to mesh.
[021278.95]  01-27 03:34  CatalogMesh                  INFO     Slab 8388608 ~ 12582912 / 11335886.
[021279.95]  01-27 03:34  CatalogMesh                  INFO     Painted 11335886 out of 11335886 objects to mesh.
[021279.95]  01-27 03:34  CatalogMesh                  INFO     Running interlacing at order 3.
[021282.00]  01-27 03:34  CatalogMesh                  INFO     Slab 0 ~ 4194304 / 11335886.
[021283.21]  01-27 03:34  CatalogMesh                  INFO     Painted 4194304 out of 11335886 objects to mesh.
[021283.21]  01-27 03:34  CatalogMesh                  INFO     Slab 4194304 ~ 8388608 / 11335886.
[021284.44]  01-27 03:34  CatalogMesh                  INFO     Painted 8388608 out of 11335886 objects to mesh.
[021284.44]  01-27 03:34  CatalogMesh                  INFO     Slab 8388608 ~ 12582912 / 11335886.
[021285.44]  01-27 03:34  CatalogMesh                  INFO     Painted 11335886 out of 11335886 objects to mesh.
[021289.05]  01-27 03:34  CatalogMesh                  INFO     Slab 0 ~ 4194304 / 11335886.
[021290.26]  01-27 03:34  CatalogMesh                  INFO     Painted 4194304 out of 11335886 objects to mesh.
[021290.26]  01-27 03:34  CatalogMesh                  INFO     Slab 4194304 ~ 8388608 / 11335886.
[021291.49]  01-27 03:34  CatalogMesh                  INFO     Painted 8388608 out of 11335886 objects to mesh.
[021291.49]  01-27 03:34  CatalogMesh                  INFO     Slab 8388608 ~ 12582912 / 11335886.
[021292.49]  01-27 03:34  CatalogMesh                  INFO     Painted 11335886 out of 11335886 objects to mesh.
[021297.97]  01-27 03:34  CatalogFFTPower              INFO     Done painting catalog 1 to mesh.
[021297.97]  01-27 03:34  CatalogFFTPower              INFO     Using 400 k-bins between 0.000 and 0.400.
[021297.97]  01-27 03:34  CatalogFFTPower              INFO     Meshes prepared in elapsed time 21.71 s.
[021297.97]  01-27 03:34  CatalogFFTPower              INFO     Running mesh calculation.
[021314.91]  01-27 03:34  CatalogFFTPower              INFO     Mesh calculations performed in elapsed time 16.94 s.
[021314.91]  01-27 03:34  CatalogFFTPower              INFO     Power spectrum computed in elapsed time 38.64 s.
[021314.91]  01-27 03:34  CatalogFFTPower              INFO     Saving /pscratch/sd/s/shengyu/galaxies/catalogs/Y3/AbacusHF-v2/Boxes/QSO/sn1p850/AbacusSummit_base_c000_ph017/mpspk/pkpoles_QSO_zp1.850_DR2_v1.0+dv_verr_empirical.npy.
[021314.91]  01-27 03:34  compute_2pt                  INFO     Save to /pscratch/sd/s/shengyu/galaxies/catalogs/Y3/AbacusHF-v2/Boxes/QSO/sn1p850/AbacusSummit_base_c000_ph017/mpspk/pkpoles_QSO_zp1.850_DR2_v1.0+dv_verr_empirical.npy
[021314.91]  01-27 03:34  TwoPointCorrelationFunction  INFO     Using estimator <class 'pycorr.twopoint_estimator.NaturalTwoPointEstimator'>.
[021314.91]  01-27 03:34  TwoPointCorrelationFunction  INFO     Running auto-correlation.
[021314.91]  01-27 03:34  TwoPointCorrelationFunction  INFO     Computing two-point counts D1D2.
[021318.87]  01-27 03:34  TwoPointCorrelationFunction  INFO     Analytically computing two-point counts R1R2.
[021318.87]  01-27 03:34  TwoPointCorrelationFunction  INFO     Correlation function computed in elapsed time 3.96 s.
[021318.87]  01-27 03:34  NaturalTwoPointEstimator     INFO     Saving /pscratch/sd/s/shengyu/galaxies/catalogs/Y3/AbacusHF-v2/Boxes/QSO/sn1p850/AbacusSummit_base_c000_ph017/mpspk/mpslog_QSO_zp1.850_DR2_v1.0+dv_verr_empirical.npy.
[021318.88]  01-27 03:34  compute_2pt                  INFO     Save to /pscratch/sd/s/shengyu/galaxies/catalogs/Y3/AbacusHF-v2/Boxes/QSO/sn1p850/AbacusSummit_base_c000_ph017/mpspk/mpslog_QSO_zp1.850_DR2_v1.0+dv_verr_empirical.npy
[021318.88]  01-27 03:34  TwoPointCorrelationFunction  INFO     Using estimator <class 'pycorr.twopoint_estimator.NaturalTwoPointEstimator'>.
[021318.88]  01-27 03:34  TwoPointCorrelationFunction  INFO     Running auto-correlation.
[021318.88]  01-27 03:34  TwoPointCorrelationFunction  INFO     Computing two-point counts D1D2.
[021329.73]  01-27 03:35  TwoPointCorrelationFunction  INFO     Analytically computing two-point counts R1R2.
[021329.73]  01-27 03:35  TwoPointCorrelationFunction  INFO     Correlation function computed in elapsed time 10.85 s.
[021329.73]  01-27 03:35  NaturalTwoPointEstimator     INFO     Saving /pscratch/sd/s/shengyu/galaxies/catalogs/Y3/AbacusHF-v2/Boxes/QSO/sn1p850/AbacusSummit_base_c000_ph017/mpspk/wplog_QSO_zp1.850_DR2_v1.0+dv_verr_empirical.npy.
[021329.73]  01-27 03:35  compute_2pt                  INFO     Save to /pscratch/sd/s/shengyu/galaxies/catalogs/Y3/AbacusHF-v2/Boxes/QSO/sn1p850/AbacusSummit_base_c000_ph017/mpspk/wplog_QSO_zp1.850_DR2_v1.0+dv_verr_empirical.npy
[021329.73]  01-27 03:35  compute_2pt                  INFO     Procceed {'version': 'AbacusHF-v2', 'domain': 'cubic', 'tracer': 'QSO', 'zsnap': 1.85, 'zrange': (1.7, 2.1), 'mock_id': 18, 'use_dv': 'verr_empirical'}
[021329.73]  01-27 03:35  cat_tools                    INFO     Load /pscratch/sd/s/shengyu/galaxies/catalogs/Y3/AbacusHF-v2/Boxes/QSO/sn1p850/AbacusSummit_base_c000_ph018/abacus_HF_QSO_1p850_DR2_v2.0_AbacusSummit_base_c000_ph018_base_clustering.dat.h5
[021329.73]  01-27 03:35  FileStack                    INFO     Reading /pscratch/sd/s/shengyu/galaxies/catalogs/Y3/AbacusHF-v2/Boxes/QSO/sn1p850/AbacusSummit_base_c000_ph018/abacus_HF_QSO_1p850_DR2_v2.0_AbacusSummit_base_c000_ph018_base_clustering.dat.h5.
[021329.74]  01-27 03:35  cat_tools                    INFO     use Z positions shifted in verr_empirical mode
[021330.20]  01-27 03:35  TwoPointCorrelationFunction  INFO     Using estimator <class 'pycorr.twopoint_estimator.NaturalTwoPointEstimator'>.
[021330.20]  01-27 03:35  TwoPointCorrelationFunction  INFO     Running auto-correlation.
[021330.20]  01-27 03:35  TwoPointCorrelationFunction  INFO     Computing two-point counts D1D2.
[021346.89]  01-27 03:35  TwoPointCorrelationFunction  INFO     Analytically computing two-point counts R1R2.
[021346.89]  01-27 03:35  TwoPointCorrelationFunction  INFO     Correlation function computed in elapsed time 16.69 s.
[021346.89]  01-27 03:35  NaturalTwoPointEstimator     INFO     Saving /pscratch/sd/s/shengyu/galaxies/catalogs/Y3/AbacusHF-v2/Boxes/QSO/sn1p850/AbacusSummit_base_c000_ph018/mpspk/xipoles_QSO_zp1.850_DR2_v1.0+dv_verr_empirical.npy.
[021346.89]  01-27 03:35  compute_2pt                  INFO     Save to /pscratch/sd/s/shengyu/galaxies/catalogs/Y3/AbacusHF-v2/Boxes/QSO/sn1p850/AbacusSummit_base_c000_ph018/mpspk/xipoles_QSO_zp1.850_DR2_v1.0+dv_verr_empirical.npy
[021348.43]  01-27 03:35  CatalogFFTPower              INFO     Painting catalog 1 to mesh CatalogMesh(nmesh=[512 512 512], boxsize=[2000. 2000. 2000.], boxcenter=[1000.00000283 1000.00014923 1000.00004791], dtype=float64).
[021348.67]  01-27 03:35  CatalogMesh                  INFO     Slab 0 ~ 4194304 / 11354665.
[021349.91]  01-27 03:35  CatalogMesh                  INFO     Painted 4194304 out of 11354665 objects to mesh.
[021349.91]  01-27 03:35  CatalogMesh                  INFO     Slab 4194304 ~ 8388608 / 11354665.
[021351.13]  01-27 03:35  CatalogMesh                  INFO     Painted 8388608 out of 11354665 objects to mesh.
[021351.13]  01-27 03:35  CatalogMesh                  INFO     Slab 8388608 ~ 12582912 / 11354665.
[021352.15]  01-27 03:35  CatalogMesh                  INFO     Painted 11354665 out of 11354665 objects to mesh.
[021352.15]  01-27 03:35  CatalogMesh                  INFO     Running interlacing at order 3.
[021354.22]  01-27 03:35  CatalogMesh                  INFO     Slab 0 ~ 4194304 / 11354665.
[021355.44]  01-27 03:35  CatalogMesh                  INFO     Painted 4194304 out of 11354665 objects to mesh.
[021355.45]  01-27 03:35  CatalogMesh                  INFO     Slab 4194304 ~ 8388608 / 11354665.
[021356.67]  01-27 03:35  CatalogMesh                  INFO     Painted 8388608 out of 11354665 objects to mesh.
[021356.67]  01-27 03:35  CatalogMesh                  INFO     Slab 8388608 ~ 12582912 / 11354665.
[021357.68]  01-27 03:35  CatalogMesh                  INFO     Painted 11354665 out of 11354665 objects to mesh.
[021361.30]  01-27 03:35  CatalogMesh                  INFO     Slab 0 ~ 4194304 / 11354665.
[021362.52]  01-27 03:35  CatalogMesh                  INFO     Painted 4194304 out of 11354665 objects to mesh.
[021362.52]  01-27 03:35  CatalogMesh                  INFO     Slab 4194304 ~ 8388608 / 11354665.
[021363.75]  01-27 03:35  CatalogMesh                  INFO     Painted 8388608 out of 11354665 objects to mesh.
[021363.75]  01-27 03:35  CatalogMesh                  INFO     Slab 8388608 ~ 12582912 / 11354665.
[021364.76]  01-27 03:35  CatalogMesh                  INFO     Painted 11354665 out of 11354665 objects to mesh.
[021370.27]  01-27 03:35  CatalogFFTPower              INFO     Done painting catalog 1 to mesh.
[021370.27]  01-27 03:35  CatalogFFTPower              INFO     Using 400 k-bins between 0.000 and 0.400.
[021370.27]  01-27 03:35  CatalogFFTPower              INFO     Meshes prepared in elapsed time 21.84 s.
[021370.27]  01-27 03:35  CatalogFFTPower              INFO     Running mesh calculation.
[021387.41]  01-27 03:36  CatalogFFTPower              INFO     Mesh calculations performed in elapsed time 17.14 s.
[021387.41]  01-27 03:36  CatalogFFTPower              INFO     Power spectrum computed in elapsed time 38.98 s.
[021387.41]  01-27 03:36  CatalogFFTPower              INFO     Saving /pscratch/sd/s/shengyu/galaxies/catalogs/Y3/AbacusHF-v2/Boxes/QSO/sn1p850/AbacusSummit_base_c000_ph018/mpspk/pkpoles_QSO_zp1.850_DR2_v1.0+dv_verr_empirical.npy.
[021387.42]  01-27 03:36  compute_2pt                  INFO     Save to /pscratch/sd/s/shengyu/galaxies/catalogs/Y3/AbacusHF-v2/Boxes/QSO/sn1p850/AbacusSummit_base_c000_ph018/mpspk/pkpoles_QSO_zp1.850_DR2_v1.0+dv_verr_empirical.npy
[021387.42]  01-27 03:36  TwoPointCorrelationFunction  INFO     Using estimator <class 'pycorr.twopoint_estimator.NaturalTwoPointEstimator'>.
[021387.42]  01-27 03:36  TwoPointCorrelationFunction  INFO     Running auto-correlation.
[021387.42]  01-27 03:36  TwoPointCorrelationFunction  INFO     Computing two-point counts D1D2.
[021391.30]  01-27 03:36  TwoPointCorrelationFunction  INFO     Analytically computing two-point counts R1R2.
[021391.30]  01-27 03:36  TwoPointCorrelationFunction  INFO     Correlation function computed in elapsed time 3.88 s.
[021391.30]  01-27 03:36  NaturalTwoPointEstimator     INFO     Saving /pscratch/sd/s/shengyu/galaxies/catalogs/Y3/AbacusHF-v2/Boxes/QSO/sn1p850/AbacusSummit_base_c000_ph018/mpspk/mpslog_QSO_zp1.850_DR2_v1.0+dv_verr_empirical.npy.
[021391.30]  01-27 03:36  compute_2pt                  INFO     Save to /pscratch/sd/s/shengyu/galaxies/catalogs/Y3/AbacusHF-v2/Boxes/QSO/sn1p850/AbacusSummit_base_c000_ph018/mpspk/mpslog_QSO_zp1.850_DR2_v1.0+dv_verr_empirical.npy
[021391.31]  01-27 03:36  TwoPointCorrelationFunction  INFO     Using estimator <class 'pycorr.twopoint_estimator.NaturalTwoPointEstimator'>.
[021391.31]  01-27 03:36  TwoPointCorrelationFunction  INFO     Running auto-correlation.
[021391.31]  01-27 03:36  TwoPointCorrelationFunction  INFO     Computing two-point counts D1D2.
[021402.35]  01-27 03:36  TwoPointCorrelationFunction  INFO     Analytically computing two-point counts R1R2.
[021402.35]  01-27 03:36  TwoPointCorrelationFunction  INFO     Correlation function computed in elapsed time 11.05 s.
[021402.35]  01-27 03:36  NaturalTwoPointEstimator     INFO     Saving /pscratch/sd/s/shengyu/galaxies/catalogs/Y3/AbacusHF-v2/Boxes/QSO/sn1p850/AbacusSummit_base_c000_ph018/mpspk/wplog_QSO_zp1.850_DR2_v1.0+dv_verr_empirical.npy.
[021402.36]  01-27 03:36  compute_2pt                  INFO     Save to /pscratch/sd/s/shengyu/galaxies/catalogs/Y3/AbacusHF-v2/Boxes/QSO/sn1p850/AbacusSummit_base_c000_ph018/mpspk/wplog_QSO_zp1.850_DR2_v1.0+dv_verr_empirical.npy
[021402.36]  01-27 03:36  compute_2pt                  INFO     Procceed {'version': 'AbacusHF-v2', 'domain': 'cubic', 'tracer': 'QSO', 'zsnap': 1.85, 'zrange': (1.7, 2.1), 'mock_id': 19, 'use_dv': 'verr_empirical'}
[021402.36]  01-27 03:36  cat_tools                    INFO     Load /pscratch/sd/s/shengyu/galaxies/catalogs/Y3/AbacusHF-v2/Boxes/QSO/sn1p850/AbacusSummit_base_c000_ph019/abacus_HF_QSO_1p850_DR2_v2.0_AbacusSummit_base_c000_ph019_base_clustering.dat.h5
[021402.36]  01-27 03:36  FileStack                    INFO     Reading /pscratch/sd/s/shengyu/galaxies/catalogs/Y3/AbacusHF-v2/Boxes/QSO/sn1p850/AbacusSummit_base_c000_ph019/abacus_HF_QSO_1p850_DR2_v2.0_AbacusSummit_base_c000_ph019_base_clustering.dat.h5.
[021402.36]  01-27 03:36  cat_tools                    INFO     use Z positions shifted in verr_empirical mode
[021402.82]  01-27 03:36  TwoPointCorrelationFunction  INFO     Using estimator <class 'pycorr.twopoint_estimator.NaturalTwoPointEstimator'>.
[021402.82]  01-27 03:36  TwoPointCorrelationFunction  INFO     Running auto-correlation.
[021402.82]  01-27 03:36  TwoPointCorrelationFunction  INFO     Computing two-point counts D1D2.
[021419.00]  01-27 03:36  TwoPointCorrelationFunction  INFO     Analytically computing two-point counts R1R2.
[021419.00]  01-27 03:36  TwoPointCorrelationFunction  INFO     Correlation function computed in elapsed time 16.18 s.
[021419.00]  01-27 03:36  NaturalTwoPointEstimator     INFO     Saving /pscratch/sd/s/shengyu/galaxies/catalogs/Y3/AbacusHF-v2/Boxes/QSO/sn1p850/AbacusSummit_base_c000_ph019/mpspk/xipoles_QSO_zp1.850_DR2_v1.0+dv_verr_empirical.npy.
[021419.00]  01-27 03:36  compute_2pt                  INFO     Save to /pscratch/sd/s/shengyu/galaxies/catalogs/Y3/AbacusHF-v2/Boxes/QSO/sn1p850/AbacusSummit_base_c000_ph019/mpspk/xipoles_QSO_zp1.850_DR2_v1.0+dv_verr_empirical.npy
[021420.53]  01-27 03:36  CatalogFFTPower              INFO     Painting catalog 1 to mesh CatalogMesh(nmesh=[512 512 512], boxsize=[2000. 2000. 2000.], boxcenter=[1000.00004699  999.99994797  999.99992007], dtype=float64).
[021420.77]  01-27 03:36  CatalogMesh                  INFO     Slab 0 ~ 4194304 / 11337919.
[021422.01]  01-27 03:36  CatalogMesh                  INFO     Painted 4194304 out of 11337919 objects to mesh.
[021422.01]  01-27 03:36  CatalogMesh                  INFO     Slab 4194304 ~ 8388608 / 11337919.
[021423.24]  01-27 03:36  CatalogMesh                  INFO     Painted 8388608 out of 11337919 objects to mesh.
[021423.24]  01-27 03:36  CatalogMesh                  INFO     Slab 8388608 ~ 12582912 / 11337919.
[021424.24]  01-27 03:36  CatalogMesh                  INFO     Painted 11337919 out of 11337919 objects to mesh.
[021424.24]  01-27 03:36  CatalogMesh                  INFO     Running interlacing at order 3.
[021426.30]  01-27 03:36  CatalogMesh                  INFO     Slab 0 ~ 4194304 / 11337919.
[021427.51]  01-27 03:36  CatalogMesh                  INFO     Painted 4194304 out of 11337919 objects to mesh.
[021427.51]  01-27 03:36  CatalogMesh                  INFO     Slab 4194304 ~ 8388608 / 11337919.
[021428.73]  01-27 03:36  CatalogMesh                  INFO     Painted 8388608 out of 11337919 objects to mesh.
[021428.73]  01-27 03:36  CatalogMesh                  INFO     Slab 8388608 ~ 12582912 / 11337919.
[021429.73]  01-27 03:36  CatalogMesh                  INFO     Painted 11337919 out of 11337919 objects to mesh.
[021433.31]  01-27 03:36  CatalogMesh                  INFO     Slab 0 ~ 4194304 / 11337919.
[021434.53]  01-27 03:36  CatalogMesh                  INFO     Painted 4194304 out of 11337919 objects to mesh.
[021434.53]  01-27 03:36  CatalogMesh                  INFO     Slab 4194304 ~ 8388608 / 11337919.
[021435.75]  01-27 03:36  CatalogMesh                  INFO     Painted 8388608 out of 11337919 objects to mesh.
[021435.75]  01-27 03:36  CatalogMesh                  INFO     Slab 8388608 ~ 12582912 / 11337919.
[021436.81]  01-27 03:36  CatalogMesh                  INFO     Painted 11337919 out of 11337919 objects to mesh.
[021442.30]  01-27 03:36  CatalogFFTPower              INFO     Done painting catalog 1 to mesh.
[021442.30]  01-27 03:36  CatalogFFTPower              INFO     Using 400 k-bins between 0.000 and 0.400.
[021442.30]  01-27 03:36  CatalogFFTPower              INFO     Meshes prepared in elapsed time 21.77 s.
[021442.30]  01-27 03:36  CatalogFFTPower              INFO     Running mesh calculation.
[021459.25]  01-27 03:37  CatalogFFTPower              INFO     Mesh calculations performed in elapsed time 16.95 s.
[021459.25]  01-27 03:37  CatalogFFTPower              INFO     Power spectrum computed in elapsed time 38.72 s.
[021459.26]  01-27 03:37  CatalogFFTPower              INFO     Saving /pscratch/sd/s/shengyu/galaxies/catalogs/Y3/AbacusHF-v2/Boxes/QSO/sn1p850/AbacusSummit_base_c000_ph019/mpspk/pkpoles_QSO_zp1.850_DR2_v1.0+dv_verr_empirical.npy.
[021459.26]  01-27 03:37  compute_2pt                  INFO     Save to /pscratch/sd/s/shengyu/galaxies/catalogs/Y3/AbacusHF-v2/Boxes/QSO/sn1p850/AbacusSummit_base_c000_ph019/mpspk/pkpoles_QSO_zp1.850_DR2_v1.0+dv_verr_empirical.npy
[021459.26]  01-27 03:37  TwoPointCorrelationFunction  INFO     Using estimator <class 'pycorr.twopoint_estimator.NaturalTwoPointEstimator'>.
[021459.26]  01-27 03:37  TwoPointCorrelationFunction  INFO     Running auto-correlation.
[021459.26]  01-27 03:37  TwoPointCorrelationFunction  INFO     Computing two-point counts D1D2.
[021462.69]  01-27 03:37  TwoPointCorrelationFunction  INFO     Analytically computing two-point counts R1R2.
[021462.69]  01-27 03:37  TwoPointCorrelationFunction  INFO     Correlation function computed in elapsed time 3.43 s.
[021462.69]  01-27 03:37  NaturalTwoPointEstimator     INFO     Saving /pscratch/sd/s/shengyu/galaxies/catalogs/Y3/AbacusHF-v2/Boxes/QSO/sn1p850/AbacusSummit_base_c000_ph019/mpspk/mpslog_QSO_zp1.850_DR2_v1.0+dv_verr_empirical.npy.
[021462.70]  01-27 03:37  compute_2pt                  INFO     Save to /pscratch/sd/s/shengyu/galaxies/catalogs/Y3/AbacusHF-v2/Boxes/QSO/sn1p850/AbacusSummit_base_c000_ph019/mpspk/mpslog_QSO_zp1.850_DR2_v1.0+dv_verr_empirical.npy
[021462.70]  01-27 03:37  TwoPointCorrelationFunction  INFO     Using estimator <class 'pycorr.twopoint_estimator.NaturalTwoPointEstimator'>.
[021462.70]  01-27 03:37  TwoPointCorrelationFunction  INFO     Running auto-correlation.
[021462.70]  01-27 03:37  TwoPointCorrelationFunction  INFO     Computing two-point counts D1D2.
[021473.71]  01-27 03:37  TwoPointCorrelationFunction  INFO     Analytically computing two-point counts R1R2.
[021473.72]  01-27 03:37  TwoPointCorrelationFunction  INFO     Correlation function computed in elapsed time 11.02 s.
[021473.72]  01-27 03:37  NaturalTwoPointEstimator     INFO     Saving /pscratch/sd/s/shengyu/galaxies/catalogs/Y3/AbacusHF-v2/Boxes/QSO/sn1p850/AbacusSummit_base_c000_ph019/mpspk/wplog_QSO_zp1.850_DR2_v1.0+dv_verr_empirical.npy.
[021473.72]  01-27 03:37  compute_2pt                  INFO     Save to /pscratch/sd/s/shengyu/galaxies/catalogs/Y3/AbacusHF-v2/Boxes/QSO/sn1p850/AbacusSummit_base_c000_ph019/mpspk/wplog_QSO_zp1.850_DR2_v1.0+dv_verr_empirical.npy
[021473.72]  01-27 03:37  compute_2pt                  INFO     Procceed {'version': 'AbacusHF-v2', 'domain': 'cubic', 'tracer': 'QSO', 'zsnap': 1.85, 'zrange': (1.7, 2.1), 'mock_id': 20, 'use_dv': 'verr_empirical'}
[021473.72]  01-27 03:37  cat_tools                    INFO     Load /pscratch/sd/s/shengyu/galaxies/catalogs/Y3/AbacusHF-v2/Boxes/QSO/sn1p850/AbacusSummit_base_c000_ph020/abacus_HF_QSO_1p850_DR2_v2.0_AbacusSummit_base_c000_ph020_base_clustering.dat.h5
[021473.72]  01-27 03:37  FileStack                    INFO     Reading /pscratch/sd/s/shengyu/galaxies/catalogs/Y3/AbacusHF-v2/Boxes/QSO/sn1p850/AbacusSummit_base_c000_ph020/abacus_HF_QSO_1p850_DR2_v2.0_AbacusSummit_base_c000_ph020_base_clustering.dat.h5.
[021473.73]  01-27 03:37  cat_tools                    INFO     use Z positions shifted in verr_empirical mode
[021474.18]  01-27 03:37  TwoPointCorrelationFunction  INFO     Using estimator <class 'pycorr.twopoint_estimator.NaturalTwoPointEstimator'>.
[021474.18]  01-27 03:37  TwoPointCorrelationFunction  INFO     Running auto-correlation.
[021474.18]  01-27 03:37  TwoPointCorrelationFunction  INFO     Computing two-point counts D1D2.
[021490.71]  01-27 03:37  TwoPointCorrelationFunction  INFO     Analytically computing two-point counts R1R2.
[021490.71]  01-27 03:37  TwoPointCorrelationFunction  INFO     Correlation function computed in elapsed time 16.53 s.
[021490.71]  01-27 03:37  NaturalTwoPointEstimator     INFO     Saving /pscratch/sd/s/shengyu/galaxies/catalogs/Y3/AbacusHF-v2/Boxes/QSO/sn1p850/AbacusSummit_base_c000_ph020/mpspk/xipoles_QSO_zp1.850_DR2_v1.0+dv_verr_empirical.npy.
[021490.71]  01-27 03:37  compute_2pt                  INFO     Save to /pscratch/sd/s/shengyu/galaxies/catalogs/Y3/AbacusHF-v2/Boxes/QSO/sn1p850/AbacusSummit_base_c000_ph020/mpspk/xipoles_QSO_zp1.850_DR2_v1.0+dv_verr_empirical.npy
[021492.24]  01-27 03:37  CatalogFFTPower              INFO     Painting catalog 1 to mesh CatalogMesh(nmesh=[512 512 512], boxsize=[2000. 2000. 2000.], boxcenter=[ 999.99995997 1000.00003208 1000.0000594 ], dtype=float64).
[021492.48]  01-27 03:37  CatalogMesh                  INFO     Slab 0 ~ 4194304 / 11350441.
[021493.71]  01-27 03:37  CatalogMesh                  INFO     Painted 4194304 out of 11350441 objects to mesh.
[021493.71]  01-27 03:37  CatalogMesh                  INFO     Slab 4194304 ~ 8388608 / 11350441.
[021494.93]  01-27 03:37  CatalogMesh                  INFO     Painted 8388608 out of 11350441 objects to mesh.
[021494.93]  01-27 03:37  CatalogMesh                  INFO     Slab 8388608 ~ 12582912 / 11350441.
[021495.94]  01-27 03:37  CatalogMesh                  INFO     Painted 11350441 out of 11350441 objects to mesh.
[021495.94]  01-27 03:37  CatalogMesh                  INFO     Running interlacing at order 3.
[021498.00]  01-27 03:37  CatalogMesh                  INFO     Slab 0 ~ 4194304 / 11350441.
[021499.21]  01-27 03:37  CatalogMesh                  INFO     Painted 4194304 out of 11350441 objects to mesh.
[021499.22]  01-27 03:37  CatalogMesh                  INFO     Slab 4194304 ~ 8388608 / 11350441.
[021500.44]  01-27 03:37  CatalogMesh                  INFO     Painted 8388608 out of 11350441 objects to mesh.
[021500.44]  01-27 03:37  CatalogMesh                  INFO     Slab 8388608 ~ 12582912 / 11350441.
[021501.44]  01-27 03:37  CatalogMesh                  INFO     Painted 11350441 out of 11350441 objects to mesh.
[021505.04]  01-27 03:37  CatalogMesh                  INFO     Slab 0 ~ 4194304 / 11350441.
[021506.25]  01-27 03:37  CatalogMesh                  INFO     Painted 4194304 out of 11350441 objects to mesh.
[021506.25]  01-27 03:37  CatalogMesh                  INFO     Slab 4194304 ~ 8388608 / 11350441.
[021507.48]  01-27 03:38  CatalogMesh                  INFO     Painted 8388608 out of 11350441 objects to mesh.
[021507.48]  01-27 03:38  CatalogMesh                  INFO     Slab 8388608 ~ 12582912 / 11350441.
[021508.49]  01-27 03:38  CatalogMesh                  INFO     Painted 11350441 out of 11350441 objects to mesh.
[021513.97]  01-27 03:38  CatalogFFTPower              INFO     Done painting catalog 1 to mesh.
[021513.97]  01-27 03:38  CatalogFFTPower              INFO     Using 400 k-bins between 0.000 and 0.400.
[021513.97]  01-27 03:38  CatalogFFTPower              INFO     Meshes prepared in elapsed time 21.73 s.
[021513.97]  01-27 03:38  CatalogFFTPower              INFO     Running mesh calculation.
[021530.93]  01-27 03:38  CatalogFFTPower              INFO     Mesh calculations performed in elapsed time 16.96 s.
[021530.93]  01-27 03:38  CatalogFFTPower              INFO     Power spectrum computed in elapsed time 38.69 s.
[021530.94]  01-27 03:38  CatalogFFTPower              INFO     Saving /pscratch/sd/s/shengyu/galaxies/catalogs/Y3/AbacusHF-v2/Boxes/QSO/sn1p850/AbacusSummit_base_c000_ph020/mpspk/pkpoles_QSO_zp1.850_DR2_v1.0+dv_verr_empirical.npy.
[021530.94]  01-27 03:38  compute_2pt                  INFO     Save to /pscratch/sd/s/shengyu/galaxies/catalogs/Y3/AbacusHF-v2/Boxes/QSO/sn1p850/AbacusSummit_base_c000_ph020/mpspk/pkpoles_QSO_zp1.850_DR2_v1.0+dv_verr_empirical.npy
[021530.94]  01-27 03:38  TwoPointCorrelationFunction  INFO     Using estimator <class 'pycorr.twopoint_estimator.NaturalTwoPointEstimator'>.
[021530.94]  01-27 03:38  TwoPointCorrelationFunction  INFO     Running auto-correlation.
[021530.94]  01-27 03:38  TwoPointCorrelationFunction  INFO     Computing two-point counts D1D2.
[021534.60]  01-27 03:38  TwoPointCorrelationFunction  INFO     Analytically computing two-point counts R1R2.
[021534.60]  01-27 03:38  TwoPointCorrelationFunction  INFO     Correlation function computed in elapsed time 3.66 s.
[021534.60]  01-27 03:38  NaturalTwoPointEstimator     INFO     Saving /pscratch/sd/s/shengyu/galaxies/catalogs/Y3/AbacusHF-v2/Boxes/QSO/sn1p850/AbacusSummit_base_c000_ph020/mpspk/mpslog_QSO_zp1.850_DR2_v1.0+dv_verr_empirical.npy.
[021534.60]  01-27 03:38  compute_2pt                  INFO     Save to /pscratch/sd/s/shengyu/galaxies/catalogs/Y3/AbacusHF-v2/Boxes/QSO/sn1p850/AbacusSummit_base_c000_ph020/mpspk/mpslog_QSO_zp1.850_DR2_v1.0+dv_verr_empirical.npy
[021534.60]  01-27 03:38  TwoPointCorrelationFunction  INFO     Using estimator <class 'pycorr.twopoint_estimator.NaturalTwoPointEstimator'>.
[021534.60]  01-27 03:38  TwoPointCorrelationFunction  INFO     Running auto-correlation.
[021534.60]  01-27 03:38  TwoPointCorrelationFunction  INFO     Computing two-point counts D1D2.
[021545.56]  01-27 03:38  TwoPointCorrelationFunction  INFO     Analytically computing two-point counts R1R2.
[021545.56]  01-27 03:38  TwoPointCorrelationFunction  INFO     Correlation function computed in elapsed time 10.96 s.
[021545.56]  01-27 03:38  NaturalTwoPointEstimator     INFO     Saving /pscratch/sd/s/shengyu/galaxies/catalogs/Y3/AbacusHF-v2/Boxes/QSO/sn1p850/AbacusSummit_base_c000_ph020/mpspk/wplog_QSO_zp1.850_DR2_v1.0+dv_verr_empirical.npy.
[021545.57]  01-27 03:38  compute_2pt                  INFO     Save to /pscratch/sd/s/shengyu/galaxies/catalogs/Y3/AbacusHF-v2/Boxes/QSO/sn1p850/AbacusSummit_base_c000_ph020/mpspk/wplog_QSO_zp1.850_DR2_v1.0+dv_verr_empirical.npy
[021545.57]  01-27 03:38  compute_2pt                  INFO     Procceed {'version': 'AbacusHF-v2', 'domain': 'cubic', 'tracer': 'QSO', 'zsnap': 1.85, 'zrange': (1.7, 2.1), 'mock_id': 21, 'use_dv': 'verr_empirical'}
[021545.57]  01-27 03:38  cat_tools                    INFO     Load /pscratch/sd/s/shengyu/galaxies/catalogs/Y3/AbacusHF-v2/Boxes/QSO/sn1p850/AbacusSummit_base_c000_ph021/abacus_HF_QSO_1p850_DR2_v2.0_AbacusSummit_base_c000_ph021_base_clustering.dat.h5
[021545.57]  01-27 03:38  FileStack                    INFO     Reading /pscratch/sd/s/shengyu/galaxies/catalogs/Y3/AbacusHF-v2/Boxes/QSO/sn1p850/AbacusSummit_base_c000_ph021/abacus_HF_QSO_1p850_DR2_v2.0_AbacusSummit_base_c000_ph021_base_clustering.dat.h5.
[021545.57]  01-27 03:38  cat_tools                    INFO     use Z positions shifted in verr_empirical mode
[021546.02]  01-27 03:38  TwoPointCorrelationFunction  INFO     Using estimator <class 'pycorr.twopoint_estimator.NaturalTwoPointEstimator'>.
[021546.02]  01-27 03:38  TwoPointCorrelationFunction  INFO     Running auto-correlation.
[021546.02]  01-27 03:38  TwoPointCorrelationFunction  INFO     Computing two-point counts D1D2.
[021562.26]  01-27 03:38  TwoPointCorrelationFunction  INFO     Analytically computing two-point counts R1R2.
[021562.26]  01-27 03:38  TwoPointCorrelationFunction  INFO     Correlation function computed in elapsed time 16.23 s.
[021562.26]  01-27 03:38  NaturalTwoPointEstimator     INFO     Saving /pscratch/sd/s/shengyu/galaxies/catalogs/Y3/AbacusHF-v2/Boxes/QSO/sn1p850/AbacusSummit_base_c000_ph021/mpspk/xipoles_QSO_zp1.850_DR2_v1.0+dv_verr_empirical.npy.
[021562.26]  01-27 03:38  compute_2pt                  INFO     Save to /pscratch/sd/s/shengyu/galaxies/catalogs/Y3/AbacusHF-v2/Boxes/QSO/sn1p850/AbacusSummit_base_c000_ph021/mpspk/xipoles_QSO_zp1.850_DR2_v1.0+dv_verr_empirical.npy
[021563.87]  01-27 03:38  CatalogFFTPower              INFO     Painting catalog 1 to mesh CatalogMesh(nmesh=[512 512 512], boxsize=[2000. 2000. 2000.], boxcenter=[1000.00015684  999.99989404 1000.00005435], dtype=float64).
[021564.11]  01-27 03:38  CatalogMesh                  INFO     Slab 0 ~ 4194304 / 11326477.
[021565.35]  01-27 03:38  CatalogMesh                  INFO     Painted 4194304 out of 11326477 objects to mesh.
[021565.35]  01-27 03:38  CatalogMesh                  INFO     Slab 4194304 ~ 8388608 / 11326477.
[021566.59]  01-27 03:39  CatalogMesh                  INFO     Painted 8388608 out of 11326477 objects to mesh.
[021566.59]  01-27 03:39  CatalogMesh                  INFO     Slab 8388608 ~ 12582912 / 11326477.
[021567.59]  01-27 03:39  CatalogMesh                  INFO     Painted 11326477 out of 11326477 objects to mesh.
[021567.59]  01-27 03:39  CatalogMesh                  INFO     Running interlacing at order 3.
[021569.66]  01-27 03:39  CatalogMesh                  INFO     Slab 0 ~ 4194304 / 11326477.
[021570.87]  01-27 03:39  CatalogMesh                  INFO     Painted 4194304 out of 11326477 objects to mesh.
[021570.87]  01-27 03:39  CatalogMesh                  INFO     Slab 4194304 ~ 8388608 / 11326477.
[021572.11]  01-27 03:39  CatalogMesh                  INFO     Painted 8388608 out of 11326477 objects to mesh.
[021572.11]  01-27 03:39  CatalogMesh                  INFO     Slab 8388608 ~ 12582912 / 11326477.
[021573.11]  01-27 03:39  CatalogMesh                  INFO     Painted 11326477 out of 11326477 objects to mesh.
[021576.70]  01-27 03:39  CatalogMesh                  INFO     Slab 0 ~ 4194304 / 11326477.
[021577.92]  01-27 03:39  CatalogMesh                  INFO     Painted 4194304 out of 11326477 objects to mesh.
[021577.92]  01-27 03:39  CatalogMesh                  INFO     Slab 4194304 ~ 8388608 / 11326477.
[021579.14]  01-27 03:39  CatalogMesh                  INFO     Painted 8388608 out of 11326477 objects to mesh.
[021579.14]  01-27 03:39  CatalogMesh                  INFO     Slab 8388608 ~ 12582912 / 11326477.
[021580.14]  01-27 03:39  CatalogMesh                  INFO     Painted 11326477 out of 11326477 objects to mesh.
[021585.62]  01-27 03:39  CatalogFFTPower              INFO     Done painting catalog 1 to mesh.
[021585.62]  01-27 03:39  CatalogFFTPower              INFO     Using 400 k-bins between 0.000 and 0.400.
[021585.62]  01-27 03:39  CatalogFFTPower              INFO     Meshes prepared in elapsed time 21.75 s.
[021585.62]  01-27 03:39  CatalogFFTPower              INFO     Running mesh calculation.
[021602.56]  01-27 03:39  CatalogFFTPower              INFO     Mesh calculations performed in elapsed time 16.94 s.
[021602.56]  01-27 03:39  CatalogFFTPower              INFO     Power spectrum computed in elapsed time 38.69 s.
[021602.56]  01-27 03:39  CatalogFFTPower              INFO     Saving /pscratch/sd/s/shengyu/galaxies/catalogs/Y3/AbacusHF-v2/Boxes/QSO/sn1p850/AbacusSummit_base_c000_ph021/mpspk/pkpoles_QSO_zp1.850_DR2_v1.0+dv_verr_empirical.npy.
[021602.56]  01-27 03:39  compute_2pt                  INFO     Save to /pscratch/sd/s/shengyu/galaxies/catalogs/Y3/AbacusHF-v2/Boxes/QSO/sn1p850/AbacusSummit_base_c000_ph021/mpspk/pkpoles_QSO_zp1.850_DR2_v1.0+dv_verr_empirical.npy
[021602.56]  01-27 03:39  TwoPointCorrelationFunction  INFO     Using estimator <class 'pycorr.twopoint_estimator.NaturalTwoPointEstimator'>.
[021602.56]  01-27 03:39  TwoPointCorrelationFunction  INFO     Running auto-correlation.
[021602.56]  01-27 03:39  TwoPointCorrelationFunction  INFO     Computing two-point counts D1D2.
[021606.44]  01-27 03:39  TwoPointCorrelationFunction  INFO     Analytically computing two-point counts R1R2.
[021606.44]  01-27 03:39  TwoPointCorrelationFunction  INFO     Correlation function computed in elapsed time 3.87 s.
[021606.44]  01-27 03:39  NaturalTwoPointEstimator     INFO     Saving /pscratch/sd/s/shengyu/galaxies/catalogs/Y3/AbacusHF-v2/Boxes/QSO/sn1p850/AbacusSummit_base_c000_ph021/mpspk/mpslog_QSO_zp1.850_DR2_v1.0+dv_verr_empirical.npy.
[021606.44]  01-27 03:39  compute_2pt                  INFO     Save to /pscratch/sd/s/shengyu/galaxies/catalogs/Y3/AbacusHF-v2/Boxes/QSO/sn1p850/AbacusSummit_base_c000_ph021/mpspk/mpslog_QSO_zp1.850_DR2_v1.0+dv_verr_empirical.npy
[021606.44]  01-27 03:39  TwoPointCorrelationFunction  INFO     Using estimator <class 'pycorr.twopoint_estimator.NaturalTwoPointEstimator'>.
[021606.44]  01-27 03:39  TwoPointCorrelationFunction  INFO     Running auto-correlation.
[021606.44]  01-27 03:39  TwoPointCorrelationFunction  INFO     Computing two-point counts D1D2.
[021617.46]  01-27 03:39  TwoPointCorrelationFunction  INFO     Analytically computing two-point counts R1R2.
[021617.46]  01-27 03:39  TwoPointCorrelationFunction  INFO     Correlation function computed in elapsed time 11.02 s.
[021617.46]  01-27 03:39  NaturalTwoPointEstimator     INFO     Saving /pscratch/sd/s/shengyu/galaxies/catalogs/Y3/AbacusHF-v2/Boxes/QSO/sn1p850/AbacusSummit_base_c000_ph021/mpspk/wplog_QSO_zp1.850_DR2_v1.0+dv_verr_empirical.npy.
[021617.47]  01-27 03:39  compute_2pt                  INFO     Save to /pscratch/sd/s/shengyu/galaxies/catalogs/Y3/AbacusHF-v2/Boxes/QSO/sn1p850/AbacusSummit_base_c000_ph021/mpspk/wplog_QSO_zp1.850_DR2_v1.0+dv_verr_empirical.npy
[021617.47]  01-27 03:39  compute_2pt                  INFO     Procceed {'version': 'AbacusHF-v2', 'domain': 'cubic', 'tracer': 'QSO', 'zsnap': 1.85, 'zrange': (1.7, 2.1), 'mock_id': 22, 'use_dv': 'verr_empirical'}
[021617.47]  01-27 03:39  cat_tools                    INFO     Load /pscratch/sd/s/shengyu/galaxies/catalogs/Y3/AbacusHF-v2/Boxes/QSO/sn1p850/AbacusSummit_base_c000_ph022/abacus_HF_QSO_1p850_DR2_v2.0_AbacusSummit_base_c000_ph022_base_clustering.dat.h5
[021617.47]  01-27 03:39  FileStack                    INFO     Reading /pscratch/sd/s/shengyu/galaxies/catalogs/Y3/AbacusHF-v2/Boxes/QSO/sn1p850/AbacusSummit_base_c000_ph022/abacus_HF_QSO_1p850_DR2_v2.0_AbacusSummit_base_c000_ph022_base_clustering.dat.h5.
[021617.47]  01-27 03:39  cat_tools                    INFO     use Z positions shifted in verr_empirical mode
[021617.93]  01-27 03:39  TwoPointCorrelationFunction  INFO     Using estimator <class 'pycorr.twopoint_estimator.NaturalTwoPointEstimator'>.
[021617.93]  01-27 03:39  TwoPointCorrelationFunction  INFO     Running auto-correlation.
[021617.93]  01-27 03:39  TwoPointCorrelationFunction  INFO     Computing two-point counts D1D2.
[021634.59]  01-27 03:40  TwoPointCorrelationFunction  INFO     Analytically computing two-point counts R1R2.
[021634.60]  01-27 03:40  TwoPointCorrelationFunction  INFO     Correlation function computed in elapsed time 16.67 s.
[021634.60]  01-27 03:40  NaturalTwoPointEstimator     INFO     Saving /pscratch/sd/s/shengyu/galaxies/catalogs/Y3/AbacusHF-v2/Boxes/QSO/sn1p850/AbacusSummit_base_c000_ph022/mpspk/xipoles_QSO_zp1.850_DR2_v1.0+dv_verr_empirical.npy.
[021634.60]  01-27 03:40  compute_2pt                  INFO     Save to /pscratch/sd/s/shengyu/galaxies/catalogs/Y3/AbacusHF-v2/Boxes/QSO/sn1p850/AbacusSummit_base_c000_ph022/mpspk/xipoles_QSO_zp1.850_DR2_v1.0+dv_verr_empirical.npy
[021636.13]  01-27 03:40  CatalogFFTPower              INFO     Painting catalog 1 to mesh CatalogMesh(nmesh=[512 512 512], boxsize=[2000. 2000. 2000.], boxcenter=[1000.00007277 1000.00011166 1000.00001512], dtype=float64).
[021636.36]  01-27 03:40  CatalogMesh                  INFO     Slab 0 ~ 4194304 / 11330713.
[021637.59]  01-27 03:40  CatalogMesh                  INFO     Painted 4194304 out of 11330713 objects to mesh.
[021637.59]  01-27 03:40  CatalogMesh                  INFO     Slab 4194304 ~ 8388608 / 11330713.
[021638.81]  01-27 03:40  CatalogMesh                  INFO     Painted 8388608 out of 11330713 objects to mesh.
[021638.81]  01-27 03:40  CatalogMesh                  INFO     Slab 8388608 ~ 12582912 / 11330713.
[021639.81]  01-27 03:40  CatalogMesh                  INFO     Painted 11330713 out of 11330713 objects to mesh.
[021639.81]  01-27 03:40  CatalogMesh                  INFO     Running interlacing at order 3.
[021641.87]  01-27 03:40  CatalogMesh                  INFO     Slab 0 ~ 4194304 / 11330713.
[021643.10]  01-27 03:40  CatalogMesh                  INFO     Painted 4194304 out of 11330713 objects to mesh.
[021643.10]  01-27 03:40  CatalogMesh                  INFO     Slab 4194304 ~ 8388608 / 11330713.
[021644.32]  01-27 03:40  CatalogMesh                  INFO     Painted 8388608 out of 11330713 objects to mesh.
[021644.32]  01-27 03:40  CatalogMesh                  INFO     Slab 8388608 ~ 12582912 / 11330713.
[021645.32]  01-27 03:40  CatalogMesh                  INFO     Painted 11330713 out of 11330713 objects to mesh.
[021648.92]  01-27 03:40  CatalogMesh                  INFO     Slab 0 ~ 4194304 / 11330713.
[021650.14]  01-27 03:40  CatalogMesh                  INFO     Painted 4194304 out of 11330713 objects to mesh.
[021650.14]  01-27 03:40  CatalogMesh                  INFO     Slab 4194304 ~ 8388608 / 11330713.
[021651.36]  01-27 03:40  CatalogMesh                  INFO     Painted 8388608 out of 11330713 objects to mesh.
[021651.36]  01-27 03:40  CatalogMesh                  INFO     Slab 8388608 ~ 12582912 / 11330713.
[021652.37]  01-27 03:40  CatalogMesh                  INFO     Painted 11330713 out of 11330713 objects to mesh.
[021657.85]  01-27 03:40  CatalogFFTPower              INFO     Done painting catalog 1 to mesh.
[021657.85]  01-27 03:40  CatalogFFTPower              INFO     Using 400 k-bins between 0.000 and 0.400.
[021657.85]  01-27 03:40  CatalogFFTPower              INFO     Meshes prepared in elapsed time 21.72 s.
[021657.85]  01-27 03:40  CatalogFFTPower              INFO     Running mesh calculation.
[021674.78]  01-27 03:40  CatalogFFTPower              INFO     Mesh calculations performed in elapsed time 16.93 s.
[021674.78]  01-27 03:40  CatalogFFTPower              INFO     Power spectrum computed in elapsed time 38.65 s.
[021674.78]  01-27 03:40  CatalogFFTPower              INFO     Saving /pscratch/sd/s/shengyu/galaxies/catalogs/Y3/AbacusHF-v2/Boxes/QSO/sn1p850/AbacusSummit_base_c000_ph022/mpspk/pkpoles_QSO_zp1.850_DR2_v1.0+dv_verr_empirical.npy.
[021674.79]  01-27 03:40  compute_2pt                  INFO     Save to /pscratch/sd/s/shengyu/galaxies/catalogs/Y3/AbacusHF-v2/Boxes/QSO/sn1p850/AbacusSummit_base_c000_ph022/mpspk/pkpoles_QSO_zp1.850_DR2_v1.0+dv_verr_empirical.npy
[021674.79]  01-27 03:40  TwoPointCorrelationFunction  INFO     Using estimator <class 'pycorr.twopoint_estimator.NaturalTwoPointEstimator'>.
[021674.79]  01-27 03:40  TwoPointCorrelationFunction  INFO     Running auto-correlation.
[021674.79]  01-27 03:40  TwoPointCorrelationFunction  INFO     Computing two-point counts D1D2.
[021678.55]  01-27 03:40  TwoPointCorrelationFunction  INFO     Analytically computing two-point counts R1R2.
[021678.55]  01-27 03:40  TwoPointCorrelationFunction  INFO     Correlation function computed in elapsed time 3.77 s.
[021678.55]  01-27 03:40  NaturalTwoPointEstimator     INFO     Saving /pscratch/sd/s/shengyu/galaxies/catalogs/Y3/AbacusHF-v2/Boxes/QSO/sn1p850/AbacusSummit_base_c000_ph022/mpspk/mpslog_QSO_zp1.850_DR2_v1.0+dv_verr_empirical.npy.
[021678.56]  01-27 03:40  compute_2pt                  INFO     Save to /pscratch/sd/s/shengyu/galaxies/catalogs/Y3/AbacusHF-v2/Boxes/QSO/sn1p850/AbacusSummit_base_c000_ph022/mpspk/mpslog_QSO_zp1.850_DR2_v1.0+dv_verr_empirical.npy
[021678.56]  01-27 03:40  TwoPointCorrelationFunction  INFO     Using estimator <class 'pycorr.twopoint_estimator.NaturalTwoPointEstimator'>.
[021678.56]  01-27 03:40  TwoPointCorrelationFunction  INFO     Running auto-correlation.
[021678.56]  01-27 03:40  TwoPointCorrelationFunction  INFO     Computing two-point counts D1D2.
[021689.62]  01-27 03:41  TwoPointCorrelationFunction  INFO     Analytically computing two-point counts R1R2.
[021689.62]  01-27 03:41  TwoPointCorrelationFunction  INFO     Correlation function computed in elapsed time 11.06 s.
[021689.62]  01-27 03:41  NaturalTwoPointEstimator     INFO     Saving /pscratch/sd/s/shengyu/galaxies/catalogs/Y3/AbacusHF-v2/Boxes/QSO/sn1p850/AbacusSummit_base_c000_ph022/mpspk/wplog_QSO_zp1.850_DR2_v1.0+dv_verr_empirical.npy.
[021689.62]  01-27 03:41  compute_2pt                  INFO     Save to /pscratch/sd/s/shengyu/galaxies/catalogs/Y3/AbacusHF-v2/Boxes/QSO/sn1p850/AbacusSummit_base_c000_ph022/mpspk/wplog_QSO_zp1.850_DR2_v1.0+dv_verr_empirical.npy
[021689.62]  01-27 03:41  compute_2pt                  INFO     Procceed {'version': 'AbacusHF-v2', 'domain': 'cubic', 'tracer': 'QSO', 'zsnap': 1.85, 'zrange': (1.7, 2.1), 'mock_id': 23, 'use_dv': 'verr_empirical'}
[021689.62]  01-27 03:41  cat_tools                    INFO     Load /pscratch/sd/s/shengyu/galaxies/catalogs/Y3/AbacusHF-v2/Boxes/QSO/sn1p850/AbacusSummit_base_c000_ph023/abacus_HF_QSO_1p850_DR2_v2.0_AbacusSummit_base_c000_ph023_base_clustering.dat.h5
[021689.62]  01-27 03:41  FileStack                    INFO     Reading /pscratch/sd/s/shengyu/galaxies/catalogs/Y3/AbacusHF-v2/Boxes/QSO/sn1p850/AbacusSummit_base_c000_ph023/abacus_HF_QSO_1p850_DR2_v2.0_AbacusSummit_base_c000_ph023_base_clustering.dat.h5.
[021689.63]  01-27 03:41  cat_tools                    INFO     use Z positions shifted in verr_empirical mode
[021690.08]  01-27 03:41  TwoPointCorrelationFunction  INFO     Using estimator <class 'pycorr.twopoint_estimator.NaturalTwoPointEstimator'>.
[021690.08]  01-27 03:41  TwoPointCorrelationFunction  INFO     Running auto-correlation.
[021690.08]  01-27 03:41  TwoPointCorrelationFunction  INFO     Computing two-point counts D1D2.
[021706.74]  01-27 03:41  TwoPointCorrelationFunction  INFO     Analytically computing two-point counts R1R2.
[021706.75]  01-27 03:41  TwoPointCorrelationFunction  INFO     Correlation function computed in elapsed time 16.67 s.
[021706.75]  01-27 03:41  NaturalTwoPointEstimator     INFO     Saving /pscratch/sd/s/shengyu/galaxies/catalogs/Y3/AbacusHF-v2/Boxes/QSO/sn1p850/AbacusSummit_base_c000_ph023/mpspk/xipoles_QSO_zp1.850_DR2_v1.0+dv_verr_empirical.npy.
[021706.75]  01-27 03:41  compute_2pt                  INFO     Save to /pscratch/sd/s/shengyu/galaxies/catalogs/Y3/AbacusHF-v2/Boxes/QSO/sn1p850/AbacusSummit_base_c000_ph023/mpspk/xipoles_QSO_zp1.850_DR2_v1.0+dv_verr_empirical.npy
[021708.28]  01-27 03:41  CatalogFFTPower              INFO     Painting catalog 1 to mesh CatalogMesh(nmesh=[512 512 512], boxsize=[2000. 2000. 2000.], boxcenter=[ 999.9999062  1000.00023975  999.9998488 ], dtype=float64).
[021708.52]  01-27 03:41  CatalogMesh                  INFO     Slab 0 ~ 4194304 / 11354937.
[021709.75]  01-27 03:41  CatalogMesh                  INFO     Painted 4194304 out of 11354937 objects to mesh.
[021709.75]  01-27 03:41  CatalogMesh                  INFO     Slab 4194304 ~ 8388608 / 11354937.
[021710.97]  01-27 03:41  CatalogMesh                  INFO     Painted 8388608 out of 11354937 objects to mesh.
[021710.97]  01-27 03:41  CatalogMesh                  INFO     Slab 8388608 ~ 12582912 / 11354937.
[021711.97]  01-27 03:41  CatalogMesh                  INFO     Painted 11354937 out of 11354937 objects to mesh.
[021711.97]  01-27 03:41  CatalogMesh                  INFO     Running interlacing at order 3.
[021714.04]  01-27 03:41  CatalogMesh                  INFO     Slab 0 ~ 4194304 / 11354937.
[021715.26]  01-27 03:41  CatalogMesh                  INFO     Painted 4194304 out of 11354937 objects to mesh.
[021715.26]  01-27 03:41  CatalogMesh                  INFO     Slab 4194304 ~ 8388608 / 11354937.
[021716.48]  01-27 03:41  CatalogMesh                  INFO     Painted 8388608 out of 11354937 objects to mesh.
[021716.48]  01-27 03:41  CatalogMesh                  INFO     Slab 8388608 ~ 12582912 / 11354937.
[021717.49]  01-27 03:41  CatalogMesh                  INFO     Painted 11354937 out of 11354937 objects to mesh.
[021721.08]  01-27 03:41  CatalogMesh                  INFO     Slab 0 ~ 4194304 / 11354937.
[021722.30]  01-27 03:41  CatalogMesh                  INFO     Painted 4194304 out of 11354937 objects to mesh.
[021722.30]  01-27 03:41  CatalogMesh                  INFO     Slab 4194304 ~ 8388608 / 11354937.
[021723.52]  01-27 03:41  CatalogMesh                  INFO     Painted 8388608 out of 11354937 objects to mesh.
[021723.52]  01-27 03:41  CatalogMesh                  INFO     Slab 8388608 ~ 12582912 / 11354937.
[021724.53]  01-27 03:41  CatalogMesh                  INFO     Painted 11354937 out of 11354937 objects to mesh.
[021730.00]  01-27 03:41  CatalogFFTPower              INFO     Done painting catalog 1 to mesh.
[021730.00]  01-27 03:41  CatalogFFTPower              INFO     Using 400 k-bins between 0.000 and 0.400.
[021730.00]  01-27 03:41  CatalogFFTPower              INFO     Meshes prepared in elapsed time 21.72 s.
[021730.00]  01-27 03:41  CatalogFFTPower              INFO     Running mesh calculation.
[021746.95]  01-27 03:42  CatalogFFTPower              INFO     Mesh calculations performed in elapsed time 16.94 s.
[021746.95]  01-27 03:42  CatalogFFTPower              INFO     Power spectrum computed in elapsed time 38.66 s.
[021746.95]  01-27 03:42  CatalogFFTPower              INFO     Saving /pscratch/sd/s/shengyu/galaxies/catalogs/Y3/AbacusHF-v2/Boxes/QSO/sn1p850/AbacusSummit_base_c000_ph023/mpspk/pkpoles_QSO_zp1.850_DR2_v1.0+dv_verr_empirical.npy.
[021746.95]  01-27 03:42  compute_2pt                  INFO     Save to /pscratch/sd/s/shengyu/galaxies/catalogs/Y3/AbacusHF-v2/Boxes/QSO/sn1p850/AbacusSummit_base_c000_ph023/mpspk/pkpoles_QSO_zp1.850_DR2_v1.0+dv_verr_empirical.npy
[021746.95]  01-27 03:42  TwoPointCorrelationFunction  INFO     Using estimator <class 'pycorr.twopoint_estimator.NaturalTwoPointEstimator'>.
[021746.95]  01-27 03:42  TwoPointCorrelationFunction  INFO     Running auto-correlation.
[021746.95]  01-27 03:42  TwoPointCorrelationFunction  INFO     Computing two-point counts D1D2.
[021750.85]  01-27 03:42  TwoPointCorrelationFunction  INFO     Analytically computing two-point counts R1R2.
[021750.85]  01-27 03:42  TwoPointCorrelationFunction  INFO     Correlation function computed in elapsed time 3.90 s.
[021750.85]  01-27 03:42  NaturalTwoPointEstimator     INFO     Saving /pscratch/sd/s/shengyu/galaxies/catalogs/Y3/AbacusHF-v2/Boxes/QSO/sn1p850/AbacusSummit_base_c000_ph023/mpspk/mpslog_QSO_zp1.850_DR2_v1.0+dv_verr_empirical.npy.
[021750.85]  01-27 03:42  compute_2pt                  INFO     Save to /pscratch/sd/s/shengyu/galaxies/catalogs/Y3/AbacusHF-v2/Boxes/QSO/sn1p850/AbacusSummit_base_c000_ph023/mpspk/mpslog_QSO_zp1.850_DR2_v1.0+dv_verr_empirical.npy
[021750.85]  01-27 03:42  TwoPointCorrelationFunction  INFO     Using estimator <class 'pycorr.twopoint_estimator.NaturalTwoPointEstimator'>.
[021750.85]  01-27 03:42  TwoPointCorrelationFunction  INFO     Running auto-correlation.
[021750.85]  01-27 03:42  TwoPointCorrelationFunction  INFO     Computing two-point counts D1D2.
[021761.93]  01-27 03:42  TwoPointCorrelationFunction  INFO     Analytically computing two-point counts R1R2.
[021761.93]  01-27 03:42  TwoPointCorrelationFunction  INFO     Correlation function computed in elapsed time 11.08 s.
[021761.93]  01-27 03:42  NaturalTwoPointEstimator     INFO     Saving /pscratch/sd/s/shengyu/galaxies/catalogs/Y3/AbacusHF-v2/Boxes/QSO/sn1p850/AbacusSummit_base_c000_ph023/mpspk/wplog_QSO_zp1.850_DR2_v1.0+dv_verr_empirical.npy.
[021761.93]  01-27 03:42  compute_2pt                  INFO     Save to /pscratch/sd/s/shengyu/galaxies/catalogs/Y3/AbacusHF-v2/Boxes/QSO/sn1p850/AbacusSummit_base_c000_ph023/mpspk/wplog_QSO_zp1.850_DR2_v1.0+dv_verr_empirical.npy
[021761.94]  01-27 03:42  compute_2pt                  INFO     Procceed {'version': 'AbacusHF-v2', 'domain': 'cubic', 'tracer': 'QSO', 'zsnap': 1.85, 'zrange': (1.7, 2.1), 'mock_id': 24, 'use_dv': 'verr_empirical'}
[021761.94]  01-27 03:42  cat_tools                    INFO     Load /pscratch/sd/s/shengyu/galaxies/catalogs/Y3/AbacusHF-v2/Boxes/QSO/sn1p850/AbacusSummit_base_c000_ph024/abacus_HF_QSO_1p850_DR2_v2.0_AbacusSummit_base_c000_ph024_base_clustering.dat.h5
[021761.94]  01-27 03:42  FileStack                    INFO     Reading /pscratch/sd/s/shengyu/galaxies/catalogs/Y3/AbacusHF-v2/Boxes/QSO/sn1p850/AbacusSummit_base_c000_ph024/abacus_HF_QSO_1p850_DR2_v2.0_AbacusSummit_base_c000_ph024_base_clustering.dat.h5.
[021761.94]  01-27 03:42  cat_tools                    INFO     use Z positions shifted in verr_empirical mode
[021762.39]  01-27 03:42  TwoPointCorrelationFunction  INFO     Using estimator <class 'pycorr.twopoint_estimator.NaturalTwoPointEstimator'>.
[021762.39]  01-27 03:42  TwoPointCorrelationFunction  INFO     Running auto-correlation.
[021762.39]  01-27 03:42  TwoPointCorrelationFunction  INFO     Computing two-point counts D1D2.
[021779.20]  01-27 03:42  TwoPointCorrelationFunction  INFO     Analytically computing two-point counts R1R2.
[021779.20]  01-27 03:42  TwoPointCorrelationFunction  INFO     Correlation function computed in elapsed time 16.81 s.
[021779.21]  01-27 03:42  NaturalTwoPointEstimator     INFO     Saving /pscratch/sd/s/shengyu/galaxies/catalogs/Y3/AbacusHF-v2/Boxes/QSO/sn1p850/AbacusSummit_base_c000_ph024/mpspk/xipoles_QSO_zp1.850_DR2_v1.0+dv_verr_empirical.npy.
[021779.21]  01-27 03:42  compute_2pt                  INFO     Save to /pscratch/sd/s/shengyu/galaxies/catalogs/Y3/AbacusHF-v2/Boxes/QSO/sn1p850/AbacusSummit_base_c000_ph024/mpspk/xipoles_QSO_zp1.850_DR2_v1.0+dv_verr_empirical.npy
[021780.75]  01-27 03:42  CatalogFFTPower              INFO     Painting catalog 1 to mesh CatalogMesh(nmesh=[512 512 512], boxsize=[2000. 2000. 2000.], boxcenter=[ 999.99994217  999.99978708 1000.00000312], dtype=float64).
[021780.98]  01-27 03:42  CatalogMesh                  INFO     Slab 0 ~ 4194304 / 11356678.
[021782.21]  01-27 03:42  CatalogMesh                  INFO     Painted 4194304 out of 11356678 objects to mesh.
[021782.21]  01-27 03:42  CatalogMesh                  INFO     Slab 4194304 ~ 8388608 / 11356678.
[021783.44]  01-27 03:42  CatalogMesh                  INFO     Painted 8388608 out of 11356678 objects to mesh.
[021783.44]  01-27 03:42  CatalogMesh                  INFO     Slab 8388608 ~ 12582912 / 11356678.
[021784.45]  01-27 03:42  CatalogMesh                  INFO     Painted 11356678 out of 11356678 objects to mesh.
[021784.45]  01-27 03:42  CatalogMesh                  INFO     Running interlacing at order 3.
[021786.51]  01-27 03:42  CatalogMesh                  INFO     Slab 0 ~ 4194304 / 11356678.
[021787.73]  01-27 03:42  CatalogMesh                  INFO     Painted 4194304 out of 11356678 objects to mesh.
[021787.73]  01-27 03:42  CatalogMesh                  INFO     Slab 4194304 ~ 8388608 / 11356678.
[021788.95]  01-27 03:42  CatalogMesh                  INFO     Painted 8388608 out of 11356678 objects to mesh.
[021788.95]  01-27 03:42  CatalogMesh                  INFO     Slab 8388608 ~ 12582912 / 11356678.
[021789.95]  01-27 03:42  CatalogMesh                  INFO     Painted 11356678 out of 11356678 objects to mesh.
[021793.54]  01-27 03:42  CatalogMesh                  INFO     Slab 0 ~ 4194304 / 11356678.
[021794.76]  01-27 03:42  CatalogMesh                  INFO     Painted 4194304 out of 11356678 objects to mesh.
[021794.76]  01-27 03:42  CatalogMesh                  INFO     Slab 4194304 ~ 8388608 / 11356678.
[021795.98]  01-27 03:42  CatalogMesh                  INFO     Painted 8388608 out of 11356678 objects to mesh.
[021795.98]  01-27 03:42  CatalogMesh                  INFO     Slab 8388608 ~ 12582912 / 11356678.
[021796.99]  01-27 03:42  CatalogMesh                  INFO     Painted 11356678 out of 11356678 objects to mesh.
[021802.46]  01-27 03:42  CatalogFFTPower              INFO     Done painting catalog 1 to mesh.
[021802.46]  01-27 03:42  CatalogFFTPower              INFO     Using 400 k-bins between 0.000 and 0.400.
[021802.46]  01-27 03:42  CatalogFFTPower              INFO     Meshes prepared in elapsed time 21.71 s.
[021802.46]  01-27 03:42  CatalogFFTPower              INFO     Running mesh calculation.
[021819.42]  01-27 03:43  CatalogFFTPower              INFO     Mesh calculations performed in elapsed time 16.96 s.
[021819.42]  01-27 03:43  CatalogFFTPower              INFO     Power spectrum computed in elapsed time 38.67 s.
[021819.42]  01-27 03:43  CatalogFFTPower              INFO     Saving /pscratch/sd/s/shengyu/galaxies/catalogs/Y3/AbacusHF-v2/Boxes/QSO/sn1p850/AbacusSummit_base_c000_ph024/mpspk/pkpoles_QSO_zp1.850_DR2_v1.0+dv_verr_empirical.npy.
[021819.42]  01-27 03:43  compute_2pt                  INFO     Save to /pscratch/sd/s/shengyu/galaxies/catalogs/Y3/AbacusHF-v2/Boxes/QSO/sn1p850/AbacusSummit_base_c000_ph024/mpspk/pkpoles_QSO_zp1.850_DR2_v1.0+dv_verr_empirical.npy
[021819.42]  01-27 03:43  TwoPointCorrelationFunction  INFO     Using estimator <class 'pycorr.twopoint_estimator.NaturalTwoPointEstimator'>.
[021819.42]  01-27 03:43  TwoPointCorrelationFunction  INFO     Running auto-correlation.
[021819.42]  01-27 03:43  TwoPointCorrelationFunction  INFO     Computing two-point counts D1D2.
[021822.90]  01-27 03:43  TwoPointCorrelationFunction  INFO     Analytically computing two-point counts R1R2.
[021822.90]  01-27 03:43  TwoPointCorrelationFunction  INFO     Correlation function computed in elapsed time 3.48 s.
[021822.90]  01-27 03:43  NaturalTwoPointEstimator     INFO     Saving /pscratch/sd/s/shengyu/galaxies/catalogs/Y3/AbacusHF-v2/Boxes/QSO/sn1p850/AbacusSummit_base_c000_ph024/mpspk/mpslog_QSO_zp1.850_DR2_v1.0+dv_verr_empirical.npy.
[021822.91]  01-27 03:43  compute_2pt                  INFO     Save to /pscratch/sd/s/shengyu/galaxies/catalogs/Y3/AbacusHF-v2/Boxes/QSO/sn1p850/AbacusSummit_base_c000_ph024/mpspk/mpslog_QSO_zp1.850_DR2_v1.0+dv_verr_empirical.npy
[021822.91]  01-27 03:43  TwoPointCorrelationFunction  INFO     Using estimator <class 'pycorr.twopoint_estimator.NaturalTwoPointEstimator'>.
[021822.91]  01-27 03:43  TwoPointCorrelationFunction  INFO     Running auto-correlation.
[021822.91]  01-27 03:43  TwoPointCorrelationFunction  INFO     Computing two-point counts D1D2.
[021833.99]  01-27 03:43  TwoPointCorrelationFunction  INFO     Analytically computing two-point counts R1R2.
[021834.00]  01-27 03:43  TwoPointCorrelationFunction  INFO     Correlation function computed in elapsed time 11.09 s.
[021834.00]  01-27 03:43  NaturalTwoPointEstimator     INFO     Saving /pscratch/sd/s/shengyu/galaxies/catalogs/Y3/AbacusHF-v2/Boxes/QSO/sn1p850/AbacusSummit_base_c000_ph024/mpspk/wplog_QSO_zp1.850_DR2_v1.0+dv_verr_empirical.npy.
[021834.00]  01-27 03:43  compute_2pt                  INFO     Save to /pscratch/sd/s/shengyu/galaxies/catalogs/Y3/AbacusHF-v2/Boxes/QSO/sn1p850/AbacusSummit_base_c000_ph024/mpspk/wplog_QSO_zp1.850_DR2_v1.0+dv_verr_empirical.npy
/var/spool/slurmd/job48087565/slurm_script: line 26: unexpected EOF while looking for matching `''
/var/spool/slurmd/job48087565/slurm_script: line 27: syntax error: unexpected end of file
