This environment is new! To use the (previous) DR1 environment, run:
  source /global/common/software/desi/users/adematti/cosmodesi_environment.sh dr1
Node nid003181 running ZRR=repeat
[000000.01]  01-26 15:00  compute_2pt                  INFO     Received arguments: Namespace(version='AbacusHF-v2', domains=['cubic'], tracers=['QSO'], mockid='0-24', zerrs=['repeat'], task=['pk'])
[000000.01]  01-26 15:00  compute_2pt                  INFO     Procceed {'version': 'AbacusHF-v2', 'domain': 'cubic', 'tracer': 'QSO', 'zsnap': 0.95, 'zrange': (0.8, 1.1), 'mock_id': 0, 'use_dv': 'repeat'}
[000000.01]  01-26 15:00  cat_tools                    INFO     Load /pscratch/sd/s/shengyu/galaxies/catalogs/Y3/AbacusHF-v2/Boxes/QSO/sn0p950/AbacusSummit_base_c000_ph000/abacus_HF_QSO_0p950_DR2_v2.0_AbacusSummit_base_c000_ph000_base_clustering.dat.h5
[000000.01]  01-26 15:00  FileStack                    INFO     Reading /pscratch/sd/s/shengyu/galaxies/catalogs/Y3/AbacusHF-v2/Boxes/QSO/sn0p950/AbacusSummit_base_c000_ph000/abacus_HF_QSO_0p950_DR2_v2.0_AbacusSummit_base_c000_ph000_base_clustering.dat.h5.
[000000.02]  01-26 15:00  cat_tools                    INFO     use Z positions shifted in repeat mode
[000001.77]  01-26 15:00  TwoPointCorrelationFunction  INFO     Using estimator <class 'pycorr.twopoint_estimator.NaturalTwoPointEstimator'>.
[000001.77]  01-26 15:00  TwoPointCorrelationFunction  INFO     Running auto-correlation.
[000001.77]  01-26 15:00  TwoPointCorrelationFunction  INFO     Computing two-point counts D1D2.
[000003.25]  01-26 15:00  numexpr.utils                INFO     Note: detected 128 virtual cores but NumExpr set to maximum of 64, check "NUMEXPR_MAX_THREADS" environment variable.
[000003.25]  01-26 15:00  numexpr.utils                INFO     Note: NumExpr detected 128 cores but "NUMEXPR_MAX_THREADS" not set, so enforcing safe limit of 16.
[000003.25]  01-26 15:00  numexpr.utils                INFO     NumExpr defaulting to 16 threads.
[000273.31]  01-26 15:04  TwoPointCorrelationFunction  INFO     Analytically computing two-point counts R1R2.
[000273.31]  01-26 15:04  TwoPointCorrelationFunction  INFO     Correlation function computed in elapsed time 271.55 s.
[000273.31]  01-26 15:04  NaturalTwoPointEstimator     INFO     Saving /pscratch/sd/s/shengyu/galaxies/catalogs/Y3/AbacusHF-v2/Boxes/QSO/sn0p950/AbacusSummit_base_c000_ph000/mpspk/xipoles_QSO_zp0.950_DR2_v1.0+dv_repeat.npy.
[000273.32]  01-26 15:04  compute_2pt                  INFO     Save to /pscratch/sd/s/shengyu/galaxies/catalogs/Y3/AbacusHF-v2/Boxes/QSO/sn0p950/AbacusSummit_base_c000_ph000/mpspk/xipoles_QSO_zp0.950_DR2_v1.0+dv_repeat.npy
[000279.45]  01-26 15:04  CatalogFFTPower              INFO     Painting catalog 1 to mesh CatalogMesh(nmesh=[512 512 512], boxsize=[2000. 2000. 2000.], boxcenter=[ 999.99997601 1000.00001244 1000.0000026 ], dtype=float64).
[000280.04]  01-26 15:04  CatalogMesh                  INFO     Slab 0 ~ 4194304 / 45464660.
[000281.14]  01-26 15:04  CatalogMesh                  INFO     Painted 4194304 out of 45464660 objects to mesh.
[000281.14]  01-26 15:04  CatalogMesh                  INFO     Slab 4194304 ~ 8388608 / 45464660.
[000282.21]  01-26 15:04  CatalogMesh                  INFO     Painted 8388608 out of 45464660 objects to mesh.
[000282.21]  01-26 15:04  CatalogMesh                  INFO     Slab 8388608 ~ 12582912 / 45464660.
[000283.28]  01-26 15:04  CatalogMesh                  INFO     Painted 12582912 out of 45464660 objects to mesh.
[000283.28]  01-26 15:04  CatalogMesh                  INFO     Slab 12582912 ~ 16777216 / 45464660.
[000284.35]  01-26 15:04  CatalogMesh                  INFO     Painted 16777216 out of 45464660 objects to mesh.
[000284.35]  01-26 15:04  CatalogMesh                  INFO     Slab 16777216 ~ 20971520 / 45464660.
[000285.42]  01-26 15:04  CatalogMesh                  INFO     Painted 20971520 out of 45464660 objects to mesh.
[000285.42]  01-26 15:04  CatalogMesh                  INFO     Slab 20971520 ~ 25165824 / 45464660.
[000286.49]  01-26 15:04  CatalogMesh                  INFO     Painted 25165824 out of 45464660 objects to mesh.
[000286.49]  01-26 15:04  CatalogMesh                  INFO     Slab 25165824 ~ 29360128 / 45464660.
[000287.56]  01-26 15:04  CatalogMesh                  INFO     Painted 29360128 out of 45464660 objects to mesh.
[000287.56]  01-26 15:04  CatalogMesh                  INFO     Slab 29360128 ~ 33554432 / 45464660.
[000288.65]  01-26 15:05  CatalogMesh                  INFO     Painted 33554432 out of 45464660 objects to mesh.
[000288.65]  01-26 15:05  CatalogMesh                  INFO     Slab 33554432 ~ 37748736 / 45464660.
[000289.85]  01-26 15:05  CatalogMesh                  INFO     Painted 37748736 out of 45464660 objects to mesh.
[000289.85]  01-26 15:05  CatalogMesh                  INFO     Slab 37748736 ~ 41943040 / 45464660.
[000291.04]  01-26 15:05  CatalogMesh                  INFO     Painted 41943040 out of 45464660 objects to mesh.
[000291.04]  01-26 15:05  CatalogMesh                  INFO     Slab 41943040 ~ 46137344 / 45464660.
[000292.06]  01-26 15:05  CatalogMesh                  INFO     Painted 45464660 out of 45464660 objects to mesh.
[000292.06]  01-26 15:05  CatalogMesh                  INFO     Running interlacing at order 3.
[000294.47]  01-26 15:05  CatalogMesh                  INFO     Slab 0 ~ 4194304 / 45464660.
[000295.57]  01-26 15:05  CatalogMesh                  INFO     Painted 4194304 out of 45464660 objects to mesh.
[000295.57]  01-26 15:05  CatalogMesh                  INFO     Slab 4194304 ~ 8388608 / 45464660.
[000296.66]  01-26 15:05  CatalogMesh                  INFO     Painted 8388608 out of 45464660 objects to mesh.
[000296.66]  01-26 15:05  CatalogMesh                  INFO     Slab 8388608 ~ 12582912 / 45464660.
[000297.73]  01-26 15:05  CatalogMesh                  INFO     Painted 12582912 out of 45464660 objects to mesh.
[000297.73]  01-26 15:05  CatalogMesh                  INFO     Slab 12582912 ~ 16777216 / 45464660.
[000298.80]  01-26 15:05  CatalogMesh                  INFO     Painted 16777216 out of 45464660 objects to mesh.
[000298.80]  01-26 15:05  CatalogMesh                  INFO     Slab 16777216 ~ 20971520 / 45464660.
[000299.87]  01-26 15:05  CatalogMesh                  INFO     Painted 20971520 out of 45464660 objects to mesh.
[000299.87]  01-26 15:05  CatalogMesh                  INFO     Slab 20971520 ~ 25165824 / 45464660.
[000300.94]  01-26 15:05  CatalogMesh                  INFO     Painted 25165824 out of 45464660 objects to mesh.
[000300.94]  01-26 15:05  CatalogMesh                  INFO     Slab 25165824 ~ 29360128 / 45464660.
[000302.01]  01-26 15:05  CatalogMesh                  INFO     Painted 29360128 out of 45464660 objects to mesh.
[000302.01]  01-26 15:05  CatalogMesh                  INFO     Slab 29360128 ~ 33554432 / 45464660.
[000303.10]  01-26 15:05  CatalogMesh                  INFO     Painted 33554432 out of 45464660 objects to mesh.
[000303.10]  01-26 15:05  CatalogMesh                  INFO     Slab 33554432 ~ 37748736 / 45464660.
[000304.29]  01-26 15:05  CatalogMesh                  INFO     Painted 37748736 out of 45464660 objects to mesh.
[000304.29]  01-26 15:05  CatalogMesh                  INFO     Slab 37748736 ~ 41943040 / 45464660.
[000305.50]  01-26 15:05  CatalogMesh                  INFO     Painted 41943040 out of 45464660 objects to mesh.
[000305.50]  01-26 15:05  CatalogMesh                  INFO     Slab 41943040 ~ 46137344 / 45464660.
[000306.51]  01-26 15:05  CatalogMesh                  INFO     Painted 45464660 out of 45464660 objects to mesh.
[000310.47]  01-26 15:05  CatalogMesh                  INFO     Slab 0 ~ 4194304 / 45464660.
[000311.54]  01-26 15:05  CatalogMesh                  INFO     Painted 4194304 out of 45464660 objects to mesh.
[000311.54]  01-26 15:05  CatalogMesh                  INFO     Slab 4194304 ~ 8388608 / 45464660.
[000312.61]  01-26 15:05  CatalogMesh                  INFO     Painted 8388608 out of 45464660 objects to mesh.
[000312.61]  01-26 15:05  CatalogMesh                  INFO     Slab 8388608 ~ 12582912 / 45464660.
[000313.68]  01-26 15:05  CatalogMesh                  INFO     Painted 12582912 out of 45464660 objects to mesh.
[000313.68]  01-26 15:05  CatalogMesh                  INFO     Slab 12582912 ~ 16777216 / 45464660.
[000314.75]  01-26 15:05  CatalogMesh                  INFO     Painted 16777216 out of 45464660 objects to mesh.
[000314.75]  01-26 15:05  CatalogMesh                  INFO     Slab 16777216 ~ 20971520 / 45464660.
[000315.82]  01-26 15:05  CatalogMesh                  INFO     Painted 20971520 out of 45464660 objects to mesh.
[000315.82]  01-26 15:05  CatalogMesh                  INFO     Slab 20971520 ~ 25165824 / 45464660.
[000316.90]  01-26 15:05  CatalogMesh                  INFO     Painted 25165824 out of 45464660 objects to mesh.
[000316.90]  01-26 15:05  CatalogMesh                  INFO     Slab 25165824 ~ 29360128 / 45464660.
[000317.97]  01-26 15:05  CatalogMesh                  INFO     Painted 29360128 out of 45464660 objects to mesh.
[000317.97]  01-26 15:05  CatalogMesh                  INFO     Slab 29360128 ~ 33554432 / 45464660.
[000319.06]  01-26 15:05  CatalogMesh                  INFO     Painted 33554432 out of 45464660 objects to mesh.
[000319.06]  01-26 15:05  CatalogMesh                  INFO     Slab 33554432 ~ 37748736 / 45464660.
[000320.26]  01-26 15:05  CatalogMesh                  INFO     Painted 37748736 out of 45464660 objects to mesh.
[000320.26]  01-26 15:05  CatalogMesh                  INFO     Slab 37748736 ~ 41943040 / 45464660.
[000321.45]  01-26 15:05  CatalogMesh                  INFO     Painted 41943040 out of 45464660 objects to mesh.
[000321.45]  01-26 15:05  CatalogMesh                  INFO     Slab 41943040 ~ 46137344 / 45464660.
[000322.46]  01-26 15:05  CatalogMesh                  INFO     Painted 45464660 out of 45464660 objects to mesh.
[000328.12]  01-26 15:05  CatalogFFTPower              INFO     Done painting catalog 1 to mesh.
[000328.13]  01-26 15:05  CatalogFFTPower              INFO     Using 400 k-bins between 0.000 and 0.400.
[000328.13]  01-26 15:05  CatalogFFTPower              INFO     Meshes prepared in elapsed time 48.68 s.
[000328.13]  01-26 15:05  CatalogFFTPower              INFO     Running mesh calculation.
[000345.57]  01-26 15:05  CatalogFFTPower              INFO     Mesh calculations performed in elapsed time 17.45 s.
[000345.57]  01-26 15:05  CatalogFFTPower              INFO     Power spectrum computed in elapsed time 66.13 s.
[000345.58]  01-26 15:05  CatalogFFTPower              INFO     Saving /pscratch/sd/s/shengyu/galaxies/catalogs/Y3/AbacusHF-v2/Boxes/QSO/sn0p950/AbacusSummit_base_c000_ph000/mpspk/pkpoles_QSO_zp0.950_DR2_v1.0+dv_repeat.npy.
[000345.58]  01-26 15:05  compute_2pt                  INFO     Save to /pscratch/sd/s/shengyu/galaxies/catalogs/Y3/AbacusHF-v2/Boxes/QSO/sn0p950/AbacusSummit_base_c000_ph000/mpspk/pkpoles_QSO_zp0.950_DR2_v1.0+dv_repeat.npy
[000345.58]  01-26 15:05  TwoPointCorrelationFunction  INFO     Using estimator <class 'pycorr.twopoint_estimator.NaturalTwoPointEstimator'>.
[000345.58]  01-26 15:05  TwoPointCorrelationFunction  INFO     Running auto-correlation.
[000345.58]  01-26 15:05  TwoPointCorrelationFunction  INFO     Computing two-point counts D1D2.
[000408.92]  01-26 15:07  TwoPointCorrelationFunction  INFO     Analytically computing two-point counts R1R2.
[000408.92]  01-26 15:07  TwoPointCorrelationFunction  INFO     Correlation function computed in elapsed time 63.34 s.
[000408.93]  01-26 15:07  NaturalTwoPointEstimator     INFO     Saving /pscratch/sd/s/shengyu/galaxies/catalogs/Y3/AbacusHF-v2/Boxes/QSO/sn0p950/AbacusSummit_base_c000_ph000/mpspk/mpslog_QSO_zp0.950_DR2_v1.0+dv_repeat.npy.
[000408.93]  01-26 15:07  compute_2pt                  INFO     Save to /pscratch/sd/s/shengyu/galaxies/catalogs/Y3/AbacusHF-v2/Boxes/QSO/sn0p950/AbacusSummit_base_c000_ph000/mpspk/mpslog_QSO_zp0.950_DR2_v1.0+dv_repeat.npy
[000408.93]  01-26 15:07  TwoPointCorrelationFunction  INFO     Using estimator <class 'pycorr.twopoint_estimator.NaturalTwoPointEstimator'>.
[000408.93]  01-26 15:07  TwoPointCorrelationFunction  INFO     Running auto-correlation.
[000408.93]  01-26 15:07  TwoPointCorrelationFunction  INFO     Computing two-point counts D1D2.
[000450.97]  01-26 15:07  TwoPointCorrelationFunction  INFO     Analytically computing two-point counts R1R2.
[000450.97]  01-26 15:07  TwoPointCorrelationFunction  INFO     Correlation function computed in elapsed time 42.04 s.
[000450.97]  01-26 15:07  NaturalTwoPointEstimator     INFO     Saving /pscratch/sd/s/shengyu/galaxies/catalogs/Y3/AbacusHF-v2/Boxes/QSO/sn0p950/AbacusSummit_base_c000_ph000/mpspk/wplog_QSO_zp0.950_DR2_v1.0+dv_repeat.npy.
[000450.98]  01-26 15:07  compute_2pt                  INFO     Save to /pscratch/sd/s/shengyu/galaxies/catalogs/Y3/AbacusHF-v2/Boxes/QSO/sn0p950/AbacusSummit_base_c000_ph000/mpspk/wplog_QSO_zp0.950_DR2_v1.0+dv_repeat.npy
[000450.98]  01-26 15:07  compute_2pt                  INFO     Procceed {'version': 'AbacusHF-v2', 'domain': 'cubic', 'tracer': 'QSO', 'zsnap': 0.95, 'zrange': (0.8, 1.1), 'mock_id': 1, 'use_dv': 'repeat'}
[000450.99]  01-26 15:07  cat_tools                    INFO     Load /pscratch/sd/s/shengyu/galaxies/catalogs/Y3/AbacusHF-v2/Boxes/QSO/sn0p950/AbacusSummit_base_c000_ph001/abacus_HF_QSO_0p950_DR2_v2.0_AbacusSummit_base_c000_ph001_base_clustering.dat.h5
[000450.99]  01-26 15:07  FileStack                    INFO     Reading /pscratch/sd/s/shengyu/galaxies/catalogs/Y3/AbacusHF-v2/Boxes/QSO/sn0p950/AbacusSummit_base_c000_ph001/abacus_HF_QSO_0p950_DR2_v2.0_AbacusSummit_base_c000_ph001_base_clustering.dat.h5.
[000451.00]  01-26 15:07  cat_tools                    INFO     use Z positions shifted in repeat mode
[000452.78]  01-26 15:07  TwoPointCorrelationFunction  INFO     Using estimator <class 'pycorr.twopoint_estimator.NaturalTwoPointEstimator'>.
[000452.78]  01-26 15:07  TwoPointCorrelationFunction  INFO     Running auto-correlation.
[000452.78]  01-26 15:07  TwoPointCorrelationFunction  INFO     Computing two-point counts D1D2.
[000711.04]  01-26 15:12  TwoPointCorrelationFunction  INFO     Analytically computing two-point counts R1R2.
[000711.04]  01-26 15:12  TwoPointCorrelationFunction  INFO     Correlation function computed in elapsed time 258.26 s.
[000711.04]  01-26 15:12  NaturalTwoPointEstimator     INFO     Saving /pscratch/sd/s/shengyu/galaxies/catalogs/Y3/AbacusHF-v2/Boxes/QSO/sn0p950/AbacusSummit_base_c000_ph001/mpspk/xipoles_QSO_zp0.950_DR2_v1.0+dv_repeat.npy.
[000711.05]  01-26 15:12  compute_2pt                  INFO     Save to /pscratch/sd/s/shengyu/galaxies/catalogs/Y3/AbacusHF-v2/Boxes/QSO/sn0p950/AbacusSummit_base_c000_ph001/mpspk/xipoles_QSO_zp0.950_DR2_v1.0+dv_repeat.npy
[000717.18]  01-26 15:12  CatalogFFTPower              INFO     Painting catalog 1 to mesh CatalogMesh(nmesh=[512 512 512], boxsize=[2000. 2000. 2000.], boxcenter=[1000.00001666  999.99999313  999.99998696], dtype=float64).
[000717.75]  01-26 15:12  CatalogMesh                  INFO     Slab 0 ~ 4194304 / 45478281.
[000718.86]  01-26 15:12  CatalogMesh                  INFO     Painted 4194304 out of 45478281 objects to mesh.
[000718.86]  01-26 15:12  CatalogMesh                  INFO     Slab 4194304 ~ 8388608 / 45478281.
[000719.93]  01-26 15:12  CatalogMesh                  INFO     Painted 8388608 out of 45478281 objects to mesh.
[000719.93]  01-26 15:12  CatalogMesh                  INFO     Slab 8388608 ~ 12582912 / 45478281.
[000721.01]  01-26 15:12  CatalogMesh                  INFO     Painted 12582912 out of 45478281 objects to mesh.
[000721.01]  01-26 15:12  CatalogMesh                  INFO     Slab 12582912 ~ 16777216 / 45478281.
[000722.09]  01-26 15:12  CatalogMesh                  INFO     Painted 16777216 out of 45478281 objects to mesh.
[000722.09]  01-26 15:12  CatalogMesh                  INFO     Slab 16777216 ~ 20971520 / 45478281.
[000723.16]  01-26 15:12  CatalogMesh                  INFO     Painted 20971520 out of 45478281 objects to mesh.
[000723.16]  01-26 15:12  CatalogMesh                  INFO     Slab 20971520 ~ 25165824 / 45478281.
[000724.24]  01-26 15:12  CatalogMesh                  INFO     Painted 25165824 out of 45478281 objects to mesh.
[000724.24]  01-26 15:12  CatalogMesh                  INFO     Slab 25165824 ~ 29360128 / 45478281.
[000725.32]  01-26 15:12  CatalogMesh                  INFO     Painted 29360128 out of 45478281 objects to mesh.
[000725.32]  01-26 15:12  CatalogMesh                  INFO     Slab 29360128 ~ 33554432 / 45478281.
[000726.41]  01-26 15:12  CatalogMesh                  INFO     Painted 33554432 out of 45478281 objects to mesh.
[000726.41]  01-26 15:12  CatalogMesh                  INFO     Slab 33554432 ~ 37748736 / 45478281.
[000727.62]  01-26 15:12  CatalogMesh                  INFO     Painted 37748736 out of 45478281 objects to mesh.
[000727.62]  01-26 15:12  CatalogMesh                  INFO     Slab 37748736 ~ 41943040 / 45478281.
[000728.83]  01-26 15:12  CatalogMesh                  INFO     Painted 41943040 out of 45478281 objects to mesh.
[000728.83]  01-26 15:12  CatalogMesh                  INFO     Slab 41943040 ~ 46137344 / 45478281.
[000729.85]  01-26 15:12  CatalogMesh                  INFO     Painted 45478281 out of 45478281 objects to mesh.
[000729.85]  01-26 15:12  CatalogMesh                  INFO     Running interlacing at order 3.
[000732.29]  01-26 15:12  CatalogMesh                  INFO     Slab 0 ~ 4194304 / 45478281.
[000733.36]  01-26 15:12  CatalogMesh                  INFO     Painted 4194304 out of 45478281 objects to mesh.
[000733.36]  01-26 15:12  CatalogMesh                  INFO     Slab 4194304 ~ 8388608 / 45478281.
[000734.44]  01-26 15:12  CatalogMesh                  INFO     Painted 8388608 out of 45478281 objects to mesh.
[000734.44]  01-26 15:12  CatalogMesh                  INFO     Slab 8388608 ~ 12582912 / 45478281.
[000735.52]  01-26 15:12  CatalogMesh                  INFO     Painted 12582912 out of 45478281 objects to mesh.
[000735.52]  01-26 15:12  CatalogMesh                  INFO     Slab 12582912 ~ 16777216 / 45478281.
[000736.60]  01-26 15:12  CatalogMesh                  INFO     Painted 16777216 out of 45478281 objects to mesh.
[000736.60]  01-26 15:12  CatalogMesh                  INFO     Slab 16777216 ~ 20971520 / 45478281.
[000737.67]  01-26 15:12  CatalogMesh                  INFO     Painted 20971520 out of 45478281 objects to mesh.
[000737.67]  01-26 15:12  CatalogMesh                  INFO     Slab 20971520 ~ 25165824 / 45478281.
[000738.75]  01-26 15:12  CatalogMesh                  INFO     Painted 25165824 out of 45478281 objects to mesh.
[000738.75]  01-26 15:12  CatalogMesh                  INFO     Slab 25165824 ~ 29360128 / 45478281.
[000739.82]  01-26 15:12  CatalogMesh                  INFO     Painted 29360128 out of 45478281 objects to mesh.
[000739.82]  01-26 15:12  CatalogMesh                  INFO     Slab 29360128 ~ 33554432 / 45478281.
[000740.92]  01-26 15:12  CatalogMesh                  INFO     Painted 33554432 out of 45478281 objects to mesh.
[000740.92]  01-26 15:12  CatalogMesh                  INFO     Slab 33554432 ~ 37748736 / 45478281.
[000742.11]  01-26 15:12  CatalogMesh                  INFO     Painted 37748736 out of 45478281 objects to mesh.
[000742.12]  01-26 15:12  CatalogMesh                  INFO     Slab 37748736 ~ 41943040 / 45478281.
[000743.31]  01-26 15:12  CatalogMesh                  INFO     Painted 41943040 out of 45478281 objects to mesh.
[000743.31]  01-26 15:12  CatalogMesh                  INFO     Slab 41943040 ~ 46137344 / 45478281.
[000744.33]  01-26 15:12  CatalogMesh                  INFO     Painted 45478281 out of 45478281 objects to mesh.
[000748.33]  01-26 15:12  CatalogMesh                  INFO     Slab 0 ~ 4194304 / 45478281.
[000749.40]  01-26 15:12  CatalogMesh                  INFO     Painted 4194304 out of 45478281 objects to mesh.
[000749.40]  01-26 15:12  CatalogMesh                  INFO     Slab 4194304 ~ 8388608 / 45478281.
[000750.48]  01-26 15:12  CatalogMesh                  INFO     Painted 8388608 out of 45478281 objects to mesh.
[000750.48]  01-26 15:12  CatalogMesh                  INFO     Slab 8388608 ~ 12582912 / 45478281.
[000751.55]  01-26 15:12  CatalogMesh                  INFO     Painted 12582912 out of 45478281 objects to mesh.
[000751.55]  01-26 15:12  CatalogMesh                  INFO     Slab 12582912 ~ 16777216 / 45478281.
[000752.63]  01-26 15:12  CatalogMesh                  INFO     Painted 16777216 out of 45478281 objects to mesh.
[000752.63]  01-26 15:12  CatalogMesh                  INFO     Slab 16777216 ~ 20971520 / 45478281.
[000753.70]  01-26 15:12  CatalogMesh                  INFO     Painted 20971520 out of 45478281 objects to mesh.
[000753.70]  01-26 15:12  CatalogMesh                  INFO     Slab 20971520 ~ 25165824 / 45478281.
[000754.77]  01-26 15:12  CatalogMesh                  INFO     Painted 25165824 out of 45478281 objects to mesh.
[000754.77]  01-26 15:12  CatalogMesh                  INFO     Slab 25165824 ~ 29360128 / 45478281.
[000755.85]  01-26 15:12  CatalogMesh                  INFO     Painted 29360128 out of 45478281 objects to mesh.
[000755.85]  01-26 15:12  CatalogMesh                  INFO     Slab 29360128 ~ 33554432 / 45478281.
[000756.95]  01-26 15:12  CatalogMesh                  INFO     Painted 33554432 out of 45478281 objects to mesh.
[000756.95]  01-26 15:12  CatalogMesh                  INFO     Slab 33554432 ~ 37748736 / 45478281.
[000758.15]  01-26 15:12  CatalogMesh                  INFO     Painted 37748736 out of 45478281 objects to mesh.
[000758.15]  01-26 15:12  CatalogMesh                  INFO     Slab 37748736 ~ 41943040 / 45478281.
[000759.36]  01-26 15:12  CatalogMesh                  INFO     Painted 41943040 out of 45478281 objects to mesh.
[000759.36]  01-26 15:12  CatalogMesh                  INFO     Slab 41943040 ~ 46137344 / 45478281.
[000760.38]  01-26 15:12  CatalogMesh                  INFO     Painted 45478281 out of 45478281 objects to mesh.
[000765.94]  01-26 15:12  CatalogFFTPower              INFO     Done painting catalog 1 to mesh.
[000765.94]  01-26 15:12  CatalogFFTPower              INFO     Using 400 k-bins between 0.000 and 0.400.
[000765.94]  01-26 15:12  CatalogFFTPower              INFO     Meshes prepared in elapsed time 48.76 s.
[000765.94]  01-26 15:12  CatalogFFTPower              INFO     Running mesh calculation.
[000783.41]  01-26 15:13  CatalogFFTPower              INFO     Mesh calculations performed in elapsed time 17.47 s.
[000783.41]  01-26 15:13  CatalogFFTPower              INFO     Power spectrum computed in elapsed time 66.24 s.
[000783.42]  01-26 15:13  CatalogFFTPower              INFO     Saving /pscratch/sd/s/shengyu/galaxies/catalogs/Y3/AbacusHF-v2/Boxes/QSO/sn0p950/AbacusSummit_base_c000_ph001/mpspk/pkpoles_QSO_zp0.950_DR2_v1.0+dv_repeat.npy.
[000783.42]  01-26 15:13  compute_2pt                  INFO     Save to /pscratch/sd/s/shengyu/galaxies/catalogs/Y3/AbacusHF-v2/Boxes/QSO/sn0p950/AbacusSummit_base_c000_ph001/mpspk/pkpoles_QSO_zp0.950_DR2_v1.0+dv_repeat.npy
[000783.42]  01-26 15:13  TwoPointCorrelationFunction  INFO     Using estimator <class 'pycorr.twopoint_estimator.NaturalTwoPointEstimator'>.
[000783.42]  01-26 15:13  TwoPointCorrelationFunction  INFO     Running auto-correlation.
[000783.42]  01-26 15:13  TwoPointCorrelationFunction  INFO     Computing two-point counts D1D2.
[000847.51]  01-26 15:14  TwoPointCorrelationFunction  INFO     Analytically computing two-point counts R1R2.
[000847.51]  01-26 15:14  TwoPointCorrelationFunction  INFO     Correlation function computed in elapsed time 64.09 s.
[000847.51]  01-26 15:14  NaturalTwoPointEstimator     INFO     Saving /pscratch/sd/s/shengyu/galaxies/catalogs/Y3/AbacusHF-v2/Boxes/QSO/sn0p950/AbacusSummit_base_c000_ph001/mpspk/mpslog_QSO_zp0.950_DR2_v1.0+dv_repeat.npy.
[000847.52]  01-26 15:14  compute_2pt                  INFO     Save to /pscratch/sd/s/shengyu/galaxies/catalogs/Y3/AbacusHF-v2/Boxes/QSO/sn0p950/AbacusSummit_base_c000_ph001/mpspk/mpslog_QSO_zp0.950_DR2_v1.0+dv_repeat.npy
[000847.52]  01-26 15:14  TwoPointCorrelationFunction  INFO     Using estimator <class 'pycorr.twopoint_estimator.NaturalTwoPointEstimator'>.
[000847.52]  01-26 15:14  TwoPointCorrelationFunction  INFO     Running auto-correlation.
[000847.52]  01-26 15:14  TwoPointCorrelationFunction  INFO     Computing two-point counts D1D2.
[000889.65]  01-26 15:15  TwoPointCorrelationFunction  INFO     Analytically computing two-point counts R1R2.
[000889.65]  01-26 15:15  TwoPointCorrelationFunction  INFO     Correlation function computed in elapsed time 42.14 s.
[000889.65]  01-26 15:15  NaturalTwoPointEstimator     INFO     Saving /pscratch/sd/s/shengyu/galaxies/catalogs/Y3/AbacusHF-v2/Boxes/QSO/sn0p950/AbacusSummit_base_c000_ph001/mpspk/wplog_QSO_zp0.950_DR2_v1.0+dv_repeat.npy.
[000889.66]  01-26 15:15  compute_2pt                  INFO     Save to /pscratch/sd/s/shengyu/galaxies/catalogs/Y3/AbacusHF-v2/Boxes/QSO/sn0p950/AbacusSummit_base_c000_ph001/mpspk/wplog_QSO_zp0.950_DR2_v1.0+dv_repeat.npy
[000889.66]  01-26 15:15  compute_2pt                  INFO     Procceed {'version': 'AbacusHF-v2', 'domain': 'cubic', 'tracer': 'QSO', 'zsnap': 0.95, 'zrange': (0.8, 1.1), 'mock_id': 2, 'use_dv': 'repeat'}
[000889.66]  01-26 15:15  cat_tools                    INFO     Load /pscratch/sd/s/shengyu/galaxies/catalogs/Y3/AbacusHF-v2/Boxes/QSO/sn0p950/AbacusSummit_base_c000_ph002/abacus_HF_QSO_0p950_DR2_v2.0_AbacusSummit_base_c000_ph002_base_clustering.dat.h5
[000889.66]  01-26 15:15  FileStack                    INFO     Reading /pscratch/sd/s/shengyu/galaxies/catalogs/Y3/AbacusHF-v2/Boxes/QSO/sn0p950/AbacusSummit_base_c000_ph002/abacus_HF_QSO_0p950_DR2_v2.0_AbacusSummit_base_c000_ph002_base_clustering.dat.h5.
[000889.67]  01-26 15:15  cat_tools                    INFO     use Z positions shifted in repeat mode
[000891.44]  01-26 15:15  TwoPointCorrelationFunction  INFO     Using estimator <class 'pycorr.twopoint_estimator.NaturalTwoPointEstimator'>.
[000891.44]  01-26 15:15  TwoPointCorrelationFunction  INFO     Running auto-correlation.
[000891.44]  01-26 15:15  TwoPointCorrelationFunction  INFO     Computing two-point counts D1D2.
[001153.68]  01-26 15:19  TwoPointCorrelationFunction  INFO     Analytically computing two-point counts R1R2.
[001153.68]  01-26 15:19  TwoPointCorrelationFunction  INFO     Correlation function computed in elapsed time 262.24 s.
[001153.68]  01-26 15:19  NaturalTwoPointEstimator     INFO     Saving /pscratch/sd/s/shengyu/galaxies/catalogs/Y3/AbacusHF-v2/Boxes/QSO/sn0p950/AbacusSummit_base_c000_ph002/mpspk/xipoles_QSO_zp0.950_DR2_v1.0+dv_repeat.npy.
[001153.69]  01-26 15:19  compute_2pt                  INFO     Save to /pscratch/sd/s/shengyu/galaxies/catalogs/Y3/AbacusHF-v2/Boxes/QSO/sn0p950/AbacusSummit_base_c000_ph002/mpspk/xipoles_QSO_zp0.950_DR2_v1.0+dv_repeat.npy
[001159.79]  01-26 15:19  CatalogFFTPower              INFO     Painting catalog 1 to mesh CatalogMesh(nmesh=[512 512 512], boxsize=[2000. 2000. 2000.], boxcenter=[ 999.99999482 1000.00003648 1000.00001493], dtype=float64).
[001160.37]  01-26 15:19  CatalogMesh                  INFO     Slab 0 ~ 4194304 / 45481717.
[001161.46]  01-26 15:19  CatalogMesh                  INFO     Painted 4194304 out of 45481717 objects to mesh.
[001161.46]  01-26 15:19  CatalogMesh                  INFO     Slab 4194304 ~ 8388608 / 45481717.
[001162.53]  01-26 15:19  CatalogMesh                  INFO     Painted 8388608 out of 45481717 objects to mesh.
[001162.53]  01-26 15:19  CatalogMesh                  INFO     Slab 8388608 ~ 12582912 / 45481717.
[001163.59]  01-26 15:19  CatalogMesh                  INFO     Painted 12582912 out of 45481717 objects to mesh.
[001163.60]  01-26 15:19  CatalogMesh                  INFO     Slab 12582912 ~ 16777216 / 45481717.
[001164.66]  01-26 15:19  CatalogMesh                  INFO     Painted 16777216 out of 45481717 objects to mesh.
[001164.66]  01-26 15:19  CatalogMesh                  INFO     Slab 16777216 ~ 20971520 / 45481717.
[001165.73]  01-26 15:19  CatalogMesh                  INFO     Painted 20971520 out of 45481717 objects to mesh.
[001165.74]  01-26 15:19  CatalogMesh                  INFO     Slab 20971520 ~ 25165824 / 45481717.
[001166.81]  01-26 15:19  CatalogMesh                  INFO     Painted 25165824 out of 45481717 objects to mesh.
[001166.81]  01-26 15:19  CatalogMesh                  INFO     Slab 25165824 ~ 29360128 / 45481717.
[001167.88]  01-26 15:19  CatalogMesh                  INFO     Painted 29360128 out of 45481717 objects to mesh.
[001167.88]  01-26 15:19  CatalogMesh                  INFO     Slab 29360128 ~ 33554432 / 45481717.
[001168.97]  01-26 15:19  CatalogMesh                  INFO     Painted 33554432 out of 45481717 objects to mesh.
[001168.97]  01-26 15:19  CatalogMesh                  INFO     Slab 33554432 ~ 37748736 / 45481717.
[001170.16]  01-26 15:19  CatalogMesh                  INFO     Painted 37748736 out of 45481717 objects to mesh.
[001170.16]  01-26 15:19  CatalogMesh                  INFO     Slab 37748736 ~ 41943040 / 45481717.
[001171.36]  01-26 15:19  CatalogMesh                  INFO     Painted 41943040 out of 45481717 objects to mesh.
[001171.36]  01-26 15:19  CatalogMesh                  INFO     Slab 41943040 ~ 46137344 / 45481717.
[001172.38]  01-26 15:19  CatalogMesh                  INFO     Painted 45481717 out of 45481717 objects to mesh.
[001172.38]  01-26 15:19  CatalogMesh                  INFO     Running interlacing at order 3.
[001174.78]  01-26 15:19  CatalogMesh                  INFO     Slab 0 ~ 4194304 / 45481717.
[001175.85]  01-26 15:19  CatalogMesh                  INFO     Painted 4194304 out of 45481717 objects to mesh.
[001175.85]  01-26 15:19  CatalogMesh                  INFO     Slab 4194304 ~ 8388608 / 45481717.
[001176.92]  01-26 15:19  CatalogMesh                  INFO     Painted 8388608 out of 45481717 objects to mesh.
[001176.92]  01-26 15:19  CatalogMesh                  INFO     Slab 8388608 ~ 12582912 / 45481717.
[001177.99]  01-26 15:19  CatalogMesh                  INFO     Painted 12582912 out of 45481717 objects to mesh.
[001177.99]  01-26 15:19  CatalogMesh                  INFO     Slab 12582912 ~ 16777216 / 45481717.
[001179.06]  01-26 15:19  CatalogMesh                  INFO     Painted 16777216 out of 45481717 objects to mesh.
[001179.06]  01-26 15:19  CatalogMesh                  INFO     Slab 16777216 ~ 20971520 / 45481717.
[001180.13]  01-26 15:19  CatalogMesh                  INFO     Painted 20971520 out of 45481717 objects to mesh.
[001180.13]  01-26 15:19  CatalogMesh                  INFO     Slab 20971520 ~ 25165824 / 45481717.
[001181.22]  01-26 15:19  CatalogMesh                  INFO     Painted 25165824 out of 45481717 objects to mesh.
[001181.22]  01-26 15:19  CatalogMesh                  INFO     Slab 25165824 ~ 29360128 / 45481717.
[001182.29]  01-26 15:19  CatalogMesh                  INFO     Painted 29360128 out of 45481717 objects to mesh.
[001182.29]  01-26 15:19  CatalogMesh                  INFO     Slab 29360128 ~ 33554432 / 45481717.
[001183.38]  01-26 15:19  CatalogMesh                  INFO     Painted 33554432 out of 45481717 objects to mesh.
[001183.38]  01-26 15:19  CatalogMesh                  INFO     Slab 33554432 ~ 37748736 / 45481717.
[001184.57]  01-26 15:19  CatalogMesh                  INFO     Painted 37748736 out of 45481717 objects to mesh.
[001184.57]  01-26 15:19  CatalogMesh                  INFO     Slab 37748736 ~ 41943040 / 45481717.
[001185.79]  01-26 15:19  CatalogMesh                  INFO     Painted 41943040 out of 45481717 objects to mesh.
[001185.79]  01-26 15:19  CatalogMesh                  INFO     Slab 41943040 ~ 46137344 / 45481717.
[001186.80]  01-26 15:19  CatalogMesh                  INFO     Painted 45481717 out of 45481717 objects to mesh.
[001190.76]  01-26 15:20  CatalogMesh                  INFO     Slab 0 ~ 4194304 / 45481717.
[001191.83]  01-26 15:20  CatalogMesh                  INFO     Painted 4194304 out of 45481717 objects to mesh.
[001191.83]  01-26 15:20  CatalogMesh                  INFO     Slab 4194304 ~ 8388608 / 45481717.
[001192.89]  01-26 15:20  CatalogMesh                  INFO     Painted 8388608 out of 45481717 objects to mesh.
[001192.89]  01-26 15:20  CatalogMesh                  INFO     Slab 8388608 ~ 12582912 / 45481717.
[001193.96]  01-26 15:20  CatalogMesh                  INFO     Painted 12582912 out of 45481717 objects to mesh.
[001193.96]  01-26 15:20  CatalogMesh                  INFO     Slab 12582912 ~ 16777216 / 45481717.
[001195.04]  01-26 15:20  CatalogMesh                  INFO     Painted 16777216 out of 45481717 objects to mesh.
[001195.04]  01-26 15:20  CatalogMesh                  INFO     Slab 16777216 ~ 20971520 / 45481717.
[001196.11]  01-26 15:20  CatalogMesh                  INFO     Painted 20971520 out of 45481717 objects to mesh.
[001196.11]  01-26 15:20  CatalogMesh                  INFO     Slab 20971520 ~ 25165824 / 45481717.
[001197.19]  01-26 15:20  CatalogMesh                  INFO     Painted 25165824 out of 45481717 objects to mesh.
[001197.19]  01-26 15:20  CatalogMesh                  INFO     Slab 25165824 ~ 29360128 / 45481717.
[001198.26]  01-26 15:20  CatalogMesh                  INFO     Painted 29360128 out of 45481717 objects to mesh.
[001198.26]  01-26 15:20  CatalogMesh                  INFO     Slab 29360128 ~ 33554432 / 45481717.
[001199.35]  01-26 15:20  CatalogMesh                  INFO     Painted 33554432 out of 45481717 objects to mesh.
[001199.35]  01-26 15:20  CatalogMesh                  INFO     Slab 33554432 ~ 37748736 / 45481717.
[001200.54]  01-26 15:20  CatalogMesh                  INFO     Painted 37748736 out of 45481717 objects to mesh.
[001200.55]  01-26 15:20  CatalogMesh                  INFO     Slab 37748736 ~ 41943040 / 45481717.
[001201.75]  01-26 15:20  CatalogMesh                  INFO     Painted 41943040 out of 45481717 objects to mesh.
[001201.75]  01-26 15:20  CatalogMesh                  INFO     Slab 41943040 ~ 46137344 / 45481717.
[001202.76]  01-26 15:20  CatalogMesh                  INFO     Painted 45481717 out of 45481717 objects to mesh.
[001208.25]  01-26 15:20  CatalogFFTPower              INFO     Done painting catalog 1 to mesh.
[001208.25]  01-26 15:20  CatalogFFTPower              INFO     Using 400 k-bins between 0.000 and 0.400.
[001208.25]  01-26 15:20  CatalogFFTPower              INFO     Meshes prepared in elapsed time 48.46 s.
[001208.25]  01-26 15:20  CatalogFFTPower              INFO     Running mesh calculation.
[001225.46]  01-26 15:20  CatalogFFTPower              INFO     Mesh calculations performed in elapsed time 17.21 s.
[001225.46]  01-26 15:20  CatalogFFTPower              INFO     Power spectrum computed in elapsed time 65.67 s.
[001225.47]  01-26 15:20  CatalogFFTPower              INFO     Saving /pscratch/sd/s/shengyu/galaxies/catalogs/Y3/AbacusHF-v2/Boxes/QSO/sn0p950/AbacusSummit_base_c000_ph002/mpspk/pkpoles_QSO_zp0.950_DR2_v1.0+dv_repeat.npy.
[001225.47]  01-26 15:20  compute_2pt                  INFO     Save to /pscratch/sd/s/shengyu/galaxies/catalogs/Y3/AbacusHF-v2/Boxes/QSO/sn0p950/AbacusSummit_base_c000_ph002/mpspk/pkpoles_QSO_zp0.950_DR2_v1.0+dv_repeat.npy
[001225.47]  01-26 15:20  TwoPointCorrelationFunction  INFO     Using estimator <class 'pycorr.twopoint_estimator.NaturalTwoPointEstimator'>.
[001225.47]  01-26 15:20  TwoPointCorrelationFunction  INFO     Running auto-correlation.
[001225.47]  01-26 15:20  TwoPointCorrelationFunction  INFO     Computing two-point counts D1D2.
[001289.41]  01-26 15:21  TwoPointCorrelationFunction  INFO     Analytically computing two-point counts R1R2.
[001289.41]  01-26 15:21  TwoPointCorrelationFunction  INFO     Correlation function computed in elapsed time 63.94 s.
[001289.41]  01-26 15:21  NaturalTwoPointEstimator     INFO     Saving /pscratch/sd/s/shengyu/galaxies/catalogs/Y3/AbacusHF-v2/Boxes/QSO/sn0p950/AbacusSummit_base_c000_ph002/mpspk/mpslog_QSO_zp0.950_DR2_v1.0+dv_repeat.npy.
[001289.42]  01-26 15:21  compute_2pt                  INFO     Save to /pscratch/sd/s/shengyu/galaxies/catalogs/Y3/AbacusHF-v2/Boxes/QSO/sn0p950/AbacusSummit_base_c000_ph002/mpspk/mpslog_QSO_zp0.950_DR2_v1.0+dv_repeat.npy
[001289.42]  01-26 15:21  TwoPointCorrelationFunction  INFO     Using estimator <class 'pycorr.twopoint_estimator.NaturalTwoPointEstimator'>.
[001289.42]  01-26 15:21  TwoPointCorrelationFunction  INFO     Running auto-correlation.
[001289.42]  01-26 15:21  TwoPointCorrelationFunction  INFO     Computing two-point counts D1D2.
[001331.33]  01-26 15:22  TwoPointCorrelationFunction  INFO     Analytically computing two-point counts R1R2.
[001331.33]  01-26 15:22  TwoPointCorrelationFunction  INFO     Correlation function computed in elapsed time 41.91 s.
[001331.33]  01-26 15:22  NaturalTwoPointEstimator     INFO     Saving /pscratch/sd/s/shengyu/galaxies/catalogs/Y3/AbacusHF-v2/Boxes/QSO/sn0p950/AbacusSummit_base_c000_ph002/mpspk/wplog_QSO_zp0.950_DR2_v1.0+dv_repeat.npy.
[001331.33]  01-26 15:22  compute_2pt                  INFO     Save to /pscratch/sd/s/shengyu/galaxies/catalogs/Y3/AbacusHF-v2/Boxes/QSO/sn0p950/AbacusSummit_base_c000_ph002/mpspk/wplog_QSO_zp0.950_DR2_v1.0+dv_repeat.npy
[001331.33]  01-26 15:22  compute_2pt                  INFO     Procceed {'version': 'AbacusHF-v2', 'domain': 'cubic', 'tracer': 'QSO', 'zsnap': 0.95, 'zrange': (0.8, 1.1), 'mock_id': 3, 'use_dv': 'repeat'}
[001331.33]  01-26 15:22  cat_tools                    INFO     Load /pscratch/sd/s/shengyu/galaxies/catalogs/Y3/AbacusHF-v2/Boxes/QSO/sn0p950/AbacusSummit_base_c000_ph003/abacus_HF_QSO_0p950_DR2_v2.0_AbacusSummit_base_c000_ph003_base_clustering.dat.h5
[001331.34]  01-26 15:22  FileStack                    INFO     Reading /pscratch/sd/s/shengyu/galaxies/catalogs/Y3/AbacusHF-v2/Boxes/QSO/sn0p950/AbacusSummit_base_c000_ph003/abacus_HF_QSO_0p950_DR2_v2.0_AbacusSummit_base_c000_ph003_base_clustering.dat.h5.
[001331.34]  01-26 15:22  cat_tools                    INFO     use Z positions shifted in repeat mode
[001333.10]  01-26 15:22  TwoPointCorrelationFunction  INFO     Using estimator <class 'pycorr.twopoint_estimator.NaturalTwoPointEstimator'>.
[001333.10]  01-26 15:22  TwoPointCorrelationFunction  INFO     Running auto-correlation.
[001333.10]  01-26 15:22  TwoPointCorrelationFunction  INFO     Computing two-point counts D1D2.
[001602.46]  01-26 15:26  TwoPointCorrelationFunction  INFO     Analytically computing two-point counts R1R2.
[001602.47]  01-26 15:26  TwoPointCorrelationFunction  INFO     Correlation function computed in elapsed time 269.37 s.
[001602.47]  01-26 15:26  NaturalTwoPointEstimator     INFO     Saving /pscratch/sd/s/shengyu/galaxies/catalogs/Y3/AbacusHF-v2/Boxes/QSO/sn0p950/AbacusSummit_base_c000_ph003/mpspk/xipoles_QSO_zp0.950_DR2_v1.0+dv_repeat.npy.
[001602.47]  01-26 15:26  compute_2pt                  INFO     Save to /pscratch/sd/s/shengyu/galaxies/catalogs/Y3/AbacusHF-v2/Boxes/QSO/sn0p950/AbacusSummit_base_c000_ph003/mpspk/xipoles_QSO_zp0.950_DR2_v1.0+dv_repeat.npy
[001608.66]  01-26 15:27  CatalogFFTPower              INFO     Painting catalog 1 to mesh CatalogMesh(nmesh=[512 512 512], boxsize=[2000. 2000. 2000.], boxcenter=[ 999.99999901  999.99996969 1000.00000427], dtype=float64).
[001609.24]  01-26 15:27  CatalogMesh                  INFO     Slab 0 ~ 4194304 / 45501509.
[001610.34]  01-26 15:27  CatalogMesh                  INFO     Painted 4194304 out of 45501509 objects to mesh.
[001610.34]  01-26 15:27  CatalogMesh                  INFO     Slab 4194304 ~ 8388608 / 45501509.
[001611.42]  01-26 15:27  CatalogMesh                  INFO     Painted 8388608 out of 45501509 objects to mesh.
[001611.42]  01-26 15:27  CatalogMesh                  INFO     Slab 8388608 ~ 12582912 / 45501509.
[001612.49]  01-26 15:27  CatalogMesh                  INFO     Painted 12582912 out of 45501509 objects to mesh.
[001612.49]  01-26 15:27  CatalogMesh                  INFO     Slab 12582912 ~ 16777216 / 45501509.
[001613.57]  01-26 15:27  CatalogMesh                  INFO     Painted 16777216 out of 45501509 objects to mesh.
[001613.57]  01-26 15:27  CatalogMesh                  INFO     Slab 16777216 ~ 20971520 / 45501509.
[001614.64]  01-26 15:27  CatalogMesh                  INFO     Painted 20971520 out of 45501509 objects to mesh.
[001614.64]  01-26 15:27  CatalogMesh                  INFO     Slab 20971520 ~ 25165824 / 45501509.
[001615.71]  01-26 15:27  CatalogMesh                  INFO     Painted 25165824 out of 45501509 objects to mesh.
[001615.71]  01-26 15:27  CatalogMesh                  INFO     Slab 25165824 ~ 29360128 / 45501509.
[001616.78]  01-26 15:27  CatalogMesh                  INFO     Painted 29360128 out of 45501509 objects to mesh.
[001616.78]  01-26 15:27  CatalogMesh                  INFO     Slab 29360128 ~ 33554432 / 45501509.
[001617.87]  01-26 15:27  CatalogMesh                  INFO     Painted 33554432 out of 45501509 objects to mesh.
[001617.87]  01-26 15:27  CatalogMesh                  INFO     Slab 33554432 ~ 37748736 / 45501509.
[001619.07]  01-26 15:27  CatalogMesh                  INFO     Painted 37748736 out of 45501509 objects to mesh.
[001619.07]  01-26 15:27  CatalogMesh                  INFO     Slab 37748736 ~ 41943040 / 45501509.
[001620.27]  01-26 15:27  CatalogMesh                  INFO     Painted 41943040 out of 45501509 objects to mesh.
[001620.27]  01-26 15:27  CatalogMesh                  INFO     Slab 41943040 ~ 46137344 / 45501509.
[001621.29]  01-26 15:27  CatalogMesh                  INFO     Painted 45501509 out of 45501509 objects to mesh.
[001621.29]  01-26 15:27  CatalogMesh                  INFO     Running interlacing at order 3.
[001623.70]  01-26 15:27  CatalogMesh                  INFO     Slab 0 ~ 4194304 / 45501509.
[001624.77]  01-26 15:27  CatalogMesh                  INFO     Painted 4194304 out of 45501509 objects to mesh.
[001624.77]  01-26 15:27  CatalogMesh                  INFO     Slab 4194304 ~ 8388608 / 45501509.
[001625.84]  01-26 15:27  CatalogMesh                  INFO     Painted 8388608 out of 45501509 objects to mesh.
[001625.84]  01-26 15:27  CatalogMesh                  INFO     Slab 8388608 ~ 12582912 / 45501509.
[001626.91]  01-26 15:27  CatalogMesh                  INFO     Painted 12582912 out of 45501509 objects to mesh.
[001626.91]  01-26 15:27  CatalogMesh                  INFO     Slab 12582912 ~ 16777216 / 45501509.
[001627.98]  01-26 15:27  CatalogMesh                  INFO     Painted 16777216 out of 45501509 objects to mesh.
[001627.98]  01-26 15:27  CatalogMesh                  INFO     Slab 16777216 ~ 20971520 / 45501509.
[001629.06]  01-26 15:27  CatalogMesh                  INFO     Painted 20971520 out of 45501509 objects to mesh.
[001629.06]  01-26 15:27  CatalogMesh                  INFO     Slab 20971520 ~ 25165824 / 45501509.
[001630.13]  01-26 15:27  CatalogMesh                  INFO     Painted 25165824 out of 45501509 objects to mesh.
[001630.13]  01-26 15:27  CatalogMesh                  INFO     Slab 25165824 ~ 29360128 / 45501509.
[001631.20]  01-26 15:27  CatalogMesh                  INFO     Painted 29360128 out of 45501509 objects to mesh.
[001631.20]  01-26 15:27  CatalogMesh                  INFO     Slab 29360128 ~ 33554432 / 45501509.
[001632.30]  01-26 15:27  CatalogMesh                  INFO     Painted 33554432 out of 45501509 objects to mesh.
[001632.30]  01-26 15:27  CatalogMesh                  INFO     Slab 33554432 ~ 37748736 / 45501509.
[001633.50]  01-26 15:27  CatalogMesh                  INFO     Painted 37748736 out of 45501509 objects to mesh.
[001633.50]  01-26 15:27  CatalogMesh                  INFO     Slab 37748736 ~ 41943040 / 45501509.
[001634.69]  01-26 15:27  CatalogMesh                  INFO     Painted 41943040 out of 45501509 objects to mesh.
[001634.69]  01-26 15:27  CatalogMesh                  INFO     Slab 41943040 ~ 46137344 / 45501509.
[001635.71]  01-26 15:27  CatalogMesh                  INFO     Painted 45501509 out of 45501509 objects to mesh.
[001639.67]  01-26 15:27  CatalogMesh                  INFO     Slab 0 ~ 4194304 / 45501509.
[001640.74]  01-26 15:27  CatalogMesh                  INFO     Painted 4194304 out of 45501509 objects to mesh.
[001640.74]  01-26 15:27  CatalogMesh                  INFO     Slab 4194304 ~ 8388608 / 45501509.
[001641.81]  01-26 15:27  CatalogMesh                  INFO     Painted 8388608 out of 45501509 objects to mesh.
[001641.81]  01-26 15:27  CatalogMesh                  INFO     Slab 8388608 ~ 12582912 / 45501509.
[001642.88]  01-26 15:27  CatalogMesh                  INFO     Painted 12582912 out of 45501509 objects to mesh.
[001642.88]  01-26 15:27  CatalogMesh                  INFO     Slab 12582912 ~ 16777216 / 45501509.
[001643.95]  01-26 15:27  CatalogMesh                  INFO     Painted 16777216 out of 45501509 objects to mesh.
[001643.95]  01-26 15:27  CatalogMesh                  INFO     Slab 16777216 ~ 20971520 / 45501509.
[001645.03]  01-26 15:27  CatalogMesh                  INFO     Painted 20971520 out of 45501509 objects to mesh.
[001645.03]  01-26 15:27  CatalogMesh                  INFO     Slab 20971520 ~ 25165824 / 45501509.
[001646.10]  01-26 15:27  CatalogMesh                  INFO     Painted 25165824 out of 45501509 objects to mesh.
[001646.10]  01-26 15:27  CatalogMesh                  INFO     Slab 25165824 ~ 29360128 / 45501509.
[001647.17]  01-26 15:27  CatalogMesh                  INFO     Painted 29360128 out of 45501509 objects to mesh.
[001647.17]  01-26 15:27  CatalogMesh                  INFO     Slab 29360128 ~ 33554432 / 45501509.
[001648.26]  01-26 15:27  CatalogMesh                  INFO     Painted 33554432 out of 45501509 objects to mesh.
[001648.26]  01-26 15:27  CatalogMesh                  INFO     Slab 33554432 ~ 37748736 / 45501509.
[001649.46]  01-26 15:27  CatalogMesh                  INFO     Painted 37748736 out of 45501509 objects to mesh.
[001649.46]  01-26 15:27  CatalogMesh                  INFO     Slab 37748736 ~ 41943040 / 45501509.
[001650.66]  01-26 15:27  CatalogMesh                  INFO     Painted 41943040 out of 45501509 objects to mesh.
[001650.66]  01-26 15:27  CatalogMesh                  INFO     Slab 41943040 ~ 46137344 / 45501509.
[001651.68]  01-26 15:27  CatalogMesh                  INFO     Painted 45501509 out of 45501509 objects to mesh.
[001657.18]  01-26 15:27  CatalogFFTPower              INFO     Done painting catalog 1 to mesh.
[001657.19]  01-26 15:27  CatalogFFTPower              INFO     Using 400 k-bins between 0.000 and 0.400.
[001657.19]  01-26 15:27  CatalogFFTPower              INFO     Meshes prepared in elapsed time 48.52 s.
[001657.19]  01-26 15:27  CatalogFFTPower              INFO     Running mesh calculation.
[001674.42]  01-26 15:28  CatalogFFTPower              INFO     Mesh calculations performed in elapsed time 17.23 s.
[001674.42]  01-26 15:28  CatalogFFTPower              INFO     Power spectrum computed in elapsed time 65.76 s.
[001674.42]  01-26 15:28  CatalogFFTPower              INFO     Saving /pscratch/sd/s/shengyu/galaxies/catalogs/Y3/AbacusHF-v2/Boxes/QSO/sn0p950/AbacusSummit_base_c000_ph003/mpspk/pkpoles_QSO_zp0.950_DR2_v1.0+dv_repeat.npy.
[001674.43]  01-26 15:28  compute_2pt                  INFO     Save to /pscratch/sd/s/shengyu/galaxies/catalogs/Y3/AbacusHF-v2/Boxes/QSO/sn0p950/AbacusSummit_base_c000_ph003/mpspk/pkpoles_QSO_zp0.950_DR2_v1.0+dv_repeat.npy
[001674.43]  01-26 15:28  TwoPointCorrelationFunction  INFO     Using estimator <class 'pycorr.twopoint_estimator.NaturalTwoPointEstimator'>.
[001674.43]  01-26 15:28  TwoPointCorrelationFunction  INFO     Running auto-correlation.
[001674.43]  01-26 15:28  TwoPointCorrelationFunction  INFO     Computing two-point counts D1D2.
[001738.05]  01-26 15:29  TwoPointCorrelationFunction  INFO     Analytically computing two-point counts R1R2.
[001738.05]  01-26 15:29  TwoPointCorrelationFunction  INFO     Correlation function computed in elapsed time 63.62 s.
[001738.05]  01-26 15:29  NaturalTwoPointEstimator     INFO     Saving /pscratch/sd/s/shengyu/galaxies/catalogs/Y3/AbacusHF-v2/Boxes/QSO/sn0p950/AbacusSummit_base_c000_ph003/mpspk/mpslog_QSO_zp0.950_DR2_v1.0+dv_repeat.npy.
[001738.06]  01-26 15:29  compute_2pt                  INFO     Save to /pscratch/sd/s/shengyu/galaxies/catalogs/Y3/AbacusHF-v2/Boxes/QSO/sn0p950/AbacusSummit_base_c000_ph003/mpspk/mpslog_QSO_zp0.950_DR2_v1.0+dv_repeat.npy
[001738.06]  01-26 15:29  TwoPointCorrelationFunction  INFO     Using estimator <class 'pycorr.twopoint_estimator.NaturalTwoPointEstimator'>.
[001738.06]  01-26 15:29  TwoPointCorrelationFunction  INFO     Running auto-correlation.
[001738.06]  01-26 15:29  TwoPointCorrelationFunction  INFO     Computing two-point counts D1D2.
[001780.09]  01-26 15:29  TwoPointCorrelationFunction  INFO     Analytically computing two-point counts R1R2.
[001780.09]  01-26 15:29  TwoPointCorrelationFunction  INFO     Correlation function computed in elapsed time 42.04 s.
[001780.09]  01-26 15:29  NaturalTwoPointEstimator     INFO     Saving /pscratch/sd/s/shengyu/galaxies/catalogs/Y3/AbacusHF-v2/Boxes/QSO/sn0p950/AbacusSummit_base_c000_ph003/mpspk/wplog_QSO_zp0.950_DR2_v1.0+dv_repeat.npy.
[001780.10]  01-26 15:29  compute_2pt                  INFO     Save to /pscratch/sd/s/shengyu/galaxies/catalogs/Y3/AbacusHF-v2/Boxes/QSO/sn0p950/AbacusSummit_base_c000_ph003/mpspk/wplog_QSO_zp0.950_DR2_v1.0+dv_repeat.npy
[001780.10]  01-26 15:29  compute_2pt                  INFO     Procceed {'version': 'AbacusHF-v2', 'domain': 'cubic', 'tracer': 'QSO', 'zsnap': 0.95, 'zrange': (0.8, 1.1), 'mock_id': 4, 'use_dv': 'repeat'}
[001780.10]  01-26 15:29  cat_tools                    INFO     Load /pscratch/sd/s/shengyu/galaxies/catalogs/Y3/AbacusHF-v2/Boxes/QSO/sn0p950/AbacusSummit_base_c000_ph004/abacus_HF_QSO_0p950_DR2_v2.0_AbacusSummit_base_c000_ph004_base_clustering.dat.h5
[001780.10]  01-26 15:29  FileStack                    INFO     Reading /pscratch/sd/s/shengyu/galaxies/catalogs/Y3/AbacusHF-v2/Boxes/QSO/sn0p950/AbacusSummit_base_c000_ph004/abacus_HF_QSO_0p950_DR2_v2.0_AbacusSummit_base_c000_ph004_base_clustering.dat.h5.
[001780.11]  01-26 15:29  cat_tools                    INFO     use Z positions shifted in repeat mode
[001781.94]  01-26 15:29  TwoPointCorrelationFunction  INFO     Using estimator <class 'pycorr.twopoint_estimator.NaturalTwoPointEstimator'>.
[001781.94]  01-26 15:29  TwoPointCorrelationFunction  INFO     Running auto-correlation.
[001781.94]  01-26 15:29  TwoPointCorrelationFunction  INFO     Computing two-point counts D1D2.
[002041.44]  01-26 15:34  TwoPointCorrelationFunction  INFO     Analytically computing two-point counts R1R2.
[002041.44]  01-26 15:34  TwoPointCorrelationFunction  INFO     Correlation function computed in elapsed time 259.50 s.
[002041.44]  01-26 15:34  NaturalTwoPointEstimator     INFO     Saving /pscratch/sd/s/shengyu/galaxies/catalogs/Y3/AbacusHF-v2/Boxes/QSO/sn0p950/AbacusSummit_base_c000_ph004/mpspk/xipoles_QSO_zp0.950_DR2_v1.0+dv_repeat.npy.
[002041.44]  01-26 15:34  compute_2pt                  INFO     Save to /pscratch/sd/s/shengyu/galaxies/catalogs/Y3/AbacusHF-v2/Boxes/QSO/sn0p950/AbacusSummit_base_c000_ph004/mpspk/xipoles_QSO_zp0.950_DR2_v1.0+dv_repeat.npy
[002047.61]  01-26 15:34  CatalogFFTPower              INFO     Painting catalog 1 to mesh CatalogMesh(nmesh=[512 512 512], boxsize=[2000. 2000. 2000.], boxcenter=[1000.00003012 1000.00002855 1000.00001955], dtype=float64).
[002048.19]  01-26 15:34  CatalogMesh                  INFO     Slab 0 ~ 4194304 / 45520115.
[002049.31]  01-26 15:34  CatalogMesh                  INFO     Painted 4194304 out of 45520115 objects to mesh.
[002049.31]  01-26 15:34  CatalogMesh                  INFO     Slab 4194304 ~ 8388608 / 45520115.
[002050.39]  01-26 15:34  CatalogMesh                  INFO     Painted 8388608 out of 45520115 objects to mesh.
[002050.39]  01-26 15:34  CatalogMesh                  INFO     Slab 8388608 ~ 12582912 / 45520115.
[002051.47]  01-26 15:34  CatalogMesh                  INFO     Painted 12582912 out of 45520115 objects to mesh.
[002051.47]  01-26 15:34  CatalogMesh                  INFO     Slab 12582912 ~ 16777216 / 45520115.
[002052.55]  01-26 15:34  CatalogMesh                  INFO     Painted 16777216 out of 45520115 objects to mesh.
[002052.55]  01-26 15:34  CatalogMesh                  INFO     Slab 16777216 ~ 20971520 / 45520115.
[002053.64]  01-26 15:34  CatalogMesh                  INFO     Painted 20971520 out of 45520115 objects to mesh.
[002053.64]  01-26 15:34  CatalogMesh                  INFO     Slab 20971520 ~ 25165824 / 45520115.
[002054.72]  01-26 15:34  CatalogMesh                  INFO     Painted 25165824 out of 45520115 objects to mesh.
[002054.72]  01-26 15:34  CatalogMesh                  INFO     Slab 25165824 ~ 29360128 / 45520115.
[002055.80]  01-26 15:34  CatalogMesh                  INFO     Painted 29360128 out of 45520115 objects to mesh.
[002055.80]  01-26 15:34  CatalogMesh                  INFO     Slab 29360128 ~ 33554432 / 45520115.
[002056.90]  01-26 15:34  CatalogMesh                  INFO     Painted 33554432 out of 45520115 objects to mesh.
[002056.90]  01-26 15:34  CatalogMesh                  INFO     Slab 33554432 ~ 37748736 / 45520115.
[002058.12]  01-26 15:34  CatalogMesh                  INFO     Painted 37748736 out of 45520115 objects to mesh.
[002058.12]  01-26 15:34  CatalogMesh                  INFO     Slab 37748736 ~ 41943040 / 45520115.
[002059.33]  01-26 15:34  CatalogMesh                  INFO     Painted 41943040 out of 45520115 objects to mesh.
[002059.33]  01-26 15:34  CatalogMesh                  INFO     Slab 41943040 ~ 46137344 / 45520115.
[002060.37]  01-26 15:34  CatalogMesh                  INFO     Painted 45520115 out of 45520115 objects to mesh.
[002060.37]  01-26 15:34  CatalogMesh                  INFO     Running interlacing at order 3.
[002062.81]  01-26 15:34  CatalogMesh                  INFO     Slab 0 ~ 4194304 / 45520115.
[002063.89]  01-26 15:34  CatalogMesh                  INFO     Painted 4194304 out of 45520115 objects to mesh.
[002063.89]  01-26 15:34  CatalogMesh                  INFO     Slab 4194304 ~ 8388608 / 45520115.
[002064.97]  01-26 15:34  CatalogMesh                  INFO     Painted 8388608 out of 45520115 objects to mesh.
[002064.98]  01-26 15:34  CatalogMesh                  INFO     Slab 8388608 ~ 12582912 / 45520115.
[002066.05]  01-26 15:34  CatalogMesh                  INFO     Painted 12582912 out of 45520115 objects to mesh.
[002066.06]  01-26 15:34  CatalogMesh                  INFO     Slab 12582912 ~ 16777216 / 45520115.
[002067.14]  01-26 15:34  CatalogMesh                  INFO     Painted 16777216 out of 45520115 objects to mesh.
[002067.14]  01-26 15:34  CatalogMesh                  INFO     Slab 16777216 ~ 20971520 / 45520115.
[002068.22]  01-26 15:34  CatalogMesh                  INFO     Painted 20971520 out of 45520115 objects to mesh.
[002068.22]  01-26 15:34  CatalogMesh                  INFO     Slab 20971520 ~ 25165824 / 45520115.
[002069.30]  01-26 15:34  CatalogMesh                  INFO     Painted 25165824 out of 45520115 objects to mesh.
[002069.30]  01-26 15:34  CatalogMesh                  INFO     Slab 25165824 ~ 29360128 / 45520115.
[002070.39]  01-26 15:34  CatalogMesh                  INFO     Painted 29360128 out of 45520115 objects to mesh.
[002070.39]  01-26 15:34  CatalogMesh                  INFO     Slab 29360128 ~ 33554432 / 45520115.
[002071.49]  01-26 15:34  CatalogMesh                  INFO     Painted 33554432 out of 45520115 objects to mesh.
[002071.49]  01-26 15:34  CatalogMesh                  INFO     Slab 33554432 ~ 37748736 / 45520115.
[002072.70]  01-26 15:34  CatalogMesh                  INFO     Painted 37748736 out of 45520115 objects to mesh.
[002072.70]  01-26 15:34  CatalogMesh                  INFO     Slab 37748736 ~ 41943040 / 45520115.
[002073.91]  01-26 15:34  CatalogMesh                  INFO     Painted 41943040 out of 45520115 objects to mesh.
[002073.91]  01-26 15:34  CatalogMesh                  INFO     Slab 41943040 ~ 46137344 / 45520115.
[002074.94]  01-26 15:34  CatalogMesh                  INFO     Painted 45520115 out of 45520115 objects to mesh.
[002078.95]  01-26 15:34  CatalogMesh                  INFO     Slab 0 ~ 4194304 / 45520115.
[002080.05]  01-26 15:34  CatalogMesh                  INFO     Painted 4194304 out of 45520115 objects to mesh.
[002080.05]  01-26 15:34  CatalogMesh                  INFO     Slab 4194304 ~ 8388608 / 45520115.
[002081.14]  01-26 15:34  CatalogMesh                  INFO     Painted 8388608 out of 45520115 objects to mesh.
[002081.15]  01-26 15:34  CatalogMesh                  INFO     Slab 8388608 ~ 12582912 / 45520115.
[002082.23]  01-26 15:34  CatalogMesh                  INFO     Painted 12582912 out of 45520115 objects to mesh.
[002082.23]  01-26 15:34  CatalogMesh                  INFO     Slab 12582912 ~ 16777216 / 45520115.
[002083.32]  01-26 15:34  CatalogMesh                  INFO     Painted 16777216 out of 45520115 objects to mesh.
[002083.32]  01-26 15:34  CatalogMesh                  INFO     Slab 16777216 ~ 20971520 / 45520115.
[002084.40]  01-26 15:34  CatalogMesh                  INFO     Painted 20971520 out of 45520115 objects to mesh.
[002084.40]  01-26 15:34  CatalogMesh                  INFO     Slab 20971520 ~ 25165824 / 45520115.
[002085.48]  01-26 15:34  CatalogMesh                  INFO     Painted 25165824 out of 45520115 objects to mesh.
[002085.48]  01-26 15:34  CatalogMesh                  INFO     Slab 25165824 ~ 29360128 / 45520115.
[002086.56]  01-26 15:34  CatalogMesh                  INFO     Painted 29360128 out of 45520115 objects to mesh.
[002086.56]  01-26 15:34  CatalogMesh                  INFO     Slab 29360128 ~ 33554432 / 45520115.
[002087.66]  01-26 15:34  CatalogMesh                  INFO     Painted 33554432 out of 45520115 objects to mesh.
[002087.66]  01-26 15:34  CatalogMesh                  INFO     Slab 33554432 ~ 37748736 / 45520115.
[002088.87]  01-26 15:35  CatalogMesh                  INFO     Painted 37748736 out of 45520115 objects to mesh.
[002088.87]  01-26 15:35  CatalogMesh                  INFO     Slab 37748736 ~ 41943040 / 45520115.
[002090.07]  01-26 15:35  CatalogMesh                  INFO     Painted 41943040 out of 45520115 objects to mesh.
[002090.07]  01-26 15:35  CatalogMesh                  INFO     Slab 41943040 ~ 46137344 / 45520115.
[002091.11]  01-26 15:35  CatalogMesh                  INFO     Painted 45520115 out of 45520115 objects to mesh.
[002096.70]  01-26 15:35  CatalogFFTPower              INFO     Done painting catalog 1 to mesh.
[002096.70]  01-26 15:35  CatalogFFTPower              INFO     Using 400 k-bins between 0.000 and 0.400.
[002096.70]  01-26 15:35  CatalogFFTPower              INFO     Meshes prepared in elapsed time 49.09 s.
[002096.70]  01-26 15:35  CatalogFFTPower              INFO     Running mesh calculation.
[002114.13]  01-26 15:35  CatalogFFTPower              INFO     Mesh calculations performed in elapsed time 17.43 s.
[002114.13]  01-26 15:35  CatalogFFTPower              INFO     Power spectrum computed in elapsed time 66.52 s.
[002114.13]  01-26 15:35  CatalogFFTPower              INFO     Saving /pscratch/sd/s/shengyu/galaxies/catalogs/Y3/AbacusHF-v2/Boxes/QSO/sn0p950/AbacusSummit_base_c000_ph004/mpspk/pkpoles_QSO_zp0.950_DR2_v1.0+dv_repeat.npy.
[002114.13]  01-26 15:35  compute_2pt                  INFO     Save to /pscratch/sd/s/shengyu/galaxies/catalogs/Y3/AbacusHF-v2/Boxes/QSO/sn0p950/AbacusSummit_base_c000_ph004/mpspk/pkpoles_QSO_zp0.950_DR2_v1.0+dv_repeat.npy
[002114.13]  01-26 15:35  TwoPointCorrelationFunction  INFO     Using estimator <class 'pycorr.twopoint_estimator.NaturalTwoPointEstimator'>.
[002114.13]  01-26 15:35  TwoPointCorrelationFunction  INFO     Running auto-correlation.
[002114.13]  01-26 15:35  TwoPointCorrelationFunction  INFO     Computing two-point counts D1D2.
[002177.46]  01-26 15:36  TwoPointCorrelationFunction  INFO     Analytically computing two-point counts R1R2.
[002177.46]  01-26 15:36  TwoPointCorrelationFunction  INFO     Correlation function computed in elapsed time 63.33 s.
[002177.47]  01-26 15:36  NaturalTwoPointEstimator     INFO     Saving /pscratch/sd/s/shengyu/galaxies/catalogs/Y3/AbacusHF-v2/Boxes/QSO/sn0p950/AbacusSummit_base_c000_ph004/mpspk/mpslog_QSO_zp0.950_DR2_v1.0+dv_repeat.npy.
[002177.47]  01-26 15:36  compute_2pt                  INFO     Save to /pscratch/sd/s/shengyu/galaxies/catalogs/Y3/AbacusHF-v2/Boxes/QSO/sn0p950/AbacusSummit_base_c000_ph004/mpspk/mpslog_QSO_zp0.950_DR2_v1.0+dv_repeat.npy
[002177.47]  01-26 15:36  TwoPointCorrelationFunction  INFO     Using estimator <class 'pycorr.twopoint_estimator.NaturalTwoPointEstimator'>.
[002177.47]  01-26 15:36  TwoPointCorrelationFunction  INFO     Running auto-correlation.
[002177.47]  01-26 15:36  TwoPointCorrelationFunction  INFO     Computing two-point counts D1D2.
[002219.41]  01-26 15:37  TwoPointCorrelationFunction  INFO     Analytically computing two-point counts R1R2.
[002219.41]  01-26 15:37  TwoPointCorrelationFunction  INFO     Correlation function computed in elapsed time 41.94 s.
[002219.41]  01-26 15:37  NaturalTwoPointEstimator     INFO     Saving /pscratch/sd/s/shengyu/galaxies/catalogs/Y3/AbacusHF-v2/Boxes/QSO/sn0p950/AbacusSummit_base_c000_ph004/mpspk/wplog_QSO_zp0.950_DR2_v1.0+dv_repeat.npy.
[002219.42]  01-26 15:37  compute_2pt                  INFO     Save to /pscratch/sd/s/shengyu/galaxies/catalogs/Y3/AbacusHF-v2/Boxes/QSO/sn0p950/AbacusSummit_base_c000_ph004/mpspk/wplog_QSO_zp0.950_DR2_v1.0+dv_repeat.npy
[002219.42]  01-26 15:37  compute_2pt                  INFO     Procceed {'version': 'AbacusHF-v2', 'domain': 'cubic', 'tracer': 'QSO', 'zsnap': 0.95, 'zrange': (0.8, 1.1), 'mock_id': 5, 'use_dv': 'repeat'}
[002219.42]  01-26 15:37  cat_tools                    INFO     Load /pscratch/sd/s/shengyu/galaxies/catalogs/Y3/AbacusHF-v2/Boxes/QSO/sn0p950/AbacusSummit_base_c000_ph005/abacus_HF_QSO_0p950_DR2_v2.0_AbacusSummit_base_c000_ph005_base_clustering.dat.h5
[002219.42]  01-26 15:37  FileStack                    INFO     Reading /pscratch/sd/s/shengyu/galaxies/catalogs/Y3/AbacusHF-v2/Boxes/QSO/sn0p950/AbacusSummit_base_c000_ph005/abacus_HF_QSO_0p950_DR2_v2.0_AbacusSummit_base_c000_ph005_base_clustering.dat.h5.
[002219.43]  01-26 15:37  cat_tools                    INFO     use Z positions shifted in repeat mode
[002221.20]  01-26 15:37  TwoPointCorrelationFunction  INFO     Using estimator <class 'pycorr.twopoint_estimator.NaturalTwoPointEstimator'>.
[002221.20]  01-26 15:37  TwoPointCorrelationFunction  INFO     Running auto-correlation.
[002221.20]  01-26 15:37  TwoPointCorrelationFunction  INFO     Computing two-point counts D1D2.
[002488.69]  01-26 15:41  TwoPointCorrelationFunction  INFO     Analytically computing two-point counts R1R2.
[002488.69]  01-26 15:41  TwoPointCorrelationFunction  INFO     Correlation function computed in elapsed time 267.49 s.
[002488.69]  01-26 15:41  NaturalTwoPointEstimator     INFO     Saving /pscratch/sd/s/shengyu/galaxies/catalogs/Y3/AbacusHF-v2/Boxes/QSO/sn0p950/AbacusSummit_base_c000_ph005/mpspk/xipoles_QSO_zp0.950_DR2_v1.0+dv_repeat.npy.
[002488.70]  01-26 15:41  compute_2pt                  INFO     Save to /pscratch/sd/s/shengyu/galaxies/catalogs/Y3/AbacusHF-v2/Boxes/QSO/sn0p950/AbacusSummit_base_c000_ph005/mpspk/xipoles_QSO_zp0.950_DR2_v1.0+dv_repeat.npy
[002494.92]  01-26 15:41  CatalogFFTPower              INFO     Painting catalog 1 to mesh CatalogMesh(nmesh=[512 512 512], boxsize=[2000. 2000. 2000.], boxcenter=[ 999.99999842 1000.00005289 1000.0000206 ], dtype=float64).
[002495.50]  01-26 15:41  CatalogMesh                  INFO     Slab 0 ~ 4194304 / 45493670.
[002496.68]  01-26 15:41  CatalogMesh                  INFO     Painted 4194304 out of 45493670 objects to mesh.
[002496.68]  01-26 15:41  CatalogMesh                  INFO     Slab 4194304 ~ 8388608 / 45493670.
[002497.76]  01-26 15:41  CatalogMesh                  INFO     Painted 8388608 out of 45493670 objects to mesh.
[002497.76]  01-26 15:41  CatalogMesh                  INFO     Slab 8388608 ~ 12582912 / 45493670.
[002498.84]  01-26 15:41  CatalogMesh                  INFO     Painted 12582912 out of 45493670 objects to mesh.
[002498.84]  01-26 15:41  CatalogMesh                  INFO     Slab 12582912 ~ 16777216 / 45493670.
[002499.92]  01-26 15:41  CatalogMesh                  INFO     Painted 16777216 out of 45493670 objects to mesh.
[002499.92]  01-26 15:41  CatalogMesh                  INFO     Slab 16777216 ~ 20971520 / 45493670.
[002501.00]  01-26 15:41  CatalogMesh                  INFO     Painted 20971520 out of 45493670 objects to mesh.
[002501.00]  01-26 15:41  CatalogMesh                  INFO     Slab 20971520 ~ 25165824 / 45493670.
[002502.08]  01-26 15:41  CatalogMesh                  INFO     Painted 25165824 out of 45493670 objects to mesh.
[002502.08]  01-26 15:41  CatalogMesh                  INFO     Slab 25165824 ~ 29360128 / 45493670.
[002503.16]  01-26 15:41  CatalogMesh                  INFO     Painted 29360128 out of 45493670 objects to mesh.
[002503.16]  01-26 15:41  CatalogMesh                  INFO     Slab 29360128 ~ 33554432 / 45493670.
[002504.26]  01-26 15:41  CatalogMesh                  INFO     Painted 33554432 out of 45493670 objects to mesh.
[002504.26]  01-26 15:41  CatalogMesh                  INFO     Slab 33554432 ~ 37748736 / 45493670.
[002505.46]  01-26 15:41  CatalogMesh                  INFO     Painted 37748736 out of 45493670 objects to mesh.
[002505.46]  01-26 15:41  CatalogMesh                  INFO     Slab 37748736 ~ 41943040 / 45493670.
[002506.67]  01-26 15:41  CatalogMesh                  INFO     Painted 41943040 out of 45493670 objects to mesh.
[002506.67]  01-26 15:41  CatalogMesh                  INFO     Slab 41943040 ~ 46137344 / 45493670.
[002507.69]  01-26 15:41  CatalogMesh                  INFO     Painted 45493670 out of 45493670 objects to mesh.
[002507.70]  01-26 15:41  CatalogMesh                  INFO     Running interlacing at order 3.
[002510.12]  01-26 15:42  CatalogMesh                  INFO     Slab 0 ~ 4194304 / 45493670.
[002511.20]  01-26 15:42  CatalogMesh                  INFO     Painted 4194304 out of 45493670 objects to mesh.
[002511.20]  01-26 15:42  CatalogMesh                  INFO     Slab 4194304 ~ 8388608 / 45493670.
[002512.27]  01-26 15:42  CatalogMesh                  INFO     Painted 8388608 out of 45493670 objects to mesh.
[002512.27]  01-26 15:42  CatalogMesh                  INFO     Slab 8388608 ~ 12582912 / 45493670.
[002513.38]  01-26 15:42  CatalogMesh                  INFO     Painted 12582912 out of 45493670 objects to mesh.
[002513.38]  01-26 15:42  CatalogMesh                  INFO     Slab 12582912 ~ 16777216 / 45493670.
[002514.47]  01-26 15:42  CatalogMesh                  INFO     Painted 16777216 out of 45493670 objects to mesh.
[002514.47]  01-26 15:42  CatalogMesh                  INFO     Slab 16777216 ~ 20971520 / 45493670.
[002515.56]  01-26 15:42  CatalogMesh                  INFO     Painted 20971520 out of 45493670 objects to mesh.
[002515.56]  01-26 15:42  CatalogMesh                  INFO     Slab 20971520 ~ 25165824 / 45493670.
[002516.66]  01-26 15:42  CatalogMesh                  INFO     Painted 25165824 out of 45493670 objects to mesh.
[002516.66]  01-26 15:42  CatalogMesh                  INFO     Slab 25165824 ~ 29360128 / 45493670.
[002517.73]  01-26 15:42  CatalogMesh                  INFO     Painted 29360128 out of 45493670 objects to mesh.
[002517.73]  01-26 15:42  CatalogMesh                  INFO     Slab 29360128 ~ 33554432 / 45493670.
[002518.82]  01-26 15:42  CatalogMesh                  INFO     Painted 33554432 out of 45493670 objects to mesh.
[002518.82]  01-26 15:42  CatalogMesh                  INFO     Slab 33554432 ~ 37748736 / 45493670.
[002520.02]  01-26 15:42  CatalogMesh                  INFO     Painted 37748736 out of 45493670 objects to mesh.
[002520.02]  01-26 15:42  CatalogMesh                  INFO     Slab 37748736 ~ 41943040 / 45493670.
[002521.22]  01-26 15:42  CatalogMesh                  INFO     Painted 41943040 out of 45493670 objects to mesh.
[002521.22]  01-26 15:42  CatalogMesh                  INFO     Slab 41943040 ~ 46137344 / 45493670.
[002522.24]  01-26 15:42  CatalogMesh                  INFO     Painted 45493670 out of 45493670 objects to mesh.
[002526.21]  01-26 15:42  CatalogMesh                  INFO     Slab 0 ~ 4194304 / 45493670.
[002527.29]  01-26 15:42  CatalogMesh                  INFO     Painted 4194304 out of 45493670 objects to mesh.
[002527.29]  01-26 15:42  CatalogMesh                  INFO     Slab 4194304 ~ 8388608 / 45493670.
[002528.36]  01-26 15:42  CatalogMesh                  INFO     Painted 8388608 out of 45493670 objects to mesh.
[002528.36]  01-26 15:42  CatalogMesh                  INFO     Slab 8388608 ~ 12582912 / 45493670.
[002529.44]  01-26 15:42  CatalogMesh                  INFO     Painted 12582912 out of 45493670 objects to mesh.
[002529.44]  01-26 15:42  CatalogMesh                  INFO     Slab 12582912 ~ 16777216 / 45493670.
[002530.52]  01-26 15:42  CatalogMesh                  INFO     Painted 16777216 out of 45493670 objects to mesh.
[002530.52]  01-26 15:42  CatalogMesh                  INFO     Slab 16777216 ~ 20971520 / 45493670.
[002531.59]  01-26 15:42  CatalogMesh                  INFO     Painted 20971520 out of 45493670 objects to mesh.
[002531.59]  01-26 15:42  CatalogMesh                  INFO     Slab 20971520 ~ 25165824 / 45493670.
[002532.67]  01-26 15:42  CatalogMesh                  INFO     Painted 25165824 out of 45493670 objects to mesh.
[002532.67]  01-26 15:42  CatalogMesh                  INFO     Slab 25165824 ~ 29360128 / 45493670.
[002533.74]  01-26 15:42  CatalogMesh                  INFO     Painted 29360128 out of 45493670 objects to mesh.
[002533.74]  01-26 15:42  CatalogMesh                  INFO     Slab 29360128 ~ 33554432 / 45493670.
[002534.84]  01-26 15:42  CatalogMesh                  INFO     Painted 33554432 out of 45493670 objects to mesh.
[002534.84]  01-26 15:42  CatalogMesh                  INFO     Slab 33554432 ~ 37748736 / 45493670.
[002536.03]  01-26 15:42  CatalogMesh                  INFO     Painted 37748736 out of 45493670 objects to mesh.
[002536.04]  01-26 15:42  CatalogMesh                  INFO     Slab 37748736 ~ 41943040 / 45493670.
[002537.24]  01-26 15:42  CatalogMesh                  INFO     Painted 41943040 out of 45493670 objects to mesh.
[002537.24]  01-26 15:42  CatalogMesh                  INFO     Slab 41943040 ~ 46137344 / 45493670.
[002538.26]  01-26 15:42  CatalogMesh                  INFO     Painted 45493670 out of 45493670 objects to mesh.
[002543.79]  01-26 15:42  CatalogFFTPower              INFO     Done painting catalog 1 to mesh.
[002543.79]  01-26 15:42  CatalogFFTPower              INFO     Using 400 k-bins between 0.000 and 0.400.
[002543.79]  01-26 15:42  CatalogFFTPower              INFO     Meshes prepared in elapsed time 48.87 s.
[002543.79]  01-26 15:42  CatalogFFTPower              INFO     Running mesh calculation.
[002561.17]  01-26 15:42  CatalogFFTPower              INFO     Mesh calculations performed in elapsed time 17.37 s.
[002561.17]  01-26 15:42  CatalogFFTPower              INFO     Power spectrum computed in elapsed time 66.24 s.
[002561.17]  01-26 15:42  CatalogFFTPower              INFO     Saving /pscratch/sd/s/shengyu/galaxies/catalogs/Y3/AbacusHF-v2/Boxes/QSO/sn0p950/AbacusSummit_base_c000_ph005/mpspk/pkpoles_QSO_zp0.950_DR2_v1.0+dv_repeat.npy.
[002561.17]  01-26 15:42  compute_2pt                  INFO     Save to /pscratch/sd/s/shengyu/galaxies/catalogs/Y3/AbacusHF-v2/Boxes/QSO/sn0p950/AbacusSummit_base_c000_ph005/mpspk/pkpoles_QSO_zp0.950_DR2_v1.0+dv_repeat.npy
[002561.17]  01-26 15:42  TwoPointCorrelationFunction  INFO     Using estimator <class 'pycorr.twopoint_estimator.NaturalTwoPointEstimator'>.
[002561.17]  01-26 15:42  TwoPointCorrelationFunction  INFO     Running auto-correlation.
[002561.17]  01-26 15:42  TwoPointCorrelationFunction  INFO     Computing two-point counts D1D2.
[002624.70]  01-26 15:43  TwoPointCorrelationFunction  INFO     Analytically computing two-point counts R1R2.
[002624.70]  01-26 15:43  TwoPointCorrelationFunction  INFO     Correlation function computed in elapsed time 63.53 s.
[002624.70]  01-26 15:43  NaturalTwoPointEstimator     INFO     Saving /pscratch/sd/s/shengyu/galaxies/catalogs/Y3/AbacusHF-v2/Boxes/QSO/sn0p950/AbacusSummit_base_c000_ph005/mpspk/mpslog_QSO_zp0.950_DR2_v1.0+dv_repeat.npy.
[002624.71]  01-26 15:43  compute_2pt                  INFO     Save to /pscratch/sd/s/shengyu/galaxies/catalogs/Y3/AbacusHF-v2/Boxes/QSO/sn0p950/AbacusSummit_base_c000_ph005/mpspk/mpslog_QSO_zp0.950_DR2_v1.0+dv_repeat.npy
[002624.71]  01-26 15:43  TwoPointCorrelationFunction  INFO     Using estimator <class 'pycorr.twopoint_estimator.NaturalTwoPointEstimator'>.
[002624.71]  01-26 15:43  TwoPointCorrelationFunction  INFO     Running auto-correlation.
[002624.71]  01-26 15:43  TwoPointCorrelationFunction  INFO     Computing two-point counts D1D2.
[002667.00]  01-26 15:44  TwoPointCorrelationFunction  INFO     Analytically computing two-point counts R1R2.
[002667.00]  01-26 15:44  TwoPointCorrelationFunction  INFO     Correlation function computed in elapsed time 42.29 s.
[002667.00]  01-26 15:44  NaturalTwoPointEstimator     INFO     Saving /pscratch/sd/s/shengyu/galaxies/catalogs/Y3/AbacusHF-v2/Boxes/QSO/sn0p950/AbacusSummit_base_c000_ph005/mpspk/wplog_QSO_zp0.950_DR2_v1.0+dv_repeat.npy.
[002667.01]  01-26 15:44  compute_2pt                  INFO     Save to /pscratch/sd/s/shengyu/galaxies/catalogs/Y3/AbacusHF-v2/Boxes/QSO/sn0p950/AbacusSummit_base_c000_ph005/mpspk/wplog_QSO_zp0.950_DR2_v1.0+dv_repeat.npy
[002667.01]  01-26 15:44  compute_2pt                  INFO     Procceed {'version': 'AbacusHF-v2', 'domain': 'cubic', 'tracer': 'QSO', 'zsnap': 0.95, 'zrange': (0.8, 1.1), 'mock_id': 6, 'use_dv': 'repeat'}
[002667.01]  01-26 15:44  cat_tools                    INFO     Load /pscratch/sd/s/shengyu/galaxies/catalogs/Y3/AbacusHF-v2/Boxes/QSO/sn0p950/AbacusSummit_base_c000_ph006/abacus_HF_QSO_0p950_DR2_v2.0_AbacusSummit_base_c000_ph006_base_clustering.dat.h5
[002667.01]  01-26 15:44  FileStack                    INFO     Reading /pscratch/sd/s/shengyu/galaxies/catalogs/Y3/AbacusHF-v2/Boxes/QSO/sn0p950/AbacusSummit_base_c000_ph006/abacus_HF_QSO_0p950_DR2_v2.0_AbacusSummit_base_c000_ph006_base_clustering.dat.h5.
[002667.02]  01-26 15:44  cat_tools                    INFO     use Z positions shifted in repeat mode
[002668.80]  01-26 15:44  TwoPointCorrelationFunction  INFO     Using estimator <class 'pycorr.twopoint_estimator.NaturalTwoPointEstimator'>.
[002668.80]  01-26 15:44  TwoPointCorrelationFunction  INFO     Running auto-correlation.
[002668.80]  01-26 15:44  TwoPointCorrelationFunction  INFO     Computing two-point counts D1D2.
[002928.03]  01-26 15:48  TwoPointCorrelationFunction  INFO     Analytically computing two-point counts R1R2.
[002928.03]  01-26 15:48  TwoPointCorrelationFunction  INFO     Correlation function computed in elapsed time 259.23 s.
[002928.04]  01-26 15:48  NaturalTwoPointEstimator     INFO     Saving /pscratch/sd/s/shengyu/galaxies/catalogs/Y3/AbacusHF-v2/Boxes/QSO/sn0p950/AbacusSummit_base_c000_ph006/mpspk/xipoles_QSO_zp0.950_DR2_v1.0+dv_repeat.npy.
[002928.04]  01-26 15:48  compute_2pt                  INFO     Save to /pscratch/sd/s/shengyu/galaxies/catalogs/Y3/AbacusHF-v2/Boxes/QSO/sn0p950/AbacusSummit_base_c000_ph006/mpspk/xipoles_QSO_zp0.950_DR2_v1.0+dv_repeat.npy
[002934.17]  01-26 15:49  CatalogFFTPower              INFO     Painting catalog 1 to mesh CatalogMesh(nmesh=[512 512 512], boxsize=[2000. 2000. 2000.], boxcenter=[1000.00000227 1000.00003664 1000.00000198], dtype=float64).
[002934.74]  01-26 15:49  CatalogMesh                  INFO     Slab 0 ~ 4194304 / 45535459.
[002935.85]  01-26 15:49  CatalogMesh                  INFO     Painted 4194304 out of 45535459 objects to mesh.
[002935.85]  01-26 15:49  CatalogMesh                  INFO     Slab 4194304 ~ 8388608 / 45535459.
[002936.93]  01-26 15:49  CatalogMesh                  INFO     Painted 8388608 out of 45535459 objects to mesh.
[002936.93]  01-26 15:49  CatalogMesh                  INFO     Slab 8388608 ~ 12582912 / 45535459.
[002938.01]  01-26 15:49  CatalogMesh                  INFO     Painted 12582912 out of 45535459 objects to mesh.
[002938.01]  01-26 15:49  CatalogMesh                  INFO     Slab 12582912 ~ 16777216 / 45535459.
[002939.09]  01-26 15:49  CatalogMesh                  INFO     Painted 16777216 out of 45535459 objects to mesh.
[002939.09]  01-26 15:49  CatalogMesh                  INFO     Slab 16777216 ~ 20971520 / 45535459.
[002940.17]  01-26 15:49  CatalogMesh                  INFO     Painted 20971520 out of 45535459 objects to mesh.
[002940.17]  01-26 15:49  CatalogMesh                  INFO     Slab 20971520 ~ 25165824 / 45535459.
[002941.25]  01-26 15:49  CatalogMesh                  INFO     Painted 25165824 out of 45535459 objects to mesh.
[002941.25]  01-26 15:49  CatalogMesh                  INFO     Slab 25165824 ~ 29360128 / 45535459.
[002942.33]  01-26 15:49  CatalogMesh                  INFO     Painted 29360128 out of 45535459 objects to mesh.
[002942.33]  01-26 15:49  CatalogMesh                  INFO     Slab 29360128 ~ 33554432 / 45535459.
[002943.42]  01-26 15:49  CatalogMesh                  INFO     Painted 33554432 out of 45535459 objects to mesh.
[002943.43]  01-26 15:49  CatalogMesh                  INFO     Slab 33554432 ~ 37748736 / 45535459.
[002944.63]  01-26 15:49  CatalogMesh                  INFO     Painted 37748736 out of 45535459 objects to mesh.
[002944.63]  01-26 15:49  CatalogMesh                  INFO     Slab 37748736 ~ 41943040 / 45535459.
[002945.83]  01-26 15:49  CatalogMesh                  INFO     Painted 41943040 out of 45535459 objects to mesh.
[002945.83]  01-26 15:49  CatalogMesh                  INFO     Slab 41943040 ~ 46137344 / 45535459.
[002946.87]  01-26 15:49  CatalogMesh                  INFO     Painted 45535459 out of 45535459 objects to mesh.
[002946.87]  01-26 15:49  CatalogMesh                  INFO     Running interlacing at order 3.
[002949.27]  01-26 15:49  CatalogMesh                  INFO     Slab 0 ~ 4194304 / 45535459.
[002950.35]  01-26 15:49  CatalogMesh                  INFO     Painted 4194304 out of 45535459 objects to mesh.
[002950.35]  01-26 15:49  CatalogMesh                  INFO     Slab 4194304 ~ 8388608 / 45535459.
[002951.43]  01-26 15:49  CatalogMesh                  INFO     Painted 8388608 out of 45535459 objects to mesh.
[002951.43]  01-26 15:49  CatalogMesh                  INFO     Slab 8388608 ~ 12582912 / 45535459.
[002952.51]  01-26 15:49  CatalogMesh                  INFO     Painted 12582912 out of 45535459 objects to mesh.
[002952.51]  01-26 15:49  CatalogMesh                  INFO     Slab 12582912 ~ 16777216 / 45535459.
[002953.60]  01-26 15:49  CatalogMesh                  INFO     Painted 16777216 out of 45535459 objects to mesh.
[002953.60]  01-26 15:49  CatalogMesh                  INFO     Slab 16777216 ~ 20971520 / 45535459.
[002954.70]  01-26 15:49  CatalogMesh                  INFO     Painted 20971520 out of 45535459 objects to mesh.
[002954.70]  01-26 15:49  CatalogMesh                  INFO     Slab 20971520 ~ 25165824 / 45535459.
[002955.79]  01-26 15:49  CatalogMesh                  INFO     Painted 25165824 out of 45535459 objects to mesh.
[002955.79]  01-26 15:49  CatalogMesh                  INFO     Slab 25165824 ~ 29360128 / 45535459.
[002956.92]  01-26 15:49  CatalogMesh                  INFO     Painted 29360128 out of 45535459 objects to mesh.
[002956.92]  01-26 15:49  CatalogMesh                  INFO     Slab 29360128 ~ 33554432 / 45535459.
[002958.06]  01-26 15:49  CatalogMesh                  INFO     Painted 33554432 out of 45535459 objects to mesh.
[002958.06]  01-26 15:49  CatalogMesh                  INFO     Slab 33554432 ~ 37748736 / 45535459.
[002959.28]  01-26 15:49  CatalogMesh                  INFO     Painted 37748736 out of 45535459 objects to mesh.
[002959.28]  01-26 15:49  CatalogMesh                  INFO     Slab 37748736 ~ 41943040 / 45535459.
[002960.50]  01-26 15:49  CatalogMesh                  INFO     Painted 41943040 out of 45535459 objects to mesh.
[002960.50]  01-26 15:49  CatalogMesh                  INFO     Slab 41943040 ~ 46137344 / 45535459.
[002961.53]  01-26 15:49  CatalogMesh                  INFO     Painted 45535459 out of 45535459 objects to mesh.
[002965.49]  01-26 15:49  CatalogMesh                  INFO     Slab 0 ~ 4194304 / 45535459.
[002966.62]  01-26 15:49  CatalogMesh                  INFO     Painted 4194304 out of 45535459 objects to mesh.
[002966.63]  01-26 15:49  CatalogMesh                  INFO     Slab 4194304 ~ 8388608 / 45535459.
[002967.70]  01-26 15:49  CatalogMesh                  INFO     Painted 8388608 out of 45535459 objects to mesh.
[002967.70]  01-26 15:49  CatalogMesh                  INFO     Slab 8388608 ~ 12582912 / 45535459.
[002968.77]  01-26 15:49  CatalogMesh                  INFO     Painted 12582912 out of 45535459 objects to mesh.
[002968.77]  01-26 15:49  CatalogMesh                  INFO     Slab 12582912 ~ 16777216 / 45535459.
[002969.85]  01-26 15:49  CatalogMesh                  INFO     Painted 16777216 out of 45535459 objects to mesh.
[002969.85]  01-26 15:49  CatalogMesh                  INFO     Slab 16777216 ~ 20971520 / 45535459.
[002970.92]  01-26 15:49  CatalogMesh                  INFO     Painted 20971520 out of 45535459 objects to mesh.
[002970.93]  01-26 15:49  CatalogMesh                  INFO     Slab 20971520 ~ 25165824 / 45535459.
[002972.00]  01-26 15:49  CatalogMesh                  INFO     Painted 25165824 out of 45535459 objects to mesh.
[002972.00]  01-26 15:49  CatalogMesh                  INFO     Slab 25165824 ~ 29360128 / 45535459.
[002973.08]  01-26 15:49  CatalogMesh                  INFO     Painted 29360128 out of 45535459 objects to mesh.
[002973.08]  01-26 15:49  CatalogMesh                  INFO     Slab 29360128 ~ 33554432 / 45535459.
[002974.21]  01-26 15:49  CatalogMesh                  INFO     Painted 33554432 out of 45535459 objects to mesh.
[002974.21]  01-26 15:49  CatalogMesh                  INFO     Slab 33554432 ~ 37748736 / 45535459.
[002975.40]  01-26 15:49  CatalogMesh                  INFO     Painted 37748736 out of 45535459 objects to mesh.
[002975.40]  01-26 15:49  CatalogMesh                  INFO     Slab 37748736 ~ 41943040 / 45535459.
[002976.60]  01-26 15:49  CatalogMesh                  INFO     Painted 41943040 out of 45535459 objects to mesh.
[002976.60]  01-26 15:49  CatalogMesh                  INFO     Slab 41943040 ~ 46137344 / 45535459.
[002977.63]  01-26 15:49  CatalogMesh                  INFO     Painted 45535459 out of 45535459 objects to mesh.
[002983.14]  01-26 15:49  CatalogFFTPower              INFO     Done painting catalog 1 to mesh.
[002983.14]  01-26 15:49  CatalogFFTPower              INFO     Using 400 k-bins between 0.000 and 0.400.
[002983.14]  01-26 15:49  CatalogFFTPower              INFO     Meshes prepared in elapsed time 48.98 s.
[002983.14]  01-26 15:49  CatalogFFTPower              INFO     Running mesh calculation.
[003000.39]  01-26 15:50  CatalogFFTPower              INFO     Mesh calculations performed in elapsed time 17.24 s.
[003000.39]  01-26 15:50  CatalogFFTPower              INFO     Power spectrum computed in elapsed time 66.22 s.
[003000.39]  01-26 15:50  CatalogFFTPower              INFO     Saving /pscratch/sd/s/shengyu/galaxies/catalogs/Y3/AbacusHF-v2/Boxes/QSO/sn0p950/AbacusSummit_base_c000_ph006/mpspk/pkpoles_QSO_zp0.950_DR2_v1.0+dv_repeat.npy.
[003000.39]  01-26 15:50  compute_2pt                  INFO     Save to /pscratch/sd/s/shengyu/galaxies/catalogs/Y3/AbacusHF-v2/Boxes/QSO/sn0p950/AbacusSummit_base_c000_ph006/mpspk/pkpoles_QSO_zp0.950_DR2_v1.0+dv_repeat.npy
[003000.39]  01-26 15:50  TwoPointCorrelationFunction  INFO     Using estimator <class 'pycorr.twopoint_estimator.NaturalTwoPointEstimator'>.
[003000.39]  01-26 15:50  TwoPointCorrelationFunction  INFO     Running auto-correlation.
[003000.39]  01-26 15:50  TwoPointCorrelationFunction  INFO     Computing two-point counts D1D2.
[003059.90]  01-26 15:51  TwoPointCorrelationFunction  INFO     Analytically computing two-point counts R1R2.
[003059.90]  01-26 15:51  TwoPointCorrelationFunction  INFO     Correlation function computed in elapsed time 59.51 s.
[003059.90]  01-26 15:51  NaturalTwoPointEstimator     INFO     Saving /pscratch/sd/s/shengyu/galaxies/catalogs/Y3/AbacusHF-v2/Boxes/QSO/sn0p950/AbacusSummit_base_c000_ph006/mpspk/mpslog_QSO_zp0.950_DR2_v1.0+dv_repeat.npy.
[003059.91]  01-26 15:51  compute_2pt                  INFO     Save to /pscratch/sd/s/shengyu/galaxies/catalogs/Y3/AbacusHF-v2/Boxes/QSO/sn0p950/AbacusSummit_base_c000_ph006/mpspk/mpslog_QSO_zp0.950_DR2_v1.0+dv_repeat.npy
[003059.91]  01-26 15:51  TwoPointCorrelationFunction  INFO     Using estimator <class 'pycorr.twopoint_estimator.NaturalTwoPointEstimator'>.
[003059.91]  01-26 15:51  TwoPointCorrelationFunction  INFO     Running auto-correlation.
[003059.91]  01-26 15:51  TwoPointCorrelationFunction  INFO     Computing two-point counts D1D2.
[003102.26]  01-26 15:51  TwoPointCorrelationFunction  INFO     Analytically computing two-point counts R1R2.
[003102.26]  01-26 15:51  TwoPointCorrelationFunction  INFO     Correlation function computed in elapsed time 42.35 s.
[003102.26]  01-26 15:51  NaturalTwoPointEstimator     INFO     Saving /pscratch/sd/s/shengyu/galaxies/catalogs/Y3/AbacusHF-v2/Boxes/QSO/sn0p950/AbacusSummit_base_c000_ph006/mpspk/wplog_QSO_zp0.950_DR2_v1.0+dv_repeat.npy.
[003102.26]  01-26 15:51  compute_2pt                  INFO     Save to /pscratch/sd/s/shengyu/galaxies/catalogs/Y3/AbacusHF-v2/Boxes/QSO/sn0p950/AbacusSummit_base_c000_ph006/mpspk/wplog_QSO_zp0.950_DR2_v1.0+dv_repeat.npy
[003102.27]  01-26 15:51  compute_2pt                  INFO     Procceed {'version': 'AbacusHF-v2', 'domain': 'cubic', 'tracer': 'QSO', 'zsnap': 0.95, 'zrange': (0.8, 1.1), 'mock_id': 7, 'use_dv': 'repeat'}
[003102.27]  01-26 15:51  cat_tools                    INFO     Load /pscratch/sd/s/shengyu/galaxies/catalogs/Y3/AbacusHF-v2/Boxes/QSO/sn0p950/AbacusSummit_base_c000_ph007/abacus_HF_QSO_0p950_DR2_v2.0_AbacusSummit_base_c000_ph007_base_clustering.dat.h5
[003102.27]  01-26 15:51  FileStack                    INFO     Reading /pscratch/sd/s/shengyu/galaxies/catalogs/Y3/AbacusHF-v2/Boxes/QSO/sn0p950/AbacusSummit_base_c000_ph007/abacus_HF_QSO_0p950_DR2_v2.0_AbacusSummit_base_c000_ph007_base_clustering.dat.h5.
[003102.27]  01-26 15:51  cat_tools                    INFO     use Z positions shifted in repeat mode
[003104.05]  01-26 15:51  TwoPointCorrelationFunction  INFO     Using estimator <class 'pycorr.twopoint_estimator.NaturalTwoPointEstimator'>.
[003104.05]  01-26 15:51  TwoPointCorrelationFunction  INFO     Running auto-correlation.
[003104.05]  01-26 15:51  TwoPointCorrelationFunction  INFO     Computing two-point counts D1D2.
[003364.47]  01-26 15:56  TwoPointCorrelationFunction  INFO     Analytically computing two-point counts R1R2.
[003364.48]  01-26 15:56  TwoPointCorrelationFunction  INFO     Correlation function computed in elapsed time 260.43 s.
[003364.48]  01-26 15:56  NaturalTwoPointEstimator     INFO     Saving /pscratch/sd/s/shengyu/galaxies/catalogs/Y3/AbacusHF-v2/Boxes/QSO/sn0p950/AbacusSummit_base_c000_ph007/mpspk/xipoles_QSO_zp0.950_DR2_v1.0+dv_repeat.npy.
[003364.48]  01-26 15:56  compute_2pt                  INFO     Save to /pscratch/sd/s/shengyu/galaxies/catalogs/Y3/AbacusHF-v2/Boxes/QSO/sn0p950/AbacusSummit_base_c000_ph007/mpspk/xipoles_QSO_zp0.950_DR2_v1.0+dv_repeat.npy
[003370.61]  01-26 15:56  CatalogFFTPower              INFO     Painting catalog 1 to mesh CatalogMesh(nmesh=[512 512 512], boxsize=[2000. 2000. 2000.], boxcenter=[ 999.99999952 1000.00003157 1000.00000232], dtype=float64).
[003371.18]  01-26 15:56  CatalogMesh                  INFO     Slab 0 ~ 4194304 / 45506357.
[003372.28]  01-26 15:56  CatalogMesh                  INFO     Painted 4194304 out of 45506357 objects to mesh.
[003372.28]  01-26 15:56  CatalogMesh                  INFO     Slab 4194304 ~ 8388608 / 45506357.
[003373.36]  01-26 15:56  CatalogMesh                  INFO     Painted 8388608 out of 45506357 objects to mesh.
[003373.36]  01-26 15:56  CatalogMesh                  INFO     Slab 8388608 ~ 12582912 / 45506357.
[003374.43]  01-26 15:56  CatalogMesh                  INFO     Painted 12582912 out of 45506357 objects to mesh.
[003374.43]  01-26 15:56  CatalogMesh                  INFO     Slab 12582912 ~ 16777216 / 45506357.
[003375.51]  01-26 15:56  CatalogMesh                  INFO     Painted 16777216 out of 45506357 objects to mesh.
[003375.51]  01-26 15:56  CatalogMesh                  INFO     Slab 16777216 ~ 20971520 / 45506357.
[003376.58]  01-26 15:56  CatalogMesh                  INFO     Painted 20971520 out of 45506357 objects to mesh.
[003376.58]  01-26 15:56  CatalogMesh                  INFO     Slab 20971520 ~ 25165824 / 45506357.
[003377.65]  01-26 15:56  CatalogMesh                  INFO     Painted 25165824 out of 45506357 objects to mesh.
[003377.65]  01-26 15:56  CatalogMesh                  INFO     Slab 25165824 ~ 29360128 / 45506357.
[003378.73]  01-26 15:56  CatalogMesh                  INFO     Painted 29360128 out of 45506357 objects to mesh.
[003378.73]  01-26 15:56  CatalogMesh                  INFO     Slab 29360128 ~ 33554432 / 45506357.
[003379.81]  01-26 15:56  CatalogMesh                  INFO     Painted 33554432 out of 45506357 objects to mesh.
[003379.82]  01-26 15:56  CatalogMesh                  INFO     Slab 33554432 ~ 37748736 / 45506357.
[003381.01]  01-26 15:56  CatalogMesh                  INFO     Painted 37748736 out of 45506357 objects to mesh.
[003381.01]  01-26 15:56  CatalogMesh                  INFO     Slab 37748736 ~ 41943040 / 45506357.
[003382.20]  01-26 15:56  CatalogMesh                  INFO     Painted 41943040 out of 45506357 objects to mesh.
[003382.20]  01-26 15:56  CatalogMesh                  INFO     Slab 41943040 ~ 46137344 / 45506357.
[003383.23]  01-26 15:56  CatalogMesh                  INFO     Painted 45506357 out of 45506357 objects to mesh.
[003383.23]  01-26 15:56  CatalogMesh                  INFO     Running interlacing at order 3.
[003385.64]  01-26 15:56  CatalogMesh                  INFO     Slab 0 ~ 4194304 / 45506357.
[003386.71]  01-26 15:56  CatalogMesh                  INFO     Painted 4194304 out of 45506357 objects to mesh.
[003386.71]  01-26 15:56  CatalogMesh                  INFO     Slab 4194304 ~ 8388608 / 45506357.
[003387.79]  01-26 15:56  CatalogMesh                  INFO     Painted 8388608 out of 45506357 objects to mesh.
[003387.79]  01-26 15:56  CatalogMesh                  INFO     Slab 8388608 ~ 12582912 / 45506357.
[003388.86]  01-26 15:56  CatalogMesh                  INFO     Painted 12582912 out of 45506357 objects to mesh.
[003388.86]  01-26 15:56  CatalogMesh                  INFO     Slab 12582912 ~ 16777216 / 45506357.
[003389.96]  01-26 15:56  CatalogMesh                  INFO     Painted 16777216 out of 45506357 objects to mesh.
[003389.96]  01-26 15:56  CatalogMesh                  INFO     Slab 16777216 ~ 20971520 / 45506357.
[003391.03]  01-26 15:56  CatalogMesh                  INFO     Painted 20971520 out of 45506357 objects to mesh.
[003391.03]  01-26 15:56  CatalogMesh                  INFO     Slab 20971520 ~ 25165824 / 45506357.
[003392.11]  01-26 15:56  CatalogMesh                  INFO     Painted 25165824 out of 45506357 objects to mesh.
[003392.11]  01-26 15:56  CatalogMesh                  INFO     Slab 25165824 ~ 29360128 / 45506357.
[003393.19]  01-26 15:56  CatalogMesh                  INFO     Painted 29360128 out of 45506357 objects to mesh.
[003393.19]  01-26 15:56  CatalogMesh                  INFO     Slab 29360128 ~ 33554432 / 45506357.
[003394.28]  01-26 15:56  CatalogMesh                  INFO     Painted 33554432 out of 45506357 objects to mesh.
[003394.28]  01-26 15:56  CatalogMesh                  INFO     Slab 33554432 ~ 37748736 / 45506357.
[003395.47]  01-26 15:56  CatalogMesh                  INFO     Painted 37748736 out of 45506357 objects to mesh.
[003395.48]  01-26 15:56  CatalogMesh                  INFO     Slab 37748736 ~ 41943040 / 45506357.
[003396.67]  01-26 15:56  CatalogMesh                  INFO     Painted 41943040 out of 45506357 objects to mesh.
[003396.67]  01-26 15:56  CatalogMesh                  INFO     Slab 41943040 ~ 46137344 / 45506357.
[003397.70]  01-26 15:56  CatalogMesh                  INFO     Painted 45506357 out of 45506357 objects to mesh.
[003401.68]  01-26 15:56  CatalogMesh                  INFO     Slab 0 ~ 4194304 / 45506357.
[003402.75]  01-26 15:56  CatalogMesh                  INFO     Painted 4194304 out of 45506357 objects to mesh.
[003402.75]  01-26 15:56  CatalogMesh                  INFO     Slab 4194304 ~ 8388608 / 45506357.
[003403.82]  01-26 15:56  CatalogMesh                  INFO     Painted 8388608 out of 45506357 objects to mesh.
[003403.83]  01-26 15:56  CatalogMesh                  INFO     Slab 8388608 ~ 12582912 / 45506357.
[003404.90]  01-26 15:56  CatalogMesh                  INFO     Painted 12582912 out of 45506357 objects to mesh.
[003404.90]  01-26 15:56  CatalogMesh                  INFO     Slab 12582912 ~ 16777216 / 45506357.
[003405.98]  01-26 15:56  CatalogMesh                  INFO     Painted 16777216 out of 45506357 objects to mesh.
[003405.98]  01-26 15:56  CatalogMesh                  INFO     Slab 16777216 ~ 20971520 / 45506357.
[003407.05]  01-26 15:56  CatalogMesh                  INFO     Painted 20971520 out of 45506357 objects to mesh.
[003407.05]  01-26 15:56  CatalogMesh                  INFO     Slab 20971520 ~ 25165824 / 45506357.
[003408.13]  01-26 15:56  CatalogMesh                  INFO     Painted 25165824 out of 45506357 objects to mesh.
[003408.13]  01-26 15:56  CatalogMesh                  INFO     Slab 25165824 ~ 29360128 / 45506357.
[003409.20]  01-26 15:57  CatalogMesh                  INFO     Painted 29360128 out of 45506357 objects to mesh.
[003409.21]  01-26 15:57  CatalogMesh                  INFO     Slab 29360128 ~ 33554432 / 45506357.
[003410.30]  01-26 15:57  CatalogMesh                  INFO     Painted 33554432 out of 45506357 objects to mesh.
[003410.30]  01-26 15:57  CatalogMesh                  INFO     Slab 33554432 ~ 37748736 / 45506357.
[003411.49]  01-26 15:57  CatalogMesh                  INFO     Painted 37748736 out of 45506357 objects to mesh.
[003411.49]  01-26 15:57  CatalogMesh                  INFO     Slab 37748736 ~ 41943040 / 45506357.
[003412.70]  01-26 15:57  CatalogMesh                  INFO     Painted 41943040 out of 45506357 objects to mesh.
[003412.70]  01-26 15:57  CatalogMesh                  INFO     Slab 41943040 ~ 46137344 / 45506357.
[003413.72]  01-26 15:57  CatalogMesh                  INFO     Painted 45506357 out of 45506357 objects to mesh.
[003419.25]  01-26 15:57  CatalogFFTPower              INFO     Done painting catalog 1 to mesh.
[003419.25]  01-26 15:57  CatalogFFTPower              INFO     Using 400 k-bins between 0.000 and 0.400.
[003419.25]  01-26 15:57  CatalogFFTPower              INFO     Meshes prepared in elapsed time 48.65 s.
[003419.25]  01-26 15:57  CatalogFFTPower              INFO     Running mesh calculation.
[003436.65]  01-26 15:57  CatalogFFTPower              INFO     Mesh calculations performed in elapsed time 17.39 s.
[003436.65]  01-26 15:57  CatalogFFTPower              INFO     Power spectrum computed in elapsed time 66.04 s.
[003436.65]  01-26 15:57  CatalogFFTPower              INFO     Saving /pscratch/sd/s/shengyu/galaxies/catalogs/Y3/AbacusHF-v2/Boxes/QSO/sn0p950/AbacusSummit_base_c000_ph007/mpspk/pkpoles_QSO_zp0.950_DR2_v1.0+dv_repeat.npy.
[003436.65]  01-26 15:57  compute_2pt                  INFO     Save to /pscratch/sd/s/shengyu/galaxies/catalogs/Y3/AbacusHF-v2/Boxes/QSO/sn0p950/AbacusSummit_base_c000_ph007/mpspk/pkpoles_QSO_zp0.950_DR2_v1.0+dv_repeat.npy
[003436.65]  01-26 15:57  TwoPointCorrelationFunction  INFO     Using estimator <class 'pycorr.twopoint_estimator.NaturalTwoPointEstimator'>.
[003436.65]  01-26 15:57  TwoPointCorrelationFunction  INFO     Running auto-correlation.
[003436.65]  01-26 15:57  TwoPointCorrelationFunction  INFO     Computing two-point counts D1D2.
[003499.61]  01-26 15:58  TwoPointCorrelationFunction  INFO     Analytically computing two-point counts R1R2.
[003499.62]  01-26 15:58  TwoPointCorrelationFunction  INFO     Correlation function computed in elapsed time 62.96 s.
[003499.62]  01-26 15:58  NaturalTwoPointEstimator     INFO     Saving /pscratch/sd/s/shengyu/galaxies/catalogs/Y3/AbacusHF-v2/Boxes/QSO/sn0p950/AbacusSummit_base_c000_ph007/mpspk/mpslog_QSO_zp0.950_DR2_v1.0+dv_repeat.npy.
[003499.62]  01-26 15:58  compute_2pt                  INFO     Save to /pscratch/sd/s/shengyu/galaxies/catalogs/Y3/AbacusHF-v2/Boxes/QSO/sn0p950/AbacusSummit_base_c000_ph007/mpspk/mpslog_QSO_zp0.950_DR2_v1.0+dv_repeat.npy
[003499.62]  01-26 15:58  TwoPointCorrelationFunction  INFO     Using estimator <class 'pycorr.twopoint_estimator.NaturalTwoPointEstimator'>.
[003499.62]  01-26 15:58  TwoPointCorrelationFunction  INFO     Running auto-correlation.
[003499.62]  01-26 15:58  TwoPointCorrelationFunction  INFO     Computing two-point counts D1D2.
[003541.83]  01-26 15:59  TwoPointCorrelationFunction  INFO     Analytically computing two-point counts R1R2.
[003541.83]  01-26 15:59  TwoPointCorrelationFunction  INFO     Correlation function computed in elapsed time 42.21 s.
[003541.83]  01-26 15:59  NaturalTwoPointEstimator     INFO     Saving /pscratch/sd/s/shengyu/galaxies/catalogs/Y3/AbacusHF-v2/Boxes/QSO/sn0p950/AbacusSummit_base_c000_ph007/mpspk/wplog_QSO_zp0.950_DR2_v1.0+dv_repeat.npy.
[003541.84]  01-26 15:59  compute_2pt                  INFO     Save to /pscratch/sd/s/shengyu/galaxies/catalogs/Y3/AbacusHF-v2/Boxes/QSO/sn0p950/AbacusSummit_base_c000_ph007/mpspk/wplog_QSO_zp0.950_DR2_v1.0+dv_repeat.npy
[003541.84]  01-26 15:59  compute_2pt                  INFO     Procceed {'version': 'AbacusHF-v2', 'domain': 'cubic', 'tracer': 'QSO', 'zsnap': 0.95, 'zrange': (0.8, 1.1), 'mock_id': 8, 'use_dv': 'repeat'}
[003541.84]  01-26 15:59  cat_tools                    INFO     Load /pscratch/sd/s/shengyu/galaxies/catalogs/Y3/AbacusHF-v2/Boxes/QSO/sn0p950/AbacusSummit_base_c000_ph008/abacus_HF_QSO_0p950_DR2_v2.0_AbacusSummit_base_c000_ph008_base_clustering.dat.h5
[003541.84]  01-26 15:59  FileStack                    INFO     Reading /pscratch/sd/s/shengyu/galaxies/catalogs/Y3/AbacusHF-v2/Boxes/QSO/sn0p950/AbacusSummit_base_c000_ph008/abacus_HF_QSO_0p950_DR2_v2.0_AbacusSummit_base_c000_ph008_base_clustering.dat.h5.
[003541.85]  01-26 15:59  cat_tools                    INFO     use Z positions shifted in repeat mode
[003543.61]  01-26 15:59  TwoPointCorrelationFunction  INFO     Using estimator <class 'pycorr.twopoint_estimator.NaturalTwoPointEstimator'>.
[003543.61]  01-26 15:59  TwoPointCorrelationFunction  INFO     Running auto-correlation.
[003543.61]  01-26 15:59  TwoPointCorrelationFunction  INFO     Computing two-point counts D1D2.
[003808.50]  01-26 16:03  TwoPointCorrelationFunction  INFO     Analytically computing two-point counts R1R2.
[003808.50]  01-26 16:03  TwoPointCorrelationFunction  INFO     Correlation function computed in elapsed time 264.88 s.
[003808.50]  01-26 16:03  NaturalTwoPointEstimator     INFO     Saving /pscratch/sd/s/shengyu/galaxies/catalogs/Y3/AbacusHF-v2/Boxes/QSO/sn0p950/AbacusSummit_base_c000_ph008/mpspk/xipoles_QSO_zp0.950_DR2_v1.0+dv_repeat.npy.
[003808.50]  01-26 16:03  compute_2pt                  INFO     Save to /pscratch/sd/s/shengyu/galaxies/catalogs/Y3/AbacusHF-v2/Boxes/QSO/sn0p950/AbacusSummit_base_c000_ph008/mpspk/xipoles_QSO_zp0.950_DR2_v1.0+dv_repeat.npy
[003814.67]  01-26 16:03  CatalogFFTPower              INFO     Painting catalog 1 to mesh CatalogMesh(nmesh=[512 512 512], boxsize=[2000. 2000. 2000.], boxcenter=[ 999.99999942  999.99998404 1000.00001783], dtype=float64).
[003815.25]  01-26 16:03  CatalogMesh                  INFO     Slab 0 ~ 4194304 / 45525996.
[003816.35]  01-26 16:03  CatalogMesh                  INFO     Painted 4194304 out of 45525996 objects to mesh.
[003816.35]  01-26 16:03  CatalogMesh                  INFO     Slab 4194304 ~ 8388608 / 45525996.
[003817.43]  01-26 16:03  CatalogMesh                  INFO     Painted 8388608 out of 45525996 objects to mesh.
[003817.43]  01-26 16:03  CatalogMesh                  INFO     Slab 8388608 ~ 12582912 / 45525996.
[003818.53]  01-26 16:03  CatalogMesh                  INFO     Painted 12582912 out of 45525996 objects to mesh.
[003818.53]  01-26 16:03  CatalogMesh                  INFO     Slab 12582912 ~ 16777216 / 45525996.
[003819.61]  01-26 16:03  CatalogMesh                  INFO     Painted 16777216 out of 45525996 objects to mesh.
[003819.61]  01-26 16:03  CatalogMesh                  INFO     Slab 16777216 ~ 20971520 / 45525996.
[003820.69]  01-26 16:03  CatalogMesh                  INFO     Painted 20971520 out of 45525996 objects to mesh.
[003820.69]  01-26 16:03  CatalogMesh                  INFO     Slab 20971520 ~ 25165824 / 45525996.
[003821.77]  01-26 16:03  CatalogMesh                  INFO     Painted 25165824 out of 45525996 objects to mesh.
[003821.77]  01-26 16:03  CatalogMesh                  INFO     Slab 25165824 ~ 29360128 / 45525996.
[003822.85]  01-26 16:03  CatalogMesh                  INFO     Painted 29360128 out of 45525996 objects to mesh.
[003822.85]  01-26 16:03  CatalogMesh                  INFO     Slab 29360128 ~ 33554432 / 45525996.
[003823.95]  01-26 16:03  CatalogMesh                  INFO     Painted 33554432 out of 45525996 objects to mesh.
[003823.95]  01-26 16:03  CatalogMesh                  INFO     Slab 33554432 ~ 37748736 / 45525996.
[003825.15]  01-26 16:03  CatalogMesh                  INFO     Painted 37748736 out of 45525996 objects to mesh.
[003825.15]  01-26 16:03  CatalogMesh                  INFO     Slab 37748736 ~ 41943040 / 45525996.
[003826.36]  01-26 16:03  CatalogMesh                  INFO     Painted 41943040 out of 45525996 objects to mesh.
[003826.36]  01-26 16:03  CatalogMesh                  INFO     Slab 41943040 ~ 46137344 / 45525996.
[003827.40]  01-26 16:03  CatalogMesh                  INFO     Painted 45525996 out of 45525996 objects to mesh.
[003827.40]  01-26 16:03  CatalogMesh                  INFO     Running interlacing at order 3.
[003829.85]  01-26 16:04  CatalogMesh                  INFO     Slab 0 ~ 4194304 / 45525996.
[003830.94]  01-26 16:04  CatalogMesh                  INFO     Painted 4194304 out of 45525996 objects to mesh.
[003830.94]  01-26 16:04  CatalogMesh                  INFO     Slab 4194304 ~ 8388608 / 45525996.
[003832.02]  01-26 16:04  CatalogMesh                  INFO     Painted 8388608 out of 45525996 objects to mesh.
[003832.02]  01-26 16:04  CatalogMesh                  INFO     Slab 8388608 ~ 12582912 / 45525996.
[003833.10]  01-26 16:04  CatalogMesh                  INFO     Painted 12582912 out of 45525996 objects to mesh.
[003833.10]  01-26 16:04  CatalogMesh                  INFO     Slab 12582912 ~ 16777216 / 45525996.
[003834.18]  01-26 16:04  CatalogMesh                  INFO     Painted 16777216 out of 45525996 objects to mesh.
[003834.18]  01-26 16:04  CatalogMesh                  INFO     Slab 16777216 ~ 20971520 / 45525996.
[003835.26]  01-26 16:04  CatalogMesh                  INFO     Painted 20971520 out of 45525996 objects to mesh.
[003835.26]  01-26 16:04  CatalogMesh                  INFO     Slab 20971520 ~ 25165824 / 45525996.
[003836.34]  01-26 16:04  CatalogMesh                  INFO     Painted 25165824 out of 45525996 objects to mesh.
[003836.34]  01-26 16:04  CatalogMesh                  INFO     Slab 25165824 ~ 29360128 / 45525996.
[003837.42]  01-26 16:04  CatalogMesh                  INFO     Painted 29360128 out of 45525996 objects to mesh.
[003837.42]  01-26 16:04  CatalogMesh                  INFO     Slab 29360128 ~ 33554432 / 45525996.
[003838.52]  01-26 16:04  CatalogMesh                  INFO     Painted 33554432 out of 45525996 objects to mesh.
[003838.52]  01-26 16:04  CatalogMesh                  INFO     Slab 33554432 ~ 37748736 / 45525996.
[003839.73]  01-26 16:04  CatalogMesh                  INFO     Painted 37748736 out of 45525996 objects to mesh.
[003839.73]  01-26 16:04  CatalogMesh                  INFO     Slab 37748736 ~ 41943040 / 45525996.
[003840.94]  01-26 16:04  CatalogMesh                  INFO     Painted 41943040 out of 45525996 objects to mesh.
[003840.94]  01-26 16:04  CatalogMesh                  INFO     Slab 41943040 ~ 46137344 / 45525996.
[003841.98]  01-26 16:04  CatalogMesh                  INFO     Painted 45525996 out of 45525996 objects to mesh.
[003845.98]  01-26 16:04  CatalogMesh                  INFO     Slab 0 ~ 4194304 / 45525996.
[003847.08]  01-26 16:04  CatalogMesh                  INFO     Painted 4194304 out of 45525996 objects to mesh.
[003847.08]  01-26 16:04  CatalogMesh                  INFO     Slab 4194304 ~ 8388608 / 45525996.
[003848.15]  01-26 16:04  CatalogMesh                  INFO     Painted 8388608 out of 45525996 objects to mesh.
[003848.15]  01-26 16:04  CatalogMesh                  INFO     Slab 8388608 ~ 12582912 / 45525996.
[003849.23]  01-26 16:04  CatalogMesh                  INFO     Painted 12582912 out of 45525996 objects to mesh.
[003849.23]  01-26 16:04  CatalogMesh                  INFO     Slab 12582912 ~ 16777216 / 45525996.
[003850.32]  01-26 16:04  CatalogMesh                  INFO     Painted 16777216 out of 45525996 objects to mesh.
[003850.32]  01-26 16:04  CatalogMesh                  INFO     Slab 16777216 ~ 20971520 / 45525996.
[003851.40]  01-26 16:04  CatalogMesh                  INFO     Painted 20971520 out of 45525996 objects to mesh.
[003851.40]  01-26 16:04  CatalogMesh                  INFO     Slab 20971520 ~ 25165824 / 45525996.
[003852.47]  01-26 16:04  CatalogMesh                  INFO     Painted 25165824 out of 45525996 objects to mesh.
[003852.47]  01-26 16:04  CatalogMesh                  INFO     Slab 25165824 ~ 29360128 / 45525996.
[003853.55]  01-26 16:04  CatalogMesh                  INFO     Painted 29360128 out of 45525996 objects to mesh.
[003853.55]  01-26 16:04  CatalogMesh                  INFO     Slab 29360128 ~ 33554432 / 45525996.
[003854.65]  01-26 16:04  CatalogMesh                  INFO     Painted 33554432 out of 45525996 objects to mesh.
[003854.65]  01-26 16:04  CatalogMesh                  INFO     Slab 33554432 ~ 37748736 / 45525996.
[003855.86]  01-26 16:04  CatalogMesh                  INFO     Painted 37748736 out of 45525996 objects to mesh.
[003855.86]  01-26 16:04  CatalogMesh                  INFO     Slab 37748736 ~ 41943040 / 45525996.
[003857.06]  01-26 16:04  CatalogMesh                  INFO     Painted 41943040 out of 45525996 objects to mesh.
[003857.07]  01-26 16:04  CatalogMesh                  INFO     Slab 41943040 ~ 46137344 / 45525996.
[003858.10]  01-26 16:04  CatalogMesh                  INFO     Painted 45525996 out of 45525996 objects to mesh.
[003863.67]  01-26 16:04  CatalogFFTPower              INFO     Done painting catalog 1 to mesh.
[003863.67]  01-26 16:04  CatalogFFTPower              INFO     Using 400 k-bins between 0.000 and 0.400.
[003863.67]  01-26 16:04  CatalogFFTPower              INFO     Meshes prepared in elapsed time 49.00 s.
[003863.67]  01-26 16:04  CatalogFFTPower              INFO     Running mesh calculation.
[003881.25]  01-26 16:04  CatalogFFTPower              INFO     Mesh calculations performed in elapsed time 17.58 s.
[003881.25]  01-26 16:04  CatalogFFTPower              INFO     Power spectrum computed in elapsed time 66.58 s.
[003881.26]  01-26 16:04  CatalogFFTPower              INFO     Saving /pscratch/sd/s/shengyu/galaxies/catalogs/Y3/AbacusHF-v2/Boxes/QSO/sn0p950/AbacusSummit_base_c000_ph008/mpspk/pkpoles_QSO_zp0.950_DR2_v1.0+dv_repeat.npy.
[003881.26]  01-26 16:04  compute_2pt                  INFO     Save to /pscratch/sd/s/shengyu/galaxies/catalogs/Y3/AbacusHF-v2/Boxes/QSO/sn0p950/AbacusSummit_base_c000_ph008/mpspk/pkpoles_QSO_zp0.950_DR2_v1.0+dv_repeat.npy
[003881.26]  01-26 16:04  TwoPointCorrelationFunction  INFO     Using estimator <class 'pycorr.twopoint_estimator.NaturalTwoPointEstimator'>.
[003881.26]  01-26 16:04  TwoPointCorrelationFunction  INFO     Running auto-correlation.
[003881.26]  01-26 16:04  TwoPointCorrelationFunction  INFO     Computing two-point counts D1D2.
[003940.63]  01-26 16:05  TwoPointCorrelationFunction  INFO     Analytically computing two-point counts R1R2.
[003940.63]  01-26 16:05  TwoPointCorrelationFunction  INFO     Correlation function computed in elapsed time 59.37 s.
[003940.63]  01-26 16:05  NaturalTwoPointEstimator     INFO     Saving /pscratch/sd/s/shengyu/galaxies/catalogs/Y3/AbacusHF-v2/Boxes/QSO/sn0p950/AbacusSummit_base_c000_ph008/mpspk/mpslog_QSO_zp0.950_DR2_v1.0+dv_repeat.npy.
[003940.63]  01-26 16:05  compute_2pt                  INFO     Save to /pscratch/sd/s/shengyu/galaxies/catalogs/Y3/AbacusHF-v2/Boxes/QSO/sn0p950/AbacusSummit_base_c000_ph008/mpspk/mpslog_QSO_zp0.950_DR2_v1.0+dv_repeat.npy
[003940.63]  01-26 16:05  TwoPointCorrelationFunction  INFO     Using estimator <class 'pycorr.twopoint_estimator.NaturalTwoPointEstimator'>.
[003940.63]  01-26 16:05  TwoPointCorrelationFunction  INFO     Running auto-correlation.
[003940.63]  01-26 16:05  TwoPointCorrelationFunction  INFO     Computing two-point counts D1D2.
[003982.49]  01-26 16:06  TwoPointCorrelationFunction  INFO     Analytically computing two-point counts R1R2.
[003982.49]  01-26 16:06  TwoPointCorrelationFunction  INFO     Correlation function computed in elapsed time 41.85 s.
[003982.49]  01-26 16:06  NaturalTwoPointEstimator     INFO     Saving /pscratch/sd/s/shengyu/galaxies/catalogs/Y3/AbacusHF-v2/Boxes/QSO/sn0p950/AbacusSummit_base_c000_ph008/mpspk/wplog_QSO_zp0.950_DR2_v1.0+dv_repeat.npy.
[003982.49]  01-26 16:06  compute_2pt                  INFO     Save to /pscratch/sd/s/shengyu/galaxies/catalogs/Y3/AbacusHF-v2/Boxes/QSO/sn0p950/AbacusSummit_base_c000_ph008/mpspk/wplog_QSO_zp0.950_DR2_v1.0+dv_repeat.npy
[003982.49]  01-26 16:06  compute_2pt                  INFO     Procceed {'version': 'AbacusHF-v2', 'domain': 'cubic', 'tracer': 'QSO', 'zsnap': 0.95, 'zrange': (0.8, 1.1), 'mock_id': 9, 'use_dv': 'repeat'}
[003982.49]  01-26 16:06  cat_tools                    INFO     Load /pscratch/sd/s/shengyu/galaxies/catalogs/Y3/AbacusHF-v2/Boxes/QSO/sn0p950/AbacusSummit_base_c000_ph009/abacus_HF_QSO_0p950_DR2_v2.0_AbacusSummit_base_c000_ph009_base_clustering.dat.h5
[003982.50]  01-26 16:06  FileStack                    INFO     Reading /pscratch/sd/s/shengyu/galaxies/catalogs/Y3/AbacusHF-v2/Boxes/QSO/sn0p950/AbacusSummit_base_c000_ph009/abacus_HF_QSO_0p950_DR2_v2.0_AbacusSummit_base_c000_ph009_base_clustering.dat.h5.
[003982.50]  01-26 16:06  cat_tools                    INFO     use Z positions shifted in repeat mode
[003984.28]  01-26 16:06  TwoPointCorrelationFunction  INFO     Using estimator <class 'pycorr.twopoint_estimator.NaturalTwoPointEstimator'>.
[003984.28]  01-26 16:06  TwoPointCorrelationFunction  INFO     Running auto-correlation.
[003984.28]  01-26 16:06  TwoPointCorrelationFunction  INFO     Computing two-point counts D1D2.
[004255.40]  01-26 16:11  TwoPointCorrelationFunction  INFO     Analytically computing two-point counts R1R2.
[004255.41]  01-26 16:11  TwoPointCorrelationFunction  INFO     Correlation function computed in elapsed time 271.12 s.
[004255.41]  01-26 16:11  NaturalTwoPointEstimator     INFO     Saving /pscratch/sd/s/shengyu/galaxies/catalogs/Y3/AbacusHF-v2/Boxes/QSO/sn0p950/AbacusSummit_base_c000_ph009/mpspk/xipoles_QSO_zp0.950_DR2_v1.0+dv_repeat.npy.
[004255.41]  01-26 16:11  compute_2pt                  INFO     Save to /pscratch/sd/s/shengyu/galaxies/catalogs/Y3/AbacusHF-v2/Boxes/QSO/sn0p950/AbacusSummit_base_c000_ph009/mpspk/xipoles_QSO_zp0.950_DR2_v1.0+dv_repeat.npy
[004261.58]  01-26 16:11  CatalogFFTPower              INFO     Painting catalog 1 to mesh CatalogMesh(nmesh=[512 512 512], boxsize=[2000. 2000. 2000.], boxcenter=[ 999.99999736 1000.00001636 1000.00004563], dtype=float64).
[004262.16]  01-26 16:11  CatalogMesh                  INFO     Slab 0 ~ 4194304 / 45496515.
[004263.28]  01-26 16:11  CatalogMesh                  INFO     Painted 4194304 out of 45496515 objects to mesh.
[004263.29]  01-26 16:11  CatalogMesh                  INFO     Slab 4194304 ~ 8388608 / 45496515.
[004264.37]  01-26 16:11  CatalogMesh                  INFO     Painted 8388608 out of 45496515 objects to mesh.
[004264.37]  01-26 16:11  CatalogMesh                  INFO     Slab 8388608 ~ 12582912 / 45496515.
[004265.45]  01-26 16:11  CatalogMesh                  INFO     Painted 12582912 out of 45496515 objects to mesh.
[004265.45]  01-26 16:11  CatalogMesh                  INFO     Slab 12582912 ~ 16777216 / 45496515.
[004266.53]  01-26 16:11  CatalogMesh                  INFO     Painted 16777216 out of 45496515 objects to mesh.
[004266.53]  01-26 16:11  CatalogMesh                  INFO     Slab 16777216 ~ 20971520 / 45496515.
[004267.61]  01-26 16:11  CatalogMesh                  INFO     Painted 20971520 out of 45496515 objects to mesh.
[004267.61]  01-26 16:11  CatalogMesh                  INFO     Slab 20971520 ~ 25165824 / 45496515.
[004268.69]  01-26 16:11  CatalogMesh                  INFO     Painted 25165824 out of 45496515 objects to mesh.
[004268.69]  01-26 16:11  CatalogMesh                  INFO     Slab 25165824 ~ 29360128 / 45496515.
[004269.77]  01-26 16:11  CatalogMesh                  INFO     Painted 29360128 out of 45496515 objects to mesh.
[004269.77]  01-26 16:11  CatalogMesh                  INFO     Slab 29360128 ~ 33554432 / 45496515.
[004270.87]  01-26 16:11  CatalogMesh                  INFO     Painted 33554432 out of 45496515 objects to mesh.
[004270.87]  01-26 16:11  CatalogMesh                  INFO     Slab 33554432 ~ 37748736 / 45496515.
[004272.08]  01-26 16:11  CatalogMesh                  INFO     Painted 37748736 out of 45496515 objects to mesh.
[004272.08]  01-26 16:11  CatalogMesh                  INFO     Slab 37748736 ~ 41943040 / 45496515.
[004273.29]  01-26 16:11  CatalogMesh                  INFO     Painted 41943040 out of 45496515 objects to mesh.
[004273.29]  01-26 16:11  CatalogMesh                  INFO     Slab 41943040 ~ 46137344 / 45496515.
[004274.32]  01-26 16:11  CatalogMesh                  INFO     Painted 45496515 out of 45496515 objects to mesh.
[004274.32]  01-26 16:11  CatalogMesh                  INFO     Running interlacing at order 3.
[004276.76]  01-26 16:11  CatalogMesh                  INFO     Slab 0 ~ 4194304 / 45496515.
[004277.84]  01-26 16:11  CatalogMesh                  INFO     Painted 4194304 out of 45496515 objects to mesh.
[004277.84]  01-26 16:11  CatalogMesh                  INFO     Slab 4194304 ~ 8388608 / 45496515.
[004278.92]  01-26 16:11  CatalogMesh                  INFO     Painted 8388608 out of 45496515 objects to mesh.
[004278.92]  01-26 16:11  CatalogMesh                  INFO     Slab 8388608 ~ 12582912 / 45496515.
[004280.00]  01-26 16:11  CatalogMesh                  INFO     Painted 12582912 out of 45496515 objects to mesh.
[004280.00]  01-26 16:11  CatalogMesh                  INFO     Slab 12582912 ~ 16777216 / 45496515.
[004281.08]  01-26 16:11  CatalogMesh                  INFO     Painted 16777216 out of 45496515 objects to mesh.
[004281.08]  01-26 16:11  CatalogMesh                  INFO     Slab 16777216 ~ 20971520 / 45496515.
[004282.16]  01-26 16:11  CatalogMesh                  INFO     Painted 20971520 out of 45496515 objects to mesh.
[004282.16]  01-26 16:11  CatalogMesh                  INFO     Slab 20971520 ~ 25165824 / 45496515.
[004283.24]  01-26 16:11  CatalogMesh                  INFO     Painted 25165824 out of 45496515 objects to mesh.
[004283.24]  01-26 16:11  CatalogMesh                  INFO     Slab 25165824 ~ 29360128 / 45496515.
[004284.32]  01-26 16:11  CatalogMesh                  INFO     Painted 29360128 out of 45496515 objects to mesh.
[004284.32]  01-26 16:11  CatalogMesh                  INFO     Slab 29360128 ~ 33554432 / 45496515.
[004285.42]  01-26 16:11  CatalogMesh                  INFO     Painted 33554432 out of 45496515 objects to mesh.
[004285.42]  01-26 16:11  CatalogMesh                  INFO     Slab 33554432 ~ 37748736 / 45496515.
[004286.63]  01-26 16:11  CatalogMesh                  INFO     Painted 37748736 out of 45496515 objects to mesh.
[004286.63]  01-26 16:11  CatalogMesh                  INFO     Slab 37748736 ~ 41943040 / 45496515.
[004287.84]  01-26 16:11  CatalogMesh                  INFO     Painted 41943040 out of 45496515 objects to mesh.
[004287.84]  01-26 16:11  CatalogMesh                  INFO     Slab 41943040 ~ 46137344 / 45496515.
[004288.87]  01-26 16:11  CatalogMesh                  INFO     Painted 45496515 out of 45496515 objects to mesh.
[004292.88]  01-26 16:11  CatalogMesh                  INFO     Slab 0 ~ 4194304 / 45496515.
[004293.98]  01-26 16:11  CatalogMesh                  INFO     Painted 4194304 out of 45496515 objects to mesh.
[004293.98]  01-26 16:11  CatalogMesh                  INFO     Slab 4194304 ~ 8388608 / 45496515.
[004295.07]  01-26 16:11  CatalogMesh                  INFO     Painted 8388608 out of 45496515 objects to mesh.
[004295.07]  01-26 16:11  CatalogMesh                  INFO     Slab 8388608 ~ 12582912 / 45496515.
[004296.15]  01-26 16:11  CatalogMesh                  INFO     Painted 12582912 out of 45496515 objects to mesh.
[004296.15]  01-26 16:11  CatalogMesh                  INFO     Slab 12582912 ~ 16777216 / 45496515.
[004297.24]  01-26 16:11  CatalogMesh                  INFO     Painted 16777216 out of 45496515 objects to mesh.
[004297.25]  01-26 16:11  CatalogMesh                  INFO     Slab 16777216 ~ 20971520 / 45496515.
[004298.33]  01-26 16:11  CatalogMesh                  INFO     Painted 20971520 out of 45496515 objects to mesh.
[004298.34]  01-26 16:11  CatalogMesh                  INFO     Slab 20971520 ~ 25165824 / 45496515.
[004299.42]  01-26 16:11  CatalogMesh                  INFO     Painted 25165824 out of 45496515 objects to mesh.
[004299.42]  01-26 16:11  CatalogMesh                  INFO     Slab 25165824 ~ 29360128 / 45496515.
[004300.52]  01-26 16:11  CatalogMesh                  INFO     Painted 29360128 out of 45496515 objects to mesh.
[004300.52]  01-26 16:11  CatalogMesh                  INFO     Slab 29360128 ~ 33554432 / 45496515.
[004301.62]  01-26 16:11  CatalogMesh                  INFO     Painted 33554432 out of 45496515 objects to mesh.
[004301.62]  01-26 16:11  CatalogMesh                  INFO     Slab 33554432 ~ 37748736 / 45496515.
[004302.82]  01-26 16:11  CatalogMesh                  INFO     Painted 37748736 out of 45496515 objects to mesh.
[004302.82]  01-26 16:11  CatalogMesh                  INFO     Slab 37748736 ~ 41943040 / 45496515.
[004304.03]  01-26 16:11  CatalogMesh                  INFO     Painted 41943040 out of 45496515 objects to mesh.
[004304.03]  01-26 16:11  CatalogMesh                  INFO     Slab 41943040 ~ 46137344 / 45496515.
[004305.06]  01-26 16:11  CatalogMesh                  INFO     Painted 45496515 out of 45496515 objects to mesh.
[004310.63]  01-26 16:12  CatalogFFTPower              INFO     Done painting catalog 1 to mesh.
[004310.63]  01-26 16:12  CatalogFFTPower              INFO     Using 400 k-bins between 0.000 and 0.400.
[004310.63]  01-26 16:12  CatalogFFTPower              INFO     Meshes prepared in elapsed time 49.05 s.
[004310.63]  01-26 16:12  CatalogFFTPower              INFO     Running mesh calculation.
[004328.20]  01-26 16:12  CatalogFFTPower              INFO     Mesh calculations performed in elapsed time 17.57 s.
[004328.20]  01-26 16:12  CatalogFFTPower              INFO     Power spectrum computed in elapsed time 66.62 s.
[004328.20]  01-26 16:12  CatalogFFTPower              INFO     Saving /pscratch/sd/s/shengyu/galaxies/catalogs/Y3/AbacusHF-v2/Boxes/QSO/sn0p950/AbacusSummit_base_c000_ph009/mpspk/pkpoles_QSO_zp0.950_DR2_v1.0+dv_repeat.npy.
[004328.20]  01-26 16:12  compute_2pt                  INFO     Save to /pscratch/sd/s/shengyu/galaxies/catalogs/Y3/AbacusHF-v2/Boxes/QSO/sn0p950/AbacusSummit_base_c000_ph009/mpspk/pkpoles_QSO_zp0.950_DR2_v1.0+dv_repeat.npy
[004328.20]  01-26 16:12  TwoPointCorrelationFunction  INFO     Using estimator <class 'pycorr.twopoint_estimator.NaturalTwoPointEstimator'>.
[004328.20]  01-26 16:12  TwoPointCorrelationFunction  INFO     Running auto-correlation.
[004328.20]  01-26 16:12  TwoPointCorrelationFunction  INFO     Computing two-point counts D1D2.
[004391.90]  01-26 16:13  TwoPointCorrelationFunction  INFO     Analytically computing two-point counts R1R2.
[004391.91]  01-26 16:13  TwoPointCorrelationFunction  INFO     Correlation function computed in elapsed time 63.70 s.
[004391.91]  01-26 16:13  NaturalTwoPointEstimator     INFO     Saving /pscratch/sd/s/shengyu/galaxies/catalogs/Y3/AbacusHF-v2/Boxes/QSO/sn0p950/AbacusSummit_base_c000_ph009/mpspk/mpslog_QSO_zp0.950_DR2_v1.0+dv_repeat.npy.
[004391.91]  01-26 16:13  compute_2pt                  INFO     Save to /pscratch/sd/s/shengyu/galaxies/catalogs/Y3/AbacusHF-v2/Boxes/QSO/sn0p950/AbacusSummit_base_c000_ph009/mpspk/mpslog_QSO_zp0.950_DR2_v1.0+dv_repeat.npy
[004391.91]  01-26 16:13  TwoPointCorrelationFunction  INFO     Using estimator <class 'pycorr.twopoint_estimator.NaturalTwoPointEstimator'>.
[004391.91]  01-26 16:13  TwoPointCorrelationFunction  INFO     Running auto-correlation.
[004391.91]  01-26 16:13  TwoPointCorrelationFunction  INFO     Computing two-point counts D1D2.
[004433.50]  01-26 16:14  TwoPointCorrelationFunction  INFO     Analytically computing two-point counts R1R2.
[004433.50]  01-26 16:14  TwoPointCorrelationFunction  INFO     Correlation function computed in elapsed time 41.59 s.
[004433.50]  01-26 16:14  NaturalTwoPointEstimator     INFO     Saving /pscratch/sd/s/shengyu/galaxies/catalogs/Y3/AbacusHF-v2/Boxes/QSO/sn0p950/AbacusSummit_base_c000_ph009/mpspk/wplog_QSO_zp0.950_DR2_v1.0+dv_repeat.npy.
[004433.50]  01-26 16:14  compute_2pt                  INFO     Save to /pscratch/sd/s/shengyu/galaxies/catalogs/Y3/AbacusHF-v2/Boxes/QSO/sn0p950/AbacusSummit_base_c000_ph009/mpspk/wplog_QSO_zp0.950_DR2_v1.0+dv_repeat.npy
[004433.51]  01-26 16:14  compute_2pt                  INFO     Procceed {'version': 'AbacusHF-v2', 'domain': 'cubic', 'tracer': 'QSO', 'zsnap': 0.95, 'zrange': (0.8, 1.1), 'mock_id': 10, 'use_dv': 'repeat'}
[004433.51]  01-26 16:14  cat_tools                    INFO     Load /pscratch/sd/s/shengyu/galaxies/catalogs/Y3/AbacusHF-v2/Boxes/QSO/sn0p950/AbacusSummit_base_c000_ph010/abacus_HF_QSO_0p950_DR2_v2.0_AbacusSummit_base_c000_ph010_base_clustering.dat.h5
[004433.51]  01-26 16:14  FileStack                    INFO     Reading /pscratch/sd/s/shengyu/galaxies/catalogs/Y3/AbacusHF-v2/Boxes/QSO/sn0p950/AbacusSummit_base_c000_ph010/abacus_HF_QSO_0p950_DR2_v2.0_AbacusSummit_base_c000_ph010_base_clustering.dat.h5.
[004433.51]  01-26 16:14  cat_tools                    INFO     use Z positions shifted in repeat mode
[004435.30]  01-26 16:14  TwoPointCorrelationFunction  INFO     Using estimator <class 'pycorr.twopoint_estimator.NaturalTwoPointEstimator'>.
[004435.30]  01-26 16:14  TwoPointCorrelationFunction  INFO     Running auto-correlation.
[004435.31]  01-26 16:14  TwoPointCorrelationFunction  INFO     Computing two-point counts D1D2.
[004698.12]  01-26 16:18  TwoPointCorrelationFunction  INFO     Analytically computing two-point counts R1R2.
[004698.13]  01-26 16:18  TwoPointCorrelationFunction  INFO     Correlation function computed in elapsed time 262.82 s.
[004698.13]  01-26 16:18  NaturalTwoPointEstimator     INFO     Saving /pscratch/sd/s/shengyu/galaxies/catalogs/Y3/AbacusHF-v2/Boxes/QSO/sn0p950/AbacusSummit_base_c000_ph010/mpspk/xipoles_QSO_zp0.950_DR2_v1.0+dv_repeat.npy.
[004698.13]  01-26 16:18  compute_2pt                  INFO     Save to /pscratch/sd/s/shengyu/galaxies/catalogs/Y3/AbacusHF-v2/Boxes/QSO/sn0p950/AbacusSummit_base_c000_ph010/mpspk/xipoles_QSO_zp0.950_DR2_v1.0+dv_repeat.npy
[004704.29]  01-26 16:18  CatalogFFTPower              INFO     Painting catalog 1 to mesh CatalogMesh(nmesh=[512 512 512], boxsize=[2000. 2000. 2000.], boxcenter=[999.99998434 999.99999607 999.99998741], dtype=float64).
[004704.87]  01-26 16:18  CatalogMesh                  INFO     Slab 0 ~ 4194304 / 45525611.
[004705.97]  01-26 16:18  CatalogMesh                  INFO     Painted 4194304 out of 45525611 objects to mesh.
[004705.97]  01-26 16:18  CatalogMesh                  INFO     Slab 4194304 ~ 8388608 / 45525611.
[004707.05]  01-26 16:18  CatalogMesh                  INFO     Painted 8388608 out of 45525611 objects to mesh.
[004707.05]  01-26 16:18  CatalogMesh                  INFO     Slab 8388608 ~ 12582912 / 45525611.
[004708.13]  01-26 16:18  CatalogMesh                  INFO     Painted 12582912 out of 45525611 objects to mesh.
[004708.14]  01-26 16:18  CatalogMesh                  INFO     Slab 12582912 ~ 16777216 / 45525611.
[004709.22]  01-26 16:18  CatalogMesh                  INFO     Painted 16777216 out of 45525611 objects to mesh.
[004709.22]  01-26 16:18  CatalogMesh                  INFO     Slab 16777216 ~ 20971520 / 45525611.
[004710.30]  01-26 16:18  CatalogMesh                  INFO     Painted 20971520 out of 45525611 objects to mesh.
[004710.30]  01-26 16:18  CatalogMesh                  INFO     Slab 20971520 ~ 25165824 / 45525611.
[004711.38]  01-26 16:18  CatalogMesh                  INFO     Painted 25165824 out of 45525611 objects to mesh.
[004711.38]  01-26 16:18  CatalogMesh                  INFO     Slab 25165824 ~ 29360128 / 45525611.
[004712.46]  01-26 16:18  CatalogMesh                  INFO     Painted 29360128 out of 45525611 objects to mesh.
[004712.46]  01-26 16:18  CatalogMesh                  INFO     Slab 29360128 ~ 33554432 / 45525611.
[004713.57]  01-26 16:18  CatalogMesh                  INFO     Painted 33554432 out of 45525611 objects to mesh.
[004713.57]  01-26 16:18  CatalogMesh                  INFO     Slab 33554432 ~ 37748736 / 45525611.
[004714.78]  01-26 16:18  CatalogMesh                  INFO     Painted 37748736 out of 45525611 objects to mesh.
[004714.78]  01-26 16:18  CatalogMesh                  INFO     Slab 37748736 ~ 41943040 / 45525611.
[004715.99]  01-26 16:18  CatalogMesh                  INFO     Painted 41943040 out of 45525611 objects to mesh.
[004715.99]  01-26 16:18  CatalogMesh                  INFO     Slab 41943040 ~ 46137344 / 45525611.
[004717.03]  01-26 16:18  CatalogMesh                  INFO     Painted 45525611 out of 45525611 objects to mesh.
[004717.03]  01-26 16:18  CatalogMesh                  INFO     Running interlacing at order 3.
[004719.47]  01-26 16:18  CatalogMesh                  INFO     Slab 0 ~ 4194304 / 45525611.
[004720.56]  01-26 16:18  CatalogMesh                  INFO     Painted 4194304 out of 45525611 objects to mesh.
[004720.56]  01-26 16:18  CatalogMesh                  INFO     Slab 4194304 ~ 8388608 / 45525611.
[004721.64]  01-26 16:18  CatalogMesh                  INFO     Painted 8388608 out of 45525611 objects to mesh.
[004721.64]  01-26 16:18  CatalogMesh                  INFO     Slab 8388608 ~ 12582912 / 45525611.
[004722.72]  01-26 16:18  CatalogMesh                  INFO     Painted 12582912 out of 45525611 objects to mesh.
[004722.72]  01-26 16:18  CatalogMesh                  INFO     Slab 12582912 ~ 16777216 / 45525611.
[004723.80]  01-26 16:18  CatalogMesh                  INFO     Painted 16777216 out of 45525611 objects to mesh.
[004723.80]  01-26 16:18  CatalogMesh                  INFO     Slab 16777216 ~ 20971520 / 45525611.
[004724.88]  01-26 16:18  CatalogMesh                  INFO     Painted 20971520 out of 45525611 objects to mesh.
[004724.89]  01-26 16:18  CatalogMesh                  INFO     Slab 20971520 ~ 25165824 / 45525611.
[004725.97]  01-26 16:18  CatalogMesh                  INFO     Painted 25165824 out of 45525611 objects to mesh.
[004725.97]  01-26 16:18  CatalogMesh                  INFO     Slab 25165824 ~ 29360128 / 45525611.
[004727.05]  01-26 16:18  CatalogMesh                  INFO     Painted 29360128 out of 45525611 objects to mesh.
[004727.05]  01-26 16:18  CatalogMesh                  INFO     Slab 29360128 ~ 33554432 / 45525611.
[004728.15]  01-26 16:18  CatalogMesh                  INFO     Painted 33554432 out of 45525611 objects to mesh.
[004728.15]  01-26 16:18  CatalogMesh                  INFO     Slab 33554432 ~ 37748736 / 45525611.
[004729.36]  01-26 16:19  CatalogMesh                  INFO     Painted 37748736 out of 45525611 objects to mesh.
[004729.36]  01-26 16:19  CatalogMesh                  INFO     Slab 37748736 ~ 41943040 / 45525611.
[004730.57]  01-26 16:19  CatalogMesh                  INFO     Painted 41943040 out of 45525611 objects to mesh.
[004730.57]  01-26 16:19  CatalogMesh                  INFO     Slab 41943040 ~ 46137344 / 45525611.
[004731.60]  01-26 16:19  CatalogMesh                  INFO     Painted 45525611 out of 45525611 objects to mesh.
[004735.61]  01-26 16:19  CatalogMesh                  INFO     Slab 0 ~ 4194304 / 45525611.
[004736.69]  01-26 16:19  CatalogMesh                  INFO     Painted 4194304 out of 45525611 objects to mesh.
[004736.69]  01-26 16:19  CatalogMesh                  INFO     Slab 4194304 ~ 8388608 / 45525611.
[004737.77]  01-26 16:19  CatalogMesh                  INFO     Painted 8388608 out of 45525611 objects to mesh.
[004737.77]  01-26 16:19  CatalogMesh                  INFO     Slab 8388608 ~ 12582912 / 45525611.
[004738.86]  01-26 16:19  CatalogMesh                  INFO     Painted 12582912 out of 45525611 objects to mesh.
[004738.86]  01-26 16:19  CatalogMesh                  INFO     Slab 12582912 ~ 16777216 / 45525611.
[004739.94]  01-26 16:19  CatalogMesh                  INFO     Painted 16777216 out of 45525611 objects to mesh.
[004739.94]  01-26 16:19  CatalogMesh                  INFO     Slab 16777216 ~ 20971520 / 45525611.
[004741.02]  01-26 16:19  CatalogMesh                  INFO     Painted 20971520 out of 45525611 objects to mesh.
[004741.02]  01-26 16:19  CatalogMesh                  INFO     Slab 20971520 ~ 25165824 / 45525611.
[004742.10]  01-26 16:19  CatalogMesh                  INFO     Painted 25165824 out of 45525611 objects to mesh.
[004742.10]  01-26 16:19  CatalogMesh                  INFO     Slab 25165824 ~ 29360128 / 45525611.
[004743.18]  01-26 16:19  CatalogMesh                  INFO     Painted 29360128 out of 45525611 objects to mesh.
[004743.18]  01-26 16:19  CatalogMesh                  INFO     Slab 29360128 ~ 33554432 / 45525611.
[004744.28]  01-26 16:19  CatalogMesh                  INFO     Painted 33554432 out of 45525611 objects to mesh.
[004744.28]  01-26 16:19  CatalogMesh                  INFO     Slab 33554432 ~ 37748736 / 45525611.
[004745.49]  01-26 16:19  CatalogMesh                  INFO     Painted 37748736 out of 45525611 objects to mesh.
[004745.49]  01-26 16:19  CatalogMesh                  INFO     Slab 37748736 ~ 41943040 / 45525611.
[004746.70]  01-26 16:19  CatalogMesh                  INFO     Painted 41943040 out of 45525611 objects to mesh.
[004746.70]  01-26 16:19  CatalogMesh                  INFO     Slab 41943040 ~ 46137344 / 45525611.
[004747.73]  01-26 16:19  CatalogMesh                  INFO     Painted 45525611 out of 45525611 objects to mesh.
[004753.33]  01-26 16:19  CatalogFFTPower              INFO     Done painting catalog 1 to mesh.
[004753.33]  01-26 16:19  CatalogFFTPower              INFO     Using 400 k-bins between 0.000 and 0.400.
[004753.34]  01-26 16:19  CatalogFFTPower              INFO     Meshes prepared in elapsed time 49.04 s.
[004753.34]  01-26 16:19  CatalogFFTPower              INFO     Running mesh calculation.
[004770.88]  01-26 16:19  CatalogFFTPower              INFO     Mesh calculations performed in elapsed time 17.54 s.
[004770.88]  01-26 16:19  CatalogFFTPower              INFO     Power spectrum computed in elapsed time 66.59 s.
[004770.88]  01-26 16:19  CatalogFFTPower              INFO     Saving /pscratch/sd/s/shengyu/galaxies/catalogs/Y3/AbacusHF-v2/Boxes/QSO/sn0p950/AbacusSummit_base_c000_ph010/mpspk/pkpoles_QSO_zp0.950_DR2_v1.0+dv_repeat.npy.
[004770.88]  01-26 16:19  compute_2pt                  INFO     Save to /pscratch/sd/s/shengyu/galaxies/catalogs/Y3/AbacusHF-v2/Boxes/QSO/sn0p950/AbacusSummit_base_c000_ph010/mpspk/pkpoles_QSO_zp0.950_DR2_v1.0+dv_repeat.npy
[004770.88]  01-26 16:19  TwoPointCorrelationFunction  INFO     Using estimator <class 'pycorr.twopoint_estimator.NaturalTwoPointEstimator'>.
[004770.88]  01-26 16:19  TwoPointCorrelationFunction  INFO     Running auto-correlation.
[004770.88]  01-26 16:19  TwoPointCorrelationFunction  INFO     Computing two-point counts D1D2.
[004830.91]  01-26 16:20  TwoPointCorrelationFunction  INFO     Analytically computing two-point counts R1R2.
[004830.91]  01-26 16:20  TwoPointCorrelationFunction  INFO     Correlation function computed in elapsed time 60.02 s.
[004830.91]  01-26 16:20  NaturalTwoPointEstimator     INFO     Saving /pscratch/sd/s/shengyu/galaxies/catalogs/Y3/AbacusHF-v2/Boxes/QSO/sn0p950/AbacusSummit_base_c000_ph010/mpspk/mpslog_QSO_zp0.950_DR2_v1.0+dv_repeat.npy.
[004830.91]  01-26 16:20  compute_2pt                  INFO     Save to /pscratch/sd/s/shengyu/galaxies/catalogs/Y3/AbacusHF-v2/Boxes/QSO/sn0p950/AbacusSummit_base_c000_ph010/mpspk/mpslog_QSO_zp0.950_DR2_v1.0+dv_repeat.npy
[004830.91]  01-26 16:20  TwoPointCorrelationFunction  INFO     Using estimator <class 'pycorr.twopoint_estimator.NaturalTwoPointEstimator'>.
[004830.91]  01-26 16:20  TwoPointCorrelationFunction  INFO     Running auto-correlation.
[004830.91]  01-26 16:20  TwoPointCorrelationFunction  INFO     Computing two-point counts D1D2.
[004872.45]  01-26 16:21  TwoPointCorrelationFunction  INFO     Analytically computing two-point counts R1R2.
[004872.45]  01-26 16:21  TwoPointCorrelationFunction  INFO     Correlation function computed in elapsed time 41.54 s.
[004872.45]  01-26 16:21  NaturalTwoPointEstimator     INFO     Saving /pscratch/sd/s/shengyu/galaxies/catalogs/Y3/AbacusHF-v2/Boxes/QSO/sn0p950/AbacusSummit_base_c000_ph010/mpspk/wplog_QSO_zp0.950_DR2_v1.0+dv_repeat.npy.
[004872.46]  01-26 16:21  compute_2pt                  INFO     Save to /pscratch/sd/s/shengyu/galaxies/catalogs/Y3/AbacusHF-v2/Boxes/QSO/sn0p950/AbacusSummit_base_c000_ph010/mpspk/wplog_QSO_zp0.950_DR2_v1.0+dv_repeat.npy
[004872.46]  01-26 16:21  compute_2pt                  INFO     Procceed {'version': 'AbacusHF-v2', 'domain': 'cubic', 'tracer': 'QSO', 'zsnap': 0.95, 'zrange': (0.8, 1.1), 'mock_id': 11, 'use_dv': 'repeat'}
[004872.46]  01-26 16:21  cat_tools                    INFO     Load /pscratch/sd/s/shengyu/galaxies/catalogs/Y3/AbacusHF-v2/Boxes/QSO/sn0p950/AbacusSummit_base_c000_ph011/abacus_HF_QSO_0p950_DR2_v2.0_AbacusSummit_base_c000_ph011_base_clustering.dat.h5
[004872.46]  01-26 16:21  FileStack                    INFO     Reading /pscratch/sd/s/shengyu/galaxies/catalogs/Y3/AbacusHF-v2/Boxes/QSO/sn0p950/AbacusSummit_base_c000_ph011/abacus_HF_QSO_0p950_DR2_v2.0_AbacusSummit_base_c000_ph011_base_clustering.dat.h5.
[004872.47]  01-26 16:21  cat_tools                    INFO     use Z positions shifted in repeat mode
[004874.26]  01-26 16:21  TwoPointCorrelationFunction  INFO     Using estimator <class 'pycorr.twopoint_estimator.NaturalTwoPointEstimator'>.
[004874.26]  01-26 16:21  TwoPointCorrelationFunction  INFO     Running auto-correlation.
[004874.26]  01-26 16:21  TwoPointCorrelationFunction  INFO     Computing two-point counts D1D2.
[005136.17]  01-26 16:25  TwoPointCorrelationFunction  INFO     Analytically computing two-point counts R1R2.
[005136.17]  01-26 16:25  TwoPointCorrelationFunction  INFO     Correlation function computed in elapsed time 261.91 s.
[005136.17]  01-26 16:25  NaturalTwoPointEstimator     INFO     Saving /pscratch/sd/s/shengyu/galaxies/catalogs/Y3/AbacusHF-v2/Boxes/QSO/sn0p950/AbacusSummit_base_c000_ph011/mpspk/xipoles_QSO_zp0.950_DR2_v1.0+dv_repeat.npy.
[005136.18]  01-26 16:25  compute_2pt                  INFO     Save to /pscratch/sd/s/shengyu/galaxies/catalogs/Y3/AbacusHF-v2/Boxes/QSO/sn0p950/AbacusSummit_base_c000_ph011/mpspk/xipoles_QSO_zp0.950_DR2_v1.0+dv_repeat.npy
[005142.51]  01-26 16:25  CatalogFFTPower              INFO     Painting catalog 1 to mesh CatalogMesh(nmesh=[512 512 512], boxsize=[2000. 2000. 2000.], boxcenter=[1000.00000683  999.99997383 1000.00001542], dtype=float64).
[005143.10]  01-26 16:25  CatalogMesh                  INFO     Slab 0 ~ 4194304 / 45481024.
[005144.20]  01-26 16:25  CatalogMesh                  INFO     Painted 4194304 out of 45481024 objects to mesh.
[005144.20]  01-26 16:25  CatalogMesh                  INFO     Slab 4194304 ~ 8388608 / 45481024.
[005145.28]  01-26 16:25  CatalogMesh                  INFO     Painted 8388608 out of 45481024 objects to mesh.
[005145.28]  01-26 16:25  CatalogMesh                  INFO     Slab 8388608 ~ 12582912 / 45481024.
[005146.37]  01-26 16:25  CatalogMesh                  INFO     Painted 12582912 out of 45481024 objects to mesh.
[005146.37]  01-26 16:25  CatalogMesh                  INFO     Slab 12582912 ~ 16777216 / 45481024.
[005147.45]  01-26 16:25  CatalogMesh                  INFO     Painted 16777216 out of 45481024 objects to mesh.
[005147.45]  01-26 16:25  CatalogMesh                  INFO     Slab 16777216 ~ 20971520 / 45481024.
[005148.53]  01-26 16:25  CatalogMesh                  INFO     Painted 20971520 out of 45481024 objects to mesh.
[005148.53]  01-26 16:25  CatalogMesh                  INFO     Slab 20971520 ~ 25165824 / 45481024.
[005149.61]  01-26 16:26  CatalogMesh                  INFO     Painted 25165824 out of 45481024 objects to mesh.
[005149.61]  01-26 16:26  CatalogMesh                  INFO     Slab 25165824 ~ 29360128 / 45481024.
[005150.69]  01-26 16:26  CatalogMesh                  INFO     Painted 29360128 out of 45481024 objects to mesh.
[005150.69]  01-26 16:26  CatalogMesh                  INFO     Slab 29360128 ~ 33554432 / 45481024.
[005151.79]  01-26 16:26  CatalogMesh                  INFO     Painted 33554432 out of 45481024 objects to mesh.
[005151.79]  01-26 16:26  CatalogMesh                  INFO     Slab 33554432 ~ 37748736 / 45481024.
[005153.00]  01-26 16:26  CatalogMesh                  INFO     Painted 37748736 out of 45481024 objects to mesh.
[005153.00]  01-26 16:26  CatalogMesh                  INFO     Slab 37748736 ~ 41943040 / 45481024.
[005154.20]  01-26 16:26  CatalogMesh                  INFO     Painted 41943040 out of 45481024 objects to mesh.
[005154.21]  01-26 16:26  CatalogMesh                  INFO     Slab 41943040 ~ 46137344 / 45481024.
[005155.23]  01-26 16:26  CatalogMesh                  INFO     Painted 45481024 out of 45481024 objects to mesh.
[005155.23]  01-26 16:26  CatalogMesh                  INFO     Running interlacing at order 3.
[005157.65]  01-26 16:26  CatalogMesh                  INFO     Slab 0 ~ 4194304 / 45481024.
[005158.74]  01-26 16:26  CatalogMesh                  INFO     Painted 4194304 out of 45481024 objects to mesh.
[005158.74]  01-26 16:26  CatalogMesh                  INFO     Slab 4194304 ~ 8388608 / 45481024.
[005159.81]  01-26 16:26  CatalogMesh                  INFO     Painted 8388608 out of 45481024 objects to mesh.
[005159.81]  01-26 16:26  CatalogMesh                  INFO     Slab 8388608 ~ 12582912 / 45481024.
[005160.89]  01-26 16:26  CatalogMesh                  INFO     Painted 12582912 out of 45481024 objects to mesh.
[005160.89]  01-26 16:26  CatalogMesh                  INFO     Slab 12582912 ~ 16777216 / 45481024.
[005161.97]  01-26 16:26  CatalogMesh                  INFO     Painted 16777216 out of 45481024 objects to mesh.
[005161.97]  01-26 16:26  CatalogMesh                  INFO     Slab 16777216 ~ 20971520 / 45481024.
[005163.04]  01-26 16:26  CatalogMesh                  INFO     Painted 20971520 out of 45481024 objects to mesh.
[005163.05]  01-26 16:26  CatalogMesh                  INFO     Slab 20971520 ~ 25165824 / 45481024.
[005164.13]  01-26 16:26  CatalogMesh                  INFO     Painted 25165824 out of 45481024 objects to mesh.
[005164.14]  01-26 16:26  CatalogMesh                  INFO     Slab 25165824 ~ 29360128 / 45481024.
[005165.21]  01-26 16:26  CatalogMesh                  INFO     Painted 29360128 out of 45481024 objects to mesh.
[005165.22]  01-26 16:26  CatalogMesh                  INFO     Slab 29360128 ~ 33554432 / 45481024.
[005166.32]  01-26 16:26  CatalogMesh                  INFO     Painted 33554432 out of 45481024 objects to mesh.
[005166.32]  01-26 16:26  CatalogMesh                  INFO     Slab 33554432 ~ 37748736 / 45481024.
[005167.53]  01-26 16:26  CatalogMesh                  INFO     Painted 37748736 out of 45481024 objects to mesh.
[005167.53]  01-26 16:26  CatalogMesh                  INFO     Slab 37748736 ~ 41943040 / 45481024.
[005168.73]  01-26 16:26  CatalogMesh                  INFO     Painted 41943040 out of 45481024 objects to mesh.
[005168.74]  01-26 16:26  CatalogMesh                  INFO     Slab 41943040 ~ 46137344 / 45481024.
[005169.75]  01-26 16:26  CatalogMesh                  INFO     Painted 45481024 out of 45481024 objects to mesh.
[005173.72]  01-26 16:26  CatalogMesh                  INFO     Slab 0 ~ 4194304 / 45481024.
[005174.80]  01-26 16:26  CatalogMesh                  INFO     Painted 4194304 out of 45481024 objects to mesh.
[005174.80]  01-26 16:26  CatalogMesh                  INFO     Slab 4194304 ~ 8388608 / 45481024.
[005175.88]  01-26 16:26  CatalogMesh                  INFO     Painted 8388608 out of 45481024 objects to mesh.
[005175.88]  01-26 16:26  CatalogMesh                  INFO     Slab 8388608 ~ 12582912 / 45481024.
[005176.95]  01-26 16:26  CatalogMesh                  INFO     Painted 12582912 out of 45481024 objects to mesh.
[005176.95]  01-26 16:26  CatalogMesh                  INFO     Slab 12582912 ~ 16777216 / 45481024.
[005178.03]  01-26 16:26  CatalogMesh                  INFO     Painted 16777216 out of 45481024 objects to mesh.
[005178.03]  01-26 16:26  CatalogMesh                  INFO     Slab 16777216 ~ 20971520 / 45481024.
[005179.11]  01-26 16:26  CatalogMesh                  INFO     Painted 20971520 out of 45481024 objects to mesh.
[005179.11]  01-26 16:26  CatalogMesh                  INFO     Slab 20971520 ~ 25165824 / 45481024.
[005180.19]  01-26 16:26  CatalogMesh                  INFO     Painted 25165824 out of 45481024 objects to mesh.
[005180.19]  01-26 16:26  CatalogMesh                  INFO     Slab 25165824 ~ 29360128 / 45481024.
[005181.27]  01-26 16:26  CatalogMesh                  INFO     Painted 29360128 out of 45481024 objects to mesh.
[005181.27]  01-26 16:26  CatalogMesh                  INFO     Slab 29360128 ~ 33554432 / 45481024.
[005182.37]  01-26 16:26  CatalogMesh                  INFO     Painted 33554432 out of 45481024 objects to mesh.
[005182.37]  01-26 16:26  CatalogMesh                  INFO     Slab 33554432 ~ 37748736 / 45481024.
[005183.57]  01-26 16:26  CatalogMesh                  INFO     Painted 37748736 out of 45481024 objects to mesh.
[005183.57]  01-26 16:26  CatalogMesh                  INFO     Slab 37748736 ~ 41943040 / 45481024.
[005184.77]  01-26 16:26  CatalogMesh                  INFO     Painted 41943040 out of 45481024 objects to mesh.
[005184.78]  01-26 16:26  CatalogMesh                  INFO     Slab 41943040 ~ 46137344 / 45481024.
[005185.80]  01-26 16:26  CatalogMesh                  INFO     Painted 45481024 out of 45481024 objects to mesh.
[005191.32]  01-26 16:26  CatalogFFTPower              INFO     Done painting catalog 1 to mesh.
[005191.33]  01-26 16:26  CatalogFFTPower              INFO     Using 400 k-bins between 0.000 and 0.400.
[005191.33]  01-26 16:26  CatalogFFTPower              INFO     Meshes prepared in elapsed time 48.82 s.
[005191.33]  01-26 16:26  CatalogFFTPower              INFO     Running mesh calculation.
[005208.69]  01-26 16:27  CatalogFFTPower              INFO     Mesh calculations performed in elapsed time 17.36 s.
[005208.69]  01-26 16:27  CatalogFFTPower              INFO     Power spectrum computed in elapsed time 66.18 s.
[005208.69]  01-26 16:27  CatalogFFTPower              INFO     Saving /pscratch/sd/s/shengyu/galaxies/catalogs/Y3/AbacusHF-v2/Boxes/QSO/sn0p950/AbacusSummit_base_c000_ph011/mpspk/pkpoles_QSO_zp0.950_DR2_v1.0+dv_repeat.npy.
[005208.69]  01-26 16:27  compute_2pt                  INFO     Save to /pscratch/sd/s/shengyu/galaxies/catalogs/Y3/AbacusHF-v2/Boxes/QSO/sn0p950/AbacusSummit_base_c000_ph011/mpspk/pkpoles_QSO_zp0.950_DR2_v1.0+dv_repeat.npy
[005208.69]  01-26 16:27  TwoPointCorrelationFunction  INFO     Using estimator <class 'pycorr.twopoint_estimator.NaturalTwoPointEstimator'>.
[005208.69]  01-26 16:27  TwoPointCorrelationFunction  INFO     Running auto-correlation.
[005208.69]  01-26 16:27  TwoPointCorrelationFunction  INFO     Computing two-point counts D1D2.
[005272.55]  01-26 16:28  TwoPointCorrelationFunction  INFO     Analytically computing two-point counts R1R2.
[005272.56]  01-26 16:28  TwoPointCorrelationFunction  INFO     Correlation function computed in elapsed time 63.86 s.
[005272.56]  01-26 16:28  NaturalTwoPointEstimator     INFO     Saving /pscratch/sd/s/shengyu/galaxies/catalogs/Y3/AbacusHF-v2/Boxes/QSO/sn0p950/AbacusSummit_base_c000_ph011/mpspk/mpslog_QSO_zp0.950_DR2_v1.0+dv_repeat.npy.
[005272.56]  01-26 16:28  compute_2pt                  INFO     Save to /pscratch/sd/s/shengyu/galaxies/catalogs/Y3/AbacusHF-v2/Boxes/QSO/sn0p950/AbacusSummit_base_c000_ph011/mpspk/mpslog_QSO_zp0.950_DR2_v1.0+dv_repeat.npy
[005272.56]  01-26 16:28  TwoPointCorrelationFunction  INFO     Using estimator <class 'pycorr.twopoint_estimator.NaturalTwoPointEstimator'>.
[005272.56]  01-26 16:28  TwoPointCorrelationFunction  INFO     Running auto-correlation.
[005272.56]  01-26 16:28  TwoPointCorrelationFunction  INFO     Computing two-point counts D1D2.
[005314.27]  01-26 16:28  TwoPointCorrelationFunction  INFO     Analytically computing two-point counts R1R2.
[005314.27]  01-26 16:28  TwoPointCorrelationFunction  INFO     Correlation function computed in elapsed time 41.71 s.
[005314.27]  01-26 16:28  NaturalTwoPointEstimator     INFO     Saving /pscratch/sd/s/shengyu/galaxies/catalogs/Y3/AbacusHF-v2/Boxes/QSO/sn0p950/AbacusSummit_base_c000_ph011/mpspk/wplog_QSO_zp0.950_DR2_v1.0+dv_repeat.npy.
[005314.28]  01-26 16:28  compute_2pt                  INFO     Save to /pscratch/sd/s/shengyu/galaxies/catalogs/Y3/AbacusHF-v2/Boxes/QSO/sn0p950/AbacusSummit_base_c000_ph011/mpspk/wplog_QSO_zp0.950_DR2_v1.0+dv_repeat.npy
[005314.28]  01-26 16:28  compute_2pt                  INFO     Procceed {'version': 'AbacusHF-v2', 'domain': 'cubic', 'tracer': 'QSO', 'zsnap': 0.95, 'zrange': (0.8, 1.1), 'mock_id': 12, 'use_dv': 'repeat'}
[005314.28]  01-26 16:28  cat_tools                    INFO     Load /pscratch/sd/s/shengyu/galaxies/catalogs/Y3/AbacusHF-v2/Boxes/QSO/sn0p950/AbacusSummit_base_c000_ph012/abacus_HF_QSO_0p950_DR2_v2.0_AbacusSummit_base_c000_ph012_base_clustering.dat.h5
[005314.28]  01-26 16:28  FileStack                    INFO     Reading /pscratch/sd/s/shengyu/galaxies/catalogs/Y3/AbacusHF-v2/Boxes/QSO/sn0p950/AbacusSummit_base_c000_ph012/abacus_HF_QSO_0p950_DR2_v2.0_AbacusSummit_base_c000_ph012_base_clustering.dat.h5.
[005314.28]  01-26 16:28  cat_tools                    INFO     use Z positions shifted in repeat mode
[005316.08]  01-26 16:28  TwoPointCorrelationFunction  INFO     Using estimator <class 'pycorr.twopoint_estimator.NaturalTwoPointEstimator'>.
[005316.09]  01-26 16:28  TwoPointCorrelationFunction  INFO     Running auto-correlation.
[005316.09]  01-26 16:28  TwoPointCorrelationFunction  INFO     Computing two-point counts D1D2.
[005578.91]  01-26 16:33  TwoPointCorrelationFunction  INFO     Analytically computing two-point counts R1R2.
[005578.91]  01-26 16:33  TwoPointCorrelationFunction  INFO     Correlation function computed in elapsed time 262.83 s.
[005578.92]  01-26 16:33  NaturalTwoPointEstimator     INFO     Saving /pscratch/sd/s/shengyu/galaxies/catalogs/Y3/AbacusHF-v2/Boxes/QSO/sn0p950/AbacusSummit_base_c000_ph012/mpspk/xipoles_QSO_zp0.950_DR2_v1.0+dv_repeat.npy.
[005578.92]  01-26 16:33  compute_2pt                  INFO     Save to /pscratch/sd/s/shengyu/galaxies/catalogs/Y3/AbacusHF-v2/Boxes/QSO/sn0p950/AbacusSummit_base_c000_ph012/mpspk/xipoles_QSO_zp0.950_DR2_v1.0+dv_repeat.npy
[005585.08]  01-26 16:33  CatalogFFTPower              INFO     Painting catalog 1 to mesh CatalogMesh(nmesh=[512 512 512], boxsize=[2000. 2000. 2000.], boxcenter=[ 999.99993869 1000.00000934 1000.00006911], dtype=float64).
[005585.66]  01-26 16:33  CatalogMesh                  INFO     Slab 0 ~ 4194304 / 45522624.
[005586.79]  01-26 16:33  CatalogMesh                  INFO     Painted 4194304 out of 45522624 objects to mesh.
[005586.79]  01-26 16:33  CatalogMesh                  INFO     Slab 4194304 ~ 8388608 / 45522624.
[005587.88]  01-26 16:33  CatalogMesh                  INFO     Painted 8388608 out of 45522624 objects to mesh.
[005587.88]  01-26 16:33  CatalogMesh                  INFO     Slab 8388608 ~ 12582912 / 45522624.
[005588.96]  01-26 16:33  CatalogMesh                  INFO     Painted 12582912 out of 45522624 objects to mesh.
[005588.96]  01-26 16:33  CatalogMesh                  INFO     Slab 12582912 ~ 16777216 / 45522624.
[005590.04]  01-26 16:33  CatalogMesh                  INFO     Painted 16777216 out of 45522624 objects to mesh.
[005590.04]  01-26 16:33  CatalogMesh                  INFO     Slab 16777216 ~ 20971520 / 45522624.
[005591.12]  01-26 16:33  CatalogMesh                  INFO     Painted 20971520 out of 45522624 objects to mesh.
[005591.12]  01-26 16:33  CatalogMesh                  INFO     Slab 20971520 ~ 25165824 / 45522624.
[005592.20]  01-26 16:33  CatalogMesh                  INFO     Painted 25165824 out of 45522624 objects to mesh.
[005592.20]  01-26 16:33  CatalogMesh                  INFO     Slab 25165824 ~ 29360128 / 45522624.
[005593.28]  01-26 16:33  CatalogMesh                  INFO     Painted 29360128 out of 45522624 objects to mesh.
[005593.28]  01-26 16:33  CatalogMesh                  INFO     Slab 29360128 ~ 33554432 / 45522624.
[005594.38]  01-26 16:33  CatalogMesh                  INFO     Painted 33554432 out of 45522624 objects to mesh.
[005594.38]  01-26 16:33  CatalogMesh                  INFO     Slab 33554432 ~ 37748736 / 45522624.
[005595.59]  01-26 16:33  CatalogMesh                  INFO     Painted 37748736 out of 45522624 objects to mesh.
[005595.59]  01-26 16:33  CatalogMesh                  INFO     Slab 37748736 ~ 41943040 / 45522624.
[005596.80]  01-26 16:33  CatalogMesh                  INFO     Painted 41943040 out of 45522624 objects to mesh.
[005596.80]  01-26 16:33  CatalogMesh                  INFO     Slab 41943040 ~ 46137344 / 45522624.
[005597.83]  01-26 16:33  CatalogMesh                  INFO     Painted 45522624 out of 45522624 objects to mesh.
[005597.83]  01-26 16:33  CatalogMesh                  INFO     Running interlacing at order 3.
[005600.29]  01-26 16:33  CatalogMesh                  INFO     Slab 0 ~ 4194304 / 45522624.
[005601.37]  01-26 16:33  CatalogMesh                  INFO     Painted 4194304 out of 45522624 objects to mesh.
[005601.37]  01-26 16:33  CatalogMesh                  INFO     Slab 4194304 ~ 8388608 / 45522624.
[005602.44]  01-26 16:33  CatalogMesh                  INFO     Painted 8388608 out of 45522624 objects to mesh.
[005602.45]  01-26 16:33  CatalogMesh                  INFO     Slab 8388608 ~ 12582912 / 45522624.
[005603.53]  01-26 16:33  CatalogMesh                  INFO     Painted 12582912 out of 45522624 objects to mesh.
[005603.53]  01-26 16:33  CatalogMesh                  INFO     Slab 12582912 ~ 16777216 / 45522624.
[005604.61]  01-26 16:33  CatalogMesh                  INFO     Painted 16777216 out of 45522624 objects to mesh.
[005604.61]  01-26 16:33  CatalogMesh                  INFO     Slab 16777216 ~ 20971520 / 45522624.
[005605.69]  01-26 16:33  CatalogMesh                  INFO     Painted 20971520 out of 45522624 objects to mesh.
[005605.69]  01-26 16:33  CatalogMesh                  INFO     Slab 20971520 ~ 25165824 / 45522624.
[005606.77]  01-26 16:33  CatalogMesh                  INFO     Painted 25165824 out of 45522624 objects to mesh.
[005606.77]  01-26 16:33  CatalogMesh                  INFO     Slab 25165824 ~ 29360128 / 45522624.
[005607.85]  01-26 16:33  CatalogMesh                  INFO     Painted 29360128 out of 45522624 objects to mesh.
[005607.85]  01-26 16:33  CatalogMesh                  INFO     Slab 29360128 ~ 33554432 / 45522624.
[005608.95]  01-26 16:33  CatalogMesh                  INFO     Painted 33554432 out of 45522624 objects to mesh.
[005608.95]  01-26 16:33  CatalogMesh                  INFO     Slab 33554432 ~ 37748736 / 45522624.
[005610.16]  01-26 16:33  CatalogMesh                  INFO     Painted 37748736 out of 45522624 objects to mesh.
[005610.16]  01-26 16:33  CatalogMesh                  INFO     Slab 37748736 ~ 41943040 / 45522624.
[005611.37]  01-26 16:33  CatalogMesh                  INFO     Painted 41943040 out of 45522624 objects to mesh.
[005611.37]  01-26 16:33  CatalogMesh                  INFO     Slab 41943040 ~ 46137344 / 45522624.
[005612.42]  01-26 16:33  CatalogMesh                  INFO     Painted 45522624 out of 45522624 objects to mesh.
[005616.44]  01-26 16:33  CatalogMesh                  INFO     Slab 0 ~ 4194304 / 45522624.
[005617.52]  01-26 16:33  CatalogMesh                  INFO     Painted 4194304 out of 45522624 objects to mesh.
[005617.52]  01-26 16:33  CatalogMesh                  INFO     Slab 4194304 ~ 8388608 / 45522624.
[005618.60]  01-26 16:33  CatalogMesh                  INFO     Painted 8388608 out of 45522624 objects to mesh.
[005618.60]  01-26 16:33  CatalogMesh                  INFO     Slab 8388608 ~ 12582912 / 45522624.
[005619.68]  01-26 16:33  CatalogMesh                  INFO     Painted 12582912 out of 45522624 objects to mesh.
[005619.68]  01-26 16:33  CatalogMesh                  INFO     Slab 12582912 ~ 16777216 / 45522624.
[005620.77]  01-26 16:33  CatalogMesh                  INFO     Painted 16777216 out of 45522624 objects to mesh.
[005620.77]  01-26 16:33  CatalogMesh                  INFO     Slab 16777216 ~ 20971520 / 45522624.
[005621.86]  01-26 16:33  CatalogMesh                  INFO     Painted 20971520 out of 45522624 objects to mesh.
[005621.86]  01-26 16:33  CatalogMesh                  INFO     Slab 20971520 ~ 25165824 / 45522624.
[005622.95]  01-26 16:33  CatalogMesh                  INFO     Painted 25165824 out of 45522624 objects to mesh.
[005622.95]  01-26 16:33  CatalogMesh                  INFO     Slab 25165824 ~ 29360128 / 45522624.
[005624.03]  01-26 16:33  CatalogMesh                  INFO     Painted 29360128 out of 45522624 objects to mesh.
[005624.03]  01-26 16:33  CatalogMesh                  INFO     Slab 29360128 ~ 33554432 / 45522624.
[005625.13]  01-26 16:33  CatalogMesh                  INFO     Painted 33554432 out of 45522624 objects to mesh.
[005625.13]  01-26 16:33  CatalogMesh                  INFO     Slab 33554432 ~ 37748736 / 45522624.
[005626.33]  01-26 16:33  CatalogMesh                  INFO     Painted 37748736 out of 45522624 objects to mesh.
[005626.33]  01-26 16:33  CatalogMesh                  INFO     Slab 37748736 ~ 41943040 / 45522624.
[005627.54]  01-26 16:33  CatalogMesh                  INFO     Painted 41943040 out of 45522624 objects to mesh.
[005627.54]  01-26 16:33  CatalogMesh                  INFO     Slab 41943040 ~ 46137344 / 45522624.
[005628.58]  01-26 16:34  CatalogMesh                  INFO     Painted 45522624 out of 45522624 objects to mesh.
[005634.16]  01-26 16:34  CatalogFFTPower              INFO     Done painting catalog 1 to mesh.
[005634.16]  01-26 16:34  CatalogFFTPower              INFO     Using 400 k-bins between 0.000 and 0.400.
[005634.17]  01-26 16:34  CatalogFFTPower              INFO     Meshes prepared in elapsed time 49.08 s.
[005634.17]  01-26 16:34  CatalogFFTPower              INFO     Running mesh calculation.
[005651.62]  01-26 16:34  CatalogFFTPower              INFO     Mesh calculations performed in elapsed time 17.45 s.
[005651.62]  01-26 16:34  CatalogFFTPower              INFO     Power spectrum computed in elapsed time 66.54 s.
[005651.62]  01-26 16:34  CatalogFFTPower              INFO     Saving /pscratch/sd/s/shengyu/galaxies/catalogs/Y3/AbacusHF-v2/Boxes/QSO/sn0p950/AbacusSummit_base_c000_ph012/mpspk/pkpoles_QSO_zp0.950_DR2_v1.0+dv_repeat.npy.
[005651.62]  01-26 16:34  compute_2pt                  INFO     Save to /pscratch/sd/s/shengyu/galaxies/catalogs/Y3/AbacusHF-v2/Boxes/QSO/sn0p950/AbacusSummit_base_c000_ph012/mpspk/pkpoles_QSO_zp0.950_DR2_v1.0+dv_repeat.npy
[005651.63]  01-26 16:34  TwoPointCorrelationFunction  INFO     Using estimator <class 'pycorr.twopoint_estimator.NaturalTwoPointEstimator'>.
[005651.63]  01-26 16:34  TwoPointCorrelationFunction  INFO     Running auto-correlation.
[005651.63]  01-26 16:34  TwoPointCorrelationFunction  INFO     Computing two-point counts D1D2.
[005714.97]  01-26 16:35  TwoPointCorrelationFunction  INFO     Analytically computing two-point counts R1R2.
[005714.97]  01-26 16:35  TwoPointCorrelationFunction  INFO     Correlation function computed in elapsed time 63.34 s.
[005714.97]  01-26 16:35  NaturalTwoPointEstimator     INFO     Saving /pscratch/sd/s/shengyu/galaxies/catalogs/Y3/AbacusHF-v2/Boxes/QSO/sn0p950/AbacusSummit_base_c000_ph012/mpspk/mpslog_QSO_zp0.950_DR2_v1.0+dv_repeat.npy.
[005714.97]  01-26 16:35  compute_2pt                  INFO     Save to /pscratch/sd/s/shengyu/galaxies/catalogs/Y3/AbacusHF-v2/Boxes/QSO/sn0p950/AbacusSummit_base_c000_ph012/mpspk/mpslog_QSO_zp0.950_DR2_v1.0+dv_repeat.npy
[005714.97]  01-26 16:35  TwoPointCorrelationFunction  INFO     Using estimator <class 'pycorr.twopoint_estimator.NaturalTwoPointEstimator'>.
[005714.98]  01-26 16:35  TwoPointCorrelationFunction  INFO     Running auto-correlation.
[005714.98]  01-26 16:35  TwoPointCorrelationFunction  INFO     Computing two-point counts D1D2.
[005757.03]  01-26 16:36  TwoPointCorrelationFunction  INFO     Analytically computing two-point counts R1R2.
[005757.04]  01-26 16:36  TwoPointCorrelationFunction  INFO     Correlation function computed in elapsed time 42.06 s.
[005757.04]  01-26 16:36  NaturalTwoPointEstimator     INFO     Saving /pscratch/sd/s/shengyu/galaxies/catalogs/Y3/AbacusHF-v2/Boxes/QSO/sn0p950/AbacusSummit_base_c000_ph012/mpspk/wplog_QSO_zp0.950_DR2_v1.0+dv_repeat.npy.
[005757.04]  01-26 16:36  compute_2pt                  INFO     Save to /pscratch/sd/s/shengyu/galaxies/catalogs/Y3/AbacusHF-v2/Boxes/QSO/sn0p950/AbacusSummit_base_c000_ph012/mpspk/wplog_QSO_zp0.950_DR2_v1.0+dv_repeat.npy
[005757.04]  01-26 16:36  compute_2pt                  INFO     Procceed {'version': 'AbacusHF-v2', 'domain': 'cubic', 'tracer': 'QSO', 'zsnap': 0.95, 'zrange': (0.8, 1.1), 'mock_id': 13, 'use_dv': 'repeat'}
[005757.04]  01-26 16:36  cat_tools                    INFO     Load /pscratch/sd/s/shengyu/galaxies/catalogs/Y3/AbacusHF-v2/Boxes/QSO/sn0p950/AbacusSummit_base_c000_ph013/abacus_HF_QSO_0p950_DR2_v2.0_AbacusSummit_base_c000_ph013_base_clustering.dat.h5
[005757.04]  01-26 16:36  FileStack                    INFO     Reading /pscratch/sd/s/shengyu/galaxies/catalogs/Y3/AbacusHF-v2/Boxes/QSO/sn0p950/AbacusSummit_base_c000_ph013/abacus_HF_QSO_0p950_DR2_v2.0_AbacusSummit_base_c000_ph013_base_clustering.dat.h5.
[005757.05]  01-26 16:36  cat_tools                    INFO     use Z positions shifted in repeat mode
[005758.82]  01-26 16:36  TwoPointCorrelationFunction  INFO     Using estimator <class 'pycorr.twopoint_estimator.NaturalTwoPointEstimator'>.
[005758.82]  01-26 16:36  TwoPointCorrelationFunction  INFO     Running auto-correlation.
[005758.82]  01-26 16:36  TwoPointCorrelationFunction  INFO     Computing two-point counts D1D2.
[006014.00]  01-26 16:40  TwoPointCorrelationFunction  INFO     Analytically computing two-point counts R1R2.
[006014.00]  01-26 16:40  TwoPointCorrelationFunction  INFO     Correlation function computed in elapsed time 255.18 s.
[006014.00]  01-26 16:40  NaturalTwoPointEstimator     INFO     Saving /pscratch/sd/s/shengyu/galaxies/catalogs/Y3/AbacusHF-v2/Boxes/QSO/sn0p950/AbacusSummit_base_c000_ph013/mpspk/xipoles_QSO_zp0.950_DR2_v1.0+dv_repeat.npy.
[006014.00]  01-26 16:40  compute_2pt                  INFO     Save to /pscratch/sd/s/shengyu/galaxies/catalogs/Y3/AbacusHF-v2/Boxes/QSO/sn0p950/AbacusSummit_base_c000_ph013/mpspk/xipoles_QSO_zp0.950_DR2_v1.0+dv_repeat.npy
[006020.13]  01-26 16:40  CatalogFFTPower              INFO     Painting catalog 1 to mesh CatalogMesh(nmesh=[512 512 512], boxsize=[2000. 2000. 2000.], boxcenter=[999.99998956 999.99999807 999.99999669], dtype=float64).
[006020.70]  01-26 16:40  CatalogMesh                  INFO     Slab 0 ~ 4194304 / 45515695.
[006021.79]  01-26 16:40  CatalogMesh                  INFO     Painted 4194304 out of 45515695 objects to mesh.
[006021.79]  01-26 16:40  CatalogMesh                  INFO     Slab 4194304 ~ 8388608 / 45515695.
[006022.86]  01-26 16:40  CatalogMesh                  INFO     Painted 8388608 out of 45515695 objects to mesh.
[006022.86]  01-26 16:40  CatalogMesh                  INFO     Slab 8388608 ~ 12582912 / 45515695.
[006023.92]  01-26 16:40  CatalogMesh                  INFO     Painted 12582912 out of 45515695 objects to mesh.
[006023.93]  01-26 16:40  CatalogMesh                  INFO     Slab 12582912 ~ 16777216 / 45515695.
[006025.00]  01-26 16:40  CatalogMesh                  INFO     Painted 16777216 out of 45515695 objects to mesh.
[006025.00]  01-26 16:40  CatalogMesh                  INFO     Slab 16777216 ~ 20971520 / 45515695.
[006026.07]  01-26 16:40  CatalogMesh                  INFO     Painted 20971520 out of 45515695 objects to mesh.
[006026.07]  01-26 16:40  CatalogMesh                  INFO     Slab 20971520 ~ 25165824 / 45515695.
[006027.15]  01-26 16:40  CatalogMesh                  INFO     Painted 25165824 out of 45515695 objects to mesh.
[006027.15]  01-26 16:40  CatalogMesh                  INFO     Slab 25165824 ~ 29360128 / 45515695.
[006028.22]  01-26 16:40  CatalogMesh                  INFO     Painted 29360128 out of 45515695 objects to mesh.
[006028.22]  01-26 16:40  CatalogMesh                  INFO     Slab 29360128 ~ 33554432 / 45515695.
[006029.31]  01-26 16:40  CatalogMesh                  INFO     Painted 33554432 out of 45515695 objects to mesh.
[006029.31]  01-26 16:40  CatalogMesh                  INFO     Slab 33554432 ~ 37748736 / 45515695.
[006030.50]  01-26 16:40  CatalogMesh                  INFO     Painted 37748736 out of 45515695 objects to mesh.
[006030.50]  01-26 16:40  CatalogMesh                  INFO     Slab 37748736 ~ 41943040 / 45515695.
[006031.70]  01-26 16:40  CatalogMesh                  INFO     Painted 41943040 out of 45515695 objects to mesh.
[006031.70]  01-26 16:40  CatalogMesh                  INFO     Slab 41943040 ~ 46137344 / 45515695.
[006032.72]  01-26 16:40  CatalogMesh                  INFO     Painted 45515695 out of 45515695 objects to mesh.
[006032.72]  01-26 16:40  CatalogMesh                  INFO     Running interlacing at order 3.
[006035.14]  01-26 16:40  CatalogMesh                  INFO     Slab 0 ~ 4194304 / 45515695.
[006036.21]  01-26 16:40  CatalogMesh                  INFO     Painted 4194304 out of 45515695 objects to mesh.
[006036.21]  01-26 16:40  CatalogMesh                  INFO     Slab 4194304 ~ 8388608 / 45515695.
[006037.28]  01-26 16:40  CatalogMesh                  INFO     Painted 8388608 out of 45515695 objects to mesh.
[006037.28]  01-26 16:40  CatalogMesh                  INFO     Slab 8388608 ~ 12582912 / 45515695.
[006038.35]  01-26 16:40  CatalogMesh                  INFO     Painted 12582912 out of 45515695 objects to mesh.
[006038.35]  01-26 16:40  CatalogMesh                  INFO     Slab 12582912 ~ 16777216 / 45515695.
[006039.43]  01-26 16:40  CatalogMesh                  INFO     Painted 16777216 out of 45515695 objects to mesh.
[006039.43]  01-26 16:40  CatalogMesh                  INFO     Slab 16777216 ~ 20971520 / 45515695.
[006040.50]  01-26 16:40  CatalogMesh                  INFO     Painted 20971520 out of 45515695 objects to mesh.
[006040.51]  01-26 16:40  CatalogMesh                  INFO     Slab 20971520 ~ 25165824 / 45515695.
[006041.58]  01-26 16:40  CatalogMesh                  INFO     Painted 25165824 out of 45515695 objects to mesh.
[006041.58]  01-26 16:40  CatalogMesh                  INFO     Slab 25165824 ~ 29360128 / 45515695.
[006042.66]  01-26 16:40  CatalogMesh                  INFO     Painted 29360128 out of 45515695 objects to mesh.
[006042.66]  01-26 16:40  CatalogMesh                  INFO     Slab 29360128 ~ 33554432 / 45515695.
[006043.75]  01-26 16:40  CatalogMesh                  INFO     Painted 33554432 out of 45515695 objects to mesh.
[006043.75]  01-26 16:40  CatalogMesh                  INFO     Slab 33554432 ~ 37748736 / 45515695.
[006044.95]  01-26 16:40  CatalogMesh                  INFO     Painted 37748736 out of 45515695 objects to mesh.
[006044.95]  01-26 16:40  CatalogMesh                  INFO     Slab 37748736 ~ 41943040 / 45515695.
[006046.15]  01-26 16:40  CatalogMesh                  INFO     Painted 41943040 out of 45515695 objects to mesh.
[006046.15]  01-26 16:40  CatalogMesh                  INFO     Slab 41943040 ~ 46137344 / 45515695.
[006047.17]  01-26 16:40  CatalogMesh                  INFO     Painted 45515695 out of 45515695 objects to mesh.
[006051.14]  01-26 16:41  CatalogMesh                  INFO     Slab 0 ~ 4194304 / 45515695.
[006052.22]  01-26 16:41  CatalogMesh                  INFO     Painted 4194304 out of 45515695 objects to mesh.
[006052.22]  01-26 16:41  CatalogMesh                  INFO     Slab 4194304 ~ 8388608 / 45515695.
[006053.30]  01-26 16:41  CatalogMesh                  INFO     Painted 8388608 out of 45515695 objects to mesh.
[006053.30]  01-26 16:41  CatalogMesh                  INFO     Slab 8388608 ~ 12582912 / 45515695.
[006054.37]  01-26 16:41  CatalogMesh                  INFO     Painted 12582912 out of 45515695 objects to mesh.
[006054.37]  01-26 16:41  CatalogMesh                  INFO     Slab 12582912 ~ 16777216 / 45515695.
[006055.44]  01-26 16:41  CatalogMesh                  INFO     Painted 16777216 out of 45515695 objects to mesh.
[006055.45]  01-26 16:41  CatalogMesh                  INFO     Slab 16777216 ~ 20971520 / 45515695.
[006056.52]  01-26 16:41  CatalogMesh                  INFO     Painted 20971520 out of 45515695 objects to mesh.
[006056.52]  01-26 16:41  CatalogMesh                  INFO     Slab 20971520 ~ 25165824 / 45515695.
[006057.60]  01-26 16:41  CatalogMesh                  INFO     Painted 25165824 out of 45515695 objects to mesh.
[006057.60]  01-26 16:41  CatalogMesh                  INFO     Slab 25165824 ~ 29360128 / 45515695.
[006058.67]  01-26 16:41  CatalogMesh                  INFO     Painted 29360128 out of 45515695 objects to mesh.
[006058.68]  01-26 16:41  CatalogMesh                  INFO     Slab 29360128 ~ 33554432 / 45515695.
[006059.76]  01-26 16:41  CatalogMesh                  INFO     Painted 33554432 out of 45515695 objects to mesh.
[006059.77]  01-26 16:41  CatalogMesh                  INFO     Slab 33554432 ~ 37748736 / 45515695.
[006060.96]  01-26 16:41  CatalogMesh                  INFO     Painted 37748736 out of 45515695 objects to mesh.
[006060.96]  01-26 16:41  CatalogMesh                  INFO     Slab 37748736 ~ 41943040 / 45515695.
[006062.16]  01-26 16:41  CatalogMesh                  INFO     Painted 41943040 out of 45515695 objects to mesh.
[006062.16]  01-26 16:41  CatalogMesh                  INFO     Slab 41943040 ~ 46137344 / 45515695.
[006063.22]  01-26 16:41  CatalogMesh                  INFO     Painted 45515695 out of 45515695 objects to mesh.
[006068.72]  01-26 16:41  CatalogFFTPower              INFO     Done painting catalog 1 to mesh.
[006068.72]  01-26 16:41  CatalogFFTPower              INFO     Using 400 k-bins between 0.000 and 0.400.
[006068.72]  01-26 16:41  CatalogFFTPower              INFO     Meshes prepared in elapsed time 48.60 s.
[006068.72]  01-26 16:41  CatalogFFTPower              INFO     Running mesh calculation.
[006086.00]  01-26 16:41  CatalogFFTPower              INFO     Mesh calculations performed in elapsed time 17.28 s.
[006086.00]  01-26 16:41  CatalogFFTPower              INFO     Power spectrum computed in elapsed time 65.88 s.
[006086.01]  01-26 16:41  CatalogFFTPower              INFO     Saving /pscratch/sd/s/shengyu/galaxies/catalogs/Y3/AbacusHF-v2/Boxes/QSO/sn0p950/AbacusSummit_base_c000_ph013/mpspk/pkpoles_QSO_zp0.950_DR2_v1.0+dv_repeat.npy.
[006086.01]  01-26 16:41  compute_2pt                  INFO     Save to /pscratch/sd/s/shengyu/galaxies/catalogs/Y3/AbacusHF-v2/Boxes/QSO/sn0p950/AbacusSummit_base_c000_ph013/mpspk/pkpoles_QSO_zp0.950_DR2_v1.0+dv_repeat.npy
[006086.01]  01-26 16:41  TwoPointCorrelationFunction  INFO     Using estimator <class 'pycorr.twopoint_estimator.NaturalTwoPointEstimator'>.
[006086.01]  01-26 16:41  TwoPointCorrelationFunction  INFO     Running auto-correlation.
[006086.01]  01-26 16:41  TwoPointCorrelationFunction  INFO     Computing two-point counts D1D2.
[006145.64]  01-26 16:42  TwoPointCorrelationFunction  INFO     Analytically computing two-point counts R1R2.
[006145.64]  01-26 16:42  TwoPointCorrelationFunction  INFO     Correlation function computed in elapsed time 59.64 s.
[006145.64]  01-26 16:42  NaturalTwoPointEstimator     INFO     Saving /pscratch/sd/s/shengyu/galaxies/catalogs/Y3/AbacusHF-v2/Boxes/QSO/sn0p950/AbacusSummit_base_c000_ph013/mpspk/mpslog_QSO_zp0.950_DR2_v1.0+dv_repeat.npy.
[006145.65]  01-26 16:42  compute_2pt                  INFO     Save to /pscratch/sd/s/shengyu/galaxies/catalogs/Y3/AbacusHF-v2/Boxes/QSO/sn0p950/AbacusSummit_base_c000_ph013/mpspk/mpslog_QSO_zp0.950_DR2_v1.0+dv_repeat.npy
[006145.65]  01-26 16:42  TwoPointCorrelationFunction  INFO     Using estimator <class 'pycorr.twopoint_estimator.NaturalTwoPointEstimator'>.
[006145.65]  01-26 16:42  TwoPointCorrelationFunction  INFO     Running auto-correlation.
[006145.65]  01-26 16:42  TwoPointCorrelationFunction  INFO     Computing two-point counts D1D2.
[006187.66]  01-26 16:43  TwoPointCorrelationFunction  INFO     Analytically computing two-point counts R1R2.
[006187.66]  01-26 16:43  TwoPointCorrelationFunction  INFO     Correlation function computed in elapsed time 42.00 s.
[006187.66]  01-26 16:43  NaturalTwoPointEstimator     INFO     Saving /pscratch/sd/s/shengyu/galaxies/catalogs/Y3/AbacusHF-v2/Boxes/QSO/sn0p950/AbacusSummit_base_c000_ph013/mpspk/wplog_QSO_zp0.950_DR2_v1.0+dv_repeat.npy.
[006187.66]  01-26 16:43  compute_2pt                  INFO     Save to /pscratch/sd/s/shengyu/galaxies/catalogs/Y3/AbacusHF-v2/Boxes/QSO/sn0p950/AbacusSummit_base_c000_ph013/mpspk/wplog_QSO_zp0.950_DR2_v1.0+dv_repeat.npy
[006187.66]  01-26 16:43  compute_2pt                  INFO     Procceed {'version': 'AbacusHF-v2', 'domain': 'cubic', 'tracer': 'QSO', 'zsnap': 0.95, 'zrange': (0.8, 1.1), 'mock_id': 14, 'use_dv': 'repeat'}
[006187.67]  01-26 16:43  cat_tools                    INFO     Load /pscratch/sd/s/shengyu/galaxies/catalogs/Y3/AbacusHF-v2/Boxes/QSO/sn0p950/AbacusSummit_base_c000_ph014/abacus_HF_QSO_0p950_DR2_v2.0_AbacusSummit_base_c000_ph014_base_clustering.dat.h5
[006187.67]  01-26 16:43  FileStack                    INFO     Reading /pscratch/sd/s/shengyu/galaxies/catalogs/Y3/AbacusHF-v2/Boxes/QSO/sn0p950/AbacusSummit_base_c000_ph014/abacus_HF_QSO_0p950_DR2_v2.0_AbacusSummit_base_c000_ph014_base_clustering.dat.h5.
[006187.68]  01-26 16:43  cat_tools                    INFO     use Z positions shifted in repeat mode
[006189.46]  01-26 16:43  TwoPointCorrelationFunction  INFO     Using estimator <class 'pycorr.twopoint_estimator.NaturalTwoPointEstimator'>.
[006189.46]  01-26 16:43  TwoPointCorrelationFunction  INFO     Running auto-correlation.
[006189.46]  01-26 16:43  TwoPointCorrelationFunction  INFO     Computing two-point counts D1D2.
[006454.91]  01-26 16:47  TwoPointCorrelationFunction  INFO     Analytically computing two-point counts R1R2.
[006454.91]  01-26 16:47  TwoPointCorrelationFunction  INFO     Correlation function computed in elapsed time 265.45 s.
[006454.91]  01-26 16:47  NaturalTwoPointEstimator     INFO     Saving /pscratch/sd/s/shengyu/galaxies/catalogs/Y3/AbacusHF-v2/Boxes/QSO/sn0p950/AbacusSummit_base_c000_ph014/mpspk/xipoles_QSO_zp0.950_DR2_v1.0+dv_repeat.npy.
[006454.92]  01-26 16:47  compute_2pt                  INFO     Save to /pscratch/sd/s/shengyu/galaxies/catalogs/Y3/AbacusHF-v2/Boxes/QSO/sn0p950/AbacusSummit_base_c000_ph014/mpspk/xipoles_QSO_zp0.950_DR2_v1.0+dv_repeat.npy
[006461.03]  01-26 16:47  CatalogFFTPower              INFO     Painting catalog 1 to mesh CatalogMesh(nmesh=[512 512 512], boxsize=[2000. 2000. 2000.], boxcenter=[ 999.9999741   999.99998315 1000.00000618], dtype=float64).
[006461.61]  01-26 16:47  CatalogMesh                  INFO     Slab 0 ~ 4194304 / 45469906.
[006462.70]  01-26 16:47  CatalogMesh                  INFO     Painted 4194304 out of 45469906 objects to mesh.
[006462.70]  01-26 16:47  CatalogMesh                  INFO     Slab 4194304 ~ 8388608 / 45469906.
[006463.77]  01-26 16:47  CatalogMesh                  INFO     Painted 8388608 out of 45469906 objects to mesh.
[006463.77]  01-26 16:47  CatalogMesh                  INFO     Slab 8388608 ~ 12582912 / 45469906.
[006464.85]  01-26 16:47  CatalogMesh                  INFO     Painted 12582912 out of 45469906 objects to mesh.
[006464.85]  01-26 16:47  CatalogMesh                  INFO     Slab 12582912 ~ 16777216 / 45469906.
[006465.92]  01-26 16:47  CatalogMesh                  INFO     Painted 16777216 out of 45469906 objects to mesh.
[006465.93]  01-26 16:47  CatalogMesh                  INFO     Slab 16777216 ~ 20971520 / 45469906.
[006467.00]  01-26 16:47  CatalogMesh                  INFO     Painted 20971520 out of 45469906 objects to mesh.
[006467.00]  01-26 16:47  CatalogMesh                  INFO     Slab 20971520 ~ 25165824 / 45469906.
[006468.07]  01-26 16:47  CatalogMesh                  INFO     Painted 25165824 out of 45469906 objects to mesh.
[006468.08]  01-26 16:47  CatalogMesh                  INFO     Slab 25165824 ~ 29360128 / 45469906.
[006469.16]  01-26 16:48  CatalogMesh                  INFO     Painted 29360128 out of 45469906 objects to mesh.
[006469.16]  01-26 16:48  CatalogMesh                  INFO     Slab 29360128 ~ 33554432 / 45469906.
[006470.26]  01-26 16:48  CatalogMesh                  INFO     Painted 33554432 out of 45469906 objects to mesh.
[006470.26]  01-26 16:48  CatalogMesh                  INFO     Slab 33554432 ~ 37748736 / 45469906.
[006471.46]  01-26 16:48  CatalogMesh                  INFO     Painted 37748736 out of 45469906 objects to mesh.
[006471.46]  01-26 16:48  CatalogMesh                  INFO     Slab 37748736 ~ 41943040 / 45469906.
[006472.66]  01-26 16:48  CatalogMesh                  INFO     Painted 41943040 out of 45469906 objects to mesh.
[006472.66]  01-26 16:48  CatalogMesh                  INFO     Slab 41943040 ~ 46137344 / 45469906.
[006473.68]  01-26 16:48  CatalogMesh                  INFO     Painted 45469906 out of 45469906 objects to mesh.
[006473.69]  01-26 16:48  CatalogMesh                  INFO     Running interlacing at order 3.
[006476.10]  01-26 16:48  CatalogMesh                  INFO     Slab 0 ~ 4194304 / 45469906.
[006477.17]  01-26 16:48  CatalogMesh                  INFO     Painted 4194304 out of 45469906 objects to mesh.
[006477.17]  01-26 16:48  CatalogMesh                  INFO     Slab 4194304 ~ 8388608 / 45469906.
[006478.25]  01-26 16:48  CatalogMesh                  INFO     Painted 8388608 out of 45469906 objects to mesh.
[006478.26]  01-26 16:48  CatalogMesh                  INFO     Slab 8388608 ~ 12582912 / 45469906.
[006479.33]  01-26 16:48  CatalogMesh                  INFO     Painted 12582912 out of 45469906 objects to mesh.
[006479.33]  01-26 16:48  CatalogMesh                  INFO     Slab 12582912 ~ 16777216 / 45469906.
[006480.41]  01-26 16:48  CatalogMesh                  INFO     Painted 16777216 out of 45469906 objects to mesh.
[006480.41]  01-26 16:48  CatalogMesh                  INFO     Slab 16777216 ~ 20971520 / 45469906.
[006481.49]  01-26 16:48  CatalogMesh                  INFO     Painted 20971520 out of 45469906 objects to mesh.
[006481.49]  01-26 16:48  CatalogMesh                  INFO     Slab 20971520 ~ 25165824 / 45469906.
[006482.56]  01-26 16:48  CatalogMesh                  INFO     Painted 25165824 out of 45469906 objects to mesh.
[006482.56]  01-26 16:48  CatalogMesh                  INFO     Slab 25165824 ~ 29360128 / 45469906.
[006483.63]  01-26 16:48  CatalogMesh                  INFO     Painted 29360128 out of 45469906 objects to mesh.
[006483.63]  01-26 16:48  CatalogMesh                  INFO     Slab 29360128 ~ 33554432 / 45469906.
[006484.72]  01-26 16:48  CatalogMesh                  INFO     Painted 33554432 out of 45469906 objects to mesh.
[006484.72]  01-26 16:48  CatalogMesh                  INFO     Slab 33554432 ~ 37748736 / 45469906.
[006485.93]  01-26 16:48  CatalogMesh                  INFO     Painted 37748736 out of 45469906 objects to mesh.
[006485.93]  01-26 16:48  CatalogMesh                  INFO     Slab 37748736 ~ 41943040 / 45469906.
[006487.12]  01-26 16:48  CatalogMesh                  INFO     Painted 41943040 out of 45469906 objects to mesh.
[006487.12]  01-26 16:48  CatalogMesh                  INFO     Slab 41943040 ~ 46137344 / 45469906.
[006488.14]  01-26 16:48  CatalogMesh                  INFO     Painted 45469906 out of 45469906 objects to mesh.
[006492.09]  01-26 16:48  CatalogMesh                  INFO     Slab 0 ~ 4194304 / 45469906.
[006493.16]  01-26 16:48  CatalogMesh                  INFO     Painted 4194304 out of 45469906 objects to mesh.
[006493.16]  01-26 16:48  CatalogMesh                  INFO     Slab 4194304 ~ 8388608 / 45469906.
[006494.24]  01-26 16:48  CatalogMesh                  INFO     Painted 8388608 out of 45469906 objects to mesh.
[006494.24]  01-26 16:48  CatalogMesh                  INFO     Slab 8388608 ~ 12582912 / 45469906.
[006495.31]  01-26 16:48  CatalogMesh                  INFO     Painted 12582912 out of 45469906 objects to mesh.
[006495.31]  01-26 16:48  CatalogMesh                  INFO     Slab 12582912 ~ 16777216 / 45469906.
[006496.38]  01-26 16:48  CatalogMesh                  INFO     Painted 16777216 out of 45469906 objects to mesh.
[006496.39]  01-26 16:48  CatalogMesh                  INFO     Slab 16777216 ~ 20971520 / 45469906.
[006497.46]  01-26 16:48  CatalogMesh                  INFO     Painted 20971520 out of 45469906 objects to mesh.
[006497.46]  01-26 16:48  CatalogMesh                  INFO     Slab 20971520 ~ 25165824 / 45469906.
[006498.54]  01-26 16:48  CatalogMesh                  INFO     Painted 25165824 out of 45469906 objects to mesh.
[006498.54]  01-26 16:48  CatalogMesh                  INFO     Slab 25165824 ~ 29360128 / 45469906.
[006499.61]  01-26 16:48  CatalogMesh                  INFO     Painted 29360128 out of 45469906 objects to mesh.
[006499.61]  01-26 16:48  CatalogMesh                  INFO     Slab 29360128 ~ 33554432 / 45469906.
[006500.71]  01-26 16:48  CatalogMesh                  INFO     Painted 33554432 out of 45469906 objects to mesh.
[006500.71]  01-26 16:48  CatalogMesh                  INFO     Slab 33554432 ~ 37748736 / 45469906.
[006501.90]  01-26 16:48  CatalogMesh                  INFO     Painted 37748736 out of 45469906 objects to mesh.
[006501.91]  01-26 16:48  CatalogMesh                  INFO     Slab 37748736 ~ 41943040 / 45469906.
[006503.10]  01-26 16:48  CatalogMesh                  INFO     Painted 41943040 out of 45469906 objects to mesh.
[006503.10]  01-26 16:48  CatalogMesh                  INFO     Slab 41943040 ~ 46137344 / 45469906.
[006504.12]  01-26 16:48  CatalogMesh                  INFO     Painted 45469906 out of 45469906 objects to mesh.
[006509.62]  01-26 16:48  CatalogFFTPower              INFO     Done painting catalog 1 to mesh.
[006509.63]  01-26 16:48  CatalogFFTPower              INFO     Using 400 k-bins between 0.000 and 0.400.
[006509.63]  01-26 16:48  CatalogFFTPower              INFO     Meshes prepared in elapsed time 48.60 s.
[006509.63]  01-26 16:48  CatalogFFTPower              INFO     Running mesh calculation.
[006526.86]  01-26 16:48  CatalogFFTPower              INFO     Mesh calculations performed in elapsed time 17.23 s.
[006526.86]  01-26 16:48  CatalogFFTPower              INFO     Power spectrum computed in elapsed time 65.83 s.
[006526.86]  01-26 16:48  CatalogFFTPower              INFO     Saving /pscratch/sd/s/shengyu/galaxies/catalogs/Y3/AbacusHF-v2/Boxes/QSO/sn0p950/AbacusSummit_base_c000_ph014/mpspk/pkpoles_QSO_zp0.950_DR2_v1.0+dv_repeat.npy.
[006526.86]  01-26 16:48  compute_2pt                  INFO     Save to /pscratch/sd/s/shengyu/galaxies/catalogs/Y3/AbacusHF-v2/Boxes/QSO/sn0p950/AbacusSummit_base_c000_ph014/mpspk/pkpoles_QSO_zp0.950_DR2_v1.0+dv_repeat.npy
[006526.86]  01-26 16:48  TwoPointCorrelationFunction  INFO     Using estimator <class 'pycorr.twopoint_estimator.NaturalTwoPointEstimator'>.
[006526.86]  01-26 16:48  TwoPointCorrelationFunction  INFO     Running auto-correlation.
[006526.86]  01-26 16:48  TwoPointCorrelationFunction  INFO     Computing two-point counts D1D2.
[006584.98]  01-26 16:49  TwoPointCorrelationFunction  INFO     Analytically computing two-point counts R1R2.
[006584.98]  01-26 16:49  TwoPointCorrelationFunction  INFO     Correlation function computed in elapsed time 58.11 s.
[006584.98]  01-26 16:49  NaturalTwoPointEstimator     INFO     Saving /pscratch/sd/s/shengyu/galaxies/catalogs/Y3/AbacusHF-v2/Boxes/QSO/sn0p950/AbacusSummit_base_c000_ph014/mpspk/mpslog_QSO_zp0.950_DR2_v1.0+dv_repeat.npy.
[006584.98]  01-26 16:49  compute_2pt                  INFO     Save to /pscratch/sd/s/shengyu/galaxies/catalogs/Y3/AbacusHF-v2/Boxes/QSO/sn0p950/AbacusSummit_base_c000_ph014/mpspk/mpslog_QSO_zp0.950_DR2_v1.0+dv_repeat.npy
[006584.98]  01-26 16:49  TwoPointCorrelationFunction  INFO     Using estimator <class 'pycorr.twopoint_estimator.NaturalTwoPointEstimator'>.
[006584.98]  01-26 16:49  TwoPointCorrelationFunction  INFO     Running auto-correlation.
[006584.98]  01-26 16:49  TwoPointCorrelationFunction  INFO     Computing two-point counts D1D2.
[006626.56]  01-26 16:50  TwoPointCorrelationFunction  INFO     Analytically computing two-point counts R1R2.
[006626.57]  01-26 16:50  TwoPointCorrelationFunction  INFO     Correlation function computed in elapsed time 41.58 s.
[006626.57]  01-26 16:50  NaturalTwoPointEstimator     INFO     Saving /pscratch/sd/s/shengyu/galaxies/catalogs/Y3/AbacusHF-v2/Boxes/QSO/sn0p950/AbacusSummit_base_c000_ph014/mpspk/wplog_QSO_zp0.950_DR2_v1.0+dv_repeat.npy.
[006626.57]  01-26 16:50  compute_2pt                  INFO     Save to /pscratch/sd/s/shengyu/galaxies/catalogs/Y3/AbacusHF-v2/Boxes/QSO/sn0p950/AbacusSummit_base_c000_ph014/mpspk/wplog_QSO_zp0.950_DR2_v1.0+dv_repeat.npy
[006626.58]  01-26 16:50  compute_2pt                  INFO     Procceed {'version': 'AbacusHF-v2', 'domain': 'cubic', 'tracer': 'QSO', 'zsnap': 0.95, 'zrange': (0.8, 1.1), 'mock_id': 15, 'use_dv': 'repeat'}
[006626.58]  01-26 16:50  cat_tools                    INFO     Load /pscratch/sd/s/shengyu/galaxies/catalogs/Y3/AbacusHF-v2/Boxes/QSO/sn0p950/AbacusSummit_base_c000_ph015/abacus_HF_QSO_0p950_DR2_v2.0_AbacusSummit_base_c000_ph015_base_clustering.dat.h5
[006626.58]  01-26 16:50  FileStack                    INFO     Reading /pscratch/sd/s/shengyu/galaxies/catalogs/Y3/AbacusHF-v2/Boxes/QSO/sn0p950/AbacusSummit_base_c000_ph015/abacus_HF_QSO_0p950_DR2_v2.0_AbacusSummit_base_c000_ph015_base_clustering.dat.h5.
[006626.58]  01-26 16:50  cat_tools                    INFO     use Z positions shifted in repeat mode
[006628.40]  01-26 16:50  TwoPointCorrelationFunction  INFO     Using estimator <class 'pycorr.twopoint_estimator.NaturalTwoPointEstimator'>.
[006628.40]  01-26 16:50  TwoPointCorrelationFunction  INFO     Running auto-correlation.
[006628.40]  01-26 16:50  TwoPointCorrelationFunction  INFO     Computing two-point counts D1D2.
[006880.20]  01-26 16:54  TwoPointCorrelationFunction  INFO     Analytically computing two-point counts R1R2.
[006880.21]  01-26 16:54  TwoPointCorrelationFunction  INFO     Correlation function computed in elapsed time 251.81 s.
[006880.21]  01-26 16:54  NaturalTwoPointEstimator     INFO     Saving /pscratch/sd/s/shengyu/galaxies/catalogs/Y3/AbacusHF-v2/Boxes/QSO/sn0p950/AbacusSummit_base_c000_ph015/mpspk/xipoles_QSO_zp0.950_DR2_v1.0+dv_repeat.npy.
[006880.23]  01-26 16:54  compute_2pt                  INFO     Save to /pscratch/sd/s/shengyu/galaxies/catalogs/Y3/AbacusHF-v2/Boxes/QSO/sn0p950/AbacusSummit_base_c000_ph015/mpspk/xipoles_QSO_zp0.950_DR2_v1.0+dv_repeat.npy
[006886.39]  01-26 16:54  CatalogFFTPower              INFO     Painting catalog 1 to mesh CatalogMesh(nmesh=[512 512 512], boxsize=[2000. 2000. 2000.], boxcenter=[ 999.99998709  999.99999926 1000.00003512], dtype=float64).
[006886.97]  01-26 16:54  CatalogMesh                  INFO     Slab 0 ~ 4194304 / 45476493.
[006888.09]  01-26 16:54  CatalogMesh                  INFO     Painted 4194304 out of 45476493 objects to mesh.
[006888.10]  01-26 16:54  CatalogMesh                  INFO     Slab 4194304 ~ 8388608 / 45476493.
[006889.18]  01-26 16:55  CatalogMesh                  INFO     Painted 8388608 out of 45476493 objects to mesh.
[006889.19]  01-26 16:55  CatalogMesh                  INFO     Slab 8388608 ~ 12582912 / 45476493.
[006890.28]  01-26 16:55  CatalogMesh                  INFO     Painted 12582912 out of 45476493 objects to mesh.
[006890.28]  01-26 16:55  CatalogMesh                  INFO     Slab 12582912 ~ 16777216 / 45476493.
[006891.36]  01-26 16:55  CatalogMesh                  INFO     Painted 16777216 out of 45476493 objects to mesh.
[006891.36]  01-26 16:55  CatalogMesh                  INFO     Slab 16777216 ~ 20971520 / 45476493.
[006892.44]  01-26 16:55  CatalogMesh                  INFO     Painted 20971520 out of 45476493 objects to mesh.
[006892.44]  01-26 16:55  CatalogMesh                  INFO     Slab 20971520 ~ 25165824 / 45476493.
[006893.52]  01-26 16:55  CatalogMesh                  INFO     Painted 25165824 out of 45476493 objects to mesh.
[006893.52]  01-26 16:55  CatalogMesh                  INFO     Slab 25165824 ~ 29360128 / 45476493.
[006894.60]  01-26 16:55  CatalogMesh                  INFO     Painted 29360128 out of 45476493 objects to mesh.
[006894.61]  01-26 16:55  CatalogMesh                  INFO     Slab 29360128 ~ 33554432 / 45476493.
[006895.71]  01-26 16:55  CatalogMesh                  INFO     Painted 33554432 out of 45476493 objects to mesh.
[006895.72]  01-26 16:55  CatalogMesh                  INFO     Slab 33554432 ~ 37748736 / 45476493.
[006896.93]  01-26 16:55  CatalogMesh                  INFO     Painted 37748736 out of 45476493 objects to mesh.
[006896.94]  01-26 16:55  CatalogMesh                  INFO     Slab 37748736 ~ 41943040 / 45476493.
[006898.17]  01-26 16:55  CatalogMesh                  INFO     Painted 41943040 out of 45476493 objects to mesh.
[006898.17]  01-26 16:55  CatalogMesh                  INFO     Slab 41943040 ~ 46137344 / 45476493.
[006899.20]  01-26 16:55  CatalogMesh                  INFO     Painted 45476493 out of 45476493 objects to mesh.
[006899.20]  01-26 16:55  CatalogMesh                  INFO     Running interlacing at order 3.
[006901.64]  01-26 16:55  CatalogMesh                  INFO     Slab 0 ~ 4194304 / 45476493.
[006902.72]  01-26 16:55  CatalogMesh                  INFO     Painted 4194304 out of 45476493 objects to mesh.
[006902.73]  01-26 16:55  CatalogMesh                  INFO     Slab 4194304 ~ 8388608 / 45476493.
[006903.80]  01-26 16:55  CatalogMesh                  INFO     Painted 8388608 out of 45476493 objects to mesh.
[006903.80]  01-26 16:55  CatalogMesh                  INFO     Slab 8388608 ~ 12582912 / 45476493.
[006904.88]  01-26 16:55  CatalogMesh                  INFO     Painted 12582912 out of 45476493 objects to mesh.
[006904.88]  01-26 16:55  CatalogMesh                  INFO     Slab 12582912 ~ 16777216 / 45476493.
[006905.96]  01-26 16:55  CatalogMesh                  INFO     Painted 16777216 out of 45476493 objects to mesh.
[006905.97]  01-26 16:55  CatalogMesh                  INFO     Slab 16777216 ~ 20971520 / 45476493.
[006907.05]  01-26 16:55  CatalogMesh                  INFO     Painted 20971520 out of 45476493 objects to mesh.
[006907.06]  01-26 16:55  CatalogMesh                  INFO     Slab 20971520 ~ 25165824 / 45476493.
[006908.15]  01-26 16:55  CatalogMesh                  INFO     Painted 25165824 out of 45476493 objects to mesh.
[006908.15]  01-26 16:55  CatalogMesh                  INFO     Slab 25165824 ~ 29360128 / 45476493.
[006909.24]  01-26 16:55  CatalogMesh                  INFO     Painted 29360128 out of 45476493 objects to mesh.
[006909.24]  01-26 16:55  CatalogMesh                  INFO     Slab 29360128 ~ 33554432 / 45476493.
[006910.33]  01-26 16:55  CatalogMesh                  INFO     Painted 33554432 out of 45476493 objects to mesh.
[006910.34]  01-26 16:55  CatalogMesh                  INFO     Slab 33554432 ~ 37748736 / 45476493.
[006911.54]  01-26 16:55  CatalogMesh                  INFO     Painted 37748736 out of 45476493 objects to mesh.
[006911.55]  01-26 16:55  CatalogMesh                  INFO     Slab 37748736 ~ 41943040 / 45476493.
[006912.77]  01-26 16:55  CatalogMesh                  INFO     Painted 41943040 out of 45476493 objects to mesh.
[006912.77]  01-26 16:55  CatalogMesh                  INFO     Slab 41943040 ~ 46137344 / 45476493.
[006913.79]  01-26 16:55  CatalogMesh                  INFO     Painted 45476493 out of 45476493 objects to mesh.
[006917.81]  01-26 16:55  CatalogMesh                  INFO     Slab 0 ~ 4194304 / 45476493.
[006918.90]  01-26 16:55  CatalogMesh                  INFO     Painted 4194304 out of 45476493 objects to mesh.
[006918.90]  01-26 16:55  CatalogMesh                  INFO     Slab 4194304 ~ 8388608 / 45476493.
[006919.98]  01-26 16:55  CatalogMesh                  INFO     Painted 8388608 out of 45476493 objects to mesh.
[006919.99]  01-26 16:55  CatalogMesh                  INFO     Slab 8388608 ~ 12582912 / 45476493.
[006921.08]  01-26 16:55  CatalogMesh                  INFO     Painted 12582912 out of 45476493 objects to mesh.
[006921.08]  01-26 16:55  CatalogMesh                  INFO     Slab 12582912 ~ 16777216 / 45476493.
[006922.16]  01-26 16:55  CatalogMesh                  INFO     Painted 16777216 out of 45476493 objects to mesh.
[006922.17]  01-26 16:55  CatalogMesh                  INFO     Slab 16777216 ~ 20971520 / 45476493.
[006923.24]  01-26 16:55  CatalogMesh                  INFO     Painted 20971520 out of 45476493 objects to mesh.
[006923.25]  01-26 16:55  CatalogMesh                  INFO     Slab 20971520 ~ 25165824 / 45476493.
[006924.32]  01-26 16:55  CatalogMesh                  INFO     Painted 25165824 out of 45476493 objects to mesh.
[006924.32]  01-26 16:55  CatalogMesh                  INFO     Slab 25165824 ~ 29360128 / 45476493.
[006925.40]  01-26 16:55  CatalogMesh                  INFO     Painted 29360128 out of 45476493 objects to mesh.
[006925.40]  01-26 16:55  CatalogMesh                  INFO     Slab 29360128 ~ 33554432 / 45476493.
[006926.50]  01-26 16:55  CatalogMesh                  INFO     Painted 33554432 out of 45476493 objects to mesh.
[006926.50]  01-26 16:55  CatalogMesh                  INFO     Slab 33554432 ~ 37748736 / 45476493.
[006927.71]  01-26 16:55  CatalogMesh                  INFO     Painted 37748736 out of 45476493 objects to mesh.
[006927.71]  01-26 16:55  CatalogMesh                  INFO     Slab 37748736 ~ 41943040 / 45476493.
[006928.92]  01-26 16:55  CatalogMesh                  INFO     Painted 41943040 out of 45476493 objects to mesh.
[006928.93]  01-26 16:55  CatalogMesh                  INFO     Slab 41943040 ~ 46137344 / 45476493.
[006929.94]  01-26 16:55  CatalogMesh                  INFO     Painted 45476493 out of 45476493 objects to mesh.
[006935.55]  01-26 16:55  CatalogFFTPower              INFO     Done painting catalog 1 to mesh.
[006935.55]  01-26 16:55  CatalogFFTPower              INFO     Using 400 k-bins between 0.000 and 0.400.
[006935.56]  01-26 16:55  CatalogFFTPower              INFO     Meshes prepared in elapsed time 49.17 s.
[006935.56]  01-26 16:55  CatalogFFTPower              INFO     Running mesh calculation.
[006953.03]  01-26 16:56  CatalogFFTPower              INFO     Mesh calculations performed in elapsed time 17.47 s.
[006953.03]  01-26 16:56  CatalogFFTPower              INFO     Power spectrum computed in elapsed time 66.64 s.
[006953.03]  01-26 16:56  CatalogFFTPower              INFO     Saving /pscratch/sd/s/shengyu/galaxies/catalogs/Y3/AbacusHF-v2/Boxes/QSO/sn0p950/AbacusSummit_base_c000_ph015/mpspk/pkpoles_QSO_zp0.950_DR2_v1.0+dv_repeat.npy.
[006953.03]  01-26 16:56  compute_2pt                  INFO     Save to /pscratch/sd/s/shengyu/galaxies/catalogs/Y3/AbacusHF-v2/Boxes/QSO/sn0p950/AbacusSummit_base_c000_ph015/mpspk/pkpoles_QSO_zp0.950_DR2_v1.0+dv_repeat.npy
[006953.03]  01-26 16:56  TwoPointCorrelationFunction  INFO     Using estimator <class 'pycorr.twopoint_estimator.NaturalTwoPointEstimator'>.
[006953.03]  01-26 16:56  TwoPointCorrelationFunction  INFO     Running auto-correlation.
[006953.03]  01-26 16:56  TwoPointCorrelationFunction  INFO     Computing two-point counts D1D2.
[007004.54]  01-26 16:56  TwoPointCorrelationFunction  INFO     Analytically computing two-point counts R1R2.
[007004.55]  01-26 16:56  TwoPointCorrelationFunction  INFO     Correlation function computed in elapsed time 51.51 s.
[007004.55]  01-26 16:56  NaturalTwoPointEstimator     INFO     Saving /pscratch/sd/s/shengyu/galaxies/catalogs/Y3/AbacusHF-v2/Boxes/QSO/sn0p950/AbacusSummit_base_c000_ph015/mpspk/mpslog_QSO_zp0.950_DR2_v1.0+dv_repeat.npy.
[007004.55]  01-26 16:56  compute_2pt                  INFO     Save to /pscratch/sd/s/shengyu/galaxies/catalogs/Y3/AbacusHF-v2/Boxes/QSO/sn0p950/AbacusSummit_base_c000_ph015/mpspk/mpslog_QSO_zp0.950_DR2_v1.0+dv_repeat.npy
[007004.55]  01-26 16:56  TwoPointCorrelationFunction  INFO     Using estimator <class 'pycorr.twopoint_estimator.NaturalTwoPointEstimator'>.
[007004.55]  01-26 16:56  TwoPointCorrelationFunction  INFO     Running auto-correlation.
[007004.55]  01-26 16:56  TwoPointCorrelationFunction  INFO     Computing two-point counts D1D2.
[007046.13]  01-26 16:57  TwoPointCorrelationFunction  INFO     Analytically computing two-point counts R1R2.
[007046.13]  01-26 16:57  TwoPointCorrelationFunction  INFO     Correlation function computed in elapsed time 41.58 s.
[007046.13]  01-26 16:57  NaturalTwoPointEstimator     INFO     Saving /pscratch/sd/s/shengyu/galaxies/catalogs/Y3/AbacusHF-v2/Boxes/QSO/sn0p950/AbacusSummit_base_c000_ph015/mpspk/wplog_QSO_zp0.950_DR2_v1.0+dv_repeat.npy.
[007046.14]  01-26 16:57  compute_2pt                  INFO     Save to /pscratch/sd/s/shengyu/galaxies/catalogs/Y3/AbacusHF-v2/Boxes/QSO/sn0p950/AbacusSummit_base_c000_ph015/mpspk/wplog_QSO_zp0.950_DR2_v1.0+dv_repeat.npy
[007046.14]  01-26 16:57  compute_2pt                  INFO     Procceed {'version': 'AbacusHF-v2', 'domain': 'cubic', 'tracer': 'QSO', 'zsnap': 0.95, 'zrange': (0.8, 1.1), 'mock_id': 16, 'use_dv': 'repeat'}
[007046.14]  01-26 16:57  cat_tools                    INFO     Load /pscratch/sd/s/shengyu/galaxies/catalogs/Y3/AbacusHF-v2/Boxes/QSO/sn0p950/AbacusSummit_base_c000_ph016/abacus_HF_QSO_0p950_DR2_v2.0_AbacusSummit_base_c000_ph016_base_clustering.dat.h5
[007046.14]  01-26 16:57  FileStack                    INFO     Reading /pscratch/sd/s/shengyu/galaxies/catalogs/Y3/AbacusHF-v2/Boxes/QSO/sn0p950/AbacusSummit_base_c000_ph016/abacus_HF_QSO_0p950_DR2_v2.0_AbacusSummit_base_c000_ph016_base_clustering.dat.h5.
[007046.14]  01-26 16:57  cat_tools                    INFO     use Z positions shifted in repeat mode
[007047.93]  01-26 16:57  TwoPointCorrelationFunction  INFO     Using estimator <class 'pycorr.twopoint_estimator.NaturalTwoPointEstimator'>.
[007047.93]  01-26 16:57  TwoPointCorrelationFunction  INFO     Running auto-correlation.
[007047.93]  01-26 16:57  TwoPointCorrelationFunction  INFO     Computing two-point counts D1D2.
[007316.59]  01-26 17:02  TwoPointCorrelationFunction  INFO     Analytically computing two-point counts R1R2.
[007316.59]  01-26 17:02  TwoPointCorrelationFunction  INFO     Correlation function computed in elapsed time 268.67 s.
[007316.59]  01-26 17:02  NaturalTwoPointEstimator     INFO     Saving /pscratch/sd/s/shengyu/galaxies/catalogs/Y3/AbacusHF-v2/Boxes/QSO/sn0p950/AbacusSummit_base_c000_ph016/mpspk/xipoles_QSO_zp0.950_DR2_v1.0+dv_repeat.npy.
[007316.60]  01-26 17:02  compute_2pt                  INFO     Save to /pscratch/sd/s/shengyu/galaxies/catalogs/Y3/AbacusHF-v2/Boxes/QSO/sn0p950/AbacusSummit_base_c000_ph016/mpspk/xipoles_QSO_zp0.950_DR2_v1.0+dv_repeat.npy
[007322.74]  01-26 17:02  CatalogFFTPower              INFO     Painting catalog 1 to mesh CatalogMesh(nmesh=[512 512 512], boxsize=[2000. 2000. 2000.], boxcenter=[ 999.99998302  999.99998994 1000.00000888], dtype=float64).
[007323.32]  01-26 17:02  CatalogMesh                  INFO     Slab 0 ~ 4194304 / 45478493.
[007324.41]  01-26 17:02  CatalogMesh                  INFO     Painted 4194304 out of 45478493 objects to mesh.
[007324.41]  01-26 17:02  CatalogMesh                  INFO     Slab 4194304 ~ 8388608 / 45478493.
[007325.49]  01-26 17:02  CatalogMesh                  INFO     Painted 8388608 out of 45478493 objects to mesh.
[007325.49]  01-26 17:02  CatalogMesh                  INFO     Slab 8388608 ~ 12582912 / 45478493.
[007326.56]  01-26 17:02  CatalogMesh                  INFO     Painted 12582912 out of 45478493 objects to mesh.
[007326.56]  01-26 17:02  CatalogMesh                  INFO     Slab 12582912 ~ 16777216 / 45478493.
[007327.64]  01-26 17:02  CatalogMesh                  INFO     Painted 16777216 out of 45478493 objects to mesh.
[007327.64]  01-26 17:02  CatalogMesh                  INFO     Slab 16777216 ~ 20971520 / 45478493.
[007328.71]  01-26 17:02  CatalogMesh                  INFO     Painted 20971520 out of 45478493 objects to mesh.
[007328.71]  01-26 17:02  CatalogMesh                  INFO     Slab 20971520 ~ 25165824 / 45478493.
[007329.79]  01-26 17:02  CatalogMesh                  INFO     Painted 25165824 out of 45478493 objects to mesh.
[007329.79]  01-26 17:02  CatalogMesh                  INFO     Slab 25165824 ~ 29360128 / 45478493.
[007330.86]  01-26 17:02  CatalogMesh                  INFO     Painted 29360128 out of 45478493 objects to mesh.
[007330.86]  01-26 17:02  CatalogMesh                  INFO     Slab 29360128 ~ 33554432 / 45478493.
[007331.96]  01-26 17:02  CatalogMesh                  INFO     Painted 33554432 out of 45478493 objects to mesh.
[007331.96]  01-26 17:02  CatalogMesh                  INFO     Slab 33554432 ~ 37748736 / 45478493.
[007333.16]  01-26 17:02  CatalogMesh                  INFO     Painted 37748736 out of 45478493 objects to mesh.
[007333.17]  01-26 17:02  CatalogMesh                  INFO     Slab 37748736 ~ 41943040 / 45478493.
[007334.37]  01-26 17:02  CatalogMesh                  INFO     Painted 41943040 out of 45478493 objects to mesh.
[007334.37]  01-26 17:02  CatalogMesh                  INFO     Slab 41943040 ~ 46137344 / 45478493.
[007335.40]  01-26 17:02  CatalogMesh                  INFO     Painted 45478493 out of 45478493 objects to mesh.
[007335.41]  01-26 17:02  CatalogMesh                  INFO     Running interlacing at order 3.
[007337.84]  01-26 17:02  CatalogMesh                  INFO     Slab 0 ~ 4194304 / 45478493.
[007338.92]  01-26 17:02  CatalogMesh                  INFO     Painted 4194304 out of 45478493 objects to mesh.
[007338.92]  01-26 17:02  CatalogMesh                  INFO     Slab 4194304 ~ 8388608 / 45478493.
[007340.00]  01-26 17:02  CatalogMesh                  INFO     Painted 8388608 out of 45478493 objects to mesh.
[007340.00]  01-26 17:02  CatalogMesh                  INFO     Slab 8388608 ~ 12582912 / 45478493.
[007341.07]  01-26 17:02  CatalogMesh                  INFO     Painted 12582912 out of 45478493 objects to mesh.
[007341.07]  01-26 17:02  CatalogMesh                  INFO     Slab 12582912 ~ 16777216 / 45478493.
[007342.15]  01-26 17:02  CatalogMesh                  INFO     Painted 16777216 out of 45478493 objects to mesh.
[007342.15]  01-26 17:02  CatalogMesh                  INFO     Slab 16777216 ~ 20971520 / 45478493.
[007343.22]  01-26 17:02  CatalogMesh                  INFO     Painted 20971520 out of 45478493 objects to mesh.
[007343.22]  01-26 17:02  CatalogMesh                  INFO     Slab 20971520 ~ 25165824 / 45478493.
[007344.30]  01-26 17:02  CatalogMesh                  INFO     Painted 25165824 out of 45478493 objects to mesh.
[007344.30]  01-26 17:02  CatalogMesh                  INFO     Slab 25165824 ~ 29360128 / 45478493.
[007345.37]  01-26 17:02  CatalogMesh                  INFO     Painted 29360128 out of 45478493 objects to mesh.
[007345.37]  01-26 17:02  CatalogMesh                  INFO     Slab 29360128 ~ 33554432 / 45478493.
[007346.47]  01-26 17:02  CatalogMesh                  INFO     Painted 33554432 out of 45478493 objects to mesh.
[007346.47]  01-26 17:02  CatalogMesh                  INFO     Slab 33554432 ~ 37748736 / 45478493.
[007347.68]  01-26 17:02  CatalogMesh                  INFO     Painted 37748736 out of 45478493 objects to mesh.
[007347.68]  01-26 17:02  CatalogMesh                  INFO     Slab 37748736 ~ 41943040 / 45478493.
[007348.88]  01-26 17:02  CatalogMesh                  INFO     Painted 41943040 out of 45478493 objects to mesh.
[007348.88]  01-26 17:02  CatalogMesh                  INFO     Slab 41943040 ~ 46137344 / 45478493.
[007349.90]  01-26 17:02  CatalogMesh                  INFO     Painted 45478493 out of 45478493 objects to mesh.
[007353.89]  01-26 17:02  CatalogMesh                  INFO     Slab 0 ~ 4194304 / 45478493.
[007354.96]  01-26 17:02  CatalogMesh                  INFO     Painted 4194304 out of 45478493 objects to mesh.
[007354.96]  01-26 17:02  CatalogMesh                  INFO     Slab 4194304 ~ 8388608 / 45478493.
[007356.06]  01-26 17:02  CatalogMesh                  INFO     Painted 8388608 out of 45478493 objects to mesh.
[007356.06]  01-26 17:02  CatalogMesh                  INFO     Slab 8388608 ~ 12582912 / 45478493.
[007357.14]  01-26 17:02  CatalogMesh                  INFO     Painted 12582912 out of 45478493 objects to mesh.
[007357.14]  01-26 17:02  CatalogMesh                  INFO     Slab 12582912 ~ 16777216 / 45478493.
[007358.22]  01-26 17:02  CatalogMesh                  INFO     Painted 16777216 out of 45478493 objects to mesh.
[007358.22]  01-26 17:02  CatalogMesh                  INFO     Slab 16777216 ~ 20971520 / 45478493.
[007359.30]  01-26 17:02  CatalogMesh                  INFO     Painted 20971520 out of 45478493 objects to mesh.
[007359.30]  01-26 17:02  CatalogMesh                  INFO     Slab 20971520 ~ 25165824 / 45478493.
[007360.38]  01-26 17:02  CatalogMesh                  INFO     Painted 25165824 out of 45478493 objects to mesh.
[007360.38]  01-26 17:02  CatalogMesh                  INFO     Slab 25165824 ~ 29360128 / 45478493.
[007361.46]  01-26 17:02  CatalogMesh                  INFO     Painted 29360128 out of 45478493 objects to mesh.
[007361.46]  01-26 17:02  CatalogMesh                  INFO     Slab 29360128 ~ 33554432 / 45478493.
[007362.55]  01-26 17:02  CatalogMesh                  INFO     Painted 33554432 out of 45478493 objects to mesh.
[007362.56]  01-26 17:02  CatalogMesh                  INFO     Slab 33554432 ~ 37748736 / 45478493.
[007363.76]  01-26 17:02  CatalogMesh                  INFO     Painted 37748736 out of 45478493 objects to mesh.
[007363.76]  01-26 17:02  CatalogMesh                  INFO     Slab 37748736 ~ 41943040 / 45478493.
[007364.96]  01-26 17:02  CatalogMesh                  INFO     Painted 41943040 out of 45478493 objects to mesh.
[007364.96]  01-26 17:02  CatalogMesh                  INFO     Slab 41943040 ~ 46137344 / 45478493.
[007365.98]  01-26 17:02  CatalogMesh                  INFO     Painted 45478493 out of 45478493 objects to mesh.
[007371.55]  01-26 17:03  CatalogFFTPower              INFO     Done painting catalog 1 to mesh.
[007371.55]  01-26 17:03  CatalogFFTPower              INFO     Using 400 k-bins between 0.000 and 0.400.
[007371.56]  01-26 17:03  CatalogFFTPower              INFO     Meshes prepared in elapsed time 48.82 s.
[007371.56]  01-26 17:03  CatalogFFTPower              INFO     Running mesh calculation.
[007388.97]  01-26 17:03  CatalogFFTPower              INFO     Mesh calculations performed in elapsed time 17.41 s.
[007388.97]  01-26 17:03  CatalogFFTPower              INFO     Power spectrum computed in elapsed time 66.23 s.
[007388.97]  01-26 17:03  CatalogFFTPower              INFO     Saving /pscratch/sd/s/shengyu/galaxies/catalogs/Y3/AbacusHF-v2/Boxes/QSO/sn0p950/AbacusSummit_base_c000_ph016/mpspk/pkpoles_QSO_zp0.950_DR2_v1.0+dv_repeat.npy.
[007388.97]  01-26 17:03  compute_2pt                  INFO     Save to /pscratch/sd/s/shengyu/galaxies/catalogs/Y3/AbacusHF-v2/Boxes/QSO/sn0p950/AbacusSummit_base_c000_ph016/mpspk/pkpoles_QSO_zp0.950_DR2_v1.0+dv_repeat.npy
[007388.97]  01-26 17:03  TwoPointCorrelationFunction  INFO     Using estimator <class 'pycorr.twopoint_estimator.NaturalTwoPointEstimator'>.
[007388.97]  01-26 17:03  TwoPointCorrelationFunction  INFO     Running auto-correlation.
[007388.97]  01-26 17:03  TwoPointCorrelationFunction  INFO     Computing two-point counts D1D2.
[007445.30]  01-26 17:04  TwoPointCorrelationFunction  INFO     Analytically computing two-point counts R1R2.
[007445.30]  01-26 17:04  TwoPointCorrelationFunction  INFO     Correlation function computed in elapsed time 56.33 s.
[007445.30]  01-26 17:04  NaturalTwoPointEstimator     INFO     Saving /pscratch/sd/s/shengyu/galaxies/catalogs/Y3/AbacusHF-v2/Boxes/QSO/sn0p950/AbacusSummit_base_c000_ph016/mpspk/mpslog_QSO_zp0.950_DR2_v1.0+dv_repeat.npy.
[007445.30]  01-26 17:04  compute_2pt                  INFO     Save to /pscratch/sd/s/shengyu/galaxies/catalogs/Y3/AbacusHF-v2/Boxes/QSO/sn0p950/AbacusSummit_base_c000_ph016/mpspk/mpslog_QSO_zp0.950_DR2_v1.0+dv_repeat.npy
[007445.31]  01-26 17:04  TwoPointCorrelationFunction  INFO     Using estimator <class 'pycorr.twopoint_estimator.NaturalTwoPointEstimator'>.
[007445.31]  01-26 17:04  TwoPointCorrelationFunction  INFO     Running auto-correlation.
[007445.31]  01-26 17:04  TwoPointCorrelationFunction  INFO     Computing two-point counts D1D2.
[007487.22]  01-26 17:04  TwoPointCorrelationFunction  INFO     Analytically computing two-point counts R1R2.
[007487.22]  01-26 17:04  TwoPointCorrelationFunction  INFO     Correlation function computed in elapsed time 41.91 s.
[007487.22]  01-26 17:04  NaturalTwoPointEstimator     INFO     Saving /pscratch/sd/s/shengyu/galaxies/catalogs/Y3/AbacusHF-v2/Boxes/QSO/sn0p950/AbacusSummit_base_c000_ph016/mpspk/wplog_QSO_zp0.950_DR2_v1.0+dv_repeat.npy.
[007487.22]  01-26 17:04  compute_2pt                  INFO     Save to /pscratch/sd/s/shengyu/galaxies/catalogs/Y3/AbacusHF-v2/Boxes/QSO/sn0p950/AbacusSummit_base_c000_ph016/mpspk/wplog_QSO_zp0.950_DR2_v1.0+dv_repeat.npy
[007487.23]  01-26 17:04  compute_2pt                  INFO     Procceed {'version': 'AbacusHF-v2', 'domain': 'cubic', 'tracer': 'QSO', 'zsnap': 0.95, 'zrange': (0.8, 1.1), 'mock_id': 17, 'use_dv': 'repeat'}
[007487.23]  01-26 17:04  cat_tools                    INFO     Load /pscratch/sd/s/shengyu/galaxies/catalogs/Y3/AbacusHF-v2/Boxes/QSO/sn0p950/AbacusSummit_base_c000_ph017/abacus_HF_QSO_0p950_DR2_v2.0_AbacusSummit_base_c000_ph017_base_clustering.dat.h5
[007487.23]  01-26 17:04  FileStack                    INFO     Reading /pscratch/sd/s/shengyu/galaxies/catalogs/Y3/AbacusHF-v2/Boxes/QSO/sn0p950/AbacusSummit_base_c000_ph017/abacus_HF_QSO_0p950_DR2_v2.0_AbacusSummit_base_c000_ph017_base_clustering.dat.h5.
[007487.23]  01-26 17:04  cat_tools                    INFO     use Z positions shifted in repeat mode
[007489.02]  01-26 17:05  TwoPointCorrelationFunction  INFO     Using estimator <class 'pycorr.twopoint_estimator.NaturalTwoPointEstimator'>.
[007489.02]  01-26 17:05  TwoPointCorrelationFunction  INFO     Running auto-correlation.
[007489.02]  01-26 17:05  TwoPointCorrelationFunction  INFO     Computing two-point counts D1D2.
[007751.87]  01-26 17:09  TwoPointCorrelationFunction  INFO     Analytically computing two-point counts R1R2.
[007751.87]  01-26 17:09  TwoPointCorrelationFunction  INFO     Correlation function computed in elapsed time 262.86 s.
[007751.87]  01-26 17:09  NaturalTwoPointEstimator     INFO     Saving /pscratch/sd/s/shengyu/galaxies/catalogs/Y3/AbacusHF-v2/Boxes/QSO/sn0p950/AbacusSummit_base_c000_ph017/mpspk/xipoles_QSO_zp0.950_DR2_v1.0+dv_repeat.npy.
[007751.88]  01-26 17:09  compute_2pt                  INFO     Save to /pscratch/sd/s/shengyu/galaxies/catalogs/Y3/AbacusHF-v2/Boxes/QSO/sn0p950/AbacusSummit_base_c000_ph017/mpspk/xipoles_QSO_zp0.950_DR2_v1.0+dv_repeat.npy
[007758.03]  01-26 17:09  CatalogFFTPower              INFO     Painting catalog 1 to mesh CatalogMesh(nmesh=[512 512 512], boxsize=[2000. 2000. 2000.], boxcenter=[1000.0000125   999.99994256  999.99998787], dtype=float64).
[007758.61]  01-26 17:09  CatalogMesh                  INFO     Slab 0 ~ 4194304 / 45495773.
[007759.71]  01-26 17:09  CatalogMesh                  INFO     Painted 4194304 out of 45495773 objects to mesh.
[007759.71]  01-26 17:09  CatalogMesh                  INFO     Slab 4194304 ~ 8388608 / 45495773.
[007760.79]  01-26 17:09  CatalogMesh                  INFO     Painted 8388608 out of 45495773 objects to mesh.
[007760.79]  01-26 17:09  CatalogMesh                  INFO     Slab 8388608 ~ 12582912 / 45495773.
[007761.87]  01-26 17:09  CatalogMesh                  INFO     Painted 12582912 out of 45495773 objects to mesh.
[007761.87]  01-26 17:09  CatalogMesh                  INFO     Slab 12582912 ~ 16777216 / 45495773.
[007762.95]  01-26 17:09  CatalogMesh                  INFO     Painted 16777216 out of 45495773 objects to mesh.
[007762.95]  01-26 17:09  CatalogMesh                  INFO     Slab 16777216 ~ 20971520 / 45495773.
[007764.03]  01-26 17:09  CatalogMesh                  INFO     Painted 20971520 out of 45495773 objects to mesh.
[007764.03]  01-26 17:09  CatalogMesh                  INFO     Slab 20971520 ~ 25165824 / 45495773.
[007765.10]  01-26 17:09  CatalogMesh                  INFO     Painted 25165824 out of 45495773 objects to mesh.
[007765.10]  01-26 17:09  CatalogMesh                  INFO     Slab 25165824 ~ 29360128 / 45495773.
[007766.17]  01-26 17:09  CatalogMesh                  INFO     Painted 29360128 out of 45495773 objects to mesh.
[007766.17]  01-26 17:09  CatalogMesh                  INFO     Slab 29360128 ~ 33554432 / 45495773.
[007767.27]  01-26 17:09  CatalogMesh                  INFO     Painted 33554432 out of 45495773 objects to mesh.
[007767.27]  01-26 17:09  CatalogMesh                  INFO     Slab 33554432 ~ 37748736 / 45495773.
[007768.47]  01-26 17:09  CatalogMesh                  INFO     Painted 37748736 out of 45495773 objects to mesh.
[007768.47]  01-26 17:09  CatalogMesh                  INFO     Slab 37748736 ~ 41943040 / 45495773.
[007769.68]  01-26 17:09  CatalogMesh                  INFO     Painted 41943040 out of 45495773 objects to mesh.
[007769.68]  01-26 17:09  CatalogMesh                  INFO     Slab 41943040 ~ 46137344 / 45495773.
[007770.71]  01-26 17:09  CatalogMesh                  INFO     Painted 45495773 out of 45495773 objects to mesh.
[007770.71]  01-26 17:09  CatalogMesh                  INFO     Running interlacing at order 3.
[007773.15]  01-26 17:09  CatalogMesh                  INFO     Slab 0 ~ 4194304 / 45495773.
[007774.23]  01-26 17:09  CatalogMesh                  INFO     Painted 4194304 out of 45495773 objects to mesh.
[007774.23]  01-26 17:09  CatalogMesh                  INFO     Slab 4194304 ~ 8388608 / 45495773.
[007775.31]  01-26 17:09  CatalogMesh                  INFO     Painted 8388608 out of 45495773 objects to mesh.
[007775.31]  01-26 17:09  CatalogMesh                  INFO     Slab 8388608 ~ 12582912 / 45495773.
[007776.39]  01-26 17:09  CatalogMesh                  INFO     Painted 12582912 out of 45495773 objects to mesh.
[007776.39]  01-26 17:09  CatalogMesh                  INFO     Slab 12582912 ~ 16777216 / 45495773.
[007777.47]  01-26 17:09  CatalogMesh                  INFO     Painted 16777216 out of 45495773 objects to mesh.
[007777.47]  01-26 17:09  CatalogMesh                  INFO     Slab 16777216 ~ 20971520 / 45495773.
[007778.55]  01-26 17:09  CatalogMesh                  INFO     Painted 20971520 out of 45495773 objects to mesh.
[007778.55]  01-26 17:09  CatalogMesh                  INFO     Slab 20971520 ~ 25165824 / 45495773.
[007779.63]  01-26 17:09  CatalogMesh                  INFO     Painted 25165824 out of 45495773 objects to mesh.
[007779.63]  01-26 17:09  CatalogMesh                  INFO     Slab 25165824 ~ 29360128 / 45495773.
[007780.70]  01-26 17:09  CatalogMesh                  INFO     Painted 29360128 out of 45495773 objects to mesh.
[007780.71]  01-26 17:09  CatalogMesh                  INFO     Slab 29360128 ~ 33554432 / 45495773.
[007781.81]  01-26 17:09  CatalogMesh                  INFO     Painted 33554432 out of 45495773 objects to mesh.
[007781.81]  01-26 17:09  CatalogMesh                  INFO     Slab 33554432 ~ 37748736 / 45495773.
[007783.02]  01-26 17:09  CatalogMesh                  INFO     Painted 37748736 out of 45495773 objects to mesh.
[007783.02]  01-26 17:09  CatalogMesh                  INFO     Slab 37748736 ~ 41943040 / 45495773.
[007784.22]  01-26 17:09  CatalogMesh                  INFO     Painted 41943040 out of 45495773 objects to mesh.
[007784.22]  01-26 17:09  CatalogMesh                  INFO     Slab 41943040 ~ 46137344 / 45495773.
[007785.25]  01-26 17:09  CatalogMesh                  INFO     Painted 45495773 out of 45495773 objects to mesh.
[007789.25]  01-26 17:10  CatalogMesh                  INFO     Slab 0 ~ 4194304 / 45495773.
[007790.33]  01-26 17:10  CatalogMesh                  INFO     Painted 4194304 out of 45495773 objects to mesh.
[007790.33]  01-26 17:10  CatalogMesh                  INFO     Slab 4194304 ~ 8388608 / 45495773.
[007791.41]  01-26 17:10  CatalogMesh                  INFO     Painted 8388608 out of 45495773 objects to mesh.
[007791.41]  01-26 17:10  CatalogMesh                  INFO     Slab 8388608 ~ 12582912 / 45495773.
[007792.49]  01-26 17:10  CatalogMesh                  INFO     Painted 12582912 out of 45495773 objects to mesh.
[007792.49]  01-26 17:10  CatalogMesh                  INFO     Slab 12582912 ~ 16777216 / 45495773.
[007793.58]  01-26 17:10  CatalogMesh                  INFO     Painted 16777216 out of 45495773 objects to mesh.
[007793.58]  01-26 17:10  CatalogMesh                  INFO     Slab 16777216 ~ 20971520 / 45495773.
[007794.65]  01-26 17:10  CatalogMesh                  INFO     Painted 20971520 out of 45495773 objects to mesh.
[007794.66]  01-26 17:10  CatalogMesh                  INFO     Slab 20971520 ~ 25165824 / 45495773.
[007795.73]  01-26 17:10  CatalogMesh                  INFO     Painted 25165824 out of 45495773 objects to mesh.
[007795.73]  01-26 17:10  CatalogMesh                  INFO     Slab 25165824 ~ 29360128 / 45495773.
[007796.81]  01-26 17:10  CatalogMesh                  INFO     Painted 29360128 out of 45495773 objects to mesh.
[007796.81]  01-26 17:10  CatalogMesh                  INFO     Slab 29360128 ~ 33554432 / 45495773.
[007797.91]  01-26 17:10  CatalogMesh                  INFO     Painted 33554432 out of 45495773 objects to mesh.
[007797.91]  01-26 17:10  CatalogMesh                  INFO     Slab 33554432 ~ 37748736 / 45495773.
[007799.11]  01-26 17:10  CatalogMesh                  INFO     Painted 37748736 out of 45495773 objects to mesh.
[007799.11]  01-26 17:10  CatalogMesh                  INFO     Slab 37748736 ~ 41943040 / 45495773.
[007800.32]  01-26 17:10  CatalogMesh                  INFO     Painted 41943040 out of 45495773 objects to mesh.
[007800.32]  01-26 17:10  CatalogMesh                  INFO     Slab 41943040 ~ 46137344 / 45495773.
[007801.35]  01-26 17:10  CatalogMesh                  INFO     Painted 45495773 out of 45495773 objects to mesh.
[007807.02]  01-26 17:10  CatalogFFTPower              INFO     Done painting catalog 1 to mesh.
[007807.02]  01-26 17:10  CatalogFFTPower              INFO     Using 400 k-bins between 0.000 and 0.400.
[007807.02]  01-26 17:10  CatalogFFTPower              INFO     Meshes prepared in elapsed time 48.99 s.
[007807.02]  01-26 17:10  CatalogFFTPower              INFO     Running mesh calculation.
[007824.48]  01-26 17:10  CatalogFFTPower              INFO     Mesh calculations performed in elapsed time 17.46 s.
[007824.48]  01-26 17:10  CatalogFFTPower              INFO     Power spectrum computed in elapsed time 66.45 s.
[007824.48]  01-26 17:10  CatalogFFTPower              INFO     Saving /pscratch/sd/s/shengyu/galaxies/catalogs/Y3/AbacusHF-v2/Boxes/QSO/sn0p950/AbacusSummit_base_c000_ph017/mpspk/pkpoles_QSO_zp0.950_DR2_v1.0+dv_repeat.npy.
[007824.49]  01-26 17:10  compute_2pt                  INFO     Save to /pscratch/sd/s/shengyu/galaxies/catalogs/Y3/AbacusHF-v2/Boxes/QSO/sn0p950/AbacusSummit_base_c000_ph017/mpspk/pkpoles_QSO_zp0.950_DR2_v1.0+dv_repeat.npy
[007824.49]  01-26 17:10  TwoPointCorrelationFunction  INFO     Using estimator <class 'pycorr.twopoint_estimator.NaturalTwoPointEstimator'>.
[007824.49]  01-26 17:10  TwoPointCorrelationFunction  INFO     Running auto-correlation.
[007824.49]  01-26 17:10  TwoPointCorrelationFunction  INFO     Computing two-point counts D1D2.
[007884.25]  01-26 17:11  TwoPointCorrelationFunction  INFO     Analytically computing two-point counts R1R2.
[007884.25]  01-26 17:11  TwoPointCorrelationFunction  INFO     Correlation function computed in elapsed time 59.76 s.
[007884.25]  01-26 17:11  NaturalTwoPointEstimator     INFO     Saving /pscratch/sd/s/shengyu/galaxies/catalogs/Y3/AbacusHF-v2/Boxes/QSO/sn0p950/AbacusSummit_base_c000_ph017/mpspk/mpslog_QSO_zp0.950_DR2_v1.0+dv_repeat.npy.
[007884.25]  01-26 17:11  compute_2pt                  INFO     Save to /pscratch/sd/s/shengyu/galaxies/catalogs/Y3/AbacusHF-v2/Boxes/QSO/sn0p950/AbacusSummit_base_c000_ph017/mpspk/mpslog_QSO_zp0.950_DR2_v1.0+dv_repeat.npy
[007884.25]  01-26 17:11  TwoPointCorrelationFunction  INFO     Using estimator <class 'pycorr.twopoint_estimator.NaturalTwoPointEstimator'>.
[007884.25]  01-26 17:11  TwoPointCorrelationFunction  INFO     Running auto-correlation.
[007884.25]  01-26 17:11  TwoPointCorrelationFunction  INFO     Computing two-point counts D1D2.
[007926.25]  01-26 17:12  TwoPointCorrelationFunction  INFO     Analytically computing two-point counts R1R2.
[007926.25]  01-26 17:12  TwoPointCorrelationFunction  INFO     Correlation function computed in elapsed time 42.00 s.
[007926.25]  01-26 17:12  NaturalTwoPointEstimator     INFO     Saving /pscratch/sd/s/shengyu/galaxies/catalogs/Y3/AbacusHF-v2/Boxes/QSO/sn0p950/AbacusSummit_base_c000_ph017/mpspk/wplog_QSO_zp0.950_DR2_v1.0+dv_repeat.npy.
[007926.25]  01-26 17:12  compute_2pt                  INFO     Save to /pscratch/sd/s/shengyu/galaxies/catalogs/Y3/AbacusHF-v2/Boxes/QSO/sn0p950/AbacusSummit_base_c000_ph017/mpspk/wplog_QSO_zp0.950_DR2_v1.0+dv_repeat.npy
[007926.25]  01-26 17:12  compute_2pt                  INFO     Procceed {'version': 'AbacusHF-v2', 'domain': 'cubic', 'tracer': 'QSO', 'zsnap': 0.95, 'zrange': (0.8, 1.1), 'mock_id': 18, 'use_dv': 'repeat'}
[007926.26]  01-26 17:12  cat_tools                    INFO     Load /pscratch/sd/s/shengyu/galaxies/catalogs/Y3/AbacusHF-v2/Boxes/QSO/sn0p950/AbacusSummit_base_c000_ph018/abacus_HF_QSO_0p950_DR2_v2.0_AbacusSummit_base_c000_ph018_base_clustering.dat.h5
[007926.26]  01-26 17:12  FileStack                    INFO     Reading /pscratch/sd/s/shengyu/galaxies/catalogs/Y3/AbacusHF-v2/Boxes/QSO/sn0p950/AbacusSummit_base_c000_ph018/abacus_HF_QSO_0p950_DR2_v2.0_AbacusSummit_base_c000_ph018_base_clustering.dat.h5.
[007926.26]  01-26 17:12  cat_tools                    INFO     use Z positions shifted in repeat mode
[007928.03]  01-26 17:12  TwoPointCorrelationFunction  INFO     Using estimator <class 'pycorr.twopoint_estimator.NaturalTwoPointEstimator'>.
[007928.03]  01-26 17:12  TwoPointCorrelationFunction  INFO     Running auto-correlation.
[007928.03]  01-26 17:12  TwoPointCorrelationFunction  INFO     Computing two-point counts D1D2.
[008186.74]  01-26 17:16  TwoPointCorrelationFunction  INFO     Analytically computing two-point counts R1R2.
[008186.74]  01-26 17:16  TwoPointCorrelationFunction  INFO     Correlation function computed in elapsed time 258.71 s.
[008186.74]  01-26 17:16  NaturalTwoPointEstimator     INFO     Saving /pscratch/sd/s/shengyu/galaxies/catalogs/Y3/AbacusHF-v2/Boxes/QSO/sn0p950/AbacusSummit_base_c000_ph018/mpspk/xipoles_QSO_zp0.950_DR2_v1.0+dv_repeat.npy.
[008186.75]  01-26 17:16  compute_2pt                  INFO     Save to /pscratch/sd/s/shengyu/galaxies/catalogs/Y3/AbacusHF-v2/Boxes/QSO/sn0p950/AbacusSummit_base_c000_ph018/mpspk/xipoles_QSO_zp0.950_DR2_v1.0+dv_repeat.npy
[008193.14]  01-26 17:16  CatalogFFTPower              INFO     Painting catalog 1 to mesh CatalogMesh(nmesh=[512 512 512], boxsize=[2000. 2000. 2000.], boxcenter=[ 999.99999013  999.99999411 1000.00001295], dtype=float64).
[008193.72]  01-26 17:16  CatalogMesh                  INFO     Slab 0 ~ 4194304 / 45532026.
[008194.82]  01-26 17:16  CatalogMesh                  INFO     Painted 4194304 out of 45532026 objects to mesh.
[008194.82]  01-26 17:16  CatalogMesh                  INFO     Slab 4194304 ~ 8388608 / 45532026.
[008195.90]  01-26 17:16  CatalogMesh                  INFO     Painted 8388608 out of 45532026 objects to mesh.
[008195.90]  01-26 17:16  CatalogMesh                  INFO     Slab 8388608 ~ 12582912 / 45532026.
[008196.98]  01-26 17:16  CatalogMesh                  INFO     Painted 12582912 out of 45532026 objects to mesh.
[008196.98]  01-26 17:16  CatalogMesh                  INFO     Slab 12582912 ~ 16777216 / 45532026.
[008198.06]  01-26 17:16  CatalogMesh                  INFO     Painted 16777216 out of 45532026 objects to mesh.
[008198.07]  01-26 17:16  CatalogMesh                  INFO     Slab 16777216 ~ 20971520 / 45532026.
[008199.14]  01-26 17:16  CatalogMesh                  INFO     Painted 20971520 out of 45532026 objects to mesh.
[008199.14]  01-26 17:16  CatalogMesh                  INFO     Slab 20971520 ~ 25165824 / 45532026.
[008200.22]  01-26 17:16  CatalogMesh                  INFO     Painted 25165824 out of 45532026 objects to mesh.
[008200.22]  01-26 17:16  CatalogMesh                  INFO     Slab 25165824 ~ 29360128 / 45532026.
[008201.30]  01-26 17:16  CatalogMesh                  INFO     Painted 29360128 out of 45532026 objects to mesh.
[008201.30]  01-26 17:16  CatalogMesh                  INFO     Slab 29360128 ~ 33554432 / 45532026.
[008202.39]  01-26 17:16  CatalogMesh                  INFO     Painted 33554432 out of 45532026 objects to mesh.
[008202.39]  01-26 17:16  CatalogMesh                  INFO     Slab 33554432 ~ 37748736 / 45532026.
[008203.60]  01-26 17:16  CatalogMesh                  INFO     Painted 37748736 out of 45532026 objects to mesh.
[008203.60]  01-26 17:16  CatalogMesh                  INFO     Slab 37748736 ~ 41943040 / 45532026.
[008204.80]  01-26 17:16  CatalogMesh                  INFO     Painted 41943040 out of 45532026 objects to mesh.
[008204.80]  01-26 17:16  CatalogMesh                  INFO     Slab 41943040 ~ 46137344 / 45532026.
[008205.84]  01-26 17:16  CatalogMesh                  INFO     Painted 45532026 out of 45532026 objects to mesh.
[008205.84]  01-26 17:16  CatalogMesh                  INFO     Running interlacing at order 3.
[008208.27]  01-26 17:16  CatalogMesh                  INFO     Slab 0 ~ 4194304 / 45532026.
[008209.35]  01-26 17:17  CatalogMesh                  INFO     Painted 4194304 out of 45532026 objects to mesh.
[008209.35]  01-26 17:17  CatalogMesh                  INFO     Slab 4194304 ~ 8388608 / 45532026.
[008210.43]  01-26 17:17  CatalogMesh                  INFO     Painted 8388608 out of 45532026 objects to mesh.
[008210.43]  01-26 17:17  CatalogMesh                  INFO     Slab 8388608 ~ 12582912 / 45532026.
[008211.51]  01-26 17:17  CatalogMesh                  INFO     Painted 12582912 out of 45532026 objects to mesh.
[008211.51]  01-26 17:17  CatalogMesh                  INFO     Slab 12582912 ~ 16777216 / 45532026.
[008212.59]  01-26 17:17  CatalogMesh                  INFO     Painted 16777216 out of 45532026 objects to mesh.
[008212.59]  01-26 17:17  CatalogMesh                  INFO     Slab 16777216 ~ 20971520 / 45532026.
[008213.67]  01-26 17:17  CatalogMesh                  INFO     Painted 20971520 out of 45532026 objects to mesh.
[008213.67]  01-26 17:17  CatalogMesh                  INFO     Slab 20971520 ~ 25165824 / 45532026.
[008214.75]  01-26 17:17  CatalogMesh                  INFO     Painted 25165824 out of 45532026 objects to mesh.
[008214.75]  01-26 17:17  CatalogMesh                  INFO     Slab 25165824 ~ 29360128 / 45532026.
[008215.83]  01-26 17:17  CatalogMesh                  INFO     Painted 29360128 out of 45532026 objects to mesh.
[008215.83]  01-26 17:17  CatalogMesh                  INFO     Slab 29360128 ~ 33554432 / 45532026.
[008216.93]  01-26 17:17  CatalogMesh                  INFO     Painted 33554432 out of 45532026 objects to mesh.
[008216.93]  01-26 17:17  CatalogMesh                  INFO     Slab 33554432 ~ 37748736 / 45532026.
[008218.13]  01-26 17:17  CatalogMesh                  INFO     Painted 37748736 out of 45532026 objects to mesh.
[008218.13]  01-26 17:17  CatalogMesh                  INFO     Slab 37748736 ~ 41943040 / 45532026.
[008219.34]  01-26 17:17  CatalogMesh                  INFO     Painted 41943040 out of 45532026 objects to mesh.
[008219.34]  01-26 17:17  CatalogMesh                  INFO     Slab 41943040 ~ 46137344 / 45532026.
[008220.38]  01-26 17:17  CatalogMesh                  INFO     Painted 45532026 out of 45532026 objects to mesh.
[008224.36]  01-26 17:17  CatalogMesh                  INFO     Slab 0 ~ 4194304 / 45532026.
[008225.44]  01-26 17:17  CatalogMesh                  INFO     Painted 4194304 out of 45532026 objects to mesh.
[008225.44]  01-26 17:17  CatalogMesh                  INFO     Slab 4194304 ~ 8388608 / 45532026.
[008226.52]  01-26 17:17  CatalogMesh                  INFO     Painted 8388608 out of 45532026 objects to mesh.
[008226.52]  01-26 17:17  CatalogMesh                  INFO     Slab 8388608 ~ 12582912 / 45532026.
[008227.59]  01-26 17:17  CatalogMesh                  INFO     Painted 12582912 out of 45532026 objects to mesh.
[008227.59]  01-26 17:17  CatalogMesh                  INFO     Slab 12582912 ~ 16777216 / 45532026.
[008228.67]  01-26 17:17  CatalogMesh                  INFO     Painted 16777216 out of 45532026 objects to mesh.
[008228.67]  01-26 17:17  CatalogMesh                  INFO     Slab 16777216 ~ 20971520 / 45532026.
[008229.75]  01-26 17:17  CatalogMesh                  INFO     Painted 20971520 out of 45532026 objects to mesh.
[008229.75]  01-26 17:17  CatalogMesh                  INFO     Slab 20971520 ~ 25165824 / 45532026.
[008230.83]  01-26 17:17  CatalogMesh                  INFO     Painted 25165824 out of 45532026 objects to mesh.
[008230.83]  01-26 17:17  CatalogMesh                  INFO     Slab 25165824 ~ 29360128 / 45532026.
[008231.90]  01-26 17:17  CatalogMesh                  INFO     Painted 29360128 out of 45532026 objects to mesh.
[008231.90]  01-26 17:17  CatalogMesh                  INFO     Slab 29360128 ~ 33554432 / 45532026.
[008232.99]  01-26 17:17  CatalogMesh                  INFO     Painted 33554432 out of 45532026 objects to mesh.
[008232.99]  01-26 17:17  CatalogMesh                  INFO     Slab 33554432 ~ 37748736 / 45532026.
[008234.20]  01-26 17:17  CatalogMesh                  INFO     Painted 37748736 out of 45532026 objects to mesh.
[008234.20]  01-26 17:17  CatalogMesh                  INFO     Slab 37748736 ~ 41943040 / 45532026.
[008235.40]  01-26 17:17  CatalogMesh                  INFO     Painted 41943040 out of 45532026 objects to mesh.
[008235.40]  01-26 17:17  CatalogMesh                  INFO     Slab 41943040 ~ 46137344 / 45532026.
[008236.43]  01-26 17:17  CatalogMesh                  INFO     Painted 45532026 out of 45532026 objects to mesh.
[008241.98]  01-26 17:17  CatalogFFTPower              INFO     Done painting catalog 1 to mesh.
[008241.98]  01-26 17:17  CatalogFFTPower              INFO     Using 400 k-bins between 0.000 and 0.400.
[008241.98]  01-26 17:17  CatalogFFTPower              INFO     Meshes prepared in elapsed time 48.84 s.
[008241.98]  01-26 17:17  CatalogFFTPower              INFO     Running mesh calculation.
[008259.33]  01-26 17:17  CatalogFFTPower              INFO     Mesh calculations performed in elapsed time 17.35 s.
[008259.33]  01-26 17:17  CatalogFFTPower              INFO     Power spectrum computed in elapsed time 66.18 s.
[008259.33]  01-26 17:17  CatalogFFTPower              INFO     Saving /pscratch/sd/s/shengyu/galaxies/catalogs/Y3/AbacusHF-v2/Boxes/QSO/sn0p950/AbacusSummit_base_c000_ph018/mpspk/pkpoles_QSO_zp0.950_DR2_v1.0+dv_repeat.npy.
[008259.33]  01-26 17:17  compute_2pt                  INFO     Save to /pscratch/sd/s/shengyu/galaxies/catalogs/Y3/AbacusHF-v2/Boxes/QSO/sn0p950/AbacusSummit_base_c000_ph018/mpspk/pkpoles_QSO_zp0.950_DR2_v1.0+dv_repeat.npy
[008259.34]  01-26 17:17  TwoPointCorrelationFunction  INFO     Using estimator <class 'pycorr.twopoint_estimator.NaturalTwoPointEstimator'>.
[008259.34]  01-26 17:17  TwoPointCorrelationFunction  INFO     Running auto-correlation.
[008259.34]  01-26 17:17  TwoPointCorrelationFunction  INFO     Computing two-point counts D1D2.
[008318.29]  01-26 17:18  TwoPointCorrelationFunction  INFO     Analytically computing two-point counts R1R2.
[008318.30]  01-26 17:18  TwoPointCorrelationFunction  INFO     Correlation function computed in elapsed time 58.96 s.
[008318.30]  01-26 17:18  NaturalTwoPointEstimator     INFO     Saving /pscratch/sd/s/shengyu/galaxies/catalogs/Y3/AbacusHF-v2/Boxes/QSO/sn0p950/AbacusSummit_base_c000_ph018/mpspk/mpslog_QSO_zp0.950_DR2_v1.0+dv_repeat.npy.
[008318.30]  01-26 17:18  compute_2pt                  INFO     Save to /pscratch/sd/s/shengyu/galaxies/catalogs/Y3/AbacusHF-v2/Boxes/QSO/sn0p950/AbacusSummit_base_c000_ph018/mpspk/mpslog_QSO_zp0.950_DR2_v1.0+dv_repeat.npy
[008318.30]  01-26 17:18  TwoPointCorrelationFunction  INFO     Using estimator <class 'pycorr.twopoint_estimator.NaturalTwoPointEstimator'>.
[008318.30]  01-26 17:18  TwoPointCorrelationFunction  INFO     Running auto-correlation.
[008318.30]  01-26 17:18  TwoPointCorrelationFunction  INFO     Computing two-point counts D1D2.
[008360.14]  01-26 17:19  TwoPointCorrelationFunction  INFO     Analytically computing two-point counts R1R2.
[008360.14]  01-26 17:19  TwoPointCorrelationFunction  INFO     Correlation function computed in elapsed time 41.84 s.
[008360.14]  01-26 17:19  NaturalTwoPointEstimator     INFO     Saving /pscratch/sd/s/shengyu/galaxies/catalogs/Y3/AbacusHF-v2/Boxes/QSO/sn0p950/AbacusSummit_base_c000_ph018/mpspk/wplog_QSO_zp0.950_DR2_v1.0+dv_repeat.npy.
[008360.15]  01-26 17:19  compute_2pt                  INFO     Save to /pscratch/sd/s/shengyu/galaxies/catalogs/Y3/AbacusHF-v2/Boxes/QSO/sn0p950/AbacusSummit_base_c000_ph018/mpspk/wplog_QSO_zp0.950_DR2_v1.0+dv_repeat.npy
[008360.15]  01-26 17:19  compute_2pt                  INFO     Procceed {'version': 'AbacusHF-v2', 'domain': 'cubic', 'tracer': 'QSO', 'zsnap': 0.95, 'zrange': (0.8, 1.1), 'mock_id': 19, 'use_dv': 'repeat'}
[008360.15]  01-26 17:19  cat_tools                    INFO     Load /pscratch/sd/s/shengyu/galaxies/catalogs/Y3/AbacusHF-v2/Boxes/QSO/sn0p950/AbacusSummit_base_c000_ph019/abacus_HF_QSO_0p950_DR2_v2.0_AbacusSummit_base_c000_ph019_base_clustering.dat.h5
[008360.15]  01-26 17:19  FileStack                    INFO     Reading /pscratch/sd/s/shengyu/galaxies/catalogs/Y3/AbacusHF-v2/Boxes/QSO/sn0p950/AbacusSummit_base_c000_ph019/abacus_HF_QSO_0p950_DR2_v2.0_AbacusSummit_base_c000_ph019_base_clustering.dat.h5.
[008360.15]  01-26 17:19  cat_tools                    INFO     use Z positions shifted in repeat mode
[008361.92]  01-26 17:19  TwoPointCorrelationFunction  INFO     Using estimator <class 'pycorr.twopoint_estimator.NaturalTwoPointEstimator'>.
[008361.92]  01-26 17:19  TwoPointCorrelationFunction  INFO     Running auto-correlation.
[008361.92]  01-26 17:19  TwoPointCorrelationFunction  INFO     Computing two-point counts D1D2.
[008621.34]  01-26 17:23  TwoPointCorrelationFunction  INFO     Analytically computing two-point counts R1R2.
[008621.35]  01-26 17:23  TwoPointCorrelationFunction  INFO     Correlation function computed in elapsed time 259.42 s.
[008621.35]  01-26 17:23  NaturalTwoPointEstimator     INFO     Saving /pscratch/sd/s/shengyu/galaxies/catalogs/Y3/AbacusHF-v2/Boxes/QSO/sn0p950/AbacusSummit_base_c000_ph019/mpspk/xipoles_QSO_zp0.950_DR2_v1.0+dv_repeat.npy.
[008621.35]  01-26 17:23  compute_2pt                  INFO     Save to /pscratch/sd/s/shengyu/galaxies/catalogs/Y3/AbacusHF-v2/Boxes/QSO/sn0p950/AbacusSummit_base_c000_ph019/mpspk/xipoles_QSO_zp0.950_DR2_v1.0+dv_repeat.npy
[008627.49]  01-26 17:23  CatalogFFTPower              INFO     Painting catalog 1 to mesh CatalogMesh(nmesh=[512 512 512], boxsize=[2000. 2000. 2000.], boxcenter=[999.99999733 999.99999939 999.99999899], dtype=float64).
[008628.07]  01-26 17:23  CatalogMesh                  INFO     Slab 0 ~ 4194304 / 45511668.
[008629.16]  01-26 17:24  CatalogMesh                  INFO     Painted 4194304 out of 45511668 objects to mesh.
[008629.16]  01-26 17:24  CatalogMesh                  INFO     Slab 4194304 ~ 8388608 / 45511668.
[008630.24]  01-26 17:24  CatalogMesh                  INFO     Painted 8388608 out of 45511668 objects to mesh.
[008630.25]  01-26 17:24  CatalogMesh                  INFO     Slab 8388608 ~ 12582912 / 45511668.
[008631.32]  01-26 17:24  CatalogMesh                  INFO     Painted 12582912 out of 45511668 objects to mesh.
[008631.32]  01-26 17:24  CatalogMesh                  INFO     Slab 12582912 ~ 16777216 / 45511668.
[008632.40]  01-26 17:24  CatalogMesh                  INFO     Painted 16777216 out of 45511668 objects to mesh.
[008632.40]  01-26 17:24  CatalogMesh                  INFO     Slab 16777216 ~ 20971520 / 45511668.
[008633.48]  01-26 17:24  CatalogMesh                  INFO     Painted 20971520 out of 45511668 objects to mesh.
[008633.48]  01-26 17:24  CatalogMesh                  INFO     Slab 20971520 ~ 25165824 / 45511668.
[008634.55]  01-26 17:24  CatalogMesh                  INFO     Painted 25165824 out of 45511668 objects to mesh.
[008634.55]  01-26 17:24  CatalogMesh                  INFO     Slab 25165824 ~ 29360128 / 45511668.
[008635.63]  01-26 17:24  CatalogMesh                  INFO     Painted 29360128 out of 45511668 objects to mesh.
[008635.63]  01-26 17:24  CatalogMesh                  INFO     Slab 29360128 ~ 33554432 / 45511668.
[008636.72]  01-26 17:24  CatalogMesh                  INFO     Painted 33554432 out of 45511668 objects to mesh.
[008636.72]  01-26 17:24  CatalogMesh                  INFO     Slab 33554432 ~ 37748736 / 45511668.
[008637.93]  01-26 17:24  CatalogMesh                  INFO     Painted 37748736 out of 45511668 objects to mesh.
[008637.93]  01-26 17:24  CatalogMesh                  INFO     Slab 37748736 ~ 41943040 / 45511668.
[008639.13]  01-26 17:24  CatalogMesh                  INFO     Painted 41943040 out of 45511668 objects to mesh.
[008639.13]  01-26 17:24  CatalogMesh                  INFO     Slab 41943040 ~ 46137344 / 45511668.
[008640.16]  01-26 17:24  CatalogMesh                  INFO     Painted 45511668 out of 45511668 objects to mesh.
[008640.16]  01-26 17:24  CatalogMesh                  INFO     Running interlacing at order 3.
[008642.59]  01-26 17:24  CatalogMesh                  INFO     Slab 0 ~ 4194304 / 45511668.
[008643.67]  01-26 17:24  CatalogMesh                  INFO     Painted 4194304 out of 45511668 objects to mesh.
[008643.67]  01-26 17:24  CatalogMesh                  INFO     Slab 4194304 ~ 8388608 / 45511668.
[008644.75]  01-26 17:24  CatalogMesh                  INFO     Painted 8388608 out of 45511668 objects to mesh.
[008644.75]  01-26 17:24  CatalogMesh                  INFO     Slab 8388608 ~ 12582912 / 45511668.
[008645.82]  01-26 17:24  CatalogMesh                  INFO     Painted 12582912 out of 45511668 objects to mesh.
[008645.82]  01-26 17:24  CatalogMesh                  INFO     Slab 12582912 ~ 16777216 / 45511668.
[008646.89]  01-26 17:24  CatalogMesh                  INFO     Painted 16777216 out of 45511668 objects to mesh.
[008646.89]  01-26 17:24  CatalogMesh                  INFO     Slab 16777216 ~ 20971520 / 45511668.
[008647.96]  01-26 17:24  CatalogMesh                  INFO     Painted 20971520 out of 45511668 objects to mesh.
[008647.96]  01-26 17:24  CatalogMesh                  INFO     Slab 20971520 ~ 25165824 / 45511668.
[008649.04]  01-26 17:24  CatalogMesh                  INFO     Painted 25165824 out of 45511668 objects to mesh.
[008649.04]  01-26 17:24  CatalogMesh                  INFO     Slab 25165824 ~ 29360128 / 45511668.
[008650.11]  01-26 17:24  CatalogMesh                  INFO     Painted 29360128 out of 45511668 objects to mesh.
[008650.11]  01-26 17:24  CatalogMesh                  INFO     Slab 29360128 ~ 33554432 / 45511668.
[008651.20]  01-26 17:24  CatalogMesh                  INFO     Painted 33554432 out of 45511668 objects to mesh.
[008651.20]  01-26 17:24  CatalogMesh                  INFO     Slab 33554432 ~ 37748736 / 45511668.
[008652.39]  01-26 17:24  CatalogMesh                  INFO     Painted 37748736 out of 45511668 objects to mesh.
[008652.40]  01-26 17:24  CatalogMesh                  INFO     Slab 37748736 ~ 41943040 / 45511668.
[008653.60]  01-26 17:24  CatalogMesh                  INFO     Painted 41943040 out of 45511668 objects to mesh.
[008653.60]  01-26 17:24  CatalogMesh                  INFO     Slab 41943040 ~ 46137344 / 45511668.
[008654.63]  01-26 17:24  CatalogMesh                  INFO     Painted 45511668 out of 45511668 objects to mesh.
[008658.62]  01-26 17:24  CatalogMesh                  INFO     Slab 0 ~ 4194304 / 45511668.
[008659.69]  01-26 17:24  CatalogMesh                  INFO     Painted 4194304 out of 45511668 objects to mesh.
[008659.69]  01-26 17:24  CatalogMesh                  INFO     Slab 4194304 ~ 8388608 / 45511668.
[008660.76]  01-26 17:24  CatalogMesh                  INFO     Painted 8388608 out of 45511668 objects to mesh.
[008660.76]  01-26 17:24  CatalogMesh                  INFO     Slab 8388608 ~ 12582912 / 45511668.
[008661.83]  01-26 17:24  CatalogMesh                  INFO     Painted 12582912 out of 45511668 objects to mesh.
[008661.83]  01-26 17:24  CatalogMesh                  INFO     Slab 12582912 ~ 16777216 / 45511668.
[008662.91]  01-26 17:24  CatalogMesh                  INFO     Painted 16777216 out of 45511668 objects to mesh.
[008662.91]  01-26 17:24  CatalogMesh                  INFO     Slab 16777216 ~ 20971520 / 45511668.
[008663.98]  01-26 17:24  CatalogMesh                  INFO     Painted 20971520 out of 45511668 objects to mesh.
[008663.98]  01-26 17:24  CatalogMesh                  INFO     Slab 20971520 ~ 25165824 / 45511668.
[008665.06]  01-26 17:24  CatalogMesh                  INFO     Painted 25165824 out of 45511668 objects to mesh.
[008665.06]  01-26 17:24  CatalogMesh                  INFO     Slab 25165824 ~ 29360128 / 45511668.
[008666.13]  01-26 17:24  CatalogMesh                  INFO     Painted 29360128 out of 45511668 objects to mesh.
[008666.13]  01-26 17:24  CatalogMesh                  INFO     Slab 29360128 ~ 33554432 / 45511668.
[008667.22]  01-26 17:24  CatalogMesh                  INFO     Painted 33554432 out of 45511668 objects to mesh.
[008667.22]  01-26 17:24  CatalogMesh                  INFO     Slab 33554432 ~ 37748736 / 45511668.
[008668.42]  01-26 17:24  CatalogMesh                  INFO     Painted 37748736 out of 45511668 objects to mesh.
[008668.42]  01-26 17:24  CatalogMesh                  INFO     Slab 37748736 ~ 41943040 / 45511668.
[008669.62]  01-26 17:24  CatalogMesh                  INFO     Painted 41943040 out of 45511668 objects to mesh.
[008669.62]  01-26 17:24  CatalogMesh                  INFO     Slab 41943040 ~ 46137344 / 45511668.
[008670.66]  01-26 17:24  CatalogMesh                  INFO     Painted 45511668 out of 45511668 objects to mesh.
[008676.20]  01-26 17:24  CatalogFFTPower              INFO     Done painting catalog 1 to mesh.
[008676.20]  01-26 17:24  CatalogFFTPower              INFO     Using 400 k-bins between 0.000 and 0.400.
[008676.20]  01-26 17:24  CatalogFFTPower              INFO     Meshes prepared in elapsed time 48.70 s.
[008676.20]  01-26 17:24  CatalogFFTPower              INFO     Running mesh calculation.
[008693.56]  01-26 17:25  CatalogFFTPower              INFO     Mesh calculations performed in elapsed time 17.36 s.
[008693.56]  01-26 17:25  CatalogFFTPower              INFO     Power spectrum computed in elapsed time 66.06 s.
[008693.56]  01-26 17:25  CatalogFFTPower              INFO     Saving /pscratch/sd/s/shengyu/galaxies/catalogs/Y3/AbacusHF-v2/Boxes/QSO/sn0p950/AbacusSummit_base_c000_ph019/mpspk/pkpoles_QSO_zp0.950_DR2_v1.0+dv_repeat.npy.
[008693.56]  01-26 17:25  compute_2pt                  INFO     Save to /pscratch/sd/s/shengyu/galaxies/catalogs/Y3/AbacusHF-v2/Boxes/QSO/sn0p950/AbacusSummit_base_c000_ph019/mpspk/pkpoles_QSO_zp0.950_DR2_v1.0+dv_repeat.npy
[008693.56]  01-26 17:25  TwoPointCorrelationFunction  INFO     Using estimator <class 'pycorr.twopoint_estimator.NaturalTwoPointEstimator'>.
[008693.56]  01-26 17:25  TwoPointCorrelationFunction  INFO     Running auto-correlation.
[008693.56]  01-26 17:25  TwoPointCorrelationFunction  INFO     Computing two-point counts D1D2.
[008756.79]  01-26 17:26  TwoPointCorrelationFunction  INFO     Analytically computing two-point counts R1R2.
[008756.79]  01-26 17:26  TwoPointCorrelationFunction  INFO     Correlation function computed in elapsed time 63.23 s.
[008756.79]  01-26 17:26  NaturalTwoPointEstimator     INFO     Saving /pscratch/sd/s/shengyu/galaxies/catalogs/Y3/AbacusHF-v2/Boxes/QSO/sn0p950/AbacusSummit_base_c000_ph019/mpspk/mpslog_QSO_zp0.950_DR2_v1.0+dv_repeat.npy.
[008756.79]  01-26 17:26  compute_2pt                  INFO     Save to /pscratch/sd/s/shengyu/galaxies/catalogs/Y3/AbacusHF-v2/Boxes/QSO/sn0p950/AbacusSummit_base_c000_ph019/mpspk/mpslog_QSO_zp0.950_DR2_v1.0+dv_repeat.npy
[008756.79]  01-26 17:26  TwoPointCorrelationFunction  INFO     Using estimator <class 'pycorr.twopoint_estimator.NaturalTwoPointEstimator'>.
[008756.79]  01-26 17:26  TwoPointCorrelationFunction  INFO     Running auto-correlation.
[008756.79]  01-26 17:26  TwoPointCorrelationFunction  INFO     Computing two-point counts D1D2.
[008799.15]  01-26 17:26  TwoPointCorrelationFunction  INFO     Analytically computing two-point counts R1R2.
[008799.15]  01-26 17:26  TwoPointCorrelationFunction  INFO     Correlation function computed in elapsed time 42.36 s.
[008799.15]  01-26 17:26  NaturalTwoPointEstimator     INFO     Saving /pscratch/sd/s/shengyu/galaxies/catalogs/Y3/AbacusHF-v2/Boxes/QSO/sn0p950/AbacusSummit_base_c000_ph019/mpspk/wplog_QSO_zp0.950_DR2_v1.0+dv_repeat.npy.
[008799.16]  01-26 17:26  compute_2pt                  INFO     Save to /pscratch/sd/s/shengyu/galaxies/catalogs/Y3/AbacusHF-v2/Boxes/QSO/sn0p950/AbacusSummit_base_c000_ph019/mpspk/wplog_QSO_zp0.950_DR2_v1.0+dv_repeat.npy
[008799.16]  01-26 17:26  compute_2pt                  INFO     Procceed {'version': 'AbacusHF-v2', 'domain': 'cubic', 'tracer': 'QSO', 'zsnap': 0.95, 'zrange': (0.8, 1.1), 'mock_id': 20, 'use_dv': 'repeat'}
[008799.16]  01-26 17:26  cat_tools                    INFO     Load /pscratch/sd/s/shengyu/galaxies/catalogs/Y3/AbacusHF-v2/Boxes/QSO/sn0p950/AbacusSummit_base_c000_ph020/abacus_HF_QSO_0p950_DR2_v2.0_AbacusSummit_base_c000_ph020_base_clustering.dat.h5
[008799.16]  01-26 17:26  FileStack                    INFO     Reading /pscratch/sd/s/shengyu/galaxies/catalogs/Y3/AbacusHF-v2/Boxes/QSO/sn0p950/AbacusSummit_base_c000_ph020/abacus_HF_QSO_0p950_DR2_v2.0_AbacusSummit_base_c000_ph020_base_clustering.dat.h5.
[008799.16]  01-26 17:26  cat_tools                    INFO     use Z positions shifted in repeat mode
[008800.93]  01-26 17:26  TwoPointCorrelationFunction  INFO     Using estimator <class 'pycorr.twopoint_estimator.NaturalTwoPointEstimator'>.
[008800.93]  01-26 17:26  TwoPointCorrelationFunction  INFO     Running auto-correlation.
[008800.93]  01-26 17:26  TwoPointCorrelationFunction  INFO     Computing two-point counts D1D2.
[009060.93]  01-26 17:31  TwoPointCorrelationFunction  INFO     Analytically computing two-point counts R1R2.
[009060.93]  01-26 17:31  TwoPointCorrelationFunction  INFO     Correlation function computed in elapsed time 260.00 s.
[009060.93]  01-26 17:31  NaturalTwoPointEstimator     INFO     Saving /pscratch/sd/s/shengyu/galaxies/catalogs/Y3/AbacusHF-v2/Boxes/QSO/sn0p950/AbacusSummit_base_c000_ph020/mpspk/xipoles_QSO_zp0.950_DR2_v1.0+dv_repeat.npy.
[009060.93]  01-26 17:31  compute_2pt                  INFO     Save to /pscratch/sd/s/shengyu/galaxies/catalogs/Y3/AbacusHF-v2/Boxes/QSO/sn0p950/AbacusSummit_base_c000_ph020/mpspk/xipoles_QSO_zp0.950_DR2_v1.0+dv_repeat.npy
[009067.07]  01-26 17:31  CatalogFFTPower              INFO     Painting catalog 1 to mesh CatalogMesh(nmesh=[512 512 512], boxsize=[2000. 2000. 2000.], boxcenter=[1000.00000436 1000.00003668 1000.00012252], dtype=float64).
[009067.65]  01-26 17:31  CatalogMesh                  INFO     Slab 0 ~ 4194304 / 45522346.
[009068.75]  01-26 17:31  CatalogMesh                  INFO     Painted 4194304 out of 45522346 objects to mesh.
[009068.75]  01-26 17:31  CatalogMesh                  INFO     Slab 4194304 ~ 8388608 / 45522346.
[009069.82]  01-26 17:31  CatalogMesh                  INFO     Painted 8388608 out of 45522346 objects to mesh.
[009069.82]  01-26 17:31  CatalogMesh                  INFO     Slab 8388608 ~ 12582912 / 45522346.
[009070.89]  01-26 17:31  CatalogMesh                  INFO     Painted 12582912 out of 45522346 objects to mesh.
[009070.89]  01-26 17:31  CatalogMesh                  INFO     Slab 12582912 ~ 16777216 / 45522346.
[009071.97]  01-26 17:31  CatalogMesh                  INFO     Painted 16777216 out of 45522346 objects to mesh.
[009071.97]  01-26 17:31  CatalogMesh                  INFO     Slab 16777216 ~ 20971520 / 45522346.
[009073.04]  01-26 17:31  CatalogMesh                  INFO     Painted 20971520 out of 45522346 objects to mesh.
[009073.04]  01-26 17:31  CatalogMesh                  INFO     Slab 20971520 ~ 25165824 / 45522346.
[009074.11]  01-26 17:31  CatalogMesh                  INFO     Painted 25165824 out of 45522346 objects to mesh.
[009074.11]  01-26 17:31  CatalogMesh                  INFO     Slab 25165824 ~ 29360128 / 45522346.
[009075.19]  01-26 17:31  CatalogMesh                  INFO     Painted 29360128 out of 45522346 objects to mesh.
[009075.19]  01-26 17:31  CatalogMesh                  INFO     Slab 29360128 ~ 33554432 / 45522346.
[009076.29]  01-26 17:31  CatalogMesh                  INFO     Painted 33554432 out of 45522346 objects to mesh.
[009076.29]  01-26 17:31  CatalogMesh                  INFO     Slab 33554432 ~ 37748736 / 45522346.
[009077.48]  01-26 17:31  CatalogMesh                  INFO     Painted 37748736 out of 45522346 objects to mesh.
[009077.48]  01-26 17:31  CatalogMesh                  INFO     Slab 37748736 ~ 41943040 / 45522346.
[009078.68]  01-26 17:31  CatalogMesh                  INFO     Painted 41943040 out of 45522346 objects to mesh.
[009078.68]  01-26 17:31  CatalogMesh                  INFO     Slab 41943040 ~ 46137344 / 45522346.
[009079.71]  01-26 17:31  CatalogMesh                  INFO     Painted 45522346 out of 45522346 objects to mesh.
[009079.71]  01-26 17:31  CatalogMesh                  INFO     Running interlacing at order 3.
[009082.16]  01-26 17:31  CatalogMesh                  INFO     Slab 0 ~ 4194304 / 45522346.
[009083.23]  01-26 17:31  CatalogMesh                  INFO     Painted 4194304 out of 45522346 objects to mesh.
[009083.23]  01-26 17:31  CatalogMesh                  INFO     Slab 4194304 ~ 8388608 / 45522346.
[009084.31]  01-26 17:31  CatalogMesh                  INFO     Painted 8388608 out of 45522346 objects to mesh.
[009084.31]  01-26 17:31  CatalogMesh                  INFO     Slab 8388608 ~ 12582912 / 45522346.
[009085.38]  01-26 17:31  CatalogMesh                  INFO     Painted 12582912 out of 45522346 objects to mesh.
[009085.38]  01-26 17:31  CatalogMesh                  INFO     Slab 12582912 ~ 16777216 / 45522346.
[009086.46]  01-26 17:31  CatalogMesh                  INFO     Painted 16777216 out of 45522346 objects to mesh.
[009086.46]  01-26 17:31  CatalogMesh                  INFO     Slab 16777216 ~ 20971520 / 45522346.
[009087.53]  01-26 17:31  CatalogMesh                  INFO     Painted 20971520 out of 45522346 objects to mesh.
[009087.53]  01-26 17:31  CatalogMesh                  INFO     Slab 20971520 ~ 25165824 / 45522346.
[009088.60]  01-26 17:31  CatalogMesh                  INFO     Painted 25165824 out of 45522346 objects to mesh.
[009088.60]  01-26 17:31  CatalogMesh                  INFO     Slab 25165824 ~ 29360128 / 45522346.
[009089.67]  01-26 17:31  CatalogMesh                  INFO     Painted 29360128 out of 45522346 objects to mesh.
[009089.67]  01-26 17:31  CatalogMesh                  INFO     Slab 29360128 ~ 33554432 / 45522346.
[009090.76]  01-26 17:31  CatalogMesh                  INFO     Painted 33554432 out of 45522346 objects to mesh.
[009090.76]  01-26 17:31  CatalogMesh                  INFO     Slab 33554432 ~ 37748736 / 45522346.
[009091.96]  01-26 17:31  CatalogMesh                  INFO     Painted 37748736 out of 45522346 objects to mesh.
[009091.96]  01-26 17:31  CatalogMesh                  INFO     Slab 37748736 ~ 41943040 / 45522346.
[009093.17]  01-26 17:31  CatalogMesh                  INFO     Painted 41943040 out of 45522346 objects to mesh.
[009093.17]  01-26 17:31  CatalogMesh                  INFO     Slab 41943040 ~ 46137344 / 45522346.
[009094.20]  01-26 17:31  CatalogMesh                  INFO     Painted 45522346 out of 45522346 objects to mesh.
[009098.20]  01-26 17:31  CatalogMesh                  INFO     Slab 0 ~ 4194304 / 45522346.
[009099.27]  01-26 17:31  CatalogMesh                  INFO     Painted 4194304 out of 45522346 objects to mesh.
[009099.27]  01-26 17:31  CatalogMesh                  INFO     Slab 4194304 ~ 8388608 / 45522346.
[009100.34]  01-26 17:31  CatalogMesh                  INFO     Painted 8388608 out of 45522346 objects to mesh.
[009100.34]  01-26 17:31  CatalogMesh                  INFO     Slab 8388608 ~ 12582912 / 45522346.
[009101.42]  01-26 17:31  CatalogMesh                  INFO     Painted 12582912 out of 45522346 objects to mesh.
[009101.42]  01-26 17:31  CatalogMesh                  INFO     Slab 12582912 ~ 16777216 / 45522346.
[009102.49]  01-26 17:31  CatalogMesh                  INFO     Painted 16777216 out of 45522346 objects to mesh.
[009102.49]  01-26 17:31  CatalogMesh                  INFO     Slab 16777216 ~ 20971520 / 45522346.
[009103.57]  01-26 17:31  CatalogMesh                  INFO     Painted 20971520 out of 45522346 objects to mesh.
[009103.57]  01-26 17:31  CatalogMesh                  INFO     Slab 20971520 ~ 25165824 / 45522346.
[009104.64]  01-26 17:31  CatalogMesh                  INFO     Painted 25165824 out of 45522346 objects to mesh.
[009104.64]  01-26 17:31  CatalogMesh                  INFO     Slab 25165824 ~ 29360128 / 45522346.
[009105.72]  01-26 17:31  CatalogMesh                  INFO     Painted 29360128 out of 45522346 objects to mesh.
[009105.72]  01-26 17:31  CatalogMesh                  INFO     Slab 29360128 ~ 33554432 / 45522346.
[009106.81]  01-26 17:31  CatalogMesh                  INFO     Painted 33554432 out of 45522346 objects to mesh.
[009106.81]  01-26 17:31  CatalogMesh                  INFO     Slab 33554432 ~ 37748736 / 45522346.
[009108.02]  01-26 17:31  CatalogMesh                  INFO     Painted 37748736 out of 45522346 objects to mesh.
[009108.02]  01-26 17:31  CatalogMesh                  INFO     Slab 37748736 ~ 41943040 / 45522346.
[009109.22]  01-26 17:32  CatalogMesh                  INFO     Painted 41943040 out of 45522346 objects to mesh.
[009109.22]  01-26 17:32  CatalogMesh                  INFO     Slab 41943040 ~ 46137344 / 45522346.
[009110.25]  01-26 17:32  CatalogMesh                  INFO     Painted 45522346 out of 45522346 objects to mesh.
[009115.82]  01-26 17:32  CatalogFFTPower              INFO     Done painting catalog 1 to mesh.
[009115.82]  01-26 17:32  CatalogFFTPower              INFO     Using 400 k-bins between 0.000 and 0.400.
[009115.82]  01-26 17:32  CatalogFFTPower              INFO     Meshes prepared in elapsed time 48.75 s.
[009115.82]  01-26 17:32  CatalogFFTPower              INFO     Running mesh calculation.
[009133.26]  01-26 17:32  CatalogFFTPower              INFO     Mesh calculations performed in elapsed time 17.45 s.
[009133.27]  01-26 17:32  CatalogFFTPower              INFO     Power spectrum computed in elapsed time 66.20 s.
[009133.27]  01-26 17:32  CatalogFFTPower              INFO     Saving /pscratch/sd/s/shengyu/galaxies/catalogs/Y3/AbacusHF-v2/Boxes/QSO/sn0p950/AbacusSummit_base_c000_ph020/mpspk/pkpoles_QSO_zp0.950_DR2_v1.0+dv_repeat.npy.
[009133.27]  01-26 17:32  compute_2pt                  INFO     Save to /pscratch/sd/s/shengyu/galaxies/catalogs/Y3/AbacusHF-v2/Boxes/QSO/sn0p950/AbacusSummit_base_c000_ph020/mpspk/pkpoles_QSO_zp0.950_DR2_v1.0+dv_repeat.npy
[009133.27]  01-26 17:32  TwoPointCorrelationFunction  INFO     Using estimator <class 'pycorr.twopoint_estimator.NaturalTwoPointEstimator'>.
[009133.27]  01-26 17:32  TwoPointCorrelationFunction  INFO     Running auto-correlation.
[009133.27]  01-26 17:32  TwoPointCorrelationFunction  INFO     Computing two-point counts D1D2.
[009196.52]  01-26 17:33  TwoPointCorrelationFunction  INFO     Analytically computing two-point counts R1R2.
[009196.52]  01-26 17:33  TwoPointCorrelationFunction  INFO     Correlation function computed in elapsed time 63.25 s.
[009196.52]  01-26 17:33  NaturalTwoPointEstimator     INFO     Saving /pscratch/sd/s/shengyu/galaxies/catalogs/Y3/AbacusHF-v2/Boxes/QSO/sn0p950/AbacusSummit_base_c000_ph020/mpspk/mpslog_QSO_zp0.950_DR2_v1.0+dv_repeat.npy.
[009196.52]  01-26 17:33  compute_2pt                  INFO     Save to /pscratch/sd/s/shengyu/galaxies/catalogs/Y3/AbacusHF-v2/Boxes/QSO/sn0p950/AbacusSummit_base_c000_ph020/mpspk/mpslog_QSO_zp0.950_DR2_v1.0+dv_repeat.npy
[009196.52]  01-26 17:33  TwoPointCorrelationFunction  INFO     Using estimator <class 'pycorr.twopoint_estimator.NaturalTwoPointEstimator'>.
[009196.52]  01-26 17:33  TwoPointCorrelationFunction  INFO     Running auto-correlation.
[009196.52]  01-26 17:33  TwoPointCorrelationFunction  INFO     Computing two-point counts D1D2.
[009238.47]  01-26 17:34  TwoPointCorrelationFunction  INFO     Analytically computing two-point counts R1R2.
[009238.47]  01-26 17:34  TwoPointCorrelationFunction  INFO     Correlation function computed in elapsed time 41.95 s.
[009238.47]  01-26 17:34  NaturalTwoPointEstimator     INFO     Saving /pscratch/sd/s/shengyu/galaxies/catalogs/Y3/AbacusHF-v2/Boxes/QSO/sn0p950/AbacusSummit_base_c000_ph020/mpspk/wplog_QSO_zp0.950_DR2_v1.0+dv_repeat.npy.
[009238.48]  01-26 17:34  compute_2pt                  INFO     Save to /pscratch/sd/s/shengyu/galaxies/catalogs/Y3/AbacusHF-v2/Boxes/QSO/sn0p950/AbacusSummit_base_c000_ph020/mpspk/wplog_QSO_zp0.950_DR2_v1.0+dv_repeat.npy
[009238.48]  01-26 17:34  compute_2pt                  INFO     Procceed {'version': 'AbacusHF-v2', 'domain': 'cubic', 'tracer': 'QSO', 'zsnap': 0.95, 'zrange': (0.8, 1.1), 'mock_id': 21, 'use_dv': 'repeat'}
[009238.48]  01-26 17:34  cat_tools                    INFO     Load /pscratch/sd/s/shengyu/galaxies/catalogs/Y3/AbacusHF-v2/Boxes/QSO/sn0p950/AbacusSummit_base_c000_ph021/abacus_HF_QSO_0p950_DR2_v2.0_AbacusSummit_base_c000_ph021_base_clustering.dat.h5
[009238.48]  01-26 17:34  FileStack                    INFO     Reading /pscratch/sd/s/shengyu/galaxies/catalogs/Y3/AbacusHF-v2/Boxes/QSO/sn0p950/AbacusSummit_base_c000_ph021/abacus_HF_QSO_0p950_DR2_v2.0_AbacusSummit_base_c000_ph021_base_clustering.dat.h5.
[009238.48]  01-26 17:34  cat_tools                    INFO     use Z positions shifted in repeat mode
[009240.27]  01-26 17:34  TwoPointCorrelationFunction  INFO     Using estimator <class 'pycorr.twopoint_estimator.NaturalTwoPointEstimator'>.
[009240.27]  01-26 17:34  TwoPointCorrelationFunction  INFO     Running auto-correlation.
[009240.27]  01-26 17:34  TwoPointCorrelationFunction  INFO     Computing two-point counts D1D2.
[009498.70]  01-26 17:38  TwoPointCorrelationFunction  INFO     Analytically computing two-point counts R1R2.
[009498.70]  01-26 17:38  TwoPointCorrelationFunction  INFO     Correlation function computed in elapsed time 258.43 s.
[009498.70]  01-26 17:38  NaturalTwoPointEstimator     INFO     Saving /pscratch/sd/s/shengyu/galaxies/catalogs/Y3/AbacusHF-v2/Boxes/QSO/sn0p950/AbacusSummit_base_c000_ph021/mpspk/xipoles_QSO_zp0.950_DR2_v1.0+dv_repeat.npy.
[009498.71]  01-26 17:38  compute_2pt                  INFO     Save to /pscratch/sd/s/shengyu/galaxies/catalogs/Y3/AbacusHF-v2/Boxes/QSO/sn0p950/AbacusSummit_base_c000_ph021/mpspk/xipoles_QSO_zp0.950_DR2_v1.0+dv_repeat.npy
[009504.85]  01-26 17:38  CatalogFFTPower              INFO     Painting catalog 1 to mesh CatalogMesh(nmesh=[512 512 512], boxsize=[2000. 2000. 2000.], boxcenter=[ 999.99998219 1000.00007485  999.99999718], dtype=float64).
[009505.43]  01-26 17:38  CatalogMesh                  INFO     Slab 0 ~ 4194304 / 45467995.
[009506.52]  01-26 17:38  CatalogMesh                  INFO     Painted 4194304 out of 45467995 objects to mesh.
[009506.52]  01-26 17:38  CatalogMesh                  INFO     Slab 4194304 ~ 8388608 / 45467995.
[009507.60]  01-26 17:38  CatalogMesh                  INFO     Painted 8388608 out of 45467995 objects to mesh.
[009507.60]  01-26 17:38  CatalogMesh                  INFO     Slab 8388608 ~ 12582912 / 45467995.
[009508.68]  01-26 17:38  CatalogMesh                  INFO     Painted 12582912 out of 45467995 objects to mesh.
[009508.68]  01-26 17:38  CatalogMesh                  INFO     Slab 12582912 ~ 16777216 / 45467995.
[009509.76]  01-26 17:38  CatalogMesh                  INFO     Painted 16777216 out of 45467995 objects to mesh.
[009509.76]  01-26 17:38  CatalogMesh                  INFO     Slab 16777216 ~ 20971520 / 45467995.
[009510.83]  01-26 17:38  CatalogMesh                  INFO     Painted 20971520 out of 45467995 objects to mesh.
[009510.83]  01-26 17:38  CatalogMesh                  INFO     Slab 20971520 ~ 25165824 / 45467995.
[009511.91]  01-26 17:38  CatalogMesh                  INFO     Painted 25165824 out of 45467995 objects to mesh.
[009511.91]  01-26 17:38  CatalogMesh                  INFO     Slab 25165824 ~ 29360128 / 45467995.
[009513.00]  01-26 17:38  CatalogMesh                  INFO     Painted 29360128 out of 45467995 objects to mesh.
[009513.00]  01-26 17:38  CatalogMesh                  INFO     Slab 29360128 ~ 33554432 / 45467995.
[009514.10]  01-26 17:38  CatalogMesh                  INFO     Painted 33554432 out of 45467995 objects to mesh.
[009514.10]  01-26 17:38  CatalogMesh                  INFO     Slab 33554432 ~ 37748736 / 45467995.
[009515.31]  01-26 17:38  CatalogMesh                  INFO     Painted 37748736 out of 45467995 objects to mesh.
[009515.31]  01-26 17:38  CatalogMesh                  INFO     Slab 37748736 ~ 41943040 / 45467995.
[009516.52]  01-26 17:38  CatalogMesh                  INFO     Painted 41943040 out of 45467995 objects to mesh.
[009516.52]  01-26 17:38  CatalogMesh                  INFO     Slab 41943040 ~ 46137344 / 45467995.
[009517.53]  01-26 17:38  CatalogMesh                  INFO     Painted 45467995 out of 45467995 objects to mesh.
[009517.54]  01-26 17:38  CatalogMesh                  INFO     Running interlacing at order 3.
[009519.97]  01-26 17:38  CatalogMesh                  INFO     Slab 0 ~ 4194304 / 45467995.
[009521.04]  01-26 17:38  CatalogMesh                  INFO     Painted 4194304 out of 45467995 objects to mesh.
[009521.04]  01-26 17:38  CatalogMesh                  INFO     Slab 4194304 ~ 8388608 / 45467995.
[009522.12]  01-26 17:38  CatalogMesh                  INFO     Painted 8388608 out of 45467995 objects to mesh.
[009522.12]  01-26 17:38  CatalogMesh                  INFO     Slab 8388608 ~ 12582912 / 45467995.
[009523.19]  01-26 17:38  CatalogMesh                  INFO     Painted 12582912 out of 45467995 objects to mesh.
[009523.20]  01-26 17:38  CatalogMesh                  INFO     Slab 12582912 ~ 16777216 / 45467995.
[009524.28]  01-26 17:38  CatalogMesh                  INFO     Painted 16777216 out of 45467995 objects to mesh.
[009524.28]  01-26 17:38  CatalogMesh                  INFO     Slab 16777216 ~ 20971520 / 45467995.
[009525.37]  01-26 17:38  CatalogMesh                  INFO     Painted 20971520 out of 45467995 objects to mesh.
[009525.37]  01-26 17:38  CatalogMesh                  INFO     Slab 20971520 ~ 25165824 / 45467995.
[009526.45]  01-26 17:38  CatalogMesh                  INFO     Painted 25165824 out of 45467995 objects to mesh.
[009526.45]  01-26 17:38  CatalogMesh                  INFO     Slab 25165824 ~ 29360128 / 45467995.
[009527.53]  01-26 17:38  CatalogMesh                  INFO     Painted 29360128 out of 45467995 objects to mesh.
[009527.53]  01-26 17:38  CatalogMesh                  INFO     Slab 29360128 ~ 33554432 / 45467995.
[009528.62]  01-26 17:39  CatalogMesh                  INFO     Painted 33554432 out of 45467995 objects to mesh.
[009528.62]  01-26 17:39  CatalogMesh                  INFO     Slab 33554432 ~ 37748736 / 45467995.
[009529.82]  01-26 17:39  CatalogMesh                  INFO     Painted 37748736 out of 45467995 objects to mesh.
[009529.82]  01-26 17:39  CatalogMesh                  INFO     Slab 37748736 ~ 41943040 / 45467995.
[009531.02]  01-26 17:39  CatalogMesh                  INFO     Painted 41943040 out of 45467995 objects to mesh.
[009531.02]  01-26 17:39  CatalogMesh                  INFO     Slab 41943040 ~ 46137344 / 45467995.
[009532.04]  01-26 17:39  CatalogMesh                  INFO     Painted 45467995 out of 45467995 objects to mesh.
[009536.03]  01-26 17:39  CatalogMesh                  INFO     Slab 0 ~ 4194304 / 45467995.
[009537.12]  01-26 17:39  CatalogMesh                  INFO     Painted 4194304 out of 45467995 objects to mesh.
[009537.12]  01-26 17:39  CatalogMesh                  INFO     Slab 4194304 ~ 8388608 / 45467995.
[009538.20]  01-26 17:39  CatalogMesh                  INFO     Painted 8388608 out of 45467995 objects to mesh.
[009538.20]  01-26 17:39  CatalogMesh                  INFO     Slab 8388608 ~ 12582912 / 45467995.
[009539.28]  01-26 17:39  CatalogMesh                  INFO     Painted 12582912 out of 45467995 objects to mesh.
[009539.28]  01-26 17:39  CatalogMesh                  INFO     Slab 12582912 ~ 16777216 / 45467995.
[009540.35]  01-26 17:39  CatalogMesh                  INFO     Painted 16777216 out of 45467995 objects to mesh.
[009540.35]  01-26 17:39  CatalogMesh                  INFO     Slab 16777216 ~ 20971520 / 45467995.
[009541.43]  01-26 17:39  CatalogMesh                  INFO     Painted 20971520 out of 45467995 objects to mesh.
[009541.43]  01-26 17:39  CatalogMesh                  INFO     Slab 20971520 ~ 25165824 / 45467995.
[009542.51]  01-26 17:39  CatalogMesh                  INFO     Painted 25165824 out of 45467995 objects to mesh.
[009542.51]  01-26 17:39  CatalogMesh                  INFO     Slab 25165824 ~ 29360128 / 45467995.
[009543.59]  01-26 17:39  CatalogMesh                  INFO     Painted 29360128 out of 45467995 objects to mesh.
[009543.59]  01-26 17:39  CatalogMesh                  INFO     Slab 29360128 ~ 33554432 / 45467995.
[009544.69]  01-26 17:39  CatalogMesh                  INFO     Painted 33554432 out of 45467995 objects to mesh.
[009544.69]  01-26 17:39  CatalogMesh                  INFO     Slab 33554432 ~ 37748736 / 45467995.
[009545.89]  01-26 17:39  CatalogMesh                  INFO     Painted 37748736 out of 45467995 objects to mesh.
[009545.89]  01-26 17:39  CatalogMesh                  INFO     Slab 37748736 ~ 41943040 / 45467995.
[009547.09]  01-26 17:39  CatalogMesh                  INFO     Painted 41943040 out of 45467995 objects to mesh.
[009547.09]  01-26 17:39  CatalogMesh                  INFO     Slab 41943040 ~ 46137344 / 45467995.
[009548.11]  01-26 17:39  CatalogMesh                  INFO     Painted 45467995 out of 45467995 objects to mesh.
[009553.67]  01-26 17:39  CatalogFFTPower              INFO     Done painting catalog 1 to mesh.
[009553.68]  01-26 17:39  CatalogFFTPower              INFO     Using 400 k-bins between 0.000 and 0.400.
[009553.68]  01-26 17:39  CatalogFFTPower              INFO     Meshes prepared in elapsed time 48.83 s.
[009553.68]  01-26 17:39  CatalogFFTPower              INFO     Running mesh calculation.
[009571.11]  01-26 17:39  CatalogFFTPower              INFO     Mesh calculations performed in elapsed time 17.43 s.
[009571.11]  01-26 17:39  CatalogFFTPower              INFO     Power spectrum computed in elapsed time 66.26 s.
[009571.11]  01-26 17:39  CatalogFFTPower              INFO     Saving /pscratch/sd/s/shengyu/galaxies/catalogs/Y3/AbacusHF-v2/Boxes/QSO/sn0p950/AbacusSummit_base_c000_ph021/mpspk/pkpoles_QSO_zp0.950_DR2_v1.0+dv_repeat.npy.
[009571.12]  01-26 17:39  compute_2pt                  INFO     Save to /pscratch/sd/s/shengyu/galaxies/catalogs/Y3/AbacusHF-v2/Boxes/QSO/sn0p950/AbacusSummit_base_c000_ph021/mpspk/pkpoles_QSO_zp0.950_DR2_v1.0+dv_repeat.npy
[009571.12]  01-26 17:39  TwoPointCorrelationFunction  INFO     Using estimator <class 'pycorr.twopoint_estimator.NaturalTwoPointEstimator'>.
[009571.12]  01-26 17:39  TwoPointCorrelationFunction  INFO     Running auto-correlation.
[009571.12]  01-26 17:39  TwoPointCorrelationFunction  INFO     Computing two-point counts D1D2.
[009630.40]  01-26 17:40  TwoPointCorrelationFunction  INFO     Analytically computing two-point counts R1R2.
[009630.40]  01-26 17:40  TwoPointCorrelationFunction  INFO     Correlation function computed in elapsed time 59.28 s.
[009630.40]  01-26 17:40  NaturalTwoPointEstimator     INFO     Saving /pscratch/sd/s/shengyu/galaxies/catalogs/Y3/AbacusHF-v2/Boxes/QSO/sn0p950/AbacusSummit_base_c000_ph021/mpspk/mpslog_QSO_zp0.950_DR2_v1.0+dv_repeat.npy.
[009630.40]  01-26 17:40  compute_2pt                  INFO     Save to /pscratch/sd/s/shengyu/galaxies/catalogs/Y3/AbacusHF-v2/Boxes/QSO/sn0p950/AbacusSummit_base_c000_ph021/mpspk/mpslog_QSO_zp0.950_DR2_v1.0+dv_repeat.npy
[009630.40]  01-26 17:40  TwoPointCorrelationFunction  INFO     Using estimator <class 'pycorr.twopoint_estimator.NaturalTwoPointEstimator'>.
[009630.40]  01-26 17:40  TwoPointCorrelationFunction  INFO     Running auto-correlation.
[009630.40]  01-26 17:40  TwoPointCorrelationFunction  INFO     Computing two-point counts D1D2.
[009672.72]  01-26 17:41  TwoPointCorrelationFunction  INFO     Analytically computing two-point counts R1R2.
[009672.72]  01-26 17:41  TwoPointCorrelationFunction  INFO     Correlation function computed in elapsed time 42.32 s.
[009672.72]  01-26 17:41  NaturalTwoPointEstimator     INFO     Saving /pscratch/sd/s/shengyu/galaxies/catalogs/Y3/AbacusHF-v2/Boxes/QSO/sn0p950/AbacusSummit_base_c000_ph021/mpspk/wplog_QSO_zp0.950_DR2_v1.0+dv_repeat.npy.
[009672.73]  01-26 17:41  compute_2pt                  INFO     Save to /pscratch/sd/s/shengyu/galaxies/catalogs/Y3/AbacusHF-v2/Boxes/QSO/sn0p950/AbacusSummit_base_c000_ph021/mpspk/wplog_QSO_zp0.950_DR2_v1.0+dv_repeat.npy
[009672.73]  01-26 17:41  compute_2pt                  INFO     Procceed {'version': 'AbacusHF-v2', 'domain': 'cubic', 'tracer': 'QSO', 'zsnap': 0.95, 'zrange': (0.8, 1.1), 'mock_id': 22, 'use_dv': 'repeat'}
[009672.73]  01-26 17:41  cat_tools                    INFO     Load /pscratch/sd/s/shengyu/galaxies/catalogs/Y3/AbacusHF-v2/Boxes/QSO/sn0p950/AbacusSummit_base_c000_ph022/abacus_HF_QSO_0p950_DR2_v2.0_AbacusSummit_base_c000_ph022_base_clustering.dat.h5
[009672.73]  01-26 17:41  FileStack                    INFO     Reading /pscratch/sd/s/shengyu/galaxies/catalogs/Y3/AbacusHF-v2/Boxes/QSO/sn0p950/AbacusSummit_base_c000_ph022/abacus_HF_QSO_0p950_DR2_v2.0_AbacusSummit_base_c000_ph022_base_clustering.dat.h5.
[009672.73]  01-26 17:41  cat_tools                    INFO     use Z positions shifted in repeat mode
[009674.51]  01-26 17:41  TwoPointCorrelationFunction  INFO     Using estimator <class 'pycorr.twopoint_estimator.NaturalTwoPointEstimator'>.
[009674.51]  01-26 17:41  TwoPointCorrelationFunction  INFO     Running auto-correlation.
[009674.51]  01-26 17:41  TwoPointCorrelationFunction  INFO     Computing two-point counts D1D2.
[009934.38]  01-26 17:45  TwoPointCorrelationFunction  INFO     Analytically computing two-point counts R1R2.
[009934.39]  01-26 17:45  TwoPointCorrelationFunction  INFO     Correlation function computed in elapsed time 259.88 s.
[009934.39]  01-26 17:45  NaturalTwoPointEstimator     INFO     Saving /pscratch/sd/s/shengyu/galaxies/catalogs/Y3/AbacusHF-v2/Boxes/QSO/sn0p950/AbacusSummit_base_c000_ph022/mpspk/xipoles_QSO_zp0.950_DR2_v1.0+dv_repeat.npy.
[009934.39]  01-26 17:45  compute_2pt                  INFO     Save to /pscratch/sd/s/shengyu/galaxies/catalogs/Y3/AbacusHF-v2/Boxes/QSO/sn0p950/AbacusSummit_base_c000_ph022/mpspk/xipoles_QSO_zp0.950_DR2_v1.0+dv_repeat.npy
[009940.54]  01-26 17:45  CatalogFFTPower              INFO     Painting catalog 1 to mesh CatalogMesh(nmesh=[512 512 512], boxsize=[2000. 2000. 2000.], boxcenter=[1000.00002186 1000.00000447 1000.00003429], dtype=float64).
[009941.12]  01-26 17:45  CatalogMesh                  INFO     Slab 0 ~ 4194304 / 45453209.
[009942.22]  01-26 17:45  CatalogMesh                  INFO     Painted 4194304 out of 45453209 objects to mesh.
[009942.22]  01-26 17:45  CatalogMesh                  INFO     Slab 4194304 ~ 8388608 / 45453209.
[009943.30]  01-26 17:45  CatalogMesh                  INFO     Painted 8388608 out of 45453209 objects to mesh.
[009943.30]  01-26 17:45  CatalogMesh                  INFO     Slab 8388608 ~ 12582912 / 45453209.
[009944.38]  01-26 17:45  CatalogMesh                  INFO     Painted 12582912 out of 45453209 objects to mesh.
[009944.39]  01-26 17:45  CatalogMesh                  INFO     Slab 12582912 ~ 16777216 / 45453209.
[009945.47]  01-26 17:45  CatalogMesh                  INFO     Painted 16777216 out of 45453209 objects to mesh.
[009945.47]  01-26 17:45  CatalogMesh                  INFO     Slab 16777216 ~ 20971520 / 45453209.
[009946.54]  01-26 17:45  CatalogMesh                  INFO     Painted 20971520 out of 45453209 objects to mesh.
[009946.54]  01-26 17:45  CatalogMesh                  INFO     Slab 20971520 ~ 25165824 / 45453209.
[009947.62]  01-26 17:45  CatalogMesh                  INFO     Painted 25165824 out of 45453209 objects to mesh.
[009947.62]  01-26 17:45  CatalogMesh                  INFO     Slab 25165824 ~ 29360128 / 45453209.
[009948.70]  01-26 17:46  CatalogMesh                  INFO     Painted 29360128 out of 45453209 objects to mesh.
[009948.71]  01-26 17:46  CatalogMesh                  INFO     Slab 29360128 ~ 33554432 / 45453209.
[009949.80]  01-26 17:46  CatalogMesh                  INFO     Painted 33554432 out of 45453209 objects to mesh.
[009949.80]  01-26 17:46  CatalogMesh                  INFO     Slab 33554432 ~ 37748736 / 45453209.
[009951.00]  01-26 17:46  CatalogMesh                  INFO     Painted 37748736 out of 45453209 objects to mesh.
[009951.00]  01-26 17:46  CatalogMesh                  INFO     Slab 37748736 ~ 41943040 / 45453209.
[009952.21]  01-26 17:46  CatalogMesh                  INFO     Painted 41943040 out of 45453209 objects to mesh.
[009952.21]  01-26 17:46  CatalogMesh                  INFO     Slab 41943040 ~ 46137344 / 45453209.
[009953.23]  01-26 17:46  CatalogMesh                  INFO     Painted 45453209 out of 45453209 objects to mesh.
[009953.23]  01-26 17:46  CatalogMesh                  INFO     Running interlacing at order 3.
[009955.66]  01-26 17:46  CatalogMesh                  INFO     Slab 0 ~ 4194304 / 45453209.
[009956.73]  01-26 17:46  CatalogMesh                  INFO     Painted 4194304 out of 45453209 objects to mesh.
[009956.73]  01-26 17:46  CatalogMesh                  INFO     Slab 4194304 ~ 8388608 / 45453209.
[009957.81]  01-26 17:46  CatalogMesh                  INFO     Painted 8388608 out of 45453209 objects to mesh.
[009957.81]  01-26 17:46  CatalogMesh                  INFO     Slab 8388608 ~ 12582912 / 45453209.
[009958.89]  01-26 17:46  CatalogMesh                  INFO     Painted 12582912 out of 45453209 objects to mesh.
[009958.89]  01-26 17:46  CatalogMesh                  INFO     Slab 12582912 ~ 16777216 / 45453209.
[009959.96]  01-26 17:46  CatalogMesh                  INFO     Painted 16777216 out of 45453209 objects to mesh.
[009959.96]  01-26 17:46  CatalogMesh                  INFO     Slab 16777216 ~ 20971520 / 45453209.
[009961.05]  01-26 17:46  CatalogMesh                  INFO     Painted 20971520 out of 45453209 objects to mesh.
[009961.05]  01-26 17:46  CatalogMesh                  INFO     Slab 20971520 ~ 25165824 / 45453209.
[009962.12]  01-26 17:46  CatalogMesh                  INFO     Painted 25165824 out of 45453209 objects to mesh.
[009962.12]  01-26 17:46  CatalogMesh                  INFO     Slab 25165824 ~ 29360128 / 45453209.
[009963.19]  01-26 17:46  CatalogMesh                  INFO     Painted 29360128 out of 45453209 objects to mesh.
[009963.19]  01-26 17:46  CatalogMesh                  INFO     Slab 29360128 ~ 33554432 / 45453209.
[009964.29]  01-26 17:46  CatalogMesh                  INFO     Painted 33554432 out of 45453209 objects to mesh.
[009964.29]  01-26 17:46  CatalogMesh                  INFO     Slab 33554432 ~ 37748736 / 45453209.
[009965.49]  01-26 17:46  CatalogMesh                  INFO     Painted 37748736 out of 45453209 objects to mesh.
[009965.49]  01-26 17:46  CatalogMesh                  INFO     Slab 37748736 ~ 41943040 / 45453209.
[009966.69]  01-26 17:46  CatalogMesh                  INFO     Painted 41943040 out of 45453209 objects to mesh.
[009966.69]  01-26 17:46  CatalogMesh                  INFO     Slab 41943040 ~ 46137344 / 45453209.
[009967.71]  01-26 17:46  CatalogMesh                  INFO     Painted 45453209 out of 45453209 objects to mesh.
[009971.70]  01-26 17:46  CatalogMesh                  INFO     Slab 0 ~ 4194304 / 45453209.
[009972.77]  01-26 17:46  CatalogMesh                  INFO     Painted 4194304 out of 45453209 objects to mesh.
[009972.78]  01-26 17:46  CatalogMesh                  INFO     Slab 4194304 ~ 8388608 / 45453209.
[009973.86]  01-26 17:46  CatalogMesh                  INFO     Painted 8388608 out of 45453209 objects to mesh.
[009973.86]  01-26 17:46  CatalogMesh                  INFO     Slab 8388608 ~ 12582912 / 45453209.
[009974.94]  01-26 17:46  CatalogMesh                  INFO     Painted 12582912 out of 45453209 objects to mesh.
[009974.94]  01-26 17:46  CatalogMesh                  INFO     Slab 12582912 ~ 16777216 / 45453209.
[009976.01]  01-26 17:46  CatalogMesh                  INFO     Painted 16777216 out of 45453209 objects to mesh.
[009976.01]  01-26 17:46  CatalogMesh                  INFO     Slab 16777216 ~ 20971520 / 45453209.
[009977.09]  01-26 17:46  CatalogMesh                  INFO     Painted 20971520 out of 45453209 objects to mesh.
[009977.09]  01-26 17:46  CatalogMesh                  INFO     Slab 20971520 ~ 25165824 / 45453209.
[009978.17]  01-26 17:46  CatalogMesh                  INFO     Painted 25165824 out of 45453209 objects to mesh.
[009978.17]  01-26 17:46  CatalogMesh                  INFO     Slab 25165824 ~ 29360128 / 45453209.
[009979.25]  01-26 17:46  CatalogMesh                  INFO     Painted 29360128 out of 45453209 objects to mesh.
[009979.25]  01-26 17:46  CatalogMesh                  INFO     Slab 29360128 ~ 33554432 / 45453209.
[009980.34]  01-26 17:46  CatalogMesh                  INFO     Painted 33554432 out of 45453209 objects to mesh.
[009980.34]  01-26 17:46  CatalogMesh                  INFO     Slab 33554432 ~ 37748736 / 45453209.
[009981.55]  01-26 17:46  CatalogMesh                  INFO     Painted 37748736 out of 45453209 objects to mesh.
[009981.55]  01-26 17:46  CatalogMesh                  INFO     Slab 37748736 ~ 41943040 / 45453209.
[009982.75]  01-26 17:46  CatalogMesh                  INFO     Painted 41943040 out of 45453209 objects to mesh.
[009982.75]  01-26 17:46  CatalogMesh                  INFO     Slab 41943040 ~ 46137344 / 45453209.
[009983.76]  01-26 17:46  CatalogMesh                  INFO     Painted 45453209 out of 45453209 objects to mesh.
[009989.33]  01-26 17:46  CatalogFFTPower              INFO     Done painting catalog 1 to mesh.
[009989.33]  01-26 17:46  CatalogFFTPower              INFO     Using 400 k-bins between 0.000 and 0.400.
[009989.33]  01-26 17:46  CatalogFFTPower              INFO     Meshes prepared in elapsed time 48.79 s.
[009989.33]  01-26 17:46  CatalogFFTPower              INFO     Running mesh calculation.
[010006.84]  01-26 17:46  CatalogFFTPower              INFO     Mesh calculations performed in elapsed time 17.51 s.
[010006.84]  01-26 17:46  CatalogFFTPower              INFO     Power spectrum computed in elapsed time 66.30 s.
[010006.84]  01-26 17:46  CatalogFFTPower              INFO     Saving /pscratch/sd/s/shengyu/galaxies/catalogs/Y3/AbacusHF-v2/Boxes/QSO/sn0p950/AbacusSummit_base_c000_ph022/mpspk/pkpoles_QSO_zp0.950_DR2_v1.0+dv_repeat.npy.
[010006.85]  01-26 17:46  compute_2pt                  INFO     Save to /pscratch/sd/s/shengyu/galaxies/catalogs/Y3/AbacusHF-v2/Boxes/QSO/sn0p950/AbacusSummit_base_c000_ph022/mpspk/pkpoles_QSO_zp0.950_DR2_v1.0+dv_repeat.npy
[010006.85]  01-26 17:46  TwoPointCorrelationFunction  INFO     Using estimator <class 'pycorr.twopoint_estimator.NaturalTwoPointEstimator'>.
[010006.85]  01-26 17:46  TwoPointCorrelationFunction  INFO     Running auto-correlation.
[010006.85]  01-26 17:46  TwoPointCorrelationFunction  INFO     Computing two-point counts D1D2.
[010070.15]  01-26 17:48  TwoPointCorrelationFunction  INFO     Analytically computing two-point counts R1R2.
[010070.15]  01-26 17:48  TwoPointCorrelationFunction  INFO     Correlation function computed in elapsed time 63.31 s.
[010070.15]  01-26 17:48  NaturalTwoPointEstimator     INFO     Saving /pscratch/sd/s/shengyu/galaxies/catalogs/Y3/AbacusHF-v2/Boxes/QSO/sn0p950/AbacusSummit_base_c000_ph022/mpspk/mpslog_QSO_zp0.950_DR2_v1.0+dv_repeat.npy.
[010070.16]  01-26 17:48  compute_2pt                  INFO     Save to /pscratch/sd/s/shengyu/galaxies/catalogs/Y3/AbacusHF-v2/Boxes/QSO/sn0p950/AbacusSummit_base_c000_ph022/mpspk/mpslog_QSO_zp0.950_DR2_v1.0+dv_repeat.npy
[010070.16]  01-26 17:48  TwoPointCorrelationFunction  INFO     Using estimator <class 'pycorr.twopoint_estimator.NaturalTwoPointEstimator'>.
[010070.16]  01-26 17:48  TwoPointCorrelationFunction  INFO     Running auto-correlation.
[010070.16]  01-26 17:48  TwoPointCorrelationFunction  INFO     Computing two-point counts D1D2.
[010112.44]  01-26 17:48  TwoPointCorrelationFunction  INFO     Analytically computing two-point counts R1R2.
[010112.44]  01-26 17:48  TwoPointCorrelationFunction  INFO     Correlation function computed in elapsed time 42.28 s.
[010112.44]  01-26 17:48  NaturalTwoPointEstimator     INFO     Saving /pscratch/sd/s/shengyu/galaxies/catalogs/Y3/AbacusHF-v2/Boxes/QSO/sn0p950/AbacusSummit_base_c000_ph022/mpspk/wplog_QSO_zp0.950_DR2_v1.0+dv_repeat.npy.
[010112.44]  01-26 17:48  compute_2pt                  INFO     Save to /pscratch/sd/s/shengyu/galaxies/catalogs/Y3/AbacusHF-v2/Boxes/QSO/sn0p950/AbacusSummit_base_c000_ph022/mpspk/wplog_QSO_zp0.950_DR2_v1.0+dv_repeat.npy
[010112.45]  01-26 17:48  compute_2pt                  INFO     Procceed {'version': 'AbacusHF-v2', 'domain': 'cubic', 'tracer': 'QSO', 'zsnap': 0.95, 'zrange': (0.8, 1.1), 'mock_id': 23, 'use_dv': 'repeat'}
[010112.45]  01-26 17:48  cat_tools                    INFO     Load /pscratch/sd/s/shengyu/galaxies/catalogs/Y3/AbacusHF-v2/Boxes/QSO/sn0p950/AbacusSummit_base_c000_ph023/abacus_HF_QSO_0p950_DR2_v2.0_AbacusSummit_base_c000_ph023_base_clustering.dat.h5
[010112.45]  01-26 17:48  FileStack                    INFO     Reading /pscratch/sd/s/shengyu/galaxies/catalogs/Y3/AbacusHF-v2/Boxes/QSO/sn0p950/AbacusSummit_base_c000_ph023/abacus_HF_QSO_0p950_DR2_v2.0_AbacusSummit_base_c000_ph023_base_clustering.dat.h5.
[010112.45]  01-26 17:48  cat_tools                    INFO     use Z positions shifted in repeat mode
[010114.27]  01-26 17:48  TwoPointCorrelationFunction  INFO     Using estimator <class 'pycorr.twopoint_estimator.NaturalTwoPointEstimator'>.
[010114.27]  01-26 17:48  TwoPointCorrelationFunction  INFO     Running auto-correlation.
[010114.27]  01-26 17:48  TwoPointCorrelationFunction  INFO     Computing two-point counts D1D2.
[010384.86]  01-26 17:53  TwoPointCorrelationFunction  INFO     Analytically computing two-point counts R1R2.
[010384.86]  01-26 17:53  TwoPointCorrelationFunction  INFO     Correlation function computed in elapsed time 270.59 s.
[010384.86]  01-26 17:53  NaturalTwoPointEstimator     INFO     Saving /pscratch/sd/s/shengyu/galaxies/catalogs/Y3/AbacusHF-v2/Boxes/QSO/sn0p950/AbacusSummit_base_c000_ph023/mpspk/xipoles_QSO_zp0.950_DR2_v1.0+dv_repeat.npy.
[010384.87]  01-26 17:53  compute_2pt                  INFO     Save to /pscratch/sd/s/shengyu/galaxies/catalogs/Y3/AbacusHF-v2/Boxes/QSO/sn0p950/AbacusSummit_base_c000_ph023/mpspk/xipoles_QSO_zp0.950_DR2_v1.0+dv_repeat.npy
[010391.05]  01-26 17:53  CatalogFFTPower              INFO     Painting catalog 1 to mesh CatalogMesh(nmesh=[512 512 512], boxsize=[2000. 2000. 2000.], boxcenter=[1000.00001125 1000.00000431  999.9999816 ], dtype=float64).
[010391.62]  01-26 17:53  CatalogMesh                  INFO     Slab 0 ~ 4194304 / 45496165.
[010392.71]  01-26 17:53  CatalogMesh                  INFO     Painted 4194304 out of 45496165 objects to mesh.
[010392.71]  01-26 17:53  CatalogMesh                  INFO     Slab 4194304 ~ 8388608 / 45496165.
[010393.78]  01-26 17:53  CatalogMesh                  INFO     Painted 8388608 out of 45496165 objects to mesh.
[010393.78]  01-26 17:53  CatalogMesh                  INFO     Slab 8388608 ~ 12582912 / 45496165.
[010394.85]  01-26 17:53  CatalogMesh                  INFO     Painted 12582912 out of 45496165 objects to mesh.
[010394.85]  01-26 17:53  CatalogMesh                  INFO     Slab 12582912 ~ 16777216 / 45496165.
[010395.93]  01-26 17:53  CatalogMesh                  INFO     Painted 16777216 out of 45496165 objects to mesh.
[010395.93]  01-26 17:53  CatalogMesh                  INFO     Slab 16777216 ~ 20971520 / 45496165.
[010397.01]  01-26 17:53  CatalogMesh                  INFO     Painted 20971520 out of 45496165 objects to mesh.
[010397.01]  01-26 17:53  CatalogMesh                  INFO     Slab 20971520 ~ 25165824 / 45496165.
[010398.08]  01-26 17:53  CatalogMesh                  INFO     Painted 25165824 out of 45496165 objects to mesh.
[010398.08]  01-26 17:53  CatalogMesh                  INFO     Slab 25165824 ~ 29360128 / 45496165.
[010399.15]  01-26 17:53  CatalogMesh                  INFO     Painted 29360128 out of 45496165 objects to mesh.
[010399.15]  01-26 17:53  CatalogMesh                  INFO     Slab 29360128 ~ 33554432 / 45496165.
[010400.24]  01-26 17:53  CatalogMesh                  INFO     Painted 33554432 out of 45496165 objects to mesh.
[010400.24]  01-26 17:53  CatalogMesh                  INFO     Slab 33554432 ~ 37748736 / 45496165.
[010401.44]  01-26 17:53  CatalogMesh                  INFO     Painted 37748736 out of 45496165 objects to mesh.
[010401.44]  01-26 17:53  CatalogMesh                  INFO     Slab 37748736 ~ 41943040 / 45496165.
[010402.64]  01-26 17:53  CatalogMesh                  INFO     Painted 41943040 out of 45496165 objects to mesh.
[010402.64]  01-26 17:53  CatalogMesh                  INFO     Slab 41943040 ~ 46137344 / 45496165.
[010403.66]  01-26 17:53  CatalogMesh                  INFO     Painted 45496165 out of 45496165 objects to mesh.
[010403.66]  01-26 17:53  CatalogMesh                  INFO     Running interlacing at order 3.
[010406.07]  01-26 17:53  CatalogMesh                  INFO     Slab 0 ~ 4194304 / 45496165.
[010407.14]  01-26 17:53  CatalogMesh                  INFO     Painted 4194304 out of 45496165 objects to mesh.
[010407.14]  01-26 17:53  CatalogMesh                  INFO     Slab 4194304 ~ 8388608 / 45496165.
[010408.21]  01-26 17:53  CatalogMesh                  INFO     Painted 8388608 out of 45496165 objects to mesh.
[010408.21]  01-26 17:53  CatalogMesh                  INFO     Slab 8388608 ~ 12582912 / 45496165.
[010409.28]  01-26 17:53  CatalogMesh                  INFO     Painted 12582912 out of 45496165 objects to mesh.
[010409.28]  01-26 17:53  CatalogMesh                  INFO     Slab 12582912 ~ 16777216 / 45496165.
[010410.36]  01-26 17:53  CatalogMesh                  INFO     Painted 16777216 out of 45496165 objects to mesh.
[010410.37]  01-26 17:53  CatalogMesh                  INFO     Slab 16777216 ~ 20971520 / 45496165.
[010411.44]  01-26 17:53  CatalogMesh                  INFO     Painted 20971520 out of 45496165 objects to mesh.
[010411.44]  01-26 17:53  CatalogMesh                  INFO     Slab 20971520 ~ 25165824 / 45496165.
[010412.51]  01-26 17:53  CatalogMesh                  INFO     Painted 25165824 out of 45496165 objects to mesh.
[010412.51]  01-26 17:53  CatalogMesh                  INFO     Slab 25165824 ~ 29360128 / 45496165.
[010413.58]  01-26 17:53  CatalogMesh                  INFO     Painted 29360128 out of 45496165 objects to mesh.
[010413.59]  01-26 17:53  CatalogMesh                  INFO     Slab 29360128 ~ 33554432 / 45496165.
[010414.68]  01-26 17:53  CatalogMesh                  INFO     Painted 33554432 out of 45496165 objects to mesh.
[010414.68]  01-26 17:53  CatalogMesh                  INFO     Slab 33554432 ~ 37748736 / 45496165.
[010415.87]  01-26 17:53  CatalogMesh                  INFO     Painted 37748736 out of 45496165 objects to mesh.
[010415.87]  01-26 17:53  CatalogMesh                  INFO     Slab 37748736 ~ 41943040 / 45496165.
[010417.08]  01-26 17:53  CatalogMesh                  INFO     Painted 41943040 out of 45496165 objects to mesh.
[010417.08]  01-26 17:53  CatalogMesh                  INFO     Slab 41943040 ~ 46137344 / 45496165.
[010418.10]  01-26 17:53  CatalogMesh                  INFO     Painted 45496165 out of 45496165 objects to mesh.
[010422.05]  01-26 17:53  CatalogMesh                  INFO     Slab 0 ~ 4194304 / 45496165.
[010423.12]  01-26 17:53  CatalogMesh                  INFO     Painted 4194304 out of 45496165 objects to mesh.
[010423.12]  01-26 17:53  CatalogMesh                  INFO     Slab 4194304 ~ 8388608 / 45496165.
[010424.20]  01-26 17:53  CatalogMesh                  INFO     Painted 8388608 out of 45496165 objects to mesh.
[010424.20]  01-26 17:53  CatalogMesh                  INFO     Slab 8388608 ~ 12582912 / 45496165.
[010425.28]  01-26 17:53  CatalogMesh                  INFO     Painted 12582912 out of 45496165 objects to mesh.
[010425.28]  01-26 17:53  CatalogMesh                  INFO     Slab 12582912 ~ 16777216 / 45496165.
[010426.35]  01-26 17:53  CatalogMesh                  INFO     Painted 16777216 out of 45496165 objects to mesh.
[010426.35]  01-26 17:53  CatalogMesh                  INFO     Slab 16777216 ~ 20971520 / 45496165.
[010427.42]  01-26 17:53  CatalogMesh                  INFO     Painted 20971520 out of 45496165 objects to mesh.
[010427.42]  01-26 17:53  CatalogMesh                  INFO     Slab 20971520 ~ 25165824 / 45496165.
[010428.50]  01-26 17:53  CatalogMesh                  INFO     Painted 25165824 out of 45496165 objects to mesh.
[010428.50]  01-26 17:53  CatalogMesh                  INFO     Slab 25165824 ~ 29360128 / 45496165.
[010429.57]  01-26 17:54  CatalogMesh                  INFO     Painted 29360128 out of 45496165 objects to mesh.
[010429.57]  01-26 17:54  CatalogMesh                  INFO     Slab 29360128 ~ 33554432 / 45496165.
[010430.66]  01-26 17:54  CatalogMesh                  INFO     Painted 33554432 out of 45496165 objects to mesh.
[010430.66]  01-26 17:54  CatalogMesh                  INFO     Slab 33554432 ~ 37748736 / 45496165.
[010431.86]  01-26 17:54  CatalogMesh                  INFO     Painted 37748736 out of 45496165 objects to mesh.
[010431.86]  01-26 17:54  CatalogMesh                  INFO     Slab 37748736 ~ 41943040 / 45496165.
[010433.06]  01-26 17:54  CatalogMesh                  INFO     Painted 41943040 out of 45496165 objects to mesh.
[010433.06]  01-26 17:54  CatalogMesh                  INFO     Slab 41943040 ~ 46137344 / 45496165.
[010434.08]  01-26 17:54  CatalogMesh                  INFO     Painted 45496165 out of 45496165 objects to mesh.
[010439.60]  01-26 17:54  CatalogFFTPower              INFO     Done painting catalog 1 to mesh.
[010439.60]  01-26 17:54  CatalogFFTPower              INFO     Using 400 k-bins between 0.000 and 0.400.
[010439.60]  01-26 17:54  CatalogFFTPower              INFO     Meshes prepared in elapsed time 48.55 s.
[010439.60]  01-26 17:54  CatalogFFTPower              INFO     Running mesh calculation.
[010456.83]  01-26 17:54  CatalogFFTPower              INFO     Mesh calculations performed in elapsed time 17.22 s.
[010456.83]  01-26 17:54  CatalogFFTPower              INFO     Power spectrum computed in elapsed time 65.78 s.
[010456.83]  01-26 17:54  CatalogFFTPower              INFO     Saving /pscratch/sd/s/shengyu/galaxies/catalogs/Y3/AbacusHF-v2/Boxes/QSO/sn0p950/AbacusSummit_base_c000_ph023/mpspk/pkpoles_QSO_zp0.950_DR2_v1.0+dv_repeat.npy.
[010456.83]  01-26 17:54  compute_2pt                  INFO     Save to /pscratch/sd/s/shengyu/galaxies/catalogs/Y3/AbacusHF-v2/Boxes/QSO/sn0p950/AbacusSummit_base_c000_ph023/mpspk/pkpoles_QSO_zp0.950_DR2_v1.0+dv_repeat.npy
[010456.83]  01-26 17:54  TwoPointCorrelationFunction  INFO     Using estimator <class 'pycorr.twopoint_estimator.NaturalTwoPointEstimator'>.
[010456.83]  01-26 17:54  TwoPointCorrelationFunction  INFO     Running auto-correlation.
[010456.83]  01-26 17:54  TwoPointCorrelationFunction  INFO     Computing two-point counts D1D2.
[010519.85]  01-26 17:55  TwoPointCorrelationFunction  INFO     Analytically computing two-point counts R1R2.
[010519.85]  01-26 17:55  TwoPointCorrelationFunction  INFO     Correlation function computed in elapsed time 63.02 s.
[010519.85]  01-26 17:55  NaturalTwoPointEstimator     INFO     Saving /pscratch/sd/s/shengyu/galaxies/catalogs/Y3/AbacusHF-v2/Boxes/QSO/sn0p950/AbacusSummit_base_c000_ph023/mpspk/mpslog_QSO_zp0.950_DR2_v1.0+dv_repeat.npy.
[010519.85]  01-26 17:55  compute_2pt                  INFO     Save to /pscratch/sd/s/shengyu/galaxies/catalogs/Y3/AbacusHF-v2/Boxes/QSO/sn0p950/AbacusSummit_base_c000_ph023/mpspk/mpslog_QSO_zp0.950_DR2_v1.0+dv_repeat.npy
[010519.85]  01-26 17:55  TwoPointCorrelationFunction  INFO     Using estimator <class 'pycorr.twopoint_estimator.NaturalTwoPointEstimator'>.
[010519.85]  01-26 17:55  TwoPointCorrelationFunction  INFO     Running auto-correlation.
[010519.85]  01-26 17:55  TwoPointCorrelationFunction  INFO     Computing two-point counts D1D2.
[010562.08]  01-26 17:56  TwoPointCorrelationFunction  INFO     Analytically computing two-point counts R1R2.
[010562.08]  01-26 17:56  TwoPointCorrelationFunction  INFO     Correlation function computed in elapsed time 42.22 s.
[010562.08]  01-26 17:56  NaturalTwoPointEstimator     INFO     Saving /pscratch/sd/s/shengyu/galaxies/catalogs/Y3/AbacusHF-v2/Boxes/QSO/sn0p950/AbacusSummit_base_c000_ph023/mpspk/wplog_QSO_zp0.950_DR2_v1.0+dv_repeat.npy.
[010562.08]  01-26 17:56  compute_2pt                  INFO     Save to /pscratch/sd/s/shengyu/galaxies/catalogs/Y3/AbacusHF-v2/Boxes/QSO/sn0p950/AbacusSummit_base_c000_ph023/mpspk/wplog_QSO_zp0.950_DR2_v1.0+dv_repeat.npy
[010562.09]  01-26 17:56  compute_2pt                  INFO     Procceed {'version': 'AbacusHF-v2', 'domain': 'cubic', 'tracer': 'QSO', 'zsnap': 0.95, 'zrange': (0.8, 1.1), 'mock_id': 24, 'use_dv': 'repeat'}
[010562.09]  01-26 17:56  cat_tools                    INFO     Load /pscratch/sd/s/shengyu/galaxies/catalogs/Y3/AbacusHF-v2/Boxes/QSO/sn0p950/AbacusSummit_base_c000_ph024/abacus_HF_QSO_0p950_DR2_v2.0_AbacusSummit_base_c000_ph024_base_clustering.dat.h5
[010562.09]  01-26 17:56  FileStack                    INFO     Reading /pscratch/sd/s/shengyu/galaxies/catalogs/Y3/AbacusHF-v2/Boxes/QSO/sn0p950/AbacusSummit_base_c000_ph024/abacus_HF_QSO_0p950_DR2_v2.0_AbacusSummit_base_c000_ph024_base_clustering.dat.h5.
[010562.09]  01-26 17:56  cat_tools                    INFO     use Z positions shifted in repeat mode
[010563.87]  01-26 17:56  TwoPointCorrelationFunction  INFO     Using estimator <class 'pycorr.twopoint_estimator.NaturalTwoPointEstimator'>.
[010563.87]  01-26 17:56  TwoPointCorrelationFunction  INFO     Running auto-correlation.
[010563.87]  01-26 17:56  TwoPointCorrelationFunction  INFO     Computing two-point counts D1D2.
[010821.57]  01-26 18:00  TwoPointCorrelationFunction  INFO     Analytically computing two-point counts R1R2.
[010821.57]  01-26 18:00  TwoPointCorrelationFunction  INFO     Correlation function computed in elapsed time 257.70 s.
[010821.57]  01-26 18:00  NaturalTwoPointEstimator     INFO     Saving /pscratch/sd/s/shengyu/galaxies/catalogs/Y3/AbacusHF-v2/Boxes/QSO/sn0p950/AbacusSummit_base_c000_ph024/mpspk/xipoles_QSO_zp0.950_DR2_v1.0+dv_repeat.npy.
[010821.57]  01-26 18:00  compute_2pt                  INFO     Save to /pscratch/sd/s/shengyu/galaxies/catalogs/Y3/AbacusHF-v2/Boxes/QSO/sn0p950/AbacusSummit_base_c000_ph024/mpspk/xipoles_QSO_zp0.950_DR2_v1.0+dv_repeat.npy
[010827.71]  01-26 18:00  CatalogFFTPower              INFO     Painting catalog 1 to mesh CatalogMesh(nmesh=[512 512 512], boxsize=[2000. 2000. 2000.], boxcenter=[1000.00007111 1000.00001669 1000.00001303], dtype=float64).
[010828.29]  01-26 18:00  CatalogMesh                  INFO     Slab 0 ~ 4194304 / 45497014.
[010829.38]  01-26 18:00  CatalogMesh                  INFO     Painted 4194304 out of 45497014 objects to mesh.
[010829.38]  01-26 18:00  CatalogMesh                  INFO     Slab 4194304 ~ 8388608 / 45497014.
[010830.45]  01-26 18:00  CatalogMesh                  INFO     Painted 8388608 out of 45497014 objects to mesh.
[010830.45]  01-26 18:00  CatalogMesh                  INFO     Slab 8388608 ~ 12582912 / 45497014.
[010831.52]  01-26 18:00  CatalogMesh                  INFO     Painted 12582912 out of 45497014 objects to mesh.
[010831.52]  01-26 18:00  CatalogMesh                  INFO     Slab 12582912 ~ 16777216 / 45497014.
[010832.59]  01-26 18:00  CatalogMesh                  INFO     Painted 16777216 out of 45497014 objects to mesh.
[010832.59]  01-26 18:00  CatalogMesh                  INFO     Slab 16777216 ~ 20971520 / 45497014.
[010833.66]  01-26 18:00  CatalogMesh                  INFO     Painted 20971520 out of 45497014 objects to mesh.
[010833.66]  01-26 18:00  CatalogMesh                  INFO     Slab 20971520 ~ 25165824 / 45497014.
[010834.74]  01-26 18:00  CatalogMesh                  INFO     Painted 25165824 out of 45497014 objects to mesh.
[010834.74]  01-26 18:00  CatalogMesh                  INFO     Slab 25165824 ~ 29360128 / 45497014.
[010835.81]  01-26 18:00  CatalogMesh                  INFO     Painted 29360128 out of 45497014 objects to mesh.
[010835.81]  01-26 18:00  CatalogMesh                  INFO     Slab 29360128 ~ 33554432 / 45497014.
[010836.91]  01-26 18:00  CatalogMesh                  INFO     Painted 33554432 out of 45497014 objects to mesh.
[010836.91]  01-26 18:00  CatalogMesh                  INFO     Slab 33554432 ~ 37748736 / 45497014.
[010838.11]  01-26 18:00  CatalogMesh                  INFO     Painted 37748736 out of 45497014 objects to mesh.
[010838.11]  01-26 18:00  CatalogMesh                  INFO     Slab 37748736 ~ 41943040 / 45497014.
[010839.32]  01-26 18:00  CatalogMesh                  INFO     Painted 41943040 out of 45497014 objects to mesh.
[010839.32]  01-26 18:00  CatalogMesh                  INFO     Slab 41943040 ~ 46137344 / 45497014.
[010840.33]  01-26 18:00  CatalogMesh                  INFO     Painted 45497014 out of 45497014 objects to mesh.
[010840.34]  01-26 18:00  CatalogMesh                  INFO     Running interlacing at order 3.
[010842.74]  01-26 18:00  CatalogMesh                  INFO     Slab 0 ~ 4194304 / 45497014.
[010843.81]  01-26 18:00  CatalogMesh                  INFO     Painted 4194304 out of 45497014 objects to mesh.
[010843.81]  01-26 18:00  CatalogMesh                  INFO     Slab 4194304 ~ 8388608 / 45497014.
[010844.88]  01-26 18:00  CatalogMesh                  INFO     Painted 8388608 out of 45497014 objects to mesh.
[010844.88]  01-26 18:00  CatalogMesh                  INFO     Slab 8388608 ~ 12582912 / 45497014.
[010845.95]  01-26 18:00  CatalogMesh                  INFO     Painted 12582912 out of 45497014 objects to mesh.
[010845.96]  01-26 18:00  CatalogMesh                  INFO     Slab 12582912 ~ 16777216 / 45497014.
[010847.03]  01-26 18:00  CatalogMesh                  INFO     Painted 16777216 out of 45497014 objects to mesh.
[010847.03]  01-26 18:00  CatalogMesh                  INFO     Slab 16777216 ~ 20971520 / 45497014.
[010848.10]  01-26 18:00  CatalogMesh                  INFO     Painted 20971520 out of 45497014 objects to mesh.
[010848.10]  01-26 18:00  CatalogMesh                  INFO     Slab 20971520 ~ 25165824 / 45497014.
[010849.18]  01-26 18:01  CatalogMesh                  INFO     Painted 25165824 out of 45497014 objects to mesh.
[010849.18]  01-26 18:01  CatalogMesh                  INFO     Slab 25165824 ~ 29360128 / 45497014.
[010850.24]  01-26 18:01  CatalogMesh                  INFO     Painted 29360128 out of 45497014 objects to mesh.
[010850.24]  01-26 18:01  CatalogMesh                  INFO     Slab 29360128 ~ 33554432 / 45497014.
[010851.33]  01-26 18:01  CatalogMesh                  INFO     Painted 33554432 out of 45497014 objects to mesh.
[010851.33]  01-26 18:01  CatalogMesh                  INFO     Slab 33554432 ~ 37748736 / 45497014.
[010852.53]  01-26 18:01  CatalogMesh                  INFO     Painted 37748736 out of 45497014 objects to mesh.
[010852.53]  01-26 18:01  CatalogMesh                  INFO     Slab 37748736 ~ 41943040 / 45497014.
[010853.73]  01-26 18:01  CatalogMesh                  INFO     Painted 41943040 out of 45497014 objects to mesh.
[010853.73]  01-26 18:01  CatalogMesh                  INFO     Slab 41943040 ~ 46137344 / 45497014.
[010854.74]  01-26 18:01  CatalogMesh                  INFO     Painted 45497014 out of 45497014 objects to mesh.
[010858.71]  01-26 18:01  CatalogMesh                  INFO     Slab 0 ~ 4194304 / 45497014.
[010859.78]  01-26 18:01  CatalogMesh                  INFO     Painted 4194304 out of 45497014 objects to mesh.
[010859.78]  01-26 18:01  CatalogMesh                  INFO     Slab 4194304 ~ 8388608 / 45497014.
[010860.86]  01-26 18:01  CatalogMesh                  INFO     Painted 8388608 out of 45497014 objects to mesh.
[010860.86]  01-26 18:01  CatalogMesh                  INFO     Slab 8388608 ~ 12582912 / 45497014.
[010861.94]  01-26 18:01  CatalogMesh                  INFO     Painted 12582912 out of 45497014 objects to mesh.
[010861.94]  01-26 18:01  CatalogMesh                  INFO     Slab 12582912 ~ 16777216 / 45497014.
[010863.01]  01-26 18:01  CatalogMesh                  INFO     Painted 16777216 out of 45497014 objects to mesh.
[010863.02]  01-26 18:01  CatalogMesh                  INFO     Slab 16777216 ~ 20971520 / 45497014.
[010864.09]  01-26 18:01  CatalogMesh                  INFO     Painted 20971520 out of 45497014 objects to mesh.
[010864.09]  01-26 18:01  CatalogMesh                  INFO     Slab 20971520 ~ 25165824 / 45497014.
[010865.16]  01-26 18:01  CatalogMesh                  INFO     Painted 25165824 out of 45497014 objects to mesh.
[010865.16]  01-26 18:01  CatalogMesh                  INFO     Slab 25165824 ~ 29360128 / 45497014.
[010866.23]  01-26 18:01  CatalogMesh                  INFO     Painted 29360128 out of 45497014 objects to mesh.
[010866.23]  01-26 18:01  CatalogMesh                  INFO     Slab 29360128 ~ 33554432 / 45497014.
[010867.32]  01-26 18:01  CatalogMesh                  INFO     Painted 33554432 out of 45497014 objects to mesh.
[010867.32]  01-26 18:01  CatalogMesh                  INFO     Slab 33554432 ~ 37748736 / 45497014.
[010868.52]  01-26 18:01  CatalogMesh                  INFO     Painted 37748736 out of 45497014 objects to mesh.
[010868.52]  01-26 18:01  CatalogMesh                  INFO     Slab 37748736 ~ 41943040 / 45497014.
[010869.71]  01-26 18:01  CatalogMesh                  INFO     Painted 41943040 out of 45497014 objects to mesh.
[010869.71]  01-26 18:01  CatalogMesh                  INFO     Slab 41943040 ~ 46137344 / 45497014.
[010870.73]  01-26 18:01  CatalogMesh                  INFO     Painted 45497014 out of 45497014 objects to mesh.
[010876.25]  01-26 18:01  CatalogFFTPower              INFO     Done painting catalog 1 to mesh.
[010876.25]  01-26 18:01  CatalogFFTPower              INFO     Using 400 k-bins between 0.000 and 0.400.
[010876.25]  01-26 18:01  CatalogFFTPower              INFO     Meshes prepared in elapsed time 48.53 s.
[010876.25]  01-26 18:01  CatalogFFTPower              INFO     Running mesh calculation.
[010893.48]  01-26 18:01  CatalogFFTPower              INFO     Mesh calculations performed in elapsed time 17.23 s.
[010893.48]  01-26 18:01  CatalogFFTPower              INFO     Power spectrum computed in elapsed time 65.77 s.
[010893.48]  01-26 18:01  CatalogFFTPower              INFO     Saving /pscratch/sd/s/shengyu/galaxies/catalogs/Y3/AbacusHF-v2/Boxes/QSO/sn0p950/AbacusSummit_base_c000_ph024/mpspk/pkpoles_QSO_zp0.950_DR2_v1.0+dv_repeat.npy.
[010893.48]  01-26 18:01  compute_2pt                  INFO     Save to /pscratch/sd/s/shengyu/galaxies/catalogs/Y3/AbacusHF-v2/Boxes/QSO/sn0p950/AbacusSummit_base_c000_ph024/mpspk/pkpoles_QSO_zp0.950_DR2_v1.0+dv_repeat.npy
[010893.48]  01-26 18:01  TwoPointCorrelationFunction  INFO     Using estimator <class 'pycorr.twopoint_estimator.NaturalTwoPointEstimator'>.
[010893.49]  01-26 18:01  TwoPointCorrelationFunction  INFO     Running auto-correlation.
[010893.49]  01-26 18:01  TwoPointCorrelationFunction  INFO     Computing two-point counts D1D2.
[010957.32]  01-26 18:02  TwoPointCorrelationFunction  INFO     Analytically computing two-point counts R1R2.
[010957.32]  01-26 18:02  TwoPointCorrelationFunction  INFO     Correlation function computed in elapsed time 63.84 s.
[010957.32]  01-26 18:02  NaturalTwoPointEstimator     INFO     Saving /pscratch/sd/s/shengyu/galaxies/catalogs/Y3/AbacusHF-v2/Boxes/QSO/sn0p950/AbacusSummit_base_c000_ph024/mpspk/mpslog_QSO_zp0.950_DR2_v1.0+dv_repeat.npy.
[010957.33]  01-26 18:02  compute_2pt                  INFO     Save to /pscratch/sd/s/shengyu/galaxies/catalogs/Y3/AbacusHF-v2/Boxes/QSO/sn0p950/AbacusSummit_base_c000_ph024/mpspk/mpslog_QSO_zp0.950_DR2_v1.0+dv_repeat.npy
[010957.33]  01-26 18:02  TwoPointCorrelationFunction  INFO     Using estimator <class 'pycorr.twopoint_estimator.NaturalTwoPointEstimator'>.
[010957.33]  01-26 18:02  TwoPointCorrelationFunction  INFO     Running auto-correlation.
[010957.33]  01-26 18:02  TwoPointCorrelationFunction  INFO     Computing two-point counts D1D2.
[010999.30]  01-26 18:03  TwoPointCorrelationFunction  INFO     Analytically computing two-point counts R1R2.
[010999.30]  01-26 18:03  TwoPointCorrelationFunction  INFO     Correlation function computed in elapsed time 41.98 s.
[010999.30]  01-26 18:03  NaturalTwoPointEstimator     INFO     Saving /pscratch/sd/s/shengyu/galaxies/catalogs/Y3/AbacusHF-v2/Boxes/QSO/sn0p950/AbacusSummit_base_c000_ph024/mpspk/wplog_QSO_zp0.950_DR2_v1.0+dv_repeat.npy.
[010999.31]  01-26 18:03  compute_2pt                  INFO     Save to /pscratch/sd/s/shengyu/galaxies/catalogs/Y3/AbacusHF-v2/Boxes/QSO/sn0p950/AbacusSummit_base_c000_ph024/mpspk/wplog_QSO_zp0.950_DR2_v1.0+dv_repeat.npy
[010999.31]  01-26 18:03  compute_2pt                  INFO     Procceed {'version': 'AbacusHF-v2', 'domain': 'cubic', 'tracer': 'QSO', 'zsnap': 1.25, 'zrange': (1.1, 1.4), 'mock_id': 0, 'use_dv': 'repeat'}
[010999.31]  01-26 18:03  cat_tools                    INFO     Load /pscratch/sd/s/shengyu/galaxies/catalogs/Y3/AbacusHF-v2/Boxes/QSO/sn1p250/AbacusSummit_base_c000_ph000/abacus_HF_QSO_1p250_DR2_v2.0_AbacusSummit_base_c000_ph000_base_clustering.dat.h5
[010999.31]  01-26 18:03  FileStack                    INFO     Reading /pscratch/sd/s/shengyu/galaxies/catalogs/Y3/AbacusHF-v2/Boxes/QSO/sn1p250/AbacusSummit_base_c000_ph000/abacus_HF_QSO_1p250_DR2_v2.0_AbacusSummit_base_c000_ph000_base_clustering.dat.h5.
[010999.32]  01-26 18:03  cat_tools                    INFO     use Z positions shifted in repeat mode
[011000.44]  01-26 18:03  TwoPointCorrelationFunction  INFO     Using estimator <class 'pycorr.twopoint_estimator.NaturalTwoPointEstimator'>.
[011000.44]  01-26 18:03  TwoPointCorrelationFunction  INFO     Running auto-correlation.
[011000.44]  01-26 18:03  TwoPointCorrelationFunction  INFO     Computing two-point counts D1D2.
[011105.65]  01-26 18:05  TwoPointCorrelationFunction  INFO     Analytically computing two-point counts R1R2.
[011105.65]  01-26 18:05  TwoPointCorrelationFunction  INFO     Correlation function computed in elapsed time 105.21 s.
[011105.65]  01-26 18:05  NaturalTwoPointEstimator     INFO     Saving /pscratch/sd/s/shengyu/galaxies/catalogs/Y3/AbacusHF-v2/Boxes/QSO/sn1p250/AbacusSummit_base_c000_ph000/mpspk/xipoles_QSO_zp1.250_DR2_v1.0+dv_repeat.npy.
[011105.66]  01-26 18:05  compute_2pt                  INFO     Save to /pscratch/sd/s/shengyu/galaxies/catalogs/Y3/AbacusHF-v2/Boxes/QSO/sn1p250/AbacusSummit_base_c000_ph000/mpspk/xipoles_QSO_zp1.250_DR2_v1.0+dv_repeat.npy
[011109.50]  01-26 18:05  CatalogFFTPower              INFO     Painting catalog 1 to mesh CatalogMesh(nmesh=[512 512 512], boxsize=[2000. 2000. 2000.], boxcenter=[1000.0000081   999.99993321 1000.00001363], dtype=float64).
[011109.90]  01-26 18:05  CatalogMesh                  INFO     Slab 0 ~ 4194304 / 28361842.
[011111.04]  01-26 18:05  CatalogMesh                  INFO     Painted 4194304 out of 28361842 objects to mesh.
[011111.04]  01-26 18:05  CatalogMesh                  INFO     Slab 4194304 ~ 8388608 / 28361842.
[011112.16]  01-26 18:05  CatalogMesh                  INFO     Painted 8388608 out of 28361842 objects to mesh.
[011112.16]  01-26 18:05  CatalogMesh                  INFO     Slab 8388608 ~ 12582912 / 28361842.
[011113.27]  01-26 18:05  CatalogMesh                  INFO     Painted 12582912 out of 28361842 objects to mesh.
[011113.28]  01-26 18:05  CatalogMesh                  INFO     Slab 12582912 ~ 16777216 / 28361842.
[011114.39]  01-26 18:05  CatalogMesh                  INFO     Painted 16777216 out of 28361842 objects to mesh.
[011114.39]  01-26 18:05  CatalogMesh                  INFO     Slab 16777216 ~ 20971520 / 28361842.
[011115.50]  01-26 18:05  CatalogMesh                  INFO     Painted 20971520 out of 28361842 objects to mesh.
[011115.51]  01-26 18:05  CatalogMesh                  INFO     Slab 20971520 ~ 25165824 / 28361842.
[011116.73]  01-26 18:05  CatalogMesh                  INFO     Painted 25165824 out of 28361842 objects to mesh.
[011116.73]  01-26 18:05  CatalogMesh                  INFO     Slab 25165824 ~ 29360128 / 28361842.
[011117.79]  01-26 18:05  CatalogMesh                  INFO     Painted 28361842 out of 28361842 objects to mesh.
[011117.79]  01-26 18:05  CatalogMesh                  INFO     Running interlacing at order 3.
[011120.06]  01-26 18:05  CatalogMesh                  INFO     Slab 0 ~ 4194304 / 28361842.
[011121.17]  01-26 18:05  CatalogMesh                  INFO     Painted 4194304 out of 28361842 objects to mesh.
[011121.17]  01-26 18:05  CatalogMesh                  INFO     Slab 4194304 ~ 8388608 / 28361842.
[011122.29]  01-26 18:05  CatalogMesh                  INFO     Painted 8388608 out of 28361842 objects to mesh.
[011122.29]  01-26 18:05  CatalogMesh                  INFO     Slab 8388608 ~ 12582912 / 28361842.
[011123.41]  01-26 18:05  CatalogMesh                  INFO     Painted 12582912 out of 28361842 objects to mesh.
[011123.41]  01-26 18:05  CatalogMesh                  INFO     Slab 12582912 ~ 16777216 / 28361842.
[011124.52]  01-26 18:05  CatalogMesh                  INFO     Painted 16777216 out of 28361842 objects to mesh.
[011124.52]  01-26 18:05  CatalogMesh                  INFO     Slab 16777216 ~ 20971520 / 28361842.
[011125.64]  01-26 18:05  CatalogMesh                  INFO     Painted 20971520 out of 28361842 objects to mesh.
[011125.64]  01-26 18:05  CatalogMesh                  INFO     Slab 20971520 ~ 25165824 / 28361842.
[011126.86]  01-26 18:05  CatalogMesh                  INFO     Painted 25165824 out of 28361842 objects to mesh.
[011126.86]  01-26 18:05  CatalogMesh                  INFO     Slab 25165824 ~ 29360128 / 28361842.
[011127.90]  01-26 18:05  CatalogMesh                  INFO     Painted 28361842 out of 28361842 objects to mesh.
[011131.72]  01-26 18:05  CatalogMesh                  INFO     Slab 0 ~ 4194304 / 28361842.
[011132.84]  01-26 18:05  CatalogMesh                  INFO     Painted 4194304 out of 28361842 objects to mesh.
[011132.84]  01-26 18:05  CatalogMesh                  INFO     Slab 4194304 ~ 8388608 / 28361842.
[011133.96]  01-26 18:05  CatalogMesh                  INFO     Painted 8388608 out of 28361842 objects to mesh.
[011133.96]  01-26 18:05  CatalogMesh                  INFO     Slab 8388608 ~ 12582912 / 28361842.
[011135.08]  01-26 18:05  CatalogMesh                  INFO     Painted 12582912 out of 28361842 objects to mesh.
[011135.08]  01-26 18:05  CatalogMesh                  INFO     Slab 12582912 ~ 16777216 / 28361842.
[011136.19]  01-26 18:05  CatalogMesh                  INFO     Painted 16777216 out of 28361842 objects to mesh.
[011136.19]  01-26 18:05  CatalogMesh                  INFO     Slab 16777216 ~ 20971520 / 28361842.
[011137.31]  01-26 18:05  CatalogMesh                  INFO     Painted 20971520 out of 28361842 objects to mesh.
[011137.31]  01-26 18:05  CatalogMesh                  INFO     Slab 20971520 ~ 25165824 / 28361842.
[011138.54]  01-26 18:05  CatalogMesh                  INFO     Painted 25165824 out of 28361842 objects to mesh.
[011138.54]  01-26 18:05  CatalogMesh                  INFO     Slab 25165824 ~ 29360128 / 28361842.
[011139.59]  01-26 18:05  CatalogMesh                  INFO     Painted 28361842 out of 28361842 objects to mesh.
[011145.28]  01-26 18:05  CatalogFFTPower              INFO     Done painting catalog 1 to mesh.
[011145.28]  01-26 18:05  CatalogFFTPower              INFO     Using 400 k-bins between 0.000 and 0.400.
[011145.28]  01-26 18:05  CatalogFFTPower              INFO     Meshes prepared in elapsed time 35.79 s.
[011145.28]  01-26 18:05  CatalogFFTPower              INFO     Running mesh calculation.
[011162.70]  01-26 18:06  CatalogFFTPower              INFO     Mesh calculations performed in elapsed time 17.42 s.
[011162.70]  01-26 18:06  CatalogFFTPower              INFO     Power spectrum computed in elapsed time 53.21 s.
[011162.70]  01-26 18:06  CatalogFFTPower              INFO     Saving /pscratch/sd/s/shengyu/galaxies/catalogs/Y3/AbacusHF-v2/Boxes/QSO/sn1p250/AbacusSummit_base_c000_ph000/mpspk/pkpoles_QSO_zp1.250_DR2_v1.0+dv_repeat.npy.
[011162.70]  01-26 18:06  compute_2pt                  INFO     Save to /pscratch/sd/s/shengyu/galaxies/catalogs/Y3/AbacusHF-v2/Boxes/QSO/sn1p250/AbacusSummit_base_c000_ph000/mpspk/pkpoles_QSO_zp1.250_DR2_v1.0+dv_repeat.npy
[011162.71]  01-26 18:06  TwoPointCorrelationFunction  INFO     Using estimator <class 'pycorr.twopoint_estimator.NaturalTwoPointEstimator'>.
[011162.71]  01-26 18:06  TwoPointCorrelationFunction  INFO     Running auto-correlation.
[011162.71]  01-26 18:06  TwoPointCorrelationFunction  INFO     Computing two-point counts D1D2.
[011184.94]  01-26 18:06  TwoPointCorrelationFunction  INFO     Analytically computing two-point counts R1R2.
[011184.94]  01-26 18:06  TwoPointCorrelationFunction  INFO     Correlation function computed in elapsed time 22.23 s.
[011184.94]  01-26 18:06  NaturalTwoPointEstimator     INFO     Saving /pscratch/sd/s/shengyu/galaxies/catalogs/Y3/AbacusHF-v2/Boxes/QSO/sn1p250/AbacusSummit_base_c000_ph000/mpspk/mpslog_QSO_zp1.250_DR2_v1.0+dv_repeat.npy.
[011184.94]  01-26 18:06  compute_2pt                  INFO     Save to /pscratch/sd/s/shengyu/galaxies/catalogs/Y3/AbacusHF-v2/Boxes/QSO/sn1p250/AbacusSummit_base_c000_ph000/mpspk/mpslog_QSO_zp1.250_DR2_v1.0+dv_repeat.npy
[011184.94]  01-26 18:06  TwoPointCorrelationFunction  INFO     Using estimator <class 'pycorr.twopoint_estimator.NaturalTwoPointEstimator'>.
[011184.94]  01-26 18:06  TwoPointCorrelationFunction  INFO     Running auto-correlation.
[011184.94]  01-26 18:06  TwoPointCorrelationFunction  INFO     Computing two-point counts D1D2.
[011208.60]  01-26 18:07  TwoPointCorrelationFunction  INFO     Analytically computing two-point counts R1R2.
[011208.60]  01-26 18:07  TwoPointCorrelationFunction  INFO     Correlation function computed in elapsed time 23.66 s.
[011208.60]  01-26 18:07  NaturalTwoPointEstimator     INFO     Saving /pscratch/sd/s/shengyu/galaxies/catalogs/Y3/AbacusHF-v2/Boxes/QSO/sn1p250/AbacusSummit_base_c000_ph000/mpspk/wplog_QSO_zp1.250_DR2_v1.0+dv_repeat.npy.
[011208.60]  01-26 18:07  compute_2pt                  INFO     Save to /pscratch/sd/s/shengyu/galaxies/catalogs/Y3/AbacusHF-v2/Boxes/QSO/sn1p250/AbacusSummit_base_c000_ph000/mpspk/wplog_QSO_zp1.250_DR2_v1.0+dv_repeat.npy
[011208.60]  01-26 18:07  compute_2pt                  INFO     Procceed {'version': 'AbacusHF-v2', 'domain': 'cubic', 'tracer': 'QSO', 'zsnap': 1.25, 'zrange': (1.1, 1.4), 'mock_id': 1, 'use_dv': 'repeat'}
[011208.60]  01-26 18:07  cat_tools                    INFO     Load /pscratch/sd/s/shengyu/galaxies/catalogs/Y3/AbacusHF-v2/Boxes/QSO/sn1p250/AbacusSummit_base_c000_ph001/abacus_HF_QSO_1p250_DR2_v2.0_AbacusSummit_base_c000_ph001_base_clustering.dat.h5
[011208.60]  01-26 18:07  FileStack                    INFO     Reading /pscratch/sd/s/shengyu/galaxies/catalogs/Y3/AbacusHF-v2/Boxes/QSO/sn1p250/AbacusSummit_base_c000_ph001/abacus_HF_QSO_1p250_DR2_v2.0_AbacusSummit_base_c000_ph001_base_clustering.dat.h5.
[011208.61]  01-26 18:07  cat_tools                    INFO     use Z positions shifted in repeat mode
[011209.73]  01-26 18:07  TwoPointCorrelationFunction  INFO     Using estimator <class 'pycorr.twopoint_estimator.NaturalTwoPointEstimator'>.
[011209.73]  01-26 18:07  TwoPointCorrelationFunction  INFO     Running auto-correlation.
[011209.73]  01-26 18:07  TwoPointCorrelationFunction  INFO     Computing two-point counts D1D2.
[011313.59]  01-26 18:08  TwoPointCorrelationFunction  INFO     Analytically computing two-point counts R1R2.
[011313.60]  01-26 18:08  TwoPointCorrelationFunction  INFO     Correlation function computed in elapsed time 103.87 s.
[011313.60]  01-26 18:08  NaturalTwoPointEstimator     INFO     Saving /pscratch/sd/s/shengyu/galaxies/catalogs/Y3/AbacusHF-v2/Boxes/QSO/sn1p250/AbacusSummit_base_c000_ph001/mpspk/xipoles_QSO_zp1.250_DR2_v1.0+dv_repeat.npy.
[011313.60]  01-26 18:08  compute_2pt                  INFO     Save to /pscratch/sd/s/shengyu/galaxies/catalogs/Y3/AbacusHF-v2/Boxes/QSO/sn1p250/AbacusSummit_base_c000_ph001/mpspk/xipoles_QSO_zp1.250_DR2_v1.0+dv_repeat.npy
[011317.45]  01-26 18:08  CatalogFFTPower              INFO     Painting catalog 1 to mesh CatalogMesh(nmesh=[512 512 512], boxsize=[2000. 2000. 2000.], boxcenter=[1000.00003031 1000.00007072 1000.00000559], dtype=float64).
[011317.86]  01-26 18:08  CatalogMesh                  INFO     Slab 0 ~ 4194304 / 28334002.
[011318.99]  01-26 18:08  CatalogMesh                  INFO     Painted 4194304 out of 28334002 objects to mesh.
[011318.99]  01-26 18:08  CatalogMesh                  INFO     Slab 4194304 ~ 8388608 / 28334002.
[011320.10]  01-26 18:08  CatalogMesh                  INFO     Painted 8388608 out of 28334002 objects to mesh.
[011320.10]  01-26 18:08  CatalogMesh                  INFO     Slab 8388608 ~ 12582912 / 28334002.
[011321.21]  01-26 18:08  CatalogMesh                  INFO     Painted 12582912 out of 28334002 objects to mesh.
[011321.21]  01-26 18:08  CatalogMesh                  INFO     Slab 12582912 ~ 16777216 / 28334002.
[011322.33]  01-26 18:08  CatalogMesh                  INFO     Painted 16777216 out of 28334002 objects to mesh.
[011322.34]  01-26 18:08  CatalogMesh                  INFO     Slab 16777216 ~ 20971520 / 28334002.
[011323.45]  01-26 18:08  CatalogMesh                  INFO     Painted 20971520 out of 28334002 objects to mesh.
[011323.45]  01-26 18:08  CatalogMesh                  INFO     Slab 20971520 ~ 25165824 / 28334002.
[011324.67]  01-26 18:08  CatalogMesh                  INFO     Painted 25165824 out of 28334002 objects to mesh.
[011324.67]  01-26 18:08  CatalogMesh                  INFO     Slab 25165824 ~ 29360128 / 28334002.
[011325.70]  01-26 18:08  CatalogMesh                  INFO     Painted 28334002 out of 28334002 objects to mesh.
[011325.70]  01-26 18:08  CatalogMesh                  INFO     Running interlacing at order 3.
[011327.94]  01-26 18:08  CatalogMesh                  INFO     Slab 0 ~ 4194304 / 28334002.
[011329.04]  01-26 18:09  CatalogMesh                  INFO     Painted 4194304 out of 28334002 objects to mesh.
[011329.04]  01-26 18:09  CatalogMesh                  INFO     Slab 4194304 ~ 8388608 / 28334002.
[011330.15]  01-26 18:09  CatalogMesh                  INFO     Painted 8388608 out of 28334002 objects to mesh.
[011330.15]  01-26 18:09  CatalogMesh                  INFO     Slab 8388608 ~ 12582912 / 28334002.
[011331.27]  01-26 18:09  CatalogMesh                  INFO     Painted 12582912 out of 28334002 objects to mesh.
[011331.27]  01-26 18:09  CatalogMesh                  INFO     Slab 12582912 ~ 16777216 / 28334002.
[011332.38]  01-26 18:09  CatalogMesh                  INFO     Painted 16777216 out of 28334002 objects to mesh.
[011332.38]  01-26 18:09  CatalogMesh                  INFO     Slab 16777216 ~ 20971520 / 28334002.
[011333.49]  01-26 18:09  CatalogMesh                  INFO     Painted 20971520 out of 28334002 objects to mesh.
[011333.49]  01-26 18:09  CatalogMesh                  INFO     Slab 20971520 ~ 25165824 / 28334002.
[011334.72]  01-26 18:09  CatalogMesh                  INFO     Painted 25165824 out of 28334002 objects to mesh.
[011334.72]  01-26 18:09  CatalogMesh                  INFO     Slab 25165824 ~ 29360128 / 28334002.
[011335.75]  01-26 18:09  CatalogMesh                  INFO     Painted 28334002 out of 28334002 objects to mesh.
[011339.54]  01-26 18:09  CatalogMesh                  INFO     Slab 0 ~ 4194304 / 28334002.
[011340.65]  01-26 18:09  CatalogMesh                  INFO     Painted 4194304 out of 28334002 objects to mesh.
[011340.65]  01-26 18:09  CatalogMesh                  INFO     Slab 4194304 ~ 8388608 / 28334002.
[011341.76]  01-26 18:09  CatalogMesh                  INFO     Painted 8388608 out of 28334002 objects to mesh.
[011341.76]  01-26 18:09  CatalogMesh                  INFO     Slab 8388608 ~ 12582912 / 28334002.
[011342.87]  01-26 18:09  CatalogMesh                  INFO     Painted 12582912 out of 28334002 objects to mesh.
[011342.87]  01-26 18:09  CatalogMesh                  INFO     Slab 12582912 ~ 16777216 / 28334002.
[011343.98]  01-26 18:09  CatalogMesh                  INFO     Painted 16777216 out of 28334002 objects to mesh.
[011343.98]  01-26 18:09  CatalogMesh                  INFO     Slab 16777216 ~ 20971520 / 28334002.
[011345.09]  01-26 18:09  CatalogMesh                  INFO     Painted 20971520 out of 28334002 objects to mesh.
[011345.09]  01-26 18:09  CatalogMesh                  INFO     Slab 20971520 ~ 25165824 / 28334002.
[011346.31]  01-26 18:09  CatalogMesh                  INFO     Painted 25165824 out of 28334002 objects to mesh.
[011346.31]  01-26 18:09  CatalogMesh                  INFO     Slab 25165824 ~ 29360128 / 28334002.
[011347.34]  01-26 18:09  CatalogMesh                  INFO     Painted 28334002 out of 28334002 objects to mesh.
[011352.84]  01-26 18:09  CatalogFFTPower              INFO     Done painting catalog 1 to mesh.
[011352.84]  01-26 18:09  CatalogFFTPower              INFO     Using 400 k-bins between 0.000 and 0.400.
[011352.84]  01-26 18:09  CatalogFFTPower              INFO     Meshes prepared in elapsed time 35.39 s.
[011352.85]  01-26 18:09  CatalogFFTPower              INFO     Running mesh calculation.
[011370.05]  01-26 18:09  CatalogFFTPower              INFO     Mesh calculations performed in elapsed time 17.20 s.
[011370.05]  01-26 18:09  CatalogFFTPower              INFO     Power spectrum computed in elapsed time 52.59 s.
[011370.05]  01-26 18:09  CatalogFFTPower              INFO     Saving /pscratch/sd/s/shengyu/galaxies/catalogs/Y3/AbacusHF-v2/Boxes/QSO/sn1p250/AbacusSummit_base_c000_ph001/mpspk/pkpoles_QSO_zp1.250_DR2_v1.0+dv_repeat.npy.
[011370.05]  01-26 18:09  compute_2pt                  INFO     Save to /pscratch/sd/s/shengyu/galaxies/catalogs/Y3/AbacusHF-v2/Boxes/QSO/sn1p250/AbacusSummit_base_c000_ph001/mpspk/pkpoles_QSO_zp1.250_DR2_v1.0+dv_repeat.npy
[011370.05]  01-26 18:09  TwoPointCorrelationFunction  INFO     Using estimator <class 'pycorr.twopoint_estimator.NaturalTwoPointEstimator'>.
[011370.05]  01-26 18:09  TwoPointCorrelationFunction  INFO     Running auto-correlation.
[011370.05]  01-26 18:09  TwoPointCorrelationFunction  INFO     Computing two-point counts D1D2.
[011395.01]  01-26 18:10  TwoPointCorrelationFunction  INFO     Analytically computing two-point counts R1R2.
[011395.01]  01-26 18:10  TwoPointCorrelationFunction  INFO     Correlation function computed in elapsed time 24.96 s.
[011395.01]  01-26 18:10  NaturalTwoPointEstimator     INFO     Saving /pscratch/sd/s/shengyu/galaxies/catalogs/Y3/AbacusHF-v2/Boxes/QSO/sn1p250/AbacusSummit_base_c000_ph001/mpspk/mpslog_QSO_zp1.250_DR2_v1.0+dv_repeat.npy.
[011395.02]  01-26 18:10  compute_2pt                  INFO     Save to /pscratch/sd/s/shengyu/galaxies/catalogs/Y3/AbacusHF-v2/Boxes/QSO/sn1p250/AbacusSummit_base_c000_ph001/mpspk/mpslog_QSO_zp1.250_DR2_v1.0+dv_repeat.npy
[011395.02]  01-26 18:10  TwoPointCorrelationFunction  INFO     Using estimator <class 'pycorr.twopoint_estimator.NaturalTwoPointEstimator'>.
[011395.02]  01-26 18:10  TwoPointCorrelationFunction  INFO     Running auto-correlation.
[011395.02]  01-26 18:10  TwoPointCorrelationFunction  INFO     Computing two-point counts D1D2.
[011418.68]  01-26 18:10  TwoPointCorrelationFunction  INFO     Analytically computing two-point counts R1R2.
[011418.68]  01-26 18:10  TwoPointCorrelationFunction  INFO     Correlation function computed in elapsed time 23.66 s.
[011418.68]  01-26 18:10  NaturalTwoPointEstimator     INFO     Saving /pscratch/sd/s/shengyu/galaxies/catalogs/Y3/AbacusHF-v2/Boxes/QSO/sn1p250/AbacusSummit_base_c000_ph001/mpspk/wplog_QSO_zp1.250_DR2_v1.0+dv_repeat.npy.
[011418.68]  01-26 18:10  compute_2pt                  INFO     Save to /pscratch/sd/s/shengyu/galaxies/catalogs/Y3/AbacusHF-v2/Boxes/QSO/sn1p250/AbacusSummit_base_c000_ph001/mpspk/wplog_QSO_zp1.250_DR2_v1.0+dv_repeat.npy
[011418.68]  01-26 18:10  compute_2pt                  INFO     Procceed {'version': 'AbacusHF-v2', 'domain': 'cubic', 'tracer': 'QSO', 'zsnap': 1.25, 'zrange': (1.1, 1.4), 'mock_id': 2, 'use_dv': 'repeat'}
[011418.68]  01-26 18:10  cat_tools                    INFO     Load /pscratch/sd/s/shengyu/galaxies/catalogs/Y3/AbacusHF-v2/Boxes/QSO/sn1p250/AbacusSummit_base_c000_ph002/abacus_HF_QSO_1p250_DR2_v2.0_AbacusSummit_base_c000_ph002_base_clustering.dat.h5
[011418.68]  01-26 18:10  FileStack                    INFO     Reading /pscratch/sd/s/shengyu/galaxies/catalogs/Y3/AbacusHF-v2/Boxes/QSO/sn1p250/AbacusSummit_base_c000_ph002/abacus_HF_QSO_1p250_DR2_v2.0_AbacusSummit_base_c000_ph002_base_clustering.dat.h5.
[011418.69]  01-26 18:10  cat_tools                    INFO     use Z positions shifted in repeat mode
[011419.81]  01-26 18:10  TwoPointCorrelationFunction  INFO     Using estimator <class 'pycorr.twopoint_estimator.NaturalTwoPointEstimator'>.
[011419.81]  01-26 18:10  TwoPointCorrelationFunction  INFO     Running auto-correlation.
[011419.81]  01-26 18:10  TwoPointCorrelationFunction  INFO     Computing two-point counts D1D2.
[011522.52]  01-26 18:12  TwoPointCorrelationFunction  INFO     Analytically computing two-point counts R1R2.
[011522.52]  01-26 18:12  TwoPointCorrelationFunction  INFO     Correlation function computed in elapsed time 102.71 s.
[011522.52]  01-26 18:12  NaturalTwoPointEstimator     INFO     Saving /pscratch/sd/s/shengyu/galaxies/catalogs/Y3/AbacusHF-v2/Boxes/QSO/sn1p250/AbacusSummit_base_c000_ph002/mpspk/xipoles_QSO_zp1.250_DR2_v1.0+dv_repeat.npy.
[011522.52]  01-26 18:12  compute_2pt                  INFO     Save to /pscratch/sd/s/shengyu/galaxies/catalogs/Y3/AbacusHF-v2/Boxes/QSO/sn1p250/AbacusSummit_base_c000_ph002/mpspk/xipoles_QSO_zp1.250_DR2_v1.0+dv_repeat.npy
[011526.35]  01-26 18:12  CatalogFFTPower              INFO     Painting catalog 1 to mesh CatalogMesh(nmesh=[512 512 512], boxsize=[2000. 2000. 2000.], boxcenter=[1000.00000828  999.99999139  999.99999802], dtype=float64).
[011526.75]  01-26 18:12  CatalogMesh                  INFO     Slab 0 ~ 4194304 / 28376362.
[011527.87]  01-26 18:12  CatalogMesh                  INFO     Painted 4194304 out of 28376362 objects to mesh.
[011527.87]  01-26 18:12  CatalogMesh                  INFO     Slab 4194304 ~ 8388608 / 28376362.
[011528.98]  01-26 18:12  CatalogMesh                  INFO     Painted 8388608 out of 28376362 objects to mesh.
[011528.98]  01-26 18:12  CatalogMesh                  INFO     Slab 8388608 ~ 12582912 / 28376362.
[011530.08]  01-26 18:12  CatalogMesh                  INFO     Painted 12582912 out of 28376362 objects to mesh.
[011530.09]  01-26 18:12  CatalogMesh                  INFO     Slab 12582912 ~ 16777216 / 28376362.
[011531.19]  01-26 18:12  CatalogMesh                  INFO     Painted 16777216 out of 28376362 objects to mesh.
[011531.19]  01-26 18:12  CatalogMesh                  INFO     Slab 16777216 ~ 20971520 / 28376362.
[011532.30]  01-26 18:12  CatalogMesh                  INFO     Painted 20971520 out of 28376362 objects to mesh.
[011532.30]  01-26 18:12  CatalogMesh                  INFO     Slab 20971520 ~ 25165824 / 28376362.
[011533.52]  01-26 18:12  CatalogMesh                  INFO     Painted 25165824 out of 28376362 objects to mesh.
[011533.52]  01-26 18:12  CatalogMesh                  INFO     Slab 25165824 ~ 29360128 / 28376362.
[011534.56]  01-26 18:12  CatalogMesh                  INFO     Painted 28376362 out of 28376362 objects to mesh.
[011534.57]  01-26 18:12  CatalogMesh                  INFO     Running interlacing at order 3.
[011536.80]  01-26 18:12  CatalogMesh                  INFO     Slab 0 ~ 4194304 / 28376362.
[011537.91]  01-26 18:12  CatalogMesh                  INFO     Painted 4194304 out of 28376362 objects to mesh.
[011537.91]  01-26 18:12  CatalogMesh                  INFO     Slab 4194304 ~ 8388608 / 28376362.
[011539.02]  01-26 18:12  CatalogMesh                  INFO     Painted 8388608 out of 28376362 objects to mesh.
[011539.02]  01-26 18:12  CatalogMesh                  INFO     Slab 8388608 ~ 12582912 / 28376362.
[011540.13]  01-26 18:12  CatalogMesh                  INFO     Painted 12582912 out of 28376362 objects to mesh.
[011540.13]  01-26 18:12  CatalogMesh                  INFO     Slab 12582912 ~ 16777216 / 28376362.
[011541.23]  01-26 18:12  CatalogMesh                  INFO     Painted 16777216 out of 28376362 objects to mesh.
[011541.23]  01-26 18:12  CatalogMesh                  INFO     Slab 16777216 ~ 20971520 / 28376362.
[011542.34]  01-26 18:12  CatalogMesh                  INFO     Painted 20971520 out of 28376362 objects to mesh.
[011542.34]  01-26 18:12  CatalogMesh                  INFO     Slab 20971520 ~ 25165824 / 28376362.
[011543.55]  01-26 18:12  CatalogMesh                  INFO     Painted 25165824 out of 28376362 objects to mesh.
[011543.55]  01-26 18:12  CatalogMesh                  INFO     Slab 25165824 ~ 29360128 / 28376362.
[011544.60]  01-26 18:12  CatalogMesh                  INFO     Painted 28376362 out of 28376362 objects to mesh.
[011548.39]  01-26 18:12  CatalogMesh                  INFO     Slab 0 ~ 4194304 / 28376362.
[011549.49]  01-26 18:12  CatalogMesh                  INFO     Painted 4194304 out of 28376362 objects to mesh.
[011549.49]  01-26 18:12  CatalogMesh                  INFO     Slab 4194304 ~ 8388608 / 28376362.
[011550.60]  01-26 18:12  CatalogMesh                  INFO     Painted 8388608 out of 28376362 objects to mesh.
[011550.60]  01-26 18:12  CatalogMesh                  INFO     Slab 8388608 ~ 12582912 / 28376362.
[011551.71]  01-26 18:12  CatalogMesh                  INFO     Painted 12582912 out of 28376362 objects to mesh.
[011551.71]  01-26 18:12  CatalogMesh                  INFO     Slab 12582912 ~ 16777216 / 28376362.
[011552.82]  01-26 18:12  CatalogMesh                  INFO     Painted 16777216 out of 28376362 objects to mesh.
[011552.82]  01-26 18:12  CatalogMesh                  INFO     Slab 16777216 ~ 20971520 / 28376362.
[011553.93]  01-26 18:12  CatalogMesh                  INFO     Painted 20971520 out of 28376362 objects to mesh.
[011553.93]  01-26 18:12  CatalogMesh                  INFO     Slab 20971520 ~ 25165824 / 28376362.
[011555.14]  01-26 18:12  CatalogMesh                  INFO     Painted 25165824 out of 28376362 objects to mesh.
[011555.14]  01-26 18:12  CatalogMesh                  INFO     Slab 25165824 ~ 29360128 / 28376362.
[011556.18]  01-26 18:12  CatalogMesh                  INFO     Painted 28376362 out of 28376362 objects to mesh.
[011561.70]  01-26 18:12  CatalogFFTPower              INFO     Done painting catalog 1 to mesh.
[011561.70]  01-26 18:12  CatalogFFTPower              INFO     Using 400 k-bins between 0.000 and 0.400.
[011561.70]  01-26 18:12  CatalogFFTPower              INFO     Meshes prepared in elapsed time 35.36 s.
[011561.70]  01-26 18:12  CatalogFFTPower              INFO     Running mesh calculation.
[011578.91]  01-26 18:13  CatalogFFTPower              INFO     Mesh calculations performed in elapsed time 17.20 s.
[011578.91]  01-26 18:13  CatalogFFTPower              INFO     Power spectrum computed in elapsed time 52.56 s.
[011578.91]  01-26 18:13  CatalogFFTPower              INFO     Saving /pscratch/sd/s/shengyu/galaxies/catalogs/Y3/AbacusHF-v2/Boxes/QSO/sn1p250/AbacusSummit_base_c000_ph002/mpspk/pkpoles_QSO_zp1.250_DR2_v1.0+dv_repeat.npy.
[011578.92]  01-26 18:13  compute_2pt                  INFO     Save to /pscratch/sd/s/shengyu/galaxies/catalogs/Y3/AbacusHF-v2/Boxes/QSO/sn1p250/AbacusSummit_base_c000_ph002/mpspk/pkpoles_QSO_zp1.250_DR2_v1.0+dv_repeat.npy
[011578.92]  01-26 18:13  TwoPointCorrelationFunction  INFO     Using estimator <class 'pycorr.twopoint_estimator.NaturalTwoPointEstimator'>.
[011578.92]  01-26 18:13  TwoPointCorrelationFunction  INFO     Running auto-correlation.
[011578.92]  01-26 18:13  TwoPointCorrelationFunction  INFO     Computing two-point counts D1D2.
[011603.65]  01-26 18:13  TwoPointCorrelationFunction  INFO     Analytically computing two-point counts R1R2.
[011603.65]  01-26 18:13  TwoPointCorrelationFunction  INFO     Correlation function computed in elapsed time 24.74 s.
[011603.65]  01-26 18:13  NaturalTwoPointEstimator     INFO     Saving /pscratch/sd/s/shengyu/galaxies/catalogs/Y3/AbacusHF-v2/Boxes/QSO/sn1p250/AbacusSummit_base_c000_ph002/mpspk/mpslog_QSO_zp1.250_DR2_v1.0+dv_repeat.npy.
[011603.66]  01-26 18:13  compute_2pt                  INFO     Save to /pscratch/sd/s/shengyu/galaxies/catalogs/Y3/AbacusHF-v2/Boxes/QSO/sn1p250/AbacusSummit_base_c000_ph002/mpspk/mpslog_QSO_zp1.250_DR2_v1.0+dv_repeat.npy
[011603.66]  01-26 18:13  TwoPointCorrelationFunction  INFO     Using estimator <class 'pycorr.twopoint_estimator.NaturalTwoPointEstimator'>.
[011603.66]  01-26 18:13  TwoPointCorrelationFunction  INFO     Running auto-correlation.
[011603.66]  01-26 18:13  TwoPointCorrelationFunction  INFO     Computing two-point counts D1D2.
[011627.22]  01-26 18:13  TwoPointCorrelationFunction  INFO     Analytically computing two-point counts R1R2.
[011627.22]  01-26 18:13  TwoPointCorrelationFunction  INFO     Correlation function computed in elapsed time 23.56 s.
[011627.22]  01-26 18:13  NaturalTwoPointEstimator     INFO     Saving /pscratch/sd/s/shengyu/galaxies/catalogs/Y3/AbacusHF-v2/Boxes/QSO/sn1p250/AbacusSummit_base_c000_ph002/mpspk/wplog_QSO_zp1.250_DR2_v1.0+dv_repeat.npy.
[011627.23]  01-26 18:13  compute_2pt                  INFO     Save to /pscratch/sd/s/shengyu/galaxies/catalogs/Y3/AbacusHF-v2/Boxes/QSO/sn1p250/AbacusSummit_base_c000_ph002/mpspk/wplog_QSO_zp1.250_DR2_v1.0+dv_repeat.npy
[011627.23]  01-26 18:13  compute_2pt                  INFO     Procceed {'version': 'AbacusHF-v2', 'domain': 'cubic', 'tracer': 'QSO', 'zsnap': 1.25, 'zrange': (1.1, 1.4), 'mock_id': 3, 'use_dv': 'repeat'}
[011627.23]  01-26 18:13  cat_tools                    INFO     Load /pscratch/sd/s/shengyu/galaxies/catalogs/Y3/AbacusHF-v2/Boxes/QSO/sn1p250/AbacusSummit_base_c000_ph003/abacus_HF_QSO_1p250_DR2_v2.0_AbacusSummit_base_c000_ph003_base_clustering.dat.h5
[011627.23]  01-26 18:13  FileStack                    INFO     Reading /pscratch/sd/s/shengyu/galaxies/catalogs/Y3/AbacusHF-v2/Boxes/QSO/sn1p250/AbacusSummit_base_c000_ph003/abacus_HF_QSO_1p250_DR2_v2.0_AbacusSummit_base_c000_ph003_base_clustering.dat.h5.
[011627.23]  01-26 18:13  cat_tools                    INFO     use Z positions shifted in repeat mode
[011628.35]  01-26 18:13  TwoPointCorrelationFunction  INFO     Using estimator <class 'pycorr.twopoint_estimator.NaturalTwoPointEstimator'>.
[011628.35]  01-26 18:13  TwoPointCorrelationFunction  INFO     Running auto-correlation.
[011628.35]  01-26 18:13  TwoPointCorrelationFunction  INFO     Computing two-point counts D1D2.
[011733.71]  01-26 18:15  TwoPointCorrelationFunction  INFO     Analytically computing two-point counts R1R2.
[011733.71]  01-26 18:15  TwoPointCorrelationFunction  INFO     Correlation function computed in elapsed time 105.36 s.
[011733.71]  01-26 18:15  NaturalTwoPointEstimator     INFO     Saving /pscratch/sd/s/shengyu/galaxies/catalogs/Y3/AbacusHF-v2/Boxes/QSO/sn1p250/AbacusSummit_base_c000_ph003/mpspk/xipoles_QSO_zp1.250_DR2_v1.0+dv_repeat.npy.
[011733.72]  01-26 18:15  compute_2pt                  INFO     Save to /pscratch/sd/s/shengyu/galaxies/catalogs/Y3/AbacusHF-v2/Boxes/QSO/sn1p250/AbacusSummit_base_c000_ph003/mpspk/xipoles_QSO_zp1.250_DR2_v1.0+dv_repeat.npy
[011737.54]  01-26 18:15  CatalogFFTPower              INFO     Painting catalog 1 to mesh CatalogMesh(nmesh=[512 512 512], boxsize=[2000. 2000. 2000.], boxcenter=[1000.00000062  999.99996393  999.99996403], dtype=float64).
[011737.95]  01-26 18:15  CatalogMesh                  INFO     Slab 0 ~ 4194304 / 28332710.
[011739.08]  01-26 18:15  CatalogMesh                  INFO     Painted 4194304 out of 28332710 objects to mesh.
[011739.08]  01-26 18:15  CatalogMesh                  INFO     Slab 4194304 ~ 8388608 / 28332710.
[011740.19]  01-26 18:15  CatalogMesh                  INFO     Painted 8388608 out of 28332710 objects to mesh.
[011740.19]  01-26 18:15  CatalogMesh                  INFO     Slab 8388608 ~ 12582912 / 28332710.
[011741.31]  01-26 18:15  CatalogMesh                  INFO     Painted 12582912 out of 28332710 objects to mesh.
[011741.31]  01-26 18:15  CatalogMesh                  INFO     Slab 12582912 ~ 16777216 / 28332710.
[011742.42]  01-26 18:15  CatalogMesh                  INFO     Painted 16777216 out of 28332710 objects to mesh.
[011742.42]  01-26 18:15  CatalogMesh                  INFO     Slab 16777216 ~ 20971520 / 28332710.
[011743.53]  01-26 18:15  CatalogMesh                  INFO     Painted 20971520 out of 28332710 objects to mesh.
[011743.53]  01-26 18:15  CatalogMesh                  INFO     Slab 20971520 ~ 25165824 / 28332710.
[011744.74]  01-26 18:15  CatalogMesh                  INFO     Painted 25165824 out of 28332710 objects to mesh.
[011744.74]  01-26 18:15  CatalogMesh                  INFO     Slab 25165824 ~ 29360128 / 28332710.
[011745.77]  01-26 18:15  CatalogMesh                  INFO     Painted 28332710 out of 28332710 objects to mesh.
[011745.78]  01-26 18:15  CatalogMesh                  INFO     Running interlacing at order 3.
[011748.02]  01-26 18:15  CatalogMesh                  INFO     Slab 0 ~ 4194304 / 28332710.
[011749.13]  01-26 18:16  CatalogMesh                  INFO     Painted 4194304 out of 28332710 objects to mesh.
[011749.13]  01-26 18:16  CatalogMesh                  INFO     Slab 4194304 ~ 8388608 / 28332710.
[011750.24]  01-26 18:16  CatalogMesh                  INFO     Painted 8388608 out of 28332710 objects to mesh.
[011750.24]  01-26 18:16  CatalogMesh                  INFO     Slab 8388608 ~ 12582912 / 28332710.
[011751.35]  01-26 18:16  CatalogMesh                  INFO     Painted 12582912 out of 28332710 objects to mesh.
[011751.35]  01-26 18:16  CatalogMesh                  INFO     Slab 12582912 ~ 16777216 / 28332710.
[011752.46]  01-26 18:16  CatalogMesh                  INFO     Painted 16777216 out of 28332710 objects to mesh.
[011752.46]  01-26 18:16  CatalogMesh                  INFO     Slab 16777216 ~ 20971520 / 28332710.
[011753.57]  01-26 18:16  CatalogMesh                  INFO     Painted 20971520 out of 28332710 objects to mesh.
[011753.57]  01-26 18:16  CatalogMesh                  INFO     Slab 20971520 ~ 25165824 / 28332710.
[011754.78]  01-26 18:16  CatalogMesh                  INFO     Painted 25165824 out of 28332710 objects to mesh.
[011754.79]  01-26 18:16  CatalogMesh                  INFO     Slab 25165824 ~ 29360128 / 28332710.
[011755.82]  01-26 18:16  CatalogMesh                  INFO     Painted 28332710 out of 28332710 objects to mesh.
[011759.62]  01-26 18:16  CatalogMesh                  INFO     Slab 0 ~ 4194304 / 28332710.
[011760.72]  01-26 18:16  CatalogMesh                  INFO     Painted 4194304 out of 28332710 objects to mesh.
[011760.72]  01-26 18:16  CatalogMesh                  INFO     Slab 4194304 ~ 8388608 / 28332710.
[011761.83]  01-26 18:16  CatalogMesh                  INFO     Painted 8388608 out of 28332710 objects to mesh.
[011761.83]  01-26 18:16  CatalogMesh                  INFO     Slab 8388608 ~ 12582912 / 28332710.
[011762.94]  01-26 18:16  CatalogMesh                  INFO     Painted 12582912 out of 28332710 objects to mesh.
[011762.94]  01-26 18:16  CatalogMesh                  INFO     Slab 12582912 ~ 16777216 / 28332710.
[011764.05]  01-26 18:16  CatalogMesh                  INFO     Painted 16777216 out of 28332710 objects to mesh.
[011764.05]  01-26 18:16  CatalogMesh                  INFO     Slab 16777216 ~ 20971520 / 28332710.
[011765.17]  01-26 18:16  CatalogMesh                  INFO     Painted 20971520 out of 28332710 objects to mesh.
[011765.17]  01-26 18:16  CatalogMesh                  INFO     Slab 20971520 ~ 25165824 / 28332710.
[011766.38]  01-26 18:16  CatalogMesh                  INFO     Painted 25165824 out of 28332710 objects to mesh.
[011766.38]  01-26 18:16  CatalogMesh                  INFO     Slab 25165824 ~ 29360128 / 28332710.
[011767.41]  01-26 18:16  CatalogMesh                  INFO     Painted 28332710 out of 28332710 objects to mesh.
[011772.93]  01-26 18:16  CatalogFFTPower              INFO     Done painting catalog 1 to mesh.
[011772.93]  01-26 18:16  CatalogFFTPower              INFO     Using 400 k-bins between 0.000 and 0.400.
[011772.93]  01-26 18:16  CatalogFFTPower              INFO     Meshes prepared in elapsed time 35.39 s.
[011772.93]  01-26 18:16  CatalogFFTPower              INFO     Running mesh calculation.
[011790.13]  01-26 18:16  CatalogFFTPower              INFO     Mesh calculations performed in elapsed time 17.20 s.
[011790.13]  01-26 18:16  CatalogFFTPower              INFO     Power spectrum computed in elapsed time 52.58 s.
[011790.13]  01-26 18:16  CatalogFFTPower              INFO     Saving /pscratch/sd/s/shengyu/galaxies/catalogs/Y3/AbacusHF-v2/Boxes/QSO/sn1p250/AbacusSummit_base_c000_ph003/mpspk/pkpoles_QSO_zp1.250_DR2_v1.0+dv_repeat.npy.
[011790.13]  01-26 18:16  compute_2pt                  INFO     Save to /pscratch/sd/s/shengyu/galaxies/catalogs/Y3/AbacusHF-v2/Boxes/QSO/sn1p250/AbacusSummit_base_c000_ph003/mpspk/pkpoles_QSO_zp1.250_DR2_v1.0+dv_repeat.npy
[011790.13]  01-26 18:16  TwoPointCorrelationFunction  INFO     Using estimator <class 'pycorr.twopoint_estimator.NaturalTwoPointEstimator'>.
[011790.13]  01-26 18:16  TwoPointCorrelationFunction  INFO     Running auto-correlation.
[011790.13]  01-26 18:16  TwoPointCorrelationFunction  INFO     Computing two-point counts D1D2.
[011814.09]  01-26 18:17  TwoPointCorrelationFunction  INFO     Analytically computing two-point counts R1R2.
[011814.09]  01-26 18:17  TwoPointCorrelationFunction  INFO     Correlation function computed in elapsed time 23.96 s.
[011814.09]  01-26 18:17  NaturalTwoPointEstimator     INFO     Saving /pscratch/sd/s/shengyu/galaxies/catalogs/Y3/AbacusHF-v2/Boxes/QSO/sn1p250/AbacusSummit_base_c000_ph003/mpspk/mpslog_QSO_zp1.250_DR2_v1.0+dv_repeat.npy.
[011814.10]  01-26 18:17  compute_2pt                  INFO     Save to /pscratch/sd/s/shengyu/galaxies/catalogs/Y3/AbacusHF-v2/Boxes/QSO/sn1p250/AbacusSummit_base_c000_ph003/mpspk/mpslog_QSO_zp1.250_DR2_v1.0+dv_repeat.npy
[011814.10]  01-26 18:17  TwoPointCorrelationFunction  INFO     Using estimator <class 'pycorr.twopoint_estimator.NaturalTwoPointEstimator'>.
[011814.10]  01-26 18:17  TwoPointCorrelationFunction  INFO     Running auto-correlation.
[011814.10]  01-26 18:17  TwoPointCorrelationFunction  INFO     Computing two-point counts D1D2.
[011837.64]  01-26 18:17  TwoPointCorrelationFunction  INFO     Analytically computing two-point counts R1R2.
[011837.64]  01-26 18:17  TwoPointCorrelationFunction  INFO     Correlation function computed in elapsed time 23.54 s.
[011837.64]  01-26 18:17  NaturalTwoPointEstimator     INFO     Saving /pscratch/sd/s/shengyu/galaxies/catalogs/Y3/AbacusHF-v2/Boxes/QSO/sn1p250/AbacusSummit_base_c000_ph003/mpspk/wplog_QSO_zp1.250_DR2_v1.0+dv_repeat.npy.
[011837.64]  01-26 18:17  compute_2pt                  INFO     Save to /pscratch/sd/s/shengyu/galaxies/catalogs/Y3/AbacusHF-v2/Boxes/QSO/sn1p250/AbacusSummit_base_c000_ph003/mpspk/wplog_QSO_zp1.250_DR2_v1.0+dv_repeat.npy
[011837.65]  01-26 18:17  compute_2pt                  INFO     Procceed {'version': 'AbacusHF-v2', 'domain': 'cubic', 'tracer': 'QSO', 'zsnap': 1.25, 'zrange': (1.1, 1.4), 'mock_id': 4, 'use_dv': 'repeat'}
[011837.65]  01-26 18:17  cat_tools                    INFO     Load /pscratch/sd/s/shengyu/galaxies/catalogs/Y3/AbacusHF-v2/Boxes/QSO/sn1p250/AbacusSummit_base_c000_ph004/abacus_HF_QSO_1p250_DR2_v2.0_AbacusSummit_base_c000_ph004_base_clustering.dat.h5
[011837.65]  01-26 18:17  FileStack                    INFO     Reading /pscratch/sd/s/shengyu/galaxies/catalogs/Y3/AbacusHF-v2/Boxes/QSO/sn1p250/AbacusSummit_base_c000_ph004/abacus_HF_QSO_1p250_DR2_v2.0_AbacusSummit_base_c000_ph004_base_clustering.dat.h5.
[011837.65]  01-26 18:17  cat_tools                    INFO     use Z positions shifted in repeat mode
[011838.77]  01-26 18:17  TwoPointCorrelationFunction  INFO     Using estimator <class 'pycorr.twopoint_estimator.NaturalTwoPointEstimator'>.
[011838.77]  01-26 18:17  TwoPointCorrelationFunction  INFO     Running auto-correlation.
[011838.77]  01-26 18:17  TwoPointCorrelationFunction  INFO     Computing two-point counts D1D2.
[011942.09]  01-26 18:19  TwoPointCorrelationFunction  INFO     Analytically computing two-point counts R1R2.
[011942.10]  01-26 18:19  TwoPointCorrelationFunction  INFO     Correlation function computed in elapsed time 103.33 s.
[011942.10]  01-26 18:19  NaturalTwoPointEstimator     INFO     Saving /pscratch/sd/s/shengyu/galaxies/catalogs/Y3/AbacusHF-v2/Boxes/QSO/sn1p250/AbacusSummit_base_c000_ph004/mpspk/xipoles_QSO_zp1.250_DR2_v1.0+dv_repeat.npy.
[011942.10]  01-26 18:19  compute_2pt                  INFO     Save to /pscratch/sd/s/shengyu/galaxies/catalogs/Y3/AbacusHF-v2/Boxes/QSO/sn1p250/AbacusSummit_base_c000_ph004/mpspk/xipoles_QSO_zp1.250_DR2_v1.0+dv_repeat.npy
[011945.93]  01-26 18:19  CatalogFFTPower              INFO     Painting catalog 1 to mesh CatalogMesh(nmesh=[512 512 512], boxsize=[2000. 2000. 2000.], boxcenter=[ 999.99998142 1000.00004019  999.99997725], dtype=float64).
[011946.34]  01-26 18:19  CatalogMesh                  INFO     Slab 0 ~ 4194304 / 28338357.
[011947.46]  01-26 18:19  CatalogMesh                  INFO     Painted 4194304 out of 28338357 objects to mesh.
[011947.46]  01-26 18:19  CatalogMesh                  INFO     Slab 4194304 ~ 8388608 / 28338357.
[011948.57]  01-26 18:19  CatalogMesh                  INFO     Painted 8388608 out of 28338357 objects to mesh.
[011948.57]  01-26 18:19  CatalogMesh                  INFO     Slab 8388608 ~ 12582912 / 28338357.
[011949.68]  01-26 18:19  CatalogMesh                  INFO     Painted 12582912 out of 28338357 objects to mesh.
[011949.69]  01-26 18:19  CatalogMesh                  INFO     Slab 12582912 ~ 16777216 / 28338357.
[011950.79]  01-26 18:19  CatalogMesh                  INFO     Painted 16777216 out of 28338357 objects to mesh.
[011950.79]  01-26 18:19  CatalogMesh                  INFO     Slab 16777216 ~ 20971520 / 28338357.
[011951.90]  01-26 18:19  CatalogMesh                  INFO     Painted 20971520 out of 28338357 objects to mesh.
[011951.90]  01-26 18:19  CatalogMesh                  INFO     Slab 20971520 ~ 25165824 / 28338357.
[011953.11]  01-26 18:19  CatalogMesh                  INFO     Painted 25165824 out of 28338357 objects to mesh.
[011953.11]  01-26 18:19  CatalogMesh                  INFO     Slab 25165824 ~ 29360128 / 28338357.
[011954.14]  01-26 18:19  CatalogMesh                  INFO     Painted 28338357 out of 28338357 objects to mesh.
[011954.14]  01-26 18:19  CatalogMesh                  INFO     Running interlacing at order 3.
[011956.39]  01-26 18:19  CatalogMesh                  INFO     Slab 0 ~ 4194304 / 28338357.
[011957.50]  01-26 18:19  CatalogMesh                  INFO     Painted 4194304 out of 28338357 objects to mesh.
[011957.50]  01-26 18:19  CatalogMesh                  INFO     Slab 4194304 ~ 8388608 / 28338357.
[011958.61]  01-26 18:19  CatalogMesh                  INFO     Painted 8388608 out of 28338357 objects to mesh.
[011958.61]  01-26 18:19  CatalogMesh                  INFO     Slab 8388608 ~ 12582912 / 28338357.
[011959.72]  01-26 18:19  CatalogMesh                  INFO     Painted 12582912 out of 28338357 objects to mesh.
[011959.72]  01-26 18:19  CatalogMesh                  INFO     Slab 12582912 ~ 16777216 / 28338357.
[011960.83]  01-26 18:19  CatalogMesh                  INFO     Painted 16777216 out of 28338357 objects to mesh.
[011960.83]  01-26 18:19  CatalogMesh                  INFO     Slab 16777216 ~ 20971520 / 28338357.
[011961.93]  01-26 18:19  CatalogMesh                  INFO     Painted 20971520 out of 28338357 objects to mesh.
[011961.93]  01-26 18:19  CatalogMesh                  INFO     Slab 20971520 ~ 25165824 / 28338357.
[011963.14]  01-26 18:19  CatalogMesh                  INFO     Painted 25165824 out of 28338357 objects to mesh.
[011963.14]  01-26 18:19  CatalogMesh                  INFO     Slab 25165824 ~ 29360128 / 28338357.
[011964.17]  01-26 18:19  CatalogMesh                  INFO     Painted 28338357 out of 28338357 objects to mesh.
[011967.97]  01-26 18:19  CatalogMesh                  INFO     Slab 0 ~ 4194304 / 28338357.
[011969.07]  01-26 18:19  CatalogMesh                  INFO     Painted 4194304 out of 28338357 objects to mesh.
[011969.07]  01-26 18:19  CatalogMesh                  INFO     Slab 4194304 ~ 8388608 / 28338357.
[011970.18]  01-26 18:19  CatalogMesh                  INFO     Painted 8388608 out of 28338357 objects to mesh.
[011970.18]  01-26 18:19  CatalogMesh                  INFO     Slab 8388608 ~ 12582912 / 28338357.
[011971.29]  01-26 18:19  CatalogMesh                  INFO     Painted 12582912 out of 28338357 objects to mesh.
[011971.29]  01-26 18:19  CatalogMesh                  INFO     Slab 12582912 ~ 16777216 / 28338357.
[011972.41]  01-26 18:19  CatalogMesh                  INFO     Painted 16777216 out of 28338357 objects to mesh.
[011972.41]  01-26 18:19  CatalogMesh                  INFO     Slab 16777216 ~ 20971520 / 28338357.
[011973.52]  01-26 18:19  CatalogMesh                  INFO     Painted 20971520 out of 28338357 objects to mesh.
[011973.52]  01-26 18:19  CatalogMesh                  INFO     Slab 20971520 ~ 25165824 / 28338357.
[011974.73]  01-26 18:19  CatalogMesh                  INFO     Painted 25165824 out of 28338357 objects to mesh.
[011974.73]  01-26 18:19  CatalogMesh                  INFO     Slab 25165824 ~ 29360128 / 28338357.
[011975.77]  01-26 18:19  CatalogMesh                  INFO     Painted 28338357 out of 28338357 objects to mesh.
[011981.31]  01-26 18:19  CatalogFFTPower              INFO     Done painting catalog 1 to mesh.
[011981.31]  01-26 18:19  CatalogFFTPower              INFO     Using 400 k-bins between 0.000 and 0.400.
[011981.31]  01-26 18:19  CatalogFFTPower              INFO     Meshes prepared in elapsed time 35.38 s.
[011981.31]  01-26 18:19  CatalogFFTPower              INFO     Running mesh calculation.
[011998.58]  01-26 18:20  CatalogFFTPower              INFO     Mesh calculations performed in elapsed time 17.27 s.
[011998.58]  01-26 18:20  CatalogFFTPower              INFO     Power spectrum computed in elapsed time 52.65 s.
[011998.58]  01-26 18:20  CatalogFFTPower              INFO     Saving /pscratch/sd/s/shengyu/galaxies/catalogs/Y3/AbacusHF-v2/Boxes/QSO/sn1p250/AbacusSummit_base_c000_ph004/mpspk/pkpoles_QSO_zp1.250_DR2_v1.0+dv_repeat.npy.
[011998.59]  01-26 18:20  compute_2pt                  INFO     Save to /pscratch/sd/s/shengyu/galaxies/catalogs/Y3/AbacusHF-v2/Boxes/QSO/sn1p250/AbacusSummit_base_c000_ph004/mpspk/pkpoles_QSO_zp1.250_DR2_v1.0+dv_repeat.npy
[011998.59]  01-26 18:20  TwoPointCorrelationFunction  INFO     Using estimator <class 'pycorr.twopoint_estimator.NaturalTwoPointEstimator'>.
[011998.59]  01-26 18:20  TwoPointCorrelationFunction  INFO     Running auto-correlation.
[011998.59]  01-26 18:20  TwoPointCorrelationFunction  INFO     Computing two-point counts D1D2.
[012021.36]  01-26 18:20  TwoPointCorrelationFunction  INFO     Analytically computing two-point counts R1R2.
[012021.36]  01-26 18:20  TwoPointCorrelationFunction  INFO     Correlation function computed in elapsed time 22.78 s.
[012021.37]  01-26 18:20  NaturalTwoPointEstimator     INFO     Saving /pscratch/sd/s/shengyu/galaxies/catalogs/Y3/AbacusHF-v2/Boxes/QSO/sn1p250/AbacusSummit_base_c000_ph004/mpspk/mpslog_QSO_zp1.250_DR2_v1.0+dv_repeat.npy.
[012021.37]  01-26 18:20  compute_2pt                  INFO     Save to /pscratch/sd/s/shengyu/galaxies/catalogs/Y3/AbacusHF-v2/Boxes/QSO/sn1p250/AbacusSummit_base_c000_ph004/mpspk/mpslog_QSO_zp1.250_DR2_v1.0+dv_repeat.npy
[012021.37]  01-26 18:20  TwoPointCorrelationFunction  INFO     Using estimator <class 'pycorr.twopoint_estimator.NaturalTwoPointEstimator'>.
[012021.37]  01-26 18:20  TwoPointCorrelationFunction  INFO     Running auto-correlation.
[012021.37]  01-26 18:20  TwoPointCorrelationFunction  INFO     Computing two-point counts D1D2.
[012044.98]  01-26 18:20  TwoPointCorrelationFunction  INFO     Analytically computing two-point counts R1R2.
[012044.98]  01-26 18:20  TwoPointCorrelationFunction  INFO     Correlation function computed in elapsed time 23.61 s.
[012044.98]  01-26 18:20  NaturalTwoPointEstimator     INFO     Saving /pscratch/sd/s/shengyu/galaxies/catalogs/Y3/AbacusHF-v2/Boxes/QSO/sn1p250/AbacusSummit_base_c000_ph004/mpspk/wplog_QSO_zp1.250_DR2_v1.0+dv_repeat.npy.
[012044.98]  01-26 18:20  compute_2pt                  INFO     Save to /pscratch/sd/s/shengyu/galaxies/catalogs/Y3/AbacusHF-v2/Boxes/QSO/sn1p250/AbacusSummit_base_c000_ph004/mpspk/wplog_QSO_zp1.250_DR2_v1.0+dv_repeat.npy
[012044.98]  01-26 18:20  compute_2pt                  INFO     Procceed {'version': 'AbacusHF-v2', 'domain': 'cubic', 'tracer': 'QSO', 'zsnap': 1.25, 'zrange': (1.1, 1.4), 'mock_id': 5, 'use_dv': 'repeat'}
[012044.98]  01-26 18:20  cat_tools                    INFO     Load /pscratch/sd/s/shengyu/galaxies/catalogs/Y3/AbacusHF-v2/Boxes/QSO/sn1p250/AbacusSummit_base_c000_ph005/abacus_HF_QSO_1p250_DR2_v2.0_AbacusSummit_base_c000_ph005_base_clustering.dat.h5
[012044.98]  01-26 18:20  FileStack                    INFO     Reading /pscratch/sd/s/shengyu/galaxies/catalogs/Y3/AbacusHF-v2/Boxes/QSO/sn1p250/AbacusSummit_base_c000_ph005/abacus_HF_QSO_1p250_DR2_v2.0_AbacusSummit_base_c000_ph005_base_clustering.dat.h5.
[012044.99]  01-26 18:20  cat_tools                    INFO     use Z positions shifted in repeat mode
[012046.12]  01-26 18:20  TwoPointCorrelationFunction  INFO     Using estimator <class 'pycorr.twopoint_estimator.NaturalTwoPointEstimator'>.
[012046.12]  01-26 18:20  TwoPointCorrelationFunction  INFO     Running auto-correlation.
[012046.12]  01-26 18:20  TwoPointCorrelationFunction  INFO     Computing two-point counts D1D2.
[012146.19]  01-26 18:22  TwoPointCorrelationFunction  INFO     Analytically computing two-point counts R1R2.
[012146.20]  01-26 18:22  TwoPointCorrelationFunction  INFO     Correlation function computed in elapsed time 100.08 s.
[012146.20]  01-26 18:22  NaturalTwoPointEstimator     INFO     Saving /pscratch/sd/s/shengyu/galaxies/catalogs/Y3/AbacusHF-v2/Boxes/QSO/sn1p250/AbacusSummit_base_c000_ph005/mpspk/xipoles_QSO_zp1.250_DR2_v1.0+dv_repeat.npy.
[012146.20]  01-26 18:22  compute_2pt                  INFO     Save to /pscratch/sd/s/shengyu/galaxies/catalogs/Y3/AbacusHF-v2/Boxes/QSO/sn1p250/AbacusSummit_base_c000_ph005/mpspk/xipoles_QSO_zp1.250_DR2_v1.0+dv_repeat.npy
[012150.04]  01-26 18:22  CatalogFFTPower              INFO     Painting catalog 1 to mesh CatalogMesh(nmesh=[512 512 512], boxsize=[2000. 2000. 2000.], boxcenter=[1000.0000362  1000.00007769 1000.00003041], dtype=float64).
[012150.44]  01-26 18:22  CatalogMesh                  INFO     Slab 0 ~ 4194304 / 28374959.
[012151.56]  01-26 18:22  CatalogMesh                  INFO     Painted 4194304 out of 28374959 objects to mesh.
[012151.57]  01-26 18:22  CatalogMesh                  INFO     Slab 4194304 ~ 8388608 / 28374959.
[012152.68]  01-26 18:22  CatalogMesh                  INFO     Painted 8388608 out of 28374959 objects to mesh.
[012152.68]  01-26 18:22  CatalogMesh                  INFO     Slab 8388608 ~ 12582912 / 28374959.
[012153.81]  01-26 18:22  CatalogMesh                  INFO     Painted 12582912 out of 28374959 objects to mesh.
[012153.81]  01-26 18:22  CatalogMesh                  INFO     Slab 12582912 ~ 16777216 / 28374959.
[012154.94]  01-26 18:22  CatalogMesh                  INFO     Painted 16777216 out of 28374959 objects to mesh.
[012154.94]  01-26 18:22  CatalogMesh                  INFO     Slab 16777216 ~ 20971520 / 28374959.
[012156.10]  01-26 18:22  CatalogMesh                  INFO     Painted 20971520 out of 28374959 objects to mesh.
[012156.10]  01-26 18:22  CatalogMesh                  INFO     Slab 20971520 ~ 25165824 / 28374959.
[012157.37]  01-26 18:22  CatalogMesh                  INFO     Painted 25165824 out of 28374959 objects to mesh.
[012157.37]  01-26 18:22  CatalogMesh                  INFO     Slab 25165824 ~ 29360128 / 28374959.
[012158.43]  01-26 18:22  CatalogMesh                  INFO     Painted 28374959 out of 28374959 objects to mesh.
[012158.43]  01-26 18:22  CatalogMesh                  INFO     Running interlacing at order 3.
[012160.69]  01-26 18:22  CatalogMesh                  INFO     Slab 0 ~ 4194304 / 28374959.
[012161.81]  01-26 18:22  CatalogMesh                  INFO     Painted 4194304 out of 28374959 objects to mesh.
[012161.81]  01-26 18:22  CatalogMesh                  INFO     Slab 4194304 ~ 8388608 / 28374959.
[012162.92]  01-26 18:22  CatalogMesh                  INFO     Painted 8388608 out of 28374959 objects to mesh.
[012162.93]  01-26 18:22  CatalogMesh                  INFO     Slab 8388608 ~ 12582912 / 28374959.
[012164.04]  01-26 18:22  CatalogMesh                  INFO     Painted 12582912 out of 28374959 objects to mesh.
[012164.04]  01-26 18:22  CatalogMesh                  INFO     Slab 12582912 ~ 16777216 / 28374959.
[012165.15]  01-26 18:22  CatalogMesh                  INFO     Painted 16777216 out of 28374959 objects to mesh.
[012165.16]  01-26 18:22  CatalogMesh                  INFO     Slab 16777216 ~ 20971520 / 28374959.
[012166.27]  01-26 18:22  CatalogMesh                  INFO     Painted 20971520 out of 28374959 objects to mesh.
[012166.27]  01-26 18:22  CatalogMesh                  INFO     Slab 20971520 ~ 25165824 / 28374959.
[012167.48]  01-26 18:22  CatalogMesh                  INFO     Painted 25165824 out of 28374959 objects to mesh.
[012167.48]  01-26 18:22  CatalogMesh                  INFO     Slab 25165824 ~ 29360128 / 28374959.
[012168.53]  01-26 18:22  CatalogMesh                  INFO     Painted 28374959 out of 28374959 objects to mesh.
[012172.32]  01-26 18:23  CatalogMesh                  INFO     Slab 0 ~ 4194304 / 28374959.
[012173.44]  01-26 18:23  CatalogMesh                  INFO     Painted 4194304 out of 28374959 objects to mesh.
[012173.44]  01-26 18:23  CatalogMesh                  INFO     Slab 4194304 ~ 8388608 / 28374959.
[012174.56]  01-26 18:23  CatalogMesh                  INFO     Painted 8388608 out of 28374959 objects to mesh.
[012174.56]  01-26 18:23  CatalogMesh                  INFO     Slab 8388608 ~ 12582912 / 28374959.
[012175.67]  01-26 18:23  CatalogMesh                  INFO     Painted 12582912 out of 28374959 objects to mesh.
[012175.67]  01-26 18:23  CatalogMesh                  INFO     Slab 12582912 ~ 16777216 / 28374959.
[012176.78]  01-26 18:23  CatalogMesh                  INFO     Painted 16777216 out of 28374959 objects to mesh.
[012176.78]  01-26 18:23  CatalogMesh                  INFO     Slab 16777216 ~ 20971520 / 28374959.
[012177.89]  01-26 18:23  CatalogMesh                  INFO     Painted 20971520 out of 28374959 objects to mesh.
[012177.90]  01-26 18:23  CatalogMesh                  INFO     Slab 20971520 ~ 25165824 / 28374959.
[012179.12]  01-26 18:23  CatalogMesh                  INFO     Painted 25165824 out of 28374959 objects to mesh.
[012179.12]  01-26 18:23  CatalogMesh                  INFO     Slab 25165824 ~ 29360128 / 28374959.
[012180.16]  01-26 18:23  CatalogMesh                  INFO     Painted 28374959 out of 28374959 objects to mesh.
[012185.69]  01-26 18:23  CatalogFFTPower              INFO     Done painting catalog 1 to mesh.
[012185.69]  01-26 18:23  CatalogFFTPower              INFO     Using 400 k-bins between 0.000 and 0.400.
[012185.70]  01-26 18:23  CatalogFFTPower              INFO     Meshes prepared in elapsed time 35.66 s.
[012185.70]  01-26 18:23  CatalogFFTPower              INFO     Running mesh calculation.
[012202.94]  01-26 18:23  CatalogFFTPower              INFO     Mesh calculations performed in elapsed time 17.24 s.
[012202.94]  01-26 18:23  CatalogFFTPower              INFO     Power spectrum computed in elapsed time 52.91 s.
[012202.94]  01-26 18:23  CatalogFFTPower              INFO     Saving /pscratch/sd/s/shengyu/galaxies/catalogs/Y3/AbacusHF-v2/Boxes/QSO/sn1p250/AbacusSummit_base_c000_ph005/mpspk/pkpoles_QSO_zp1.250_DR2_v1.0+dv_repeat.npy.
[012202.95]  01-26 18:23  compute_2pt                  INFO     Save to /pscratch/sd/s/shengyu/galaxies/catalogs/Y3/AbacusHF-v2/Boxes/QSO/sn1p250/AbacusSummit_base_c000_ph005/mpspk/pkpoles_QSO_zp1.250_DR2_v1.0+dv_repeat.npy
[012202.95]  01-26 18:23  TwoPointCorrelationFunction  INFO     Using estimator <class 'pycorr.twopoint_estimator.NaturalTwoPointEstimator'>.
[012202.96]  01-26 18:23  TwoPointCorrelationFunction  INFO     Running auto-correlation.
[012202.96]  01-26 18:23  TwoPointCorrelationFunction  INFO     Computing two-point counts D1D2.
[012225.68]  01-26 18:23  TwoPointCorrelationFunction  INFO     Analytically computing two-point counts R1R2.
[012225.68]  01-26 18:23  TwoPointCorrelationFunction  INFO     Correlation function computed in elapsed time 22.73 s.
[012225.68]  01-26 18:23  NaturalTwoPointEstimator     INFO     Saving /pscratch/sd/s/shengyu/galaxies/catalogs/Y3/AbacusHF-v2/Boxes/QSO/sn1p250/AbacusSummit_base_c000_ph005/mpspk/mpslog_QSO_zp1.250_DR2_v1.0+dv_repeat.npy.
[012225.69]  01-26 18:23  compute_2pt                  INFO     Save to /pscratch/sd/s/shengyu/galaxies/catalogs/Y3/AbacusHF-v2/Boxes/QSO/sn1p250/AbacusSummit_base_c000_ph005/mpspk/mpslog_QSO_zp1.250_DR2_v1.0+dv_repeat.npy
[012225.69]  01-26 18:23  TwoPointCorrelationFunction  INFO     Using estimator <class 'pycorr.twopoint_estimator.NaturalTwoPointEstimator'>.
[012225.69]  01-26 18:23  TwoPointCorrelationFunction  INFO     Running auto-correlation.
[012225.69]  01-26 18:23  TwoPointCorrelationFunction  INFO     Computing two-point counts D1D2.
[012249.36]  01-26 18:24  TwoPointCorrelationFunction  INFO     Analytically computing two-point counts R1R2.
[012249.37]  01-26 18:24  TwoPointCorrelationFunction  INFO     Correlation function computed in elapsed time 23.68 s.
[012249.37]  01-26 18:24  NaturalTwoPointEstimator     INFO     Saving /pscratch/sd/s/shengyu/galaxies/catalogs/Y3/AbacusHF-v2/Boxes/QSO/sn1p250/AbacusSummit_base_c000_ph005/mpspk/wplog_QSO_zp1.250_DR2_v1.0+dv_repeat.npy.
[012249.38]  01-26 18:24  compute_2pt                  INFO     Save to /pscratch/sd/s/shengyu/galaxies/catalogs/Y3/AbacusHF-v2/Boxes/QSO/sn1p250/AbacusSummit_base_c000_ph005/mpspk/wplog_QSO_zp1.250_DR2_v1.0+dv_repeat.npy
[012249.38]  01-26 18:24  compute_2pt                  INFO     Procceed {'version': 'AbacusHF-v2', 'domain': 'cubic', 'tracer': 'QSO', 'zsnap': 1.25, 'zrange': (1.1, 1.4), 'mock_id': 6, 'use_dv': 'repeat'}
[012249.38]  01-26 18:24  cat_tools                    INFO     Load /pscratch/sd/s/shengyu/galaxies/catalogs/Y3/AbacusHF-v2/Boxes/QSO/sn1p250/AbacusSummit_base_c000_ph006/abacus_HF_QSO_1p250_DR2_v2.0_AbacusSummit_base_c000_ph006_base_clustering.dat.h5
[012249.38]  01-26 18:24  FileStack                    INFO     Reading /pscratch/sd/s/shengyu/galaxies/catalogs/Y3/AbacusHF-v2/Boxes/QSO/sn1p250/AbacusSummit_base_c000_ph006/abacus_HF_QSO_1p250_DR2_v2.0_AbacusSummit_base_c000_ph006_base_clustering.dat.h5.
[012249.39]  01-26 18:24  cat_tools                    INFO     use Z positions shifted in repeat mode
[012250.50]  01-26 18:24  TwoPointCorrelationFunction  INFO     Using estimator <class 'pycorr.twopoint_estimator.NaturalTwoPointEstimator'>.
[012250.50]  01-26 18:24  TwoPointCorrelationFunction  INFO     Running auto-correlation.
[012250.50]  01-26 18:24  TwoPointCorrelationFunction  INFO     Computing two-point counts D1D2.
[012353.56]  01-26 18:26  TwoPointCorrelationFunction  INFO     Analytically computing two-point counts R1R2.
[012353.56]  01-26 18:26  TwoPointCorrelationFunction  INFO     Correlation function computed in elapsed time 103.06 s.
[012353.56]  01-26 18:26  NaturalTwoPointEstimator     INFO     Saving /pscratch/sd/s/shengyu/galaxies/catalogs/Y3/AbacusHF-v2/Boxes/QSO/sn1p250/AbacusSummit_base_c000_ph006/mpspk/xipoles_QSO_zp1.250_DR2_v1.0+dv_repeat.npy.
[012353.57]  01-26 18:26  compute_2pt                  INFO     Save to /pscratch/sd/s/shengyu/galaxies/catalogs/Y3/AbacusHF-v2/Boxes/QSO/sn1p250/AbacusSummit_base_c000_ph006/mpspk/xipoles_QSO_zp1.250_DR2_v1.0+dv_repeat.npy
[012357.41]  01-26 18:26  CatalogFFTPower              INFO     Painting catalog 1 to mesh CatalogMesh(nmesh=[512 512 512], boxsize=[2000. 2000. 2000.], boxcenter=[1000.00003877  999.99997158 1000.00000155], dtype=float64).
[012357.82]  01-26 18:26  CatalogMesh                  INFO     Slab 0 ~ 4194304 / 28361884.
[012358.94]  01-26 18:26  CatalogMesh                  INFO     Painted 4194304 out of 28361884 objects to mesh.
[012358.94]  01-26 18:26  CatalogMesh                  INFO     Slab 4194304 ~ 8388608 / 28361884.
[012360.04]  01-26 18:26  CatalogMesh                  INFO     Painted 8388608 out of 28361884 objects to mesh.
[012360.04]  01-26 18:26  CatalogMesh                  INFO     Slab 8388608 ~ 12582912 / 28361884.
[012361.15]  01-26 18:26  CatalogMesh                  INFO     Painted 12582912 out of 28361884 objects to mesh.
[012361.15]  01-26 18:26  CatalogMesh                  INFO     Slab 12582912 ~ 16777216 / 28361884.
[012362.26]  01-26 18:26  CatalogMesh                  INFO     Painted 16777216 out of 28361884 objects to mesh.
[012362.26]  01-26 18:26  CatalogMesh                  INFO     Slab 16777216 ~ 20971520 / 28361884.
[012363.37]  01-26 18:26  CatalogMesh                  INFO     Painted 20971520 out of 28361884 objects to mesh.
[012363.37]  01-26 18:26  CatalogMesh                  INFO     Slab 20971520 ~ 25165824 / 28361884.
[012364.58]  01-26 18:26  CatalogMesh                  INFO     Painted 25165824 out of 28361884 objects to mesh.
[012364.58]  01-26 18:26  CatalogMesh                  INFO     Slab 25165824 ~ 29360128 / 28361884.
[012365.62]  01-26 18:26  CatalogMesh                  INFO     Painted 28361884 out of 28361884 objects to mesh.
[012365.62]  01-26 18:26  CatalogMesh                  INFO     Running interlacing at order 3.
[012367.88]  01-26 18:26  CatalogMesh                  INFO     Slab 0 ~ 4194304 / 28361884.
[012368.99]  01-26 18:26  CatalogMesh                  INFO     Painted 4194304 out of 28361884 objects to mesh.
[012368.99]  01-26 18:26  CatalogMesh                  INFO     Slab 4194304 ~ 8388608 / 28361884.
[012370.10]  01-26 18:26  CatalogMesh                  INFO     Painted 8388608 out of 28361884 objects to mesh.
[012370.10]  01-26 18:26  CatalogMesh                  INFO     Slab 8388608 ~ 12582912 / 28361884.
[012371.21]  01-26 18:26  CatalogMesh                  INFO     Painted 12582912 out of 28361884 objects to mesh.
[012371.21]  01-26 18:26  CatalogMesh                  INFO     Slab 12582912 ~ 16777216 / 28361884.
[012372.32]  01-26 18:26  CatalogMesh                  INFO     Painted 16777216 out of 28361884 objects to mesh.
[012372.32]  01-26 18:26  CatalogMesh                  INFO     Slab 16777216 ~ 20971520 / 28361884.
[012373.43]  01-26 18:26  CatalogMesh                  INFO     Painted 20971520 out of 28361884 objects to mesh.
[012373.43]  01-26 18:26  CatalogMesh                  INFO     Slab 20971520 ~ 25165824 / 28361884.
[012374.64]  01-26 18:26  CatalogMesh                  INFO     Painted 25165824 out of 28361884 objects to mesh.
[012374.64]  01-26 18:26  CatalogMesh                  INFO     Slab 25165824 ~ 29360128 / 28361884.
[012375.67]  01-26 18:26  CatalogMesh                  INFO     Painted 28361884 out of 28361884 objects to mesh.
[012379.47]  01-26 18:26  CatalogMesh                  INFO     Slab 0 ~ 4194304 / 28361884.
[012380.57]  01-26 18:26  CatalogMesh                  INFO     Painted 4194304 out of 28361884 objects to mesh.
[012380.57]  01-26 18:26  CatalogMesh                  INFO     Slab 4194304 ~ 8388608 / 28361884.
[012381.68]  01-26 18:26  CatalogMesh                  INFO     Painted 8388608 out of 28361884 objects to mesh.
[012381.69]  01-26 18:26  CatalogMesh                  INFO     Slab 8388608 ~ 12582912 / 28361884.
[012382.79]  01-26 18:26  CatalogMesh                  INFO     Painted 12582912 out of 28361884 objects to mesh.
[012382.79]  01-26 18:26  CatalogMesh                  INFO     Slab 12582912 ~ 16777216 / 28361884.
[012383.90]  01-26 18:26  CatalogMesh                  INFO     Painted 16777216 out of 28361884 objects to mesh.
[012383.90]  01-26 18:26  CatalogMesh                  INFO     Slab 16777216 ~ 20971520 / 28361884.
[012385.01]  01-26 18:26  CatalogMesh                  INFO     Painted 20971520 out of 28361884 objects to mesh.
[012385.01]  01-26 18:26  CatalogMesh                  INFO     Slab 20971520 ~ 25165824 / 28361884.
[012386.22]  01-26 18:26  CatalogMesh                  INFO     Painted 25165824 out of 28361884 objects to mesh.
[012386.22]  01-26 18:26  CatalogMesh                  INFO     Slab 25165824 ~ 29360128 / 28361884.
[012387.26]  01-26 18:26  CatalogMesh                  INFO     Painted 28361884 out of 28361884 objects to mesh.
[012392.78]  01-26 18:26  CatalogFFTPower              INFO     Done painting catalog 1 to mesh.
[012392.78]  01-26 18:26  CatalogFFTPower              INFO     Using 400 k-bins between 0.000 and 0.400.
[012392.78]  01-26 18:26  CatalogFFTPower              INFO     Meshes prepared in elapsed time 35.37 s.
[012392.78]  01-26 18:26  CatalogFFTPower              INFO     Running mesh calculation.
[012410.01]  01-26 18:27  CatalogFFTPower              INFO     Mesh calculations performed in elapsed time 17.23 s.
[012410.01]  01-26 18:27  CatalogFFTPower              INFO     Power spectrum computed in elapsed time 52.60 s.
[012410.01]  01-26 18:27  CatalogFFTPower              INFO     Saving /pscratch/sd/s/shengyu/galaxies/catalogs/Y3/AbacusHF-v2/Boxes/QSO/sn1p250/AbacusSummit_base_c000_ph006/mpspk/pkpoles_QSO_zp1.250_DR2_v1.0+dv_repeat.npy.
[012410.02]  01-26 18:27  compute_2pt                  INFO     Save to /pscratch/sd/s/shengyu/galaxies/catalogs/Y3/AbacusHF-v2/Boxes/QSO/sn1p250/AbacusSummit_base_c000_ph006/mpspk/pkpoles_QSO_zp1.250_DR2_v1.0+dv_repeat.npy
[012410.02]  01-26 18:27  TwoPointCorrelationFunction  INFO     Using estimator <class 'pycorr.twopoint_estimator.NaturalTwoPointEstimator'>.
[012410.02]  01-26 18:27  TwoPointCorrelationFunction  INFO     Running auto-correlation.
[012410.02]  01-26 18:27  TwoPointCorrelationFunction  INFO     Computing two-point counts D1D2.
[012432.82]  01-26 18:27  TwoPointCorrelationFunction  INFO     Analytically computing two-point counts R1R2.
[012432.82]  01-26 18:27  TwoPointCorrelationFunction  INFO     Correlation function computed in elapsed time 22.80 s.
[012432.82]  01-26 18:27  NaturalTwoPointEstimator     INFO     Saving /pscratch/sd/s/shengyu/galaxies/catalogs/Y3/AbacusHF-v2/Boxes/QSO/sn1p250/AbacusSummit_base_c000_ph006/mpspk/mpslog_QSO_zp1.250_DR2_v1.0+dv_repeat.npy.
[012432.82]  01-26 18:27  compute_2pt                  INFO     Save to /pscratch/sd/s/shengyu/galaxies/catalogs/Y3/AbacusHF-v2/Boxes/QSO/sn1p250/AbacusSummit_base_c000_ph006/mpspk/mpslog_QSO_zp1.250_DR2_v1.0+dv_repeat.npy
[012432.82]  01-26 18:27  TwoPointCorrelationFunction  INFO     Using estimator <class 'pycorr.twopoint_estimator.NaturalTwoPointEstimator'>.
[012432.83]  01-26 18:27  TwoPointCorrelationFunction  INFO     Running auto-correlation.
[012432.83]  01-26 18:27  TwoPointCorrelationFunction  INFO     Computing two-point counts D1D2.
[012456.47]  01-26 18:27  TwoPointCorrelationFunction  INFO     Analytically computing two-point counts R1R2.
[012456.47]  01-26 18:27  TwoPointCorrelationFunction  INFO     Correlation function computed in elapsed time 23.64 s.
[012456.47]  01-26 18:27  NaturalTwoPointEstimator     INFO     Saving /pscratch/sd/s/shengyu/galaxies/catalogs/Y3/AbacusHF-v2/Boxes/QSO/sn1p250/AbacusSummit_base_c000_ph006/mpspk/wplog_QSO_zp1.250_DR2_v1.0+dv_repeat.npy.
[012456.47]  01-26 18:27  compute_2pt                  INFO     Save to /pscratch/sd/s/shengyu/galaxies/catalogs/Y3/AbacusHF-v2/Boxes/QSO/sn1p250/AbacusSummit_base_c000_ph006/mpspk/wplog_QSO_zp1.250_DR2_v1.0+dv_repeat.npy
[012456.47]  01-26 18:27  compute_2pt                  INFO     Procceed {'version': 'AbacusHF-v2', 'domain': 'cubic', 'tracer': 'QSO', 'zsnap': 1.25, 'zrange': (1.1, 1.4), 'mock_id': 7, 'use_dv': 'repeat'}
[012456.47]  01-26 18:27  cat_tools                    INFO     Load /pscratch/sd/s/shengyu/galaxies/catalogs/Y3/AbacusHF-v2/Boxes/QSO/sn1p250/AbacusSummit_base_c000_ph007/abacus_HF_QSO_1p250_DR2_v2.0_AbacusSummit_base_c000_ph007_base_clustering.dat.h5
[012456.47]  01-26 18:27  FileStack                    INFO     Reading /pscratch/sd/s/shengyu/galaxies/catalogs/Y3/AbacusHF-v2/Boxes/QSO/sn1p250/AbacusSummit_base_c000_ph007/abacus_HF_QSO_1p250_DR2_v2.0_AbacusSummit_base_c000_ph007_base_clustering.dat.h5.
[012456.48]  01-26 18:27  cat_tools                    INFO     use Z positions shifted in repeat mode
[012457.60]  01-26 18:27  TwoPointCorrelationFunction  INFO     Using estimator <class 'pycorr.twopoint_estimator.NaturalTwoPointEstimator'>.
[012457.60]  01-26 18:27  TwoPointCorrelationFunction  INFO     Running auto-correlation.
[012457.60]  01-26 18:27  TwoPointCorrelationFunction  INFO     Computing two-point counts D1D2.
[012558.60]  01-26 18:29  TwoPointCorrelationFunction  INFO     Analytically computing two-point counts R1R2.
[012558.61]  01-26 18:29  TwoPointCorrelationFunction  INFO     Correlation function computed in elapsed time 101.01 s.
[012558.61]  01-26 18:29  NaturalTwoPointEstimator     INFO     Saving /pscratch/sd/s/shengyu/galaxies/catalogs/Y3/AbacusHF-v2/Boxes/QSO/sn1p250/AbacusSummit_base_c000_ph007/mpspk/xipoles_QSO_zp1.250_DR2_v1.0+dv_repeat.npy.
[012558.61]  01-26 18:29  compute_2pt                  INFO     Save to /pscratch/sd/s/shengyu/galaxies/catalogs/Y3/AbacusHF-v2/Boxes/QSO/sn1p250/AbacusSummit_base_c000_ph007/mpspk/xipoles_QSO_zp1.250_DR2_v1.0+dv_repeat.npy
[012562.42]  01-26 18:29  CatalogFFTPower              INFO     Painting catalog 1 to mesh CatalogMesh(nmesh=[512 512 512], boxsize=[2000. 2000. 2000.], boxcenter=[1000.00000169  999.99999826 1000.00001635], dtype=float64).
[012562.82]  01-26 18:29  CatalogMesh                  INFO     Slab 0 ~ 4194304 / 28379665.
[012563.94]  01-26 18:29  CatalogMesh                  INFO     Painted 4194304 out of 28379665 objects to mesh.
[012563.94]  01-26 18:29  CatalogMesh                  INFO     Slab 4194304 ~ 8388608 / 28379665.
[012565.04]  01-26 18:29  CatalogMesh                  INFO     Painted 8388608 out of 28379665 objects to mesh.
[012565.04]  01-26 18:29  CatalogMesh                  INFO     Slab 8388608 ~ 12582912 / 28379665.
[012566.14]  01-26 18:29  CatalogMesh                  INFO     Painted 12582912 out of 28379665 objects to mesh.
[012566.14]  01-26 18:29  CatalogMesh                  INFO     Slab 12582912 ~ 16777216 / 28379665.
[012567.24]  01-26 18:29  CatalogMesh                  INFO     Painted 16777216 out of 28379665 objects to mesh.
[012567.24]  01-26 18:29  CatalogMesh                  INFO     Slab 16777216 ~ 20971520 / 28379665.
[012568.34]  01-26 18:29  CatalogMesh                  INFO     Painted 20971520 out of 28379665 objects to mesh.
[012568.35]  01-26 18:29  CatalogMesh                  INFO     Slab 20971520 ~ 25165824 / 28379665.
[012569.55]  01-26 18:29  CatalogMesh                  INFO     Painted 25165824 out of 28379665 objects to mesh.
[012569.55]  01-26 18:29  CatalogMesh                  INFO     Slab 25165824 ~ 29360128 / 28379665.
[012570.58]  01-26 18:29  CatalogMesh                  INFO     Painted 28379665 out of 28379665 objects to mesh.
[012570.58]  01-26 18:29  CatalogMesh                  INFO     Running interlacing at order 3.
[012572.81]  01-26 18:29  CatalogMesh                  INFO     Slab 0 ~ 4194304 / 28379665.
[012573.90]  01-26 18:29  CatalogMesh                  INFO     Painted 4194304 out of 28379665 objects to mesh.
[012573.90]  01-26 18:29  CatalogMesh                  INFO     Slab 4194304 ~ 8388608 / 28379665.
[012575.00]  01-26 18:29  CatalogMesh                  INFO     Painted 8388608 out of 28379665 objects to mesh.
[012575.00]  01-26 18:29  CatalogMesh                  INFO     Slab 8388608 ~ 12582912 / 28379665.
[012576.11]  01-26 18:29  CatalogMesh                  INFO     Painted 12582912 out of 28379665 objects to mesh.
[012576.11]  01-26 18:29  CatalogMesh                  INFO     Slab 12582912 ~ 16777216 / 28379665.
[012577.21]  01-26 18:29  CatalogMesh                  INFO     Painted 16777216 out of 28379665 objects to mesh.
[012577.21]  01-26 18:29  CatalogMesh                  INFO     Slab 16777216 ~ 20971520 / 28379665.
[012578.32]  01-26 18:29  CatalogMesh                  INFO     Painted 20971520 out of 28379665 objects to mesh.
[012578.32]  01-26 18:29  CatalogMesh                  INFO     Slab 20971520 ~ 25165824 / 28379665.
[012579.52]  01-26 18:29  CatalogMesh                  INFO     Painted 25165824 out of 28379665 objects to mesh.
[012579.52]  01-26 18:29  CatalogMesh                  INFO     Slab 25165824 ~ 29360128 / 28379665.
[012580.56]  01-26 18:29  CatalogMesh                  INFO     Painted 28379665 out of 28379665 objects to mesh.
[012584.32]  01-26 18:29  CatalogMesh                  INFO     Slab 0 ~ 4194304 / 28379665.
[012585.42]  01-26 18:29  CatalogMesh                  INFO     Painted 4194304 out of 28379665 objects to mesh.
[012585.42]  01-26 18:29  CatalogMesh                  INFO     Slab 4194304 ~ 8388608 / 28379665.
[012586.52]  01-26 18:29  CatalogMesh                  INFO     Painted 8388608 out of 28379665 objects to mesh.
[012586.52]  01-26 18:29  CatalogMesh                  INFO     Slab 8388608 ~ 12582912 / 28379665.
[012587.62]  01-26 18:29  CatalogMesh                  INFO     Painted 12582912 out of 28379665 objects to mesh.
[012587.62]  01-26 18:29  CatalogMesh                  INFO     Slab 12582912 ~ 16777216 / 28379665.
[012588.73]  01-26 18:30  CatalogMesh                  INFO     Painted 16777216 out of 28379665 objects to mesh.
[012588.73]  01-26 18:30  CatalogMesh                  INFO     Slab 16777216 ~ 20971520 / 28379665.
[012589.83]  01-26 18:30  CatalogMesh                  INFO     Painted 20971520 out of 28379665 objects to mesh.
[012589.83]  01-26 18:30  CatalogMesh                  INFO     Slab 20971520 ~ 25165824 / 28379665.
[012591.04]  01-26 18:30  CatalogMesh                  INFO     Painted 25165824 out of 28379665 objects to mesh.
[012591.04]  01-26 18:30  CatalogMesh                  INFO     Slab 25165824 ~ 29360128 / 28379665.
[012592.07]  01-26 18:30  CatalogMesh                  INFO     Painted 28379665 out of 28379665 objects to mesh.
[012597.55]  01-26 18:30  CatalogFFTPower              INFO     Done painting catalog 1 to mesh.
[012597.55]  01-26 18:30  CatalogFFTPower              INFO     Using 400 k-bins between 0.000 and 0.400.
[012597.55]  01-26 18:30  CatalogFFTPower              INFO     Meshes prepared in elapsed time 35.13 s.
[012597.55]  01-26 18:30  CatalogFFTPower              INFO     Running mesh calculation.
[012614.60]  01-26 18:30  CatalogFFTPower              INFO     Mesh calculations performed in elapsed time 17.05 s.
[012614.60]  01-26 18:30  CatalogFFTPower              INFO     Power spectrum computed in elapsed time 52.19 s.
[012614.61]  01-26 18:30  CatalogFFTPower              INFO     Saving /pscratch/sd/s/shengyu/galaxies/catalogs/Y3/AbacusHF-v2/Boxes/QSO/sn1p250/AbacusSummit_base_c000_ph007/mpspk/pkpoles_QSO_zp1.250_DR2_v1.0+dv_repeat.npy.
[012614.61]  01-26 18:30  compute_2pt                  INFO     Save to /pscratch/sd/s/shengyu/galaxies/catalogs/Y3/AbacusHF-v2/Boxes/QSO/sn1p250/AbacusSummit_base_c000_ph007/mpspk/pkpoles_QSO_zp1.250_DR2_v1.0+dv_repeat.npy
[012614.61]  01-26 18:30  TwoPointCorrelationFunction  INFO     Using estimator <class 'pycorr.twopoint_estimator.NaturalTwoPointEstimator'>.
[012614.61]  01-26 18:30  TwoPointCorrelationFunction  INFO     Running auto-correlation.
[012614.61]  01-26 18:30  TwoPointCorrelationFunction  INFO     Computing two-point counts D1D2.
[012637.39]  01-26 18:30  TwoPointCorrelationFunction  INFO     Analytically computing two-point counts R1R2.
[012637.39]  01-26 18:30  TwoPointCorrelationFunction  INFO     Correlation function computed in elapsed time 22.78 s.
[012637.39]  01-26 18:30  NaturalTwoPointEstimator     INFO     Saving /pscratch/sd/s/shengyu/galaxies/catalogs/Y3/AbacusHF-v2/Boxes/QSO/sn1p250/AbacusSummit_base_c000_ph007/mpspk/mpslog_QSO_zp1.250_DR2_v1.0+dv_repeat.npy.
[012637.40]  01-26 18:30  compute_2pt                  INFO     Save to /pscratch/sd/s/shengyu/galaxies/catalogs/Y3/AbacusHF-v2/Boxes/QSO/sn1p250/AbacusSummit_base_c000_ph007/mpspk/mpslog_QSO_zp1.250_DR2_v1.0+dv_repeat.npy
[012637.40]  01-26 18:30  TwoPointCorrelationFunction  INFO     Using estimator <class 'pycorr.twopoint_estimator.NaturalTwoPointEstimator'>.
[012637.40]  01-26 18:30  TwoPointCorrelationFunction  INFO     Running auto-correlation.
[012637.40]  01-26 18:30  TwoPointCorrelationFunction  INFO     Computing two-point counts D1D2.
[012661.06]  01-26 18:31  TwoPointCorrelationFunction  INFO     Analytically computing two-point counts R1R2.
[012661.06]  01-26 18:31  TwoPointCorrelationFunction  INFO     Correlation function computed in elapsed time 23.66 s.
[012661.06]  01-26 18:31  NaturalTwoPointEstimator     INFO     Saving /pscratch/sd/s/shengyu/galaxies/catalogs/Y3/AbacusHF-v2/Boxes/QSO/sn1p250/AbacusSummit_base_c000_ph007/mpspk/wplog_QSO_zp1.250_DR2_v1.0+dv_repeat.npy.
[012661.07]  01-26 18:31  compute_2pt                  INFO     Save to /pscratch/sd/s/shengyu/galaxies/catalogs/Y3/AbacusHF-v2/Boxes/QSO/sn1p250/AbacusSummit_base_c000_ph007/mpspk/wplog_QSO_zp1.250_DR2_v1.0+dv_repeat.npy
[012661.07]  01-26 18:31  compute_2pt                  INFO     Procceed {'version': 'AbacusHF-v2', 'domain': 'cubic', 'tracer': 'QSO', 'zsnap': 1.25, 'zrange': (1.1, 1.4), 'mock_id': 8, 'use_dv': 'repeat'}
[012661.07]  01-26 18:31  cat_tools                    INFO     Load /pscratch/sd/s/shengyu/galaxies/catalogs/Y3/AbacusHF-v2/Boxes/QSO/sn1p250/AbacusSummit_base_c000_ph008/abacus_HF_QSO_1p250_DR2_v2.0_AbacusSummit_base_c000_ph008_base_clustering.dat.h5
[012661.07]  01-26 18:31  FileStack                    INFO     Reading /pscratch/sd/s/shengyu/galaxies/catalogs/Y3/AbacusHF-v2/Boxes/QSO/sn1p250/AbacusSummit_base_c000_ph008/abacus_HF_QSO_1p250_DR2_v2.0_AbacusSummit_base_c000_ph008_base_clustering.dat.h5.
[012661.08]  01-26 18:31  cat_tools                    INFO     use Z positions shifted in repeat mode
[012662.19]  01-26 18:31  TwoPointCorrelationFunction  INFO     Using estimator <class 'pycorr.twopoint_estimator.NaturalTwoPointEstimator'>.
[012662.19]  01-26 18:31  TwoPointCorrelationFunction  INFO     Running auto-correlation.
[012662.20]  01-26 18:31  TwoPointCorrelationFunction  INFO     Computing two-point counts D1D2.
[012767.33]  01-26 18:32  TwoPointCorrelationFunction  INFO     Analytically computing two-point counts R1R2.
[012767.33]  01-26 18:32  TwoPointCorrelationFunction  INFO     Correlation function computed in elapsed time 105.14 s.
[012767.33]  01-26 18:32  NaturalTwoPointEstimator     INFO     Saving /pscratch/sd/s/shengyu/galaxies/catalogs/Y3/AbacusHF-v2/Boxes/QSO/sn1p250/AbacusSummit_base_c000_ph008/mpspk/xipoles_QSO_zp1.250_DR2_v1.0+dv_repeat.npy.
[012767.33]  01-26 18:32  compute_2pt                  INFO     Save to /pscratch/sd/s/shengyu/galaxies/catalogs/Y3/AbacusHF-v2/Boxes/QSO/sn1p250/AbacusSummit_base_c000_ph008/mpspk/xipoles_QSO_zp1.250_DR2_v1.0+dv_repeat.npy
[012771.18]  01-26 18:33  CatalogFFTPower              INFO     Painting catalog 1 to mesh CatalogMesh(nmesh=[512 512 512], boxsize=[2000. 2000. 2000.], boxcenter=[ 999.999989    999.99997621 1000.00012117], dtype=float64).
[012771.58]  01-26 18:33  CatalogMesh                  INFO     Slab 0 ~ 4194304 / 28339838.
[012772.71]  01-26 18:33  CatalogMesh                  INFO     Painted 4194304 out of 28339838 objects to mesh.
[012772.71]  01-26 18:33  CatalogMesh                  INFO     Slab 4194304 ~ 8388608 / 28339838.
[012773.82]  01-26 18:33  CatalogMesh                  INFO     Painted 8388608 out of 28339838 objects to mesh.
[012773.82]  01-26 18:33  CatalogMesh                  INFO     Slab 8388608 ~ 12582912 / 28339838.
[012774.95]  01-26 18:33  CatalogMesh                  INFO     Painted 12582912 out of 28339838 objects to mesh.
[012774.95]  01-26 18:33  CatalogMesh                  INFO     Slab 12582912 ~ 16777216 / 28339838.
[012776.06]  01-26 18:33  CatalogMesh                  INFO     Painted 16777216 out of 28339838 objects to mesh.
[012776.06]  01-26 18:33  CatalogMesh                  INFO     Slab 16777216 ~ 20971520 / 28339838.
[012777.19]  01-26 18:33  CatalogMesh                  INFO     Painted 20971520 out of 28339838 objects to mesh.
[012777.19]  01-26 18:33  CatalogMesh                  INFO     Slab 20971520 ~ 25165824 / 28339838.
[012778.40]  01-26 18:33  CatalogMesh                  INFO     Painted 25165824 out of 28339838 objects to mesh.
[012778.40]  01-26 18:33  CatalogMesh                  INFO     Slab 25165824 ~ 29360128 / 28339838.
[012779.44]  01-26 18:33  CatalogMesh                  INFO     Painted 28339838 out of 28339838 objects to mesh.
[012779.44]  01-26 18:33  CatalogMesh                  INFO     Running interlacing at order 3.
[012781.68]  01-26 18:33  CatalogMesh                  INFO     Slab 0 ~ 4194304 / 28339838.
[012782.78]  01-26 18:33  CatalogMesh                  INFO     Painted 4194304 out of 28339838 objects to mesh.
[012782.78]  01-26 18:33  CatalogMesh                  INFO     Slab 4194304 ~ 8388608 / 28339838.
[012783.89]  01-26 18:33  CatalogMesh                  INFO     Painted 8388608 out of 28339838 objects to mesh.
[012783.89]  01-26 18:33  CatalogMesh                  INFO     Slab 8388608 ~ 12582912 / 28339838.
[012785.01]  01-26 18:33  CatalogMesh                  INFO     Painted 12582912 out of 28339838 objects to mesh.
[012785.01]  01-26 18:33  CatalogMesh                  INFO     Slab 12582912 ~ 16777216 / 28339838.
[012786.12]  01-26 18:33  CatalogMesh                  INFO     Painted 16777216 out of 28339838 objects to mesh.
[012786.12]  01-26 18:33  CatalogMesh                  INFO     Slab 16777216 ~ 20971520 / 28339838.
[012787.23]  01-26 18:33  CatalogMesh                  INFO     Painted 20971520 out of 28339838 objects to mesh.
[012787.23]  01-26 18:33  CatalogMesh                  INFO     Slab 20971520 ~ 25165824 / 28339838.
[012788.45]  01-26 18:33  CatalogMesh                  INFO     Painted 25165824 out of 28339838 objects to mesh.
[012788.45]  01-26 18:33  CatalogMesh                  INFO     Slab 25165824 ~ 29360128 / 28339838.
[012789.49]  01-26 18:33  CatalogMesh                  INFO     Painted 28339838 out of 28339838 objects to mesh.
[012793.28]  01-26 18:33  CatalogMesh                  INFO     Slab 0 ~ 4194304 / 28339838.
[012794.38]  01-26 18:33  CatalogMesh                  INFO     Painted 4194304 out of 28339838 objects to mesh.
[012794.38]  01-26 18:33  CatalogMesh                  INFO     Slab 4194304 ~ 8388608 / 28339838.
[012795.49]  01-26 18:33  CatalogMesh                  INFO     Painted 8388608 out of 28339838 objects to mesh.
[012795.49]  01-26 18:33  CatalogMesh                  INFO     Slab 8388608 ~ 12582912 / 28339838.
[012796.61]  01-26 18:33  CatalogMesh                  INFO     Painted 12582912 out of 28339838 objects to mesh.
[012796.61]  01-26 18:33  CatalogMesh                  INFO     Slab 12582912 ~ 16777216 / 28339838.
[012797.72]  01-26 18:33  CatalogMesh                  INFO     Painted 16777216 out of 28339838 objects to mesh.
[012797.72]  01-26 18:33  CatalogMesh                  INFO     Slab 16777216 ~ 20971520 / 28339838.
[012798.84]  01-26 18:33  CatalogMesh                  INFO     Painted 20971520 out of 28339838 objects to mesh.
[012798.84]  01-26 18:33  CatalogMesh                  INFO     Slab 20971520 ~ 25165824 / 28339838.
[012800.07]  01-26 18:33  CatalogMesh                  INFO     Painted 25165824 out of 28339838 objects to mesh.
[012800.07]  01-26 18:33  CatalogMesh                  INFO     Slab 25165824 ~ 29360128 / 28339838.
[012801.10]  01-26 18:33  CatalogMesh                  INFO     Painted 28339838 out of 28339838 objects to mesh.
[012806.62]  01-26 18:33  CatalogFFTPower              INFO     Done painting catalog 1 to mesh.
[012806.62]  01-26 18:33  CatalogFFTPower              INFO     Using 400 k-bins between 0.000 and 0.400.
[012806.62]  01-26 18:33  CatalogFFTPower              INFO     Meshes prepared in elapsed time 35.44 s.
[012806.62]  01-26 18:33  CatalogFFTPower              INFO     Running mesh calculation.
[012823.85]  01-26 18:33  CatalogFFTPower              INFO     Mesh calculations performed in elapsed time 17.23 s.
[012823.85]  01-26 18:33  CatalogFFTPower              INFO     Power spectrum computed in elapsed time 52.67 s.
[012823.85]  01-26 18:33  CatalogFFTPower              INFO     Saving /pscratch/sd/s/shengyu/galaxies/catalogs/Y3/AbacusHF-v2/Boxes/QSO/sn1p250/AbacusSummit_base_c000_ph008/mpspk/pkpoles_QSO_zp1.250_DR2_v1.0+dv_repeat.npy.
[012823.85]  01-26 18:33  compute_2pt                  INFO     Save to /pscratch/sd/s/shengyu/galaxies/catalogs/Y3/AbacusHF-v2/Boxes/QSO/sn1p250/AbacusSummit_base_c000_ph008/mpspk/pkpoles_QSO_zp1.250_DR2_v1.0+dv_repeat.npy
[012823.85]  01-26 18:33  TwoPointCorrelationFunction  INFO     Using estimator <class 'pycorr.twopoint_estimator.NaturalTwoPointEstimator'>.
[012823.85]  01-26 18:33  TwoPointCorrelationFunction  INFO     Running auto-correlation.
[012823.85]  01-26 18:33  TwoPointCorrelationFunction  INFO     Computing two-point counts D1D2.
[012845.45]  01-26 18:34  TwoPointCorrelationFunction  INFO     Analytically computing two-point counts R1R2.
[012845.45]  01-26 18:34  TwoPointCorrelationFunction  INFO     Correlation function computed in elapsed time 21.60 s.
[012845.45]  01-26 18:34  NaturalTwoPointEstimator     INFO     Saving /pscratch/sd/s/shengyu/galaxies/catalogs/Y3/AbacusHF-v2/Boxes/QSO/sn1p250/AbacusSummit_base_c000_ph008/mpspk/mpslog_QSO_zp1.250_DR2_v1.0+dv_repeat.npy.
[012845.46]  01-26 18:34  compute_2pt                  INFO     Save to /pscratch/sd/s/shengyu/galaxies/catalogs/Y3/AbacusHF-v2/Boxes/QSO/sn1p250/AbacusSummit_base_c000_ph008/mpspk/mpslog_QSO_zp1.250_DR2_v1.0+dv_repeat.npy
[012845.46]  01-26 18:34  TwoPointCorrelationFunction  INFO     Using estimator <class 'pycorr.twopoint_estimator.NaturalTwoPointEstimator'>.
[012845.46]  01-26 18:34  TwoPointCorrelationFunction  INFO     Running auto-correlation.
[012845.46]  01-26 18:34  TwoPointCorrelationFunction  INFO     Computing two-point counts D1D2.
[012869.03]  01-26 18:34  TwoPointCorrelationFunction  INFO     Analytically computing two-point counts R1R2.
[012869.04]  01-26 18:34  TwoPointCorrelationFunction  INFO     Correlation function computed in elapsed time 23.58 s.
[012869.04]  01-26 18:34  NaturalTwoPointEstimator     INFO     Saving /pscratch/sd/s/shengyu/galaxies/catalogs/Y3/AbacusHF-v2/Boxes/QSO/sn1p250/AbacusSummit_base_c000_ph008/mpspk/wplog_QSO_zp1.250_DR2_v1.0+dv_repeat.npy.
[012869.04]  01-26 18:34  compute_2pt                  INFO     Save to /pscratch/sd/s/shengyu/galaxies/catalogs/Y3/AbacusHF-v2/Boxes/QSO/sn1p250/AbacusSummit_base_c000_ph008/mpspk/wplog_QSO_zp1.250_DR2_v1.0+dv_repeat.npy
[012869.04]  01-26 18:34  compute_2pt                  INFO     Procceed {'version': 'AbacusHF-v2', 'domain': 'cubic', 'tracer': 'QSO', 'zsnap': 1.25, 'zrange': (1.1, 1.4), 'mock_id': 9, 'use_dv': 'repeat'}
[012869.04]  01-26 18:34  cat_tools                    INFO     Load /pscratch/sd/s/shengyu/galaxies/catalogs/Y3/AbacusHF-v2/Boxes/QSO/sn1p250/AbacusSummit_base_c000_ph009/abacus_HF_QSO_1p250_DR2_v2.0_AbacusSummit_base_c000_ph009_base_clustering.dat.h5
[012869.04]  01-26 18:34  FileStack                    INFO     Reading /pscratch/sd/s/shengyu/galaxies/catalogs/Y3/AbacusHF-v2/Boxes/QSO/sn1p250/AbacusSummit_base_c000_ph009/abacus_HF_QSO_1p250_DR2_v2.0_AbacusSummit_base_c000_ph009_base_clustering.dat.h5.
[012869.05]  01-26 18:34  cat_tools                    INFO     use Z positions shifted in repeat mode
[012870.17]  01-26 18:34  TwoPointCorrelationFunction  INFO     Using estimator <class 'pycorr.twopoint_estimator.NaturalTwoPointEstimator'>.
[012870.17]  01-26 18:34  TwoPointCorrelationFunction  INFO     Running auto-correlation.
[012870.17]  01-26 18:34  TwoPointCorrelationFunction  INFO     Computing two-point counts D1D2.
[012976.14]  01-26 18:36  TwoPointCorrelationFunction  INFO     Analytically computing two-point counts R1R2.
[012976.14]  01-26 18:36  TwoPointCorrelationFunction  INFO     Correlation function computed in elapsed time 105.97 s.
[012976.14]  01-26 18:36  NaturalTwoPointEstimator     INFO     Saving /pscratch/sd/s/shengyu/galaxies/catalogs/Y3/AbacusHF-v2/Boxes/QSO/sn1p250/AbacusSummit_base_c000_ph009/mpspk/xipoles_QSO_zp1.250_DR2_v1.0+dv_repeat.npy.
[012976.14]  01-26 18:36  compute_2pt                  INFO     Save to /pscratch/sd/s/shengyu/galaxies/catalogs/Y3/AbacusHF-v2/Boxes/QSO/sn1p250/AbacusSummit_base_c000_ph009/mpspk/xipoles_QSO_zp1.250_DR2_v1.0+dv_repeat.npy
[012979.98]  01-26 18:36  CatalogFFTPower              INFO     Painting catalog 1 to mesh CatalogMesh(nmesh=[512 512 512], boxsize=[2000. 2000. 2000.], boxcenter=[1000.00000057 1000.00003075 1000.00001546], dtype=float64).
[012980.38]  01-26 18:36  CatalogMesh                  INFO     Slab 0 ~ 4194304 / 28334246.
[012981.52]  01-26 18:36  CatalogMesh                  INFO     Painted 4194304 out of 28334246 objects to mesh.
[012981.52]  01-26 18:36  CatalogMesh                  INFO     Slab 4194304 ~ 8388608 / 28334246.
[012982.64]  01-26 18:36  CatalogMesh                  INFO     Painted 8388608 out of 28334246 objects to mesh.
[012982.64]  01-26 18:36  CatalogMesh                  INFO     Slab 8388608 ~ 12582912 / 28334246.
[012983.76]  01-26 18:36  CatalogMesh                  INFO     Painted 12582912 out of 28334246 objects to mesh.
[012983.76]  01-26 18:36  CatalogMesh                  INFO     Slab 12582912 ~ 16777216 / 28334246.
[012984.88]  01-26 18:36  CatalogMesh                  INFO     Painted 16777216 out of 28334246 objects to mesh.
[012984.88]  01-26 18:36  CatalogMesh                  INFO     Slab 16777216 ~ 20971520 / 28334246.
[012986.00]  01-26 18:36  CatalogMesh                  INFO     Painted 20971520 out of 28334246 objects to mesh.
[012986.00]  01-26 18:36  CatalogMesh                  INFO     Slab 20971520 ~ 25165824 / 28334246.
[012987.24]  01-26 18:36  CatalogMesh                  INFO     Painted 25165824 out of 28334246 objects to mesh.
[012987.24]  01-26 18:36  CatalogMesh                  INFO     Slab 25165824 ~ 29360128 / 28334246.
[012988.28]  01-26 18:36  CatalogMesh                  INFO     Painted 28334246 out of 28334246 objects to mesh.
[012988.28]  01-26 18:36  CatalogMesh                  INFO     Running interlacing at order 3.
[012990.54]  01-26 18:36  CatalogMesh                  INFO     Slab 0 ~ 4194304 / 28334246.
[012991.65]  01-26 18:36  CatalogMesh                  INFO     Painted 4194304 out of 28334246 objects to mesh.
[012991.65]  01-26 18:36  CatalogMesh                  INFO     Slab 4194304 ~ 8388608 / 28334246.
[012992.77]  01-26 18:36  CatalogMesh                  INFO     Painted 8388608 out of 28334246 objects to mesh.
[012992.77]  01-26 18:36  CatalogMesh                  INFO     Slab 8388608 ~ 12582912 / 28334246.
[012993.89]  01-26 18:36  CatalogMesh                  INFO     Painted 12582912 out of 28334246 objects to mesh.
[012993.89]  01-26 18:36  CatalogMesh                  INFO     Slab 12582912 ~ 16777216 / 28334246.
[012995.00]  01-26 18:36  CatalogMesh                  INFO     Painted 16777216 out of 28334246 objects to mesh.
[012995.01]  01-26 18:36  CatalogMesh                  INFO     Slab 16777216 ~ 20971520 / 28334246.
[012996.12]  01-26 18:36  CatalogMesh                  INFO     Painted 20971520 out of 28334246 objects to mesh.
[012996.12]  01-26 18:36  CatalogMesh                  INFO     Slab 20971520 ~ 25165824 / 28334246.
[012997.39]  01-26 18:36  CatalogMesh                  INFO     Painted 25165824 out of 28334246 objects to mesh.
[012997.39]  01-26 18:36  CatalogMesh                  INFO     Slab 25165824 ~ 29360128 / 28334246.
[012998.43]  01-26 18:36  CatalogMesh                  INFO     Painted 28334246 out of 28334246 objects to mesh.
[013002.26]  01-26 18:36  CatalogMesh                  INFO     Slab 0 ~ 4194304 / 28334246.
[013003.37]  01-26 18:36  CatalogMesh                  INFO     Painted 4194304 out of 28334246 objects to mesh.
[013003.37]  01-26 18:36  CatalogMesh                  INFO     Slab 4194304 ~ 8388608 / 28334246.
[013004.49]  01-26 18:36  CatalogMesh                  INFO     Painted 8388608 out of 28334246 objects to mesh.
[013004.49]  01-26 18:36  CatalogMesh                  INFO     Slab 8388608 ~ 12582912 / 28334246.
[013005.60]  01-26 18:36  CatalogMesh                  INFO     Painted 12582912 out of 28334246 objects to mesh.
[013005.60]  01-26 18:36  CatalogMesh                  INFO     Slab 12582912 ~ 16777216 / 28334246.
[013006.72]  01-26 18:36  CatalogMesh                  INFO     Painted 16777216 out of 28334246 objects to mesh.
[013006.72]  01-26 18:36  CatalogMesh                  INFO     Slab 16777216 ~ 20971520 / 28334246.
[013007.83]  01-26 18:36  CatalogMesh                  INFO     Painted 20971520 out of 28334246 objects to mesh.
[013007.83]  01-26 18:36  CatalogMesh                  INFO     Slab 20971520 ~ 25165824 / 28334246.
[013009.05]  01-26 18:37  CatalogMesh                  INFO     Painted 25165824 out of 28334246 objects to mesh.
[013009.05]  01-26 18:37  CatalogMesh                  INFO     Slab 25165824 ~ 29360128 / 28334246.
[013010.08]  01-26 18:37  CatalogMesh                  INFO     Painted 28334246 out of 28334246 objects to mesh.
[013015.57]  01-26 18:37  CatalogFFTPower              INFO     Done painting catalog 1 to mesh.
[013015.57]  01-26 18:37  CatalogFFTPower              INFO     Using 400 k-bins between 0.000 and 0.400.
[013015.57]  01-26 18:37  CatalogFFTPower              INFO     Meshes prepared in elapsed time 35.60 s.
[013015.58]  01-26 18:37  CatalogFFTPower              INFO     Running mesh calculation.
[013032.73]  01-26 18:37  CatalogFFTPower              INFO     Mesh calculations performed in elapsed time 17.16 s.
[013032.73]  01-26 18:37  CatalogFFTPower              INFO     Power spectrum computed in elapsed time 52.75 s.
[013032.73]  01-26 18:37  CatalogFFTPower              INFO     Saving /pscratch/sd/s/shengyu/galaxies/catalogs/Y3/AbacusHF-v2/Boxes/QSO/sn1p250/AbacusSummit_base_c000_ph009/mpspk/pkpoles_QSO_zp1.250_DR2_v1.0+dv_repeat.npy.
[013032.74]  01-26 18:37  compute_2pt                  INFO     Save to /pscratch/sd/s/shengyu/galaxies/catalogs/Y3/AbacusHF-v2/Boxes/QSO/sn1p250/AbacusSummit_base_c000_ph009/mpspk/pkpoles_QSO_zp1.250_DR2_v1.0+dv_repeat.npy
[013032.74]  01-26 18:37  TwoPointCorrelationFunction  INFO     Using estimator <class 'pycorr.twopoint_estimator.NaturalTwoPointEstimator'>.
[013032.74]  01-26 18:37  TwoPointCorrelationFunction  INFO     Running auto-correlation.
[013032.74]  01-26 18:37  TwoPointCorrelationFunction  INFO     Computing two-point counts D1D2.
[013054.12]  01-26 18:37  TwoPointCorrelationFunction  INFO     Analytically computing two-point counts R1R2.
[013054.12]  01-26 18:37  TwoPointCorrelationFunction  INFO     Correlation function computed in elapsed time 21.38 s.
[013054.12]  01-26 18:37  NaturalTwoPointEstimator     INFO     Saving /pscratch/sd/s/shengyu/galaxies/catalogs/Y3/AbacusHF-v2/Boxes/QSO/sn1p250/AbacusSummit_base_c000_ph009/mpspk/mpslog_QSO_zp1.250_DR2_v1.0+dv_repeat.npy.
[013054.12]  01-26 18:37  compute_2pt                  INFO     Save to /pscratch/sd/s/shengyu/galaxies/catalogs/Y3/AbacusHF-v2/Boxes/QSO/sn1p250/AbacusSummit_base_c000_ph009/mpspk/mpslog_QSO_zp1.250_DR2_v1.0+dv_repeat.npy
[013054.12]  01-26 18:37  TwoPointCorrelationFunction  INFO     Using estimator <class 'pycorr.twopoint_estimator.NaturalTwoPointEstimator'>.
[013054.12]  01-26 18:37  TwoPointCorrelationFunction  INFO     Running auto-correlation.
[013054.12]  01-26 18:37  TwoPointCorrelationFunction  INFO     Computing two-point counts D1D2.
[013077.97]  01-26 18:38  TwoPointCorrelationFunction  INFO     Analytically computing two-point counts R1R2.
[013077.97]  01-26 18:38  TwoPointCorrelationFunction  INFO     Correlation function computed in elapsed time 23.85 s.
[013077.97]  01-26 18:38  NaturalTwoPointEstimator     INFO     Saving /pscratch/sd/s/shengyu/galaxies/catalogs/Y3/AbacusHF-v2/Boxes/QSO/sn1p250/AbacusSummit_base_c000_ph009/mpspk/wplog_QSO_zp1.250_DR2_v1.0+dv_repeat.npy.
[013077.98]  01-26 18:38  compute_2pt                  INFO     Save to /pscratch/sd/s/shengyu/galaxies/catalogs/Y3/AbacusHF-v2/Boxes/QSO/sn1p250/AbacusSummit_base_c000_ph009/mpspk/wplog_QSO_zp1.250_DR2_v1.0+dv_repeat.npy
[013077.98]  01-26 18:38  compute_2pt                  INFO     Procceed {'version': 'AbacusHF-v2', 'domain': 'cubic', 'tracer': 'QSO', 'zsnap': 1.25, 'zrange': (1.1, 1.4), 'mock_id': 10, 'use_dv': 'repeat'}
[013077.98]  01-26 18:38  cat_tools                    INFO     Load /pscratch/sd/s/shengyu/galaxies/catalogs/Y3/AbacusHF-v2/Boxes/QSO/sn1p250/AbacusSummit_base_c000_ph010/abacus_HF_QSO_1p250_DR2_v2.0_AbacusSummit_base_c000_ph010_base_clustering.dat.h5
[013077.98]  01-26 18:38  FileStack                    INFO     Reading /pscratch/sd/s/shengyu/galaxies/catalogs/Y3/AbacusHF-v2/Boxes/QSO/sn1p250/AbacusSummit_base_c000_ph010/abacus_HF_QSO_1p250_DR2_v2.0_AbacusSummit_base_c000_ph010_base_clustering.dat.h5.
[013077.99]  01-26 18:38  cat_tools                    INFO     use Z positions shifted in repeat mode
[013079.11]  01-26 18:38  TwoPointCorrelationFunction  INFO     Using estimator <class 'pycorr.twopoint_estimator.NaturalTwoPointEstimator'>.
[013079.11]  01-26 18:38  TwoPointCorrelationFunction  INFO     Running auto-correlation.
[013079.11]  01-26 18:38  TwoPointCorrelationFunction  INFO     Computing two-point counts D1D2.
[013184.96]  01-26 18:39  TwoPointCorrelationFunction  INFO     Analytically computing two-point counts R1R2.
[013184.96]  01-26 18:39  TwoPointCorrelationFunction  INFO     Correlation function computed in elapsed time 105.86 s.
[013184.96]  01-26 18:39  NaturalTwoPointEstimator     INFO     Saving /pscratch/sd/s/shengyu/galaxies/catalogs/Y3/AbacusHF-v2/Boxes/QSO/sn1p250/AbacusSummit_base_c000_ph010/mpspk/xipoles_QSO_zp1.250_DR2_v1.0+dv_repeat.npy.
[013184.97]  01-26 18:39  compute_2pt                  INFO     Save to /pscratch/sd/s/shengyu/galaxies/catalogs/Y3/AbacusHF-v2/Boxes/QSO/sn1p250/AbacusSummit_base_c000_ph010/mpspk/xipoles_QSO_zp1.250_DR2_v1.0+dv_repeat.npy
[013188.80]  01-26 18:40  CatalogFFTPower              INFO     Painting catalog 1 to mesh CatalogMesh(nmesh=[512 512 512], boxsize=[2000. 2000. 2000.], boxcenter=[ 999.99995857 1000.00004309  999.99993298], dtype=float64).
[013189.20]  01-26 18:40  CatalogMesh                  INFO     Slab 0 ~ 4194304 / 28321662.
[013190.33]  01-26 18:40  CatalogMesh                  INFO     Painted 4194304 out of 28321662 objects to mesh.
[013190.33]  01-26 18:40  CatalogMesh                  INFO     Slab 4194304 ~ 8388608 / 28321662.
[013191.43]  01-26 18:40  CatalogMesh                  INFO     Painted 8388608 out of 28321662 objects to mesh.
[013191.43]  01-26 18:40  CatalogMesh                  INFO     Slab 8388608 ~ 12582912 / 28321662.
[013192.54]  01-26 18:40  CatalogMesh                  INFO     Painted 12582912 out of 28321662 objects to mesh.
[013192.55]  01-26 18:40  CatalogMesh                  INFO     Slab 12582912 ~ 16777216 / 28321662.
[013193.65]  01-26 18:40  CatalogMesh                  INFO     Painted 16777216 out of 28321662 objects to mesh.
[013193.65]  01-26 18:40  CatalogMesh                  INFO     Slab 16777216 ~ 20971520 / 28321662.
[013194.76]  01-26 18:40  CatalogMesh                  INFO     Painted 20971520 out of 28321662 objects to mesh.
[013194.76]  01-26 18:40  CatalogMesh                  INFO     Slab 20971520 ~ 25165824 / 28321662.
[013195.97]  01-26 18:40  CatalogMesh                  INFO     Painted 25165824 out of 28321662 objects to mesh.
[013195.97]  01-26 18:40  CatalogMesh                  INFO     Slab 25165824 ~ 29360128 / 28321662.
[013197.00]  01-26 18:40  CatalogMesh                  INFO     Painted 28321662 out of 28321662 objects to mesh.
[013197.00]  01-26 18:40  CatalogMesh                  INFO     Running interlacing at order 3.
[013199.27]  01-26 18:40  CatalogMesh                  INFO     Slab 0 ~ 4194304 / 28321662.
[013200.37]  01-26 18:40  CatalogMesh                  INFO     Painted 4194304 out of 28321662 objects to mesh.
[013200.37]  01-26 18:40  CatalogMesh                  INFO     Slab 4194304 ~ 8388608 / 28321662.
[013201.48]  01-26 18:40  CatalogMesh                  INFO     Painted 8388608 out of 28321662 objects to mesh.
[013201.48]  01-26 18:40  CatalogMesh                  INFO     Slab 8388608 ~ 12582912 / 28321662.
[013202.59]  01-26 18:40  CatalogMesh                  INFO     Painted 12582912 out of 28321662 objects to mesh.
[013202.59]  01-26 18:40  CatalogMesh                  INFO     Slab 12582912 ~ 16777216 / 28321662.
[013203.70]  01-26 18:40  CatalogMesh                  INFO     Painted 16777216 out of 28321662 objects to mesh.
[013203.70]  01-26 18:40  CatalogMesh                  INFO     Slab 16777216 ~ 20971520 / 28321662.
[013204.81]  01-26 18:40  CatalogMesh                  INFO     Painted 20971520 out of 28321662 objects to mesh.
[013204.81]  01-26 18:40  CatalogMesh                  INFO     Slab 20971520 ~ 25165824 / 28321662.
[013206.02]  01-26 18:40  CatalogMesh                  INFO     Painted 25165824 out of 28321662 objects to mesh.
[013206.02]  01-26 18:40  CatalogMesh                  INFO     Slab 25165824 ~ 29360128 / 28321662.
[013207.05]  01-26 18:40  CatalogMesh                  INFO     Painted 28321662 out of 28321662 objects to mesh.
[013210.85]  01-26 18:40  CatalogMesh                  INFO     Slab 0 ~ 4194304 / 28321662.
[013211.96]  01-26 18:40  CatalogMesh                  INFO     Painted 4194304 out of 28321662 objects to mesh.
[013211.96]  01-26 18:40  CatalogMesh                  INFO     Slab 4194304 ~ 8388608 / 28321662.
[013213.06]  01-26 18:40  CatalogMesh                  INFO     Painted 8388608 out of 28321662 objects to mesh.
[013213.06]  01-26 18:40  CatalogMesh                  INFO     Slab 8388608 ~ 12582912 / 28321662.
[013214.17]  01-26 18:40  CatalogMesh                  INFO     Painted 12582912 out of 28321662 objects to mesh.
[013214.17]  01-26 18:40  CatalogMesh                  INFO     Slab 12582912 ~ 16777216 / 28321662.
[013215.28]  01-26 18:40  CatalogMesh                  INFO     Painted 16777216 out of 28321662 objects to mesh.
[013215.28]  01-26 18:40  CatalogMesh                  INFO     Slab 16777216 ~ 20971520 / 28321662.
[013216.38]  01-26 18:40  CatalogMesh                  INFO     Painted 20971520 out of 28321662 objects to mesh.
[013216.38]  01-26 18:40  CatalogMesh                  INFO     Slab 20971520 ~ 25165824 / 28321662.
[013217.59]  01-26 18:40  CatalogMesh                  INFO     Painted 25165824 out of 28321662 objects to mesh.
[013217.59]  01-26 18:40  CatalogMesh                  INFO     Slab 25165824 ~ 29360128 / 28321662.
[013218.62]  01-26 18:40  CatalogMesh                  INFO     Painted 28321662 out of 28321662 objects to mesh.
[013224.14]  01-26 18:40  CatalogFFTPower              INFO     Done painting catalog 1 to mesh.
[013224.14]  01-26 18:40  CatalogFFTPower              INFO     Using 400 k-bins between 0.000 and 0.400.
[013224.15]  01-26 18:40  CatalogFFTPower              INFO     Meshes prepared in elapsed time 35.34 s.
[013224.15]  01-26 18:40  CatalogFFTPower              INFO     Running mesh calculation.
[013241.31]  01-26 18:40  CatalogFFTPower              INFO     Mesh calculations performed in elapsed time 17.17 s.
[013241.31]  01-26 18:40  CatalogFFTPower              INFO     Power spectrum computed in elapsed time 52.51 s.
[013241.31]  01-26 18:40  CatalogFFTPower              INFO     Saving /pscratch/sd/s/shengyu/galaxies/catalogs/Y3/AbacusHF-v2/Boxes/QSO/sn1p250/AbacusSummit_base_c000_ph010/mpspk/pkpoles_QSO_zp1.250_DR2_v1.0+dv_repeat.npy.
[013241.32]  01-26 18:40  compute_2pt                  INFO     Save to /pscratch/sd/s/shengyu/galaxies/catalogs/Y3/AbacusHF-v2/Boxes/QSO/sn1p250/AbacusSummit_base_c000_ph010/mpspk/pkpoles_QSO_zp1.250_DR2_v1.0+dv_repeat.npy
[013241.32]  01-26 18:40  TwoPointCorrelationFunction  INFO     Using estimator <class 'pycorr.twopoint_estimator.NaturalTwoPointEstimator'>.
[013241.32]  01-26 18:40  TwoPointCorrelationFunction  INFO     Running auto-correlation.
[013241.32]  01-26 18:40  TwoPointCorrelationFunction  INFO     Computing two-point counts D1D2.
[013264.24]  01-26 18:41  TwoPointCorrelationFunction  INFO     Analytically computing two-point counts R1R2.
[013264.24]  01-26 18:41  TwoPointCorrelationFunction  INFO     Correlation function computed in elapsed time 22.92 s.
[013264.24]  01-26 18:41  NaturalTwoPointEstimator     INFO     Saving /pscratch/sd/s/shengyu/galaxies/catalogs/Y3/AbacusHF-v2/Boxes/QSO/sn1p250/AbacusSummit_base_c000_ph010/mpspk/mpslog_QSO_zp1.250_DR2_v1.0+dv_repeat.npy.
[013264.24]  01-26 18:41  compute_2pt                  INFO     Save to /pscratch/sd/s/shengyu/galaxies/catalogs/Y3/AbacusHF-v2/Boxes/QSO/sn1p250/AbacusSummit_base_c000_ph010/mpspk/mpslog_QSO_zp1.250_DR2_v1.0+dv_repeat.npy
[013264.24]  01-26 18:41  TwoPointCorrelationFunction  INFO     Using estimator <class 'pycorr.twopoint_estimator.NaturalTwoPointEstimator'>.
[013264.24]  01-26 18:41  TwoPointCorrelationFunction  INFO     Running auto-correlation.
[013264.24]  01-26 18:41  TwoPointCorrelationFunction  INFO     Computing two-point counts D1D2.
[013288.05]  01-26 18:41  TwoPointCorrelationFunction  INFO     Analytically computing two-point counts R1R2.
[013288.05]  01-26 18:41  TwoPointCorrelationFunction  INFO     Correlation function computed in elapsed time 23.80 s.
[013288.05]  01-26 18:41  NaturalTwoPointEstimator     INFO     Saving /pscratch/sd/s/shengyu/galaxies/catalogs/Y3/AbacusHF-v2/Boxes/QSO/sn1p250/AbacusSummit_base_c000_ph010/mpspk/wplog_QSO_zp1.250_DR2_v1.0+dv_repeat.npy.
[013288.05]  01-26 18:41  compute_2pt                  INFO     Save to /pscratch/sd/s/shengyu/galaxies/catalogs/Y3/AbacusHF-v2/Boxes/QSO/sn1p250/AbacusSummit_base_c000_ph010/mpspk/wplog_QSO_zp1.250_DR2_v1.0+dv_repeat.npy
[013288.05]  01-26 18:41  compute_2pt                  INFO     Procceed {'version': 'AbacusHF-v2', 'domain': 'cubic', 'tracer': 'QSO', 'zsnap': 1.25, 'zrange': (1.1, 1.4), 'mock_id': 11, 'use_dv': 'repeat'}
[013288.05]  01-26 18:41  cat_tools                    INFO     Load /pscratch/sd/s/shengyu/galaxies/catalogs/Y3/AbacusHF-v2/Boxes/QSO/sn1p250/AbacusSummit_base_c000_ph011/abacus_HF_QSO_1p250_DR2_v2.0_AbacusSummit_base_c000_ph011_base_clustering.dat.h5
[013288.05]  01-26 18:41  FileStack                    INFO     Reading /pscratch/sd/s/shengyu/galaxies/catalogs/Y3/AbacusHF-v2/Boxes/QSO/sn1p250/AbacusSummit_base_c000_ph011/abacus_HF_QSO_1p250_DR2_v2.0_AbacusSummit_base_c000_ph011_base_clustering.dat.h5.
[013288.06]  01-26 18:41  cat_tools                    INFO     use Z positions shifted in repeat mode
[013289.17]  01-26 18:41  TwoPointCorrelationFunction  INFO     Using estimator <class 'pycorr.twopoint_estimator.NaturalTwoPointEstimator'>.
[013289.17]  01-26 18:41  TwoPointCorrelationFunction  INFO     Running auto-correlation.
[013289.18]  01-26 18:41  TwoPointCorrelationFunction  INFO     Computing two-point counts D1D2.
[013388.54]  01-26 18:43  TwoPointCorrelationFunction  INFO     Analytically computing two-point counts R1R2.
[013388.55]  01-26 18:43  TwoPointCorrelationFunction  INFO     Correlation function computed in elapsed time 99.37 s.
[013388.55]  01-26 18:43  NaturalTwoPointEstimator     INFO     Saving /pscratch/sd/s/shengyu/galaxies/catalogs/Y3/AbacusHF-v2/Boxes/QSO/sn1p250/AbacusSummit_base_c000_ph011/mpspk/xipoles_QSO_zp1.250_DR2_v1.0+dv_repeat.npy.
[013388.55]  01-26 18:43  compute_2pt                  INFO     Save to /pscratch/sd/s/shengyu/galaxies/catalogs/Y3/AbacusHF-v2/Boxes/QSO/sn1p250/AbacusSummit_base_c000_ph011/mpspk/xipoles_QSO_zp1.250_DR2_v1.0+dv_repeat.npy
[013392.37]  01-26 18:43  CatalogFFTPower              INFO     Painting catalog 1 to mesh CatalogMesh(nmesh=[512 512 512], boxsize=[2000. 2000. 2000.], boxcenter=[ 999.99999259  999.99994547 1000.0000059 ], dtype=float64).
[013392.78]  01-26 18:43  CatalogMesh                  INFO     Slab 0 ~ 4194304 / 28332183.
[013393.91]  01-26 18:43  CatalogMesh                  INFO     Painted 4194304 out of 28332183 objects to mesh.
[013393.91]  01-26 18:43  CatalogMesh                  INFO     Slab 4194304 ~ 8388608 / 28332183.
[013395.02]  01-26 18:43  CatalogMesh                  INFO     Painted 8388608 out of 28332183 objects to mesh.
[013395.02]  01-26 18:43  CatalogMesh                  INFO     Slab 8388608 ~ 12582912 / 28332183.
[013396.13]  01-26 18:43  CatalogMesh                  INFO     Painted 12582912 out of 28332183 objects to mesh.
[013396.13]  01-26 18:43  CatalogMesh                  INFO     Slab 12582912 ~ 16777216 / 28332183.
[013397.26]  01-26 18:43  CatalogMesh                  INFO     Painted 16777216 out of 28332183 objects to mesh.
[013397.26]  01-26 18:43  CatalogMesh                  INFO     Slab 16777216 ~ 20971520 / 28332183.
[013398.37]  01-26 18:43  CatalogMesh                  INFO     Painted 20971520 out of 28332183 objects to mesh.
[013398.37]  01-26 18:43  CatalogMesh                  INFO     Slab 20971520 ~ 25165824 / 28332183.
[013399.59]  01-26 18:43  CatalogMesh                  INFO     Painted 25165824 out of 28332183 objects to mesh.
[013399.59]  01-26 18:43  CatalogMesh                  INFO     Slab 25165824 ~ 29360128 / 28332183.
[013400.62]  01-26 18:43  CatalogMesh                  INFO     Painted 28332183 out of 28332183 objects to mesh.
[013400.63]  01-26 18:43  CatalogMesh                  INFO     Running interlacing at order 3.
[013402.89]  01-26 18:43  CatalogMesh                  INFO     Slab 0 ~ 4194304 / 28332183.
[013404.01]  01-26 18:43  CatalogMesh                  INFO     Painted 4194304 out of 28332183 objects to mesh.
[013404.01]  01-26 18:43  CatalogMesh                  INFO     Slab 4194304 ~ 8388608 / 28332183.
[013405.12]  01-26 18:43  CatalogMesh                  INFO     Painted 8388608 out of 28332183 objects to mesh.
[013405.12]  01-26 18:43  CatalogMesh                  INFO     Slab 8388608 ~ 12582912 / 28332183.
[013406.24]  01-26 18:43  CatalogMesh                  INFO     Painted 12582912 out of 28332183 objects to mesh.
[013406.24]  01-26 18:43  CatalogMesh                  INFO     Slab 12582912 ~ 16777216 / 28332183.
[013407.35]  01-26 18:43  CatalogMesh                  INFO     Painted 16777216 out of 28332183 objects to mesh.
[013407.35]  01-26 18:43  CatalogMesh                  INFO     Slab 16777216 ~ 20971520 / 28332183.
[013408.47]  01-26 18:43  CatalogMesh                  INFO     Painted 20971520 out of 28332183 objects to mesh.
[013408.47]  01-26 18:43  CatalogMesh                  INFO     Slab 20971520 ~ 25165824 / 28332183.
[013409.69]  01-26 18:43  CatalogMesh                  INFO     Painted 25165824 out of 28332183 objects to mesh.
[013409.69]  01-26 18:43  CatalogMesh                  INFO     Slab 25165824 ~ 29360128 / 28332183.
[013410.73]  01-26 18:43  CatalogMesh                  INFO     Painted 28332183 out of 28332183 objects to mesh.
[013414.55]  01-26 18:43  CatalogMesh                  INFO     Slab 0 ~ 4194304 / 28332183.
[013415.66]  01-26 18:43  CatalogMesh                  INFO     Painted 4194304 out of 28332183 objects to mesh.
[013415.66]  01-26 18:43  CatalogMesh                  INFO     Slab 4194304 ~ 8388608 / 28332183.
[013416.78]  01-26 18:43  CatalogMesh                  INFO     Painted 8388608 out of 28332183 objects to mesh.
[013416.78]  01-26 18:43  CatalogMesh                  INFO     Slab 8388608 ~ 12582912 / 28332183.
[013417.89]  01-26 18:43  CatalogMesh                  INFO     Painted 12582912 out of 28332183 objects to mesh.
[013417.89]  01-26 18:43  CatalogMesh                  INFO     Slab 12582912 ~ 16777216 / 28332183.
[013419.01]  01-26 18:43  CatalogMesh                  INFO     Painted 16777216 out of 28332183 objects to mesh.
[013419.01]  01-26 18:43  CatalogMesh                  INFO     Slab 16777216 ~ 20971520 / 28332183.
[013420.13]  01-26 18:43  CatalogMesh                  INFO     Painted 20971520 out of 28332183 objects to mesh.
[013420.13]  01-26 18:43  CatalogMesh                  INFO     Slab 20971520 ~ 25165824 / 28332183.
[013421.35]  01-26 18:43  CatalogMesh                  INFO     Painted 25165824 out of 28332183 objects to mesh.
[013421.35]  01-26 18:43  CatalogMesh                  INFO     Slab 25165824 ~ 29360128 / 28332183.
[013422.39]  01-26 18:43  CatalogMesh                  INFO     Painted 28332183 out of 28332183 objects to mesh.
[013427.94]  01-26 18:43  CatalogFFTPower              INFO     Done painting catalog 1 to mesh.
[013427.94]  01-26 18:43  CatalogFFTPower              INFO     Using 400 k-bins between 0.000 and 0.400.
[013427.94]  01-26 18:43  CatalogFFTPower              INFO     Meshes prepared in elapsed time 35.57 s.
[013427.94]  01-26 18:43  CatalogFFTPower              INFO     Running mesh calculation.
[013445.30]  01-26 18:44  CatalogFFTPower              INFO     Mesh calculations performed in elapsed time 17.36 s.
[013445.30]  01-26 18:44  CatalogFFTPower              INFO     Power spectrum computed in elapsed time 52.93 s.
[013445.30]  01-26 18:44  CatalogFFTPower              INFO     Saving /pscratch/sd/s/shengyu/galaxies/catalogs/Y3/AbacusHF-v2/Boxes/QSO/sn1p250/AbacusSummit_base_c000_ph011/mpspk/pkpoles_QSO_zp1.250_DR2_v1.0+dv_repeat.npy.
[013445.30]  01-26 18:44  compute_2pt                  INFO     Save to /pscratch/sd/s/shengyu/galaxies/catalogs/Y3/AbacusHF-v2/Boxes/QSO/sn1p250/AbacusSummit_base_c000_ph011/mpspk/pkpoles_QSO_zp1.250_DR2_v1.0+dv_repeat.npy
[013445.30]  01-26 18:44  TwoPointCorrelationFunction  INFO     Using estimator <class 'pycorr.twopoint_estimator.NaturalTwoPointEstimator'>.
[013445.30]  01-26 18:44  TwoPointCorrelationFunction  INFO     Running auto-correlation.
[013445.30]  01-26 18:44  TwoPointCorrelationFunction  INFO     Computing two-point counts D1D2.
[013468.34]  01-26 18:44  TwoPointCorrelationFunction  INFO     Analytically computing two-point counts R1R2.
[013468.34]  01-26 18:44  TwoPointCorrelationFunction  INFO     Correlation function computed in elapsed time 23.04 s.
[013468.34]  01-26 18:44  NaturalTwoPointEstimator     INFO     Saving /pscratch/sd/s/shengyu/galaxies/catalogs/Y3/AbacusHF-v2/Boxes/QSO/sn1p250/AbacusSummit_base_c000_ph011/mpspk/mpslog_QSO_zp1.250_DR2_v1.0+dv_repeat.npy.
[013468.34]  01-26 18:44  compute_2pt                  INFO     Save to /pscratch/sd/s/shengyu/galaxies/catalogs/Y3/AbacusHF-v2/Boxes/QSO/sn1p250/AbacusSummit_base_c000_ph011/mpspk/mpslog_QSO_zp1.250_DR2_v1.0+dv_repeat.npy
[013468.34]  01-26 18:44  TwoPointCorrelationFunction  INFO     Using estimator <class 'pycorr.twopoint_estimator.NaturalTwoPointEstimator'>.
[013468.34]  01-26 18:44  TwoPointCorrelationFunction  INFO     Running auto-correlation.
[013468.34]  01-26 18:44  TwoPointCorrelationFunction  INFO     Computing two-point counts D1D2.
[013492.15]  01-26 18:45  TwoPointCorrelationFunction  INFO     Analytically computing two-point counts R1R2.
[013492.15]  01-26 18:45  TwoPointCorrelationFunction  INFO     Correlation function computed in elapsed time 23.81 s.
[013492.16]  01-26 18:45  NaturalTwoPointEstimator     INFO     Saving /pscratch/sd/s/shengyu/galaxies/catalogs/Y3/AbacusHF-v2/Boxes/QSO/sn1p250/AbacusSummit_base_c000_ph011/mpspk/wplog_QSO_zp1.250_DR2_v1.0+dv_repeat.npy.
[013492.16]  01-26 18:45  compute_2pt                  INFO     Save to /pscratch/sd/s/shengyu/galaxies/catalogs/Y3/AbacusHF-v2/Boxes/QSO/sn1p250/AbacusSummit_base_c000_ph011/mpspk/wplog_QSO_zp1.250_DR2_v1.0+dv_repeat.npy
[013492.16]  01-26 18:45  compute_2pt                  INFO     Procceed {'version': 'AbacusHF-v2', 'domain': 'cubic', 'tracer': 'QSO', 'zsnap': 1.25, 'zrange': (1.1, 1.4), 'mock_id': 12, 'use_dv': 'repeat'}
[013492.16]  01-26 18:45  cat_tools                    INFO     Load /pscratch/sd/s/shengyu/galaxies/catalogs/Y3/AbacusHF-v2/Boxes/QSO/sn1p250/AbacusSummit_base_c000_ph012/abacus_HF_QSO_1p250_DR2_v2.0_AbacusSummit_base_c000_ph012_base_clustering.dat.h5
[013492.16]  01-26 18:45  FileStack                    INFO     Reading /pscratch/sd/s/shengyu/galaxies/catalogs/Y3/AbacusHF-v2/Boxes/QSO/sn1p250/AbacusSummit_base_c000_ph012/abacus_HF_QSO_1p250_DR2_v2.0_AbacusSummit_base_c000_ph012_base_clustering.dat.h5.
[013492.17]  01-26 18:45  cat_tools                    INFO     use Z positions shifted in repeat mode
[013493.30]  01-26 18:45  TwoPointCorrelationFunction  INFO     Using estimator <class 'pycorr.twopoint_estimator.NaturalTwoPointEstimator'>.
[013493.30]  01-26 18:45  TwoPointCorrelationFunction  INFO     Running auto-correlation.
[013493.30]  01-26 18:45  TwoPointCorrelationFunction  INFO     Computing two-point counts D1D2.
[013595.37]  01-26 18:46  TwoPointCorrelationFunction  INFO     Analytically computing two-point counts R1R2.
[013595.38]  01-26 18:46  TwoPointCorrelationFunction  INFO     Correlation function computed in elapsed time 102.08 s.
[013595.38]  01-26 18:46  NaturalTwoPointEstimator     INFO     Saving /pscratch/sd/s/shengyu/galaxies/catalogs/Y3/AbacusHF-v2/Boxes/QSO/sn1p250/AbacusSummit_base_c000_ph012/mpspk/xipoles_QSO_zp1.250_DR2_v1.0+dv_repeat.npy.
[013595.38]  01-26 18:46  compute_2pt                  INFO     Save to /pscratch/sd/s/shengyu/galaxies/catalogs/Y3/AbacusHF-v2/Boxes/QSO/sn1p250/AbacusSummit_base_c000_ph012/mpspk/xipoles_QSO_zp1.250_DR2_v1.0+dv_repeat.npy
[013599.22]  01-26 18:46  CatalogFFTPower              INFO     Painting catalog 1 to mesh CatalogMesh(nmesh=[512 512 512], boxsize=[2000. 2000. 2000.], boxcenter=[ 999.99993172 1000.00001807  999.99999356], dtype=float64).
[013599.63]  01-26 18:46  CatalogMesh                  INFO     Slab 0 ~ 4194304 / 28336306.
[013600.76]  01-26 18:46  CatalogMesh                  INFO     Painted 4194304 out of 28336306 objects to mesh.
[013600.76]  01-26 18:46  CatalogMesh                  INFO     Slab 4194304 ~ 8388608 / 28336306.
[013601.87]  01-26 18:46  CatalogMesh                  INFO     Painted 8388608 out of 28336306 objects to mesh.
[013601.87]  01-26 18:46  CatalogMesh                  INFO     Slab 8388608 ~ 12582912 / 28336306.
[013602.99]  01-26 18:46  CatalogMesh                  INFO     Painted 12582912 out of 28336306 objects to mesh.
[013602.99]  01-26 18:46  CatalogMesh                  INFO     Slab 12582912 ~ 16777216 / 28336306.
[013604.10]  01-26 18:46  CatalogMesh                  INFO     Painted 16777216 out of 28336306 objects to mesh.
[013604.10]  01-26 18:46  CatalogMesh                  INFO     Slab 16777216 ~ 20971520 / 28336306.
[013605.21]  01-26 18:46  CatalogMesh                  INFO     Painted 20971520 out of 28336306 objects to mesh.
[013605.21]  01-26 18:46  CatalogMesh                  INFO     Slab 20971520 ~ 25165824 / 28336306.
[013606.42]  01-26 18:46  CatalogMesh                  INFO     Painted 25165824 out of 28336306 objects to mesh.
[013606.42]  01-26 18:46  CatalogMesh                  INFO     Slab 25165824 ~ 29360128 / 28336306.
[013607.46]  01-26 18:46  CatalogMesh                  INFO     Painted 28336306 out of 28336306 objects to mesh.
[013607.46]  01-26 18:46  CatalogMesh                  INFO     Running interlacing at order 3.
[013609.71]  01-26 18:47  CatalogMesh                  INFO     Slab 0 ~ 4194304 / 28336306.
[013610.82]  01-26 18:47  CatalogMesh                  INFO     Painted 4194304 out of 28336306 objects to mesh.
[013610.82]  01-26 18:47  CatalogMesh                  INFO     Slab 4194304 ~ 8388608 / 28336306.
[013611.93]  01-26 18:47  CatalogMesh                  INFO     Painted 8388608 out of 28336306 objects to mesh.
[013611.93]  01-26 18:47  CatalogMesh                  INFO     Slab 8388608 ~ 12582912 / 28336306.
[013613.05]  01-26 18:47  CatalogMesh                  INFO     Painted 12582912 out of 28336306 objects to mesh.
[013613.05]  01-26 18:47  CatalogMesh                  INFO     Slab 12582912 ~ 16777216 / 28336306.
[013614.16]  01-26 18:47  CatalogMesh                  INFO     Painted 16777216 out of 28336306 objects to mesh.
[013614.16]  01-26 18:47  CatalogMesh                  INFO     Slab 16777216 ~ 20971520 / 28336306.
[013615.27]  01-26 18:47  CatalogMesh                  INFO     Painted 20971520 out of 28336306 objects to mesh.
[013615.27]  01-26 18:47  CatalogMesh                  INFO     Slab 20971520 ~ 25165824 / 28336306.
[013616.49]  01-26 18:47  CatalogMesh                  INFO     Painted 25165824 out of 28336306 objects to mesh.
[013616.49]  01-26 18:47  CatalogMesh                  INFO     Slab 25165824 ~ 29360128 / 28336306.
[013617.52]  01-26 18:47  CatalogMesh                  INFO     Painted 28336306 out of 28336306 objects to mesh.
[013621.31]  01-26 18:47  CatalogMesh                  INFO     Slab 0 ~ 4194304 / 28336306.
[013622.42]  01-26 18:47  CatalogMesh                  INFO     Painted 4194304 out of 28336306 objects to mesh.
[013622.42]  01-26 18:47  CatalogMesh                  INFO     Slab 4194304 ~ 8388608 / 28336306.
[013623.53]  01-26 18:47  CatalogMesh                  INFO     Painted 8388608 out of 28336306 objects to mesh.
[013623.53]  01-26 18:47  CatalogMesh                  INFO     Slab 8388608 ~ 12582912 / 28336306.
[013624.64]  01-26 18:47  CatalogMesh                  INFO     Painted 12582912 out of 28336306 objects to mesh.
[013624.64]  01-26 18:47  CatalogMesh                  INFO     Slab 12582912 ~ 16777216 / 28336306.
[013625.75]  01-26 18:47  CatalogMesh                  INFO     Painted 16777216 out of 28336306 objects to mesh.
[013625.75]  01-26 18:47  CatalogMesh                  INFO     Slab 16777216 ~ 20971520 / 28336306.
[013626.85]  01-26 18:47  CatalogMesh                  INFO     Painted 20971520 out of 28336306 objects to mesh.
[013626.85]  01-26 18:47  CatalogMesh                  INFO     Slab 20971520 ~ 25165824 / 28336306.
[013628.06]  01-26 18:47  CatalogMesh                  INFO     Painted 25165824 out of 28336306 objects to mesh.
[013628.06]  01-26 18:47  CatalogMesh                  INFO     Slab 25165824 ~ 29360128 / 28336306.
[013629.09]  01-26 18:47  CatalogMesh                  INFO     Painted 28336306 out of 28336306 objects to mesh.
[013634.60]  01-26 18:47  CatalogFFTPower              INFO     Done painting catalog 1 to mesh.
[013634.60]  01-26 18:47  CatalogFFTPower              INFO     Using 400 k-bins between 0.000 and 0.400.
[013634.60]  01-26 18:47  CatalogFFTPower              INFO     Meshes prepared in elapsed time 35.38 s.
[013634.60]  01-26 18:47  CatalogFFTPower              INFO     Running mesh calculation.
[013651.80]  01-26 18:47  CatalogFFTPower              INFO     Mesh calculations performed in elapsed time 17.20 s.
[013651.80]  01-26 18:47  CatalogFFTPower              INFO     Power spectrum computed in elapsed time 52.57 s.
[013651.80]  01-26 18:47  CatalogFFTPower              INFO     Saving /pscratch/sd/s/shengyu/galaxies/catalogs/Y3/AbacusHF-v2/Boxes/QSO/sn1p250/AbacusSummit_base_c000_ph012/mpspk/pkpoles_QSO_zp1.250_DR2_v1.0+dv_repeat.npy.
[013651.80]  01-26 18:47  compute_2pt                  INFO     Save to /pscratch/sd/s/shengyu/galaxies/catalogs/Y3/AbacusHF-v2/Boxes/QSO/sn1p250/AbacusSummit_base_c000_ph012/mpspk/pkpoles_QSO_zp1.250_DR2_v1.0+dv_repeat.npy
[013651.80]  01-26 18:47  TwoPointCorrelationFunction  INFO     Using estimator <class 'pycorr.twopoint_estimator.NaturalTwoPointEstimator'>.
[013651.80]  01-26 18:47  TwoPointCorrelationFunction  INFO     Running auto-correlation.
[013651.80]  01-26 18:47  TwoPointCorrelationFunction  INFO     Computing two-point counts D1D2.
[013674.62]  01-26 18:48  TwoPointCorrelationFunction  INFO     Analytically computing two-point counts R1R2.
[013674.62]  01-26 18:48  TwoPointCorrelationFunction  INFO     Correlation function computed in elapsed time 22.82 s.
[013674.62]  01-26 18:48  NaturalTwoPointEstimator     INFO     Saving /pscratch/sd/s/shengyu/galaxies/catalogs/Y3/AbacusHF-v2/Boxes/QSO/sn1p250/AbacusSummit_base_c000_ph012/mpspk/mpslog_QSO_zp1.250_DR2_v1.0+dv_repeat.npy.
[013674.62]  01-26 18:48  compute_2pt                  INFO     Save to /pscratch/sd/s/shengyu/galaxies/catalogs/Y3/AbacusHF-v2/Boxes/QSO/sn1p250/AbacusSummit_base_c000_ph012/mpspk/mpslog_QSO_zp1.250_DR2_v1.0+dv_repeat.npy
[013674.62]  01-26 18:48  TwoPointCorrelationFunction  INFO     Using estimator <class 'pycorr.twopoint_estimator.NaturalTwoPointEstimator'>.
[013674.62]  01-26 18:48  TwoPointCorrelationFunction  INFO     Running auto-correlation.
[013674.62]  01-26 18:48  TwoPointCorrelationFunction  INFO     Computing two-point counts D1D2.
[013698.35]  01-26 18:48  TwoPointCorrelationFunction  INFO     Analytically computing two-point counts R1R2.
[013698.35]  01-26 18:48  TwoPointCorrelationFunction  INFO     Correlation function computed in elapsed time 23.72 s.
[013698.35]  01-26 18:48  NaturalTwoPointEstimator     INFO     Saving /pscratch/sd/s/shengyu/galaxies/catalogs/Y3/AbacusHF-v2/Boxes/QSO/sn1p250/AbacusSummit_base_c000_ph012/mpspk/wplog_QSO_zp1.250_DR2_v1.0+dv_repeat.npy.
[013698.35]  01-26 18:48  compute_2pt                  INFO     Save to /pscratch/sd/s/shengyu/galaxies/catalogs/Y3/AbacusHF-v2/Boxes/QSO/sn1p250/AbacusSummit_base_c000_ph012/mpspk/wplog_QSO_zp1.250_DR2_v1.0+dv_repeat.npy
[013698.35]  01-26 18:48  compute_2pt                  INFO     Procceed {'version': 'AbacusHF-v2', 'domain': 'cubic', 'tracer': 'QSO', 'zsnap': 1.25, 'zrange': (1.1, 1.4), 'mock_id': 13, 'use_dv': 'repeat'}
[013698.35]  01-26 18:48  cat_tools                    INFO     Load /pscratch/sd/s/shengyu/galaxies/catalogs/Y3/AbacusHF-v2/Boxes/QSO/sn1p250/AbacusSummit_base_c000_ph013/abacus_HF_QSO_1p250_DR2_v2.0_AbacusSummit_base_c000_ph013_base_clustering.dat.h5
[013698.35]  01-26 18:48  FileStack                    INFO     Reading /pscratch/sd/s/shengyu/galaxies/catalogs/Y3/AbacusHF-v2/Boxes/QSO/sn1p250/AbacusSummit_base_c000_ph013/abacus_HF_QSO_1p250_DR2_v2.0_AbacusSummit_base_c000_ph013_base_clustering.dat.h5.
[013698.36]  01-26 18:48  cat_tools                    INFO     use Z positions shifted in repeat mode
[013699.48]  01-26 18:48  TwoPointCorrelationFunction  INFO     Using estimator <class 'pycorr.twopoint_estimator.NaturalTwoPointEstimator'>.
[013699.48]  01-26 18:48  TwoPointCorrelationFunction  INFO     Running auto-correlation.
[013699.48]  01-26 18:48  TwoPointCorrelationFunction  INFO     Computing two-point counts D1D2.
[013801.09]  01-26 18:50  TwoPointCorrelationFunction  INFO     Analytically computing two-point counts R1R2.
[013801.09]  01-26 18:50  TwoPointCorrelationFunction  INFO     Correlation function computed in elapsed time 101.61 s.
[013801.09]  01-26 18:50  NaturalTwoPointEstimator     INFO     Saving /pscratch/sd/s/shengyu/galaxies/catalogs/Y3/AbacusHF-v2/Boxes/QSO/sn1p250/AbacusSummit_base_c000_ph013/mpspk/xipoles_QSO_zp1.250_DR2_v1.0+dv_repeat.npy.
[013801.10]  01-26 18:50  compute_2pt                  INFO     Save to /pscratch/sd/s/shengyu/galaxies/catalogs/Y3/AbacusHF-v2/Boxes/QSO/sn1p250/AbacusSummit_base_c000_ph013/mpspk/xipoles_QSO_zp1.250_DR2_v1.0+dv_repeat.npy
[013804.92]  01-26 18:50  CatalogFFTPower              INFO     Painting catalog 1 to mesh CatalogMesh(nmesh=[512 512 512], boxsize=[2000. 2000. 2000.], boxcenter=[ 999.99999656 1000.00004667 1000.00000418], dtype=float64).
[013805.33]  01-26 18:50  CatalogMesh                  INFO     Slab 0 ~ 4194304 / 28349191.
[013806.45]  01-26 18:50  CatalogMesh                  INFO     Painted 4194304 out of 28349191 objects to mesh.
[013806.45]  01-26 18:50  CatalogMesh                  INFO     Slab 4194304 ~ 8388608 / 28349191.
[013807.55]  01-26 18:50  CatalogMesh                  INFO     Painted 8388608 out of 28349191 objects to mesh.
[013807.55]  01-26 18:50  CatalogMesh                  INFO     Slab 8388608 ~ 12582912 / 28349191.
[013808.66]  01-26 18:50  CatalogMesh                  INFO     Painted 12582912 out of 28349191 objects to mesh.
[013808.66]  01-26 18:50  CatalogMesh                  INFO     Slab 12582912 ~ 16777216 / 28349191.
[013809.77]  01-26 18:50  CatalogMesh                  INFO     Painted 16777216 out of 28349191 objects to mesh.
[013809.77]  01-26 18:50  CatalogMesh                  INFO     Slab 16777216 ~ 20971520 / 28349191.
[013810.88]  01-26 18:50  CatalogMesh                  INFO     Painted 20971520 out of 28349191 objects to mesh.
[013810.88]  01-26 18:50  CatalogMesh                  INFO     Slab 20971520 ~ 25165824 / 28349191.
[013812.09]  01-26 18:50  CatalogMesh                  INFO     Painted 25165824 out of 28349191 objects to mesh.
[013812.09]  01-26 18:50  CatalogMesh                  INFO     Slab 25165824 ~ 29360128 / 28349191.
[013813.13]  01-26 18:50  CatalogMesh                  INFO     Painted 28349191 out of 28349191 objects to mesh.
[013813.13]  01-26 18:50  CatalogMesh                  INFO     Running interlacing at order 3.
[013815.38]  01-26 18:50  CatalogMesh                  INFO     Slab 0 ~ 4194304 / 28349191.
[013816.49]  01-26 18:50  CatalogMesh                  INFO     Painted 4194304 out of 28349191 objects to mesh.
[013816.49]  01-26 18:50  CatalogMesh                  INFO     Slab 4194304 ~ 8388608 / 28349191.
[013817.60]  01-26 18:50  CatalogMesh                  INFO     Painted 8388608 out of 28349191 objects to mesh.
[013817.60]  01-26 18:50  CatalogMesh                  INFO     Slab 8388608 ~ 12582912 / 28349191.
[013818.72]  01-26 18:50  CatalogMesh                  INFO     Painted 12582912 out of 28349191 objects to mesh.
[013818.72]  01-26 18:50  CatalogMesh                  INFO     Slab 12582912 ~ 16777216 / 28349191.
[013819.84]  01-26 18:50  CatalogMesh                  INFO     Painted 16777216 out of 28349191 objects to mesh.
[013819.84]  01-26 18:50  CatalogMesh                  INFO     Slab 16777216 ~ 20971520 / 28349191.
[013820.95]  01-26 18:50  CatalogMesh                  INFO     Painted 20971520 out of 28349191 objects to mesh.
[013820.95]  01-26 18:50  CatalogMesh                  INFO     Slab 20971520 ~ 25165824 / 28349191.
[013822.16]  01-26 18:50  CatalogMesh                  INFO     Painted 25165824 out of 28349191 objects to mesh.
[013822.16]  01-26 18:50  CatalogMesh                  INFO     Slab 25165824 ~ 29360128 / 28349191.
[013823.20]  01-26 18:50  CatalogMesh                  INFO     Painted 28349191 out of 28349191 objects to mesh.
[013826.99]  01-26 18:50  CatalogMesh                  INFO     Slab 0 ~ 4194304 / 28349191.
[013828.09]  01-26 18:50  CatalogMesh                  INFO     Painted 4194304 out of 28349191 objects to mesh.
[013828.09]  01-26 18:50  CatalogMesh                  INFO     Slab 4194304 ~ 8388608 / 28349191.
[013829.20]  01-26 18:50  CatalogMesh                  INFO     Painted 8388608 out of 28349191 objects to mesh.
[013829.20]  01-26 18:50  CatalogMesh                  INFO     Slab 8388608 ~ 12582912 / 28349191.
[013830.31]  01-26 18:50  CatalogMesh                  INFO     Painted 12582912 out of 28349191 objects to mesh.
[013830.31]  01-26 18:50  CatalogMesh                  INFO     Slab 12582912 ~ 16777216 / 28349191.
[013831.42]  01-26 18:50  CatalogMesh                  INFO     Painted 16777216 out of 28349191 objects to mesh.
[013831.42]  01-26 18:50  CatalogMesh                  INFO     Slab 16777216 ~ 20971520 / 28349191.
[013832.52]  01-26 18:50  CatalogMesh                  INFO     Painted 20971520 out of 28349191 objects to mesh.
[013832.52]  01-26 18:50  CatalogMesh                  INFO     Slab 20971520 ~ 25165824 / 28349191.
[013833.74]  01-26 18:50  CatalogMesh                  INFO     Painted 25165824 out of 28349191 objects to mesh.
[013833.74]  01-26 18:50  CatalogMesh                  INFO     Slab 25165824 ~ 29360128 / 28349191.
[013834.77]  01-26 18:50  CatalogMesh                  INFO     Painted 28349191 out of 28349191 objects to mesh.
[013840.29]  01-26 18:50  CatalogFFTPower              INFO     Done painting catalog 1 to mesh.
[013840.29]  01-26 18:50  CatalogFFTPower              INFO     Using 400 k-bins between 0.000 and 0.400.
[013840.29]  01-26 18:50  CatalogFFTPower              INFO     Meshes prepared in elapsed time 35.37 s.
[013840.29]  01-26 18:50  CatalogFFTPower              INFO     Running mesh calculation.
[013857.47]  01-26 18:51  CatalogFFTPower              INFO     Mesh calculations performed in elapsed time 17.18 s.
[013857.47]  01-26 18:51  CatalogFFTPower              INFO     Power spectrum computed in elapsed time 52.55 s.
[013857.47]  01-26 18:51  CatalogFFTPower              INFO     Saving /pscratch/sd/s/shengyu/galaxies/catalogs/Y3/AbacusHF-v2/Boxes/QSO/sn1p250/AbacusSummit_base_c000_ph013/mpspk/pkpoles_QSO_zp1.250_DR2_v1.0+dv_repeat.npy.
[013857.48]  01-26 18:51  compute_2pt                  INFO     Save to /pscratch/sd/s/shengyu/galaxies/catalogs/Y3/AbacusHF-v2/Boxes/QSO/sn1p250/AbacusSummit_base_c000_ph013/mpspk/pkpoles_QSO_zp1.250_DR2_v1.0+dv_repeat.npy
[013857.48]  01-26 18:51  TwoPointCorrelationFunction  INFO     Using estimator <class 'pycorr.twopoint_estimator.NaturalTwoPointEstimator'>.
[013857.48]  01-26 18:51  TwoPointCorrelationFunction  INFO     Running auto-correlation.
[013857.48]  01-26 18:51  TwoPointCorrelationFunction  INFO     Computing two-point counts D1D2.
[013880.16]  01-26 18:51  TwoPointCorrelationFunction  INFO     Analytically computing two-point counts R1R2.
[013880.17]  01-26 18:51  TwoPointCorrelationFunction  INFO     Correlation function computed in elapsed time 22.69 s.
[013880.17]  01-26 18:51  NaturalTwoPointEstimator     INFO     Saving /pscratch/sd/s/shengyu/galaxies/catalogs/Y3/AbacusHF-v2/Boxes/QSO/sn1p250/AbacusSummit_base_c000_ph013/mpspk/mpslog_QSO_zp1.250_DR2_v1.0+dv_repeat.npy.
[013880.17]  01-26 18:51  compute_2pt                  INFO     Save to /pscratch/sd/s/shengyu/galaxies/catalogs/Y3/AbacusHF-v2/Boxes/QSO/sn1p250/AbacusSummit_base_c000_ph013/mpspk/mpslog_QSO_zp1.250_DR2_v1.0+dv_repeat.npy
[013880.17]  01-26 18:51  TwoPointCorrelationFunction  INFO     Using estimator <class 'pycorr.twopoint_estimator.NaturalTwoPointEstimator'>.
[013880.17]  01-26 18:51  TwoPointCorrelationFunction  INFO     Running auto-correlation.
[013880.17]  01-26 18:51  TwoPointCorrelationFunction  INFO     Computing two-point counts D1D2.
[013904.01]  01-26 18:51  TwoPointCorrelationFunction  INFO     Analytically computing two-point counts R1R2.
[013904.01]  01-26 18:51  TwoPointCorrelationFunction  INFO     Correlation function computed in elapsed time 23.84 s.
[013904.01]  01-26 18:51  NaturalTwoPointEstimator     INFO     Saving /pscratch/sd/s/shengyu/galaxies/catalogs/Y3/AbacusHF-v2/Boxes/QSO/sn1p250/AbacusSummit_base_c000_ph013/mpspk/wplog_QSO_zp1.250_DR2_v1.0+dv_repeat.npy.
[013904.01]  01-26 18:51  compute_2pt                  INFO     Save to /pscratch/sd/s/shengyu/galaxies/catalogs/Y3/AbacusHF-v2/Boxes/QSO/sn1p250/AbacusSummit_base_c000_ph013/mpspk/wplog_QSO_zp1.250_DR2_v1.0+dv_repeat.npy
[013904.02]  01-26 18:51  compute_2pt                  INFO     Procceed {'version': 'AbacusHF-v2', 'domain': 'cubic', 'tracer': 'QSO', 'zsnap': 1.25, 'zrange': (1.1, 1.4), 'mock_id': 14, 'use_dv': 'repeat'}
[013904.02]  01-26 18:51  cat_tools                    INFO     Load /pscratch/sd/s/shengyu/galaxies/catalogs/Y3/AbacusHF-v2/Boxes/QSO/sn1p250/AbacusSummit_base_c000_ph014/abacus_HF_QSO_1p250_DR2_v2.0_AbacusSummit_base_c000_ph014_base_clustering.dat.h5
[013904.02]  01-26 18:51  FileStack                    INFO     Reading /pscratch/sd/s/shengyu/galaxies/catalogs/Y3/AbacusHF-v2/Boxes/QSO/sn1p250/AbacusSummit_base_c000_ph014/abacus_HF_QSO_1p250_DR2_v2.0_AbacusSummit_base_c000_ph014_base_clustering.dat.h5.
[013904.02]  01-26 18:51  cat_tools                    INFO     use Z positions shifted in repeat mode
[013905.14]  01-26 18:51  TwoPointCorrelationFunction  INFO     Using estimator <class 'pycorr.twopoint_estimator.NaturalTwoPointEstimator'>.
[013905.14]  01-26 18:51  TwoPointCorrelationFunction  INFO     Running auto-correlation.
[013905.14]  01-26 18:51  TwoPointCorrelationFunction  INFO     Computing two-point counts D1D2.
[014008.30]  01-26 18:53  TwoPointCorrelationFunction  INFO     Analytically computing two-point counts R1R2.
[014008.30]  01-26 18:53  TwoPointCorrelationFunction  INFO     Correlation function computed in elapsed time 103.16 s.
[014008.30]  01-26 18:53  NaturalTwoPointEstimator     INFO     Saving /pscratch/sd/s/shengyu/galaxies/catalogs/Y3/AbacusHF-v2/Boxes/QSO/sn1p250/AbacusSummit_base_c000_ph014/mpspk/xipoles_QSO_zp1.250_DR2_v1.0+dv_repeat.npy.
[014008.31]  01-26 18:53  compute_2pt                  INFO     Save to /pscratch/sd/s/shengyu/galaxies/catalogs/Y3/AbacusHF-v2/Boxes/QSO/sn1p250/AbacusSummit_base_c000_ph014/mpspk/xipoles_QSO_zp1.250_DR2_v1.0+dv_repeat.npy
[014012.14]  01-26 18:53  CatalogFFTPower              INFO     Painting catalog 1 to mesh CatalogMesh(nmesh=[512 512 512], boxsize=[2000. 2000. 2000.], boxcenter=[ 999.99999178 1000.00003946  999.99997092], dtype=float64).
[014012.55]  01-26 18:53  CatalogMesh                  INFO     Slab 0 ~ 4194304 / 28335917.
[014013.68]  01-26 18:53  CatalogMesh                  INFO     Painted 4194304 out of 28335917 objects to mesh.
[014013.68]  01-26 18:53  CatalogMesh                  INFO     Slab 4194304 ~ 8388608 / 28335917.
[014014.79]  01-26 18:53  CatalogMesh                  INFO     Painted 8388608 out of 28335917 objects to mesh.
[014014.80]  01-26 18:53  CatalogMesh                  INFO     Slab 8388608 ~ 12582912 / 28335917.
[014015.91]  01-26 18:53  CatalogMesh                  INFO     Painted 12582912 out of 28335917 objects to mesh.
[014015.91]  01-26 18:53  CatalogMesh                  INFO     Slab 12582912 ~ 16777216 / 28335917.
[014017.02]  01-26 18:53  CatalogMesh                  INFO     Painted 16777216 out of 28335917 objects to mesh.
[014017.02]  01-26 18:53  CatalogMesh                  INFO     Slab 16777216 ~ 20971520 / 28335917.
[014018.12]  01-26 18:53  CatalogMesh                  INFO     Painted 20971520 out of 28335917 objects to mesh.
[014018.13]  01-26 18:53  CatalogMesh                  INFO     Slab 20971520 ~ 25165824 / 28335917.
[014019.33]  01-26 18:53  CatalogMesh                  INFO     Painted 25165824 out of 28335917 objects to mesh.
[014019.33]  01-26 18:53  CatalogMesh                  INFO     Slab 25165824 ~ 29360128 / 28335917.
[014020.37]  01-26 18:53  CatalogMesh                  INFO     Painted 28335917 out of 28335917 objects to mesh.
[014020.37]  01-26 18:53  CatalogMesh                  INFO     Running interlacing at order 3.
[014022.61]  01-26 18:53  CatalogMesh                  INFO     Slab 0 ~ 4194304 / 28335917.
[014023.71]  01-26 18:53  CatalogMesh                  INFO     Painted 4194304 out of 28335917 objects to mesh.
[014023.71]  01-26 18:53  CatalogMesh                  INFO     Slab 4194304 ~ 8388608 / 28335917.
[014024.82]  01-26 18:53  CatalogMesh                  INFO     Painted 8388608 out of 28335917 objects to mesh.
[014024.82]  01-26 18:53  CatalogMesh                  INFO     Slab 8388608 ~ 12582912 / 28335917.
[014025.94]  01-26 18:53  CatalogMesh                  INFO     Painted 12582912 out of 28335917 objects to mesh.
[014025.94]  01-26 18:53  CatalogMesh                  INFO     Slab 12582912 ~ 16777216 / 28335917.
[014027.05]  01-26 18:53  CatalogMesh                  INFO     Painted 16777216 out of 28335917 objects to mesh.
[014027.05]  01-26 18:53  CatalogMesh                  INFO     Slab 16777216 ~ 20971520 / 28335917.
[014028.16]  01-26 18:53  CatalogMesh                  INFO     Painted 20971520 out of 28335917 objects to mesh.
[014028.16]  01-26 18:53  CatalogMesh                  INFO     Slab 20971520 ~ 25165824 / 28335917.
[014029.38]  01-26 18:54  CatalogMesh                  INFO     Painted 25165824 out of 28335917 objects to mesh.
[014029.38]  01-26 18:54  CatalogMesh                  INFO     Slab 25165824 ~ 29360128 / 28335917.
[014030.41]  01-26 18:54  CatalogMesh                  INFO     Painted 28335917 out of 28335917 objects to mesh.
[014034.20]  01-26 18:54  CatalogMesh                  INFO     Slab 0 ~ 4194304 / 28335917.
[014035.30]  01-26 18:54  CatalogMesh                  INFO     Painted 4194304 out of 28335917 objects to mesh.
[014035.30]  01-26 18:54  CatalogMesh                  INFO     Slab 4194304 ~ 8388608 / 28335917.
[014036.41]  01-26 18:54  CatalogMesh                  INFO     Painted 8388608 out of 28335917 objects to mesh.
[014036.41]  01-26 18:54  CatalogMesh                  INFO     Slab 8388608 ~ 12582912 / 28335917.
[014037.52]  01-26 18:54  CatalogMesh                  INFO     Painted 12582912 out of 28335917 objects to mesh.
[014037.52]  01-26 18:54  CatalogMesh                  INFO     Slab 12582912 ~ 16777216 / 28335917.
[014038.64]  01-26 18:54  CatalogMesh                  INFO     Painted 16777216 out of 28335917 objects to mesh.
[014038.64]  01-26 18:54  CatalogMesh                  INFO     Slab 16777216 ~ 20971520 / 28335917.
[014039.75]  01-26 18:54  CatalogMesh                  INFO     Painted 20971520 out of 28335917 objects to mesh.
[014039.75]  01-26 18:54  CatalogMesh                  INFO     Slab 20971520 ~ 25165824 / 28335917.
[014040.96]  01-26 18:54  CatalogMesh                  INFO     Painted 25165824 out of 28335917 objects to mesh.
[014040.96]  01-26 18:54  CatalogMesh                  INFO     Slab 25165824 ~ 29360128 / 28335917.
[014041.99]  01-26 18:54  CatalogMesh                  INFO     Painted 28335917 out of 28335917 objects to mesh.
[014047.49]  01-26 18:54  CatalogFFTPower              INFO     Done painting catalog 1 to mesh.
[014047.50]  01-26 18:54  CatalogFFTPower              INFO     Using 400 k-bins between 0.000 and 0.400.
[014047.50]  01-26 18:54  CatalogFFTPower              INFO     Meshes prepared in elapsed time 35.35 s.
[014047.50]  01-26 18:54  CatalogFFTPower              INFO     Running mesh calculation.
[014064.69]  01-26 18:54  CatalogFFTPower              INFO     Mesh calculations performed in elapsed time 17.19 s.
[014064.69]  01-26 18:54  CatalogFFTPower              INFO     Power spectrum computed in elapsed time 52.55 s.
[014064.69]  01-26 18:54  CatalogFFTPower              INFO     Saving /pscratch/sd/s/shengyu/galaxies/catalogs/Y3/AbacusHF-v2/Boxes/QSO/sn1p250/AbacusSummit_base_c000_ph014/mpspk/pkpoles_QSO_zp1.250_DR2_v1.0+dv_repeat.npy.
[014064.69]  01-26 18:54  compute_2pt                  INFO     Save to /pscratch/sd/s/shengyu/galaxies/catalogs/Y3/AbacusHF-v2/Boxes/QSO/sn1p250/AbacusSummit_base_c000_ph014/mpspk/pkpoles_QSO_zp1.250_DR2_v1.0+dv_repeat.npy
[014064.70]  01-26 18:54  TwoPointCorrelationFunction  INFO     Using estimator <class 'pycorr.twopoint_estimator.NaturalTwoPointEstimator'>.
[014064.70]  01-26 18:54  TwoPointCorrelationFunction  INFO     Running auto-correlation.
[014064.70]  01-26 18:54  TwoPointCorrelationFunction  INFO     Computing two-point counts D1D2.
[014086.91]  01-26 18:54  TwoPointCorrelationFunction  INFO     Analytically computing two-point counts R1R2.
[014086.91]  01-26 18:54  TwoPointCorrelationFunction  INFO     Correlation function computed in elapsed time 22.21 s.
[014086.91]  01-26 18:54  NaturalTwoPointEstimator     INFO     Saving /pscratch/sd/s/shengyu/galaxies/catalogs/Y3/AbacusHF-v2/Boxes/QSO/sn1p250/AbacusSummit_base_c000_ph014/mpspk/mpslog_QSO_zp1.250_DR2_v1.0+dv_repeat.npy.
[014086.91]  01-26 18:54  compute_2pt                  INFO     Save to /pscratch/sd/s/shengyu/galaxies/catalogs/Y3/AbacusHF-v2/Boxes/QSO/sn1p250/AbacusSummit_base_c000_ph014/mpspk/mpslog_QSO_zp1.250_DR2_v1.0+dv_repeat.npy
[014086.91]  01-26 18:54  TwoPointCorrelationFunction  INFO     Using estimator <class 'pycorr.twopoint_estimator.NaturalTwoPointEstimator'>.
[014086.91]  01-26 18:54  TwoPointCorrelationFunction  INFO     Running auto-correlation.
[014086.91]  01-26 18:54  TwoPointCorrelationFunction  INFO     Computing two-point counts D1D2.
[014110.82]  01-26 18:55  TwoPointCorrelationFunction  INFO     Analytically computing two-point counts R1R2.
[014110.82]  01-26 18:55  TwoPointCorrelationFunction  INFO     Correlation function computed in elapsed time 23.91 s.
[014110.82]  01-26 18:55  NaturalTwoPointEstimator     INFO     Saving /pscratch/sd/s/shengyu/galaxies/catalogs/Y3/AbacusHF-v2/Boxes/QSO/sn1p250/AbacusSummit_base_c000_ph014/mpspk/wplog_QSO_zp1.250_DR2_v1.0+dv_repeat.npy.
[014110.82]  01-26 18:55  compute_2pt                  INFO     Save to /pscratch/sd/s/shengyu/galaxies/catalogs/Y3/AbacusHF-v2/Boxes/QSO/sn1p250/AbacusSummit_base_c000_ph014/mpspk/wplog_QSO_zp1.250_DR2_v1.0+dv_repeat.npy
[014110.83]  01-26 18:55  compute_2pt                  INFO     Procceed {'version': 'AbacusHF-v2', 'domain': 'cubic', 'tracer': 'QSO', 'zsnap': 1.25, 'zrange': (1.1, 1.4), 'mock_id': 15, 'use_dv': 'repeat'}
[014110.83]  01-26 18:55  cat_tools                    INFO     Load /pscratch/sd/s/shengyu/galaxies/catalogs/Y3/AbacusHF-v2/Boxes/QSO/sn1p250/AbacusSummit_base_c000_ph015/abacus_HF_QSO_1p250_DR2_v2.0_AbacusSummit_base_c000_ph015_base_clustering.dat.h5
[014110.83]  01-26 18:55  FileStack                    INFO     Reading /pscratch/sd/s/shengyu/galaxies/catalogs/Y3/AbacusHF-v2/Boxes/QSO/sn1p250/AbacusSummit_base_c000_ph015/abacus_HF_QSO_1p250_DR2_v2.0_AbacusSummit_base_c000_ph015_base_clustering.dat.h5.
[014110.83]  01-26 18:55  cat_tools                    INFO     use Z positions shifted in repeat mode
[014111.95]  01-26 18:55  TwoPointCorrelationFunction  INFO     Using estimator <class 'pycorr.twopoint_estimator.NaturalTwoPointEstimator'>.
[014111.95]  01-26 18:55  TwoPointCorrelationFunction  INFO     Running auto-correlation.
[014111.96]  01-26 18:55  TwoPointCorrelationFunction  INFO     Computing two-point counts D1D2.
[014218.18]  01-26 18:57  TwoPointCorrelationFunction  INFO     Analytically computing two-point counts R1R2.
[014218.18]  01-26 18:57  TwoPointCorrelationFunction  INFO     Correlation function computed in elapsed time 106.22 s.
[014218.18]  01-26 18:57  NaturalTwoPointEstimator     INFO     Saving /pscratch/sd/s/shengyu/galaxies/catalogs/Y3/AbacusHF-v2/Boxes/QSO/sn1p250/AbacusSummit_base_c000_ph015/mpspk/xipoles_QSO_zp1.250_DR2_v1.0+dv_repeat.npy.
[014218.18]  01-26 18:57  compute_2pt                  INFO     Save to /pscratch/sd/s/shengyu/galaxies/catalogs/Y3/AbacusHF-v2/Boxes/QSO/sn1p250/AbacusSummit_base_c000_ph015/mpspk/xipoles_QSO_zp1.250_DR2_v1.0+dv_repeat.npy
[014222.01]  01-26 18:57  CatalogFFTPower              INFO     Painting catalog 1 to mesh CatalogMesh(nmesh=[512 512 512], boxsize=[2000. 2000. 2000.], boxcenter=[999.99991094 999.99988464 999.99999022], dtype=float64).
[014222.42]  01-26 18:57  CatalogMesh                  INFO     Slab 0 ~ 4194304 / 28357180.
[014223.55]  01-26 18:57  CatalogMesh                  INFO     Painted 4194304 out of 28357180 objects to mesh.
[014223.55]  01-26 18:57  CatalogMesh                  INFO     Slab 4194304 ~ 8388608 / 28357180.
[014224.66]  01-26 18:57  CatalogMesh                  INFO     Painted 8388608 out of 28357180 objects to mesh.
[014224.66]  01-26 18:57  CatalogMesh                  INFO     Slab 8388608 ~ 12582912 / 28357180.
[014225.77]  01-26 18:57  CatalogMesh                  INFO     Painted 12582912 out of 28357180 objects to mesh.
[014225.77]  01-26 18:57  CatalogMesh                  INFO     Slab 12582912 ~ 16777216 / 28357180.
[014226.88]  01-26 18:57  CatalogMesh                  INFO     Painted 16777216 out of 28357180 objects to mesh.
[014226.88]  01-26 18:57  CatalogMesh                  INFO     Slab 16777216 ~ 20971520 / 28357180.
[014227.99]  01-26 18:57  CatalogMesh                  INFO     Painted 20971520 out of 28357180 objects to mesh.
[014227.99]  01-26 18:57  CatalogMesh                  INFO     Slab 20971520 ~ 25165824 / 28357180.
[014229.20]  01-26 18:57  CatalogMesh                  INFO     Painted 25165824 out of 28357180 objects to mesh.
[014229.20]  01-26 18:57  CatalogMesh                  INFO     Slab 25165824 ~ 29360128 / 28357180.
[014230.23]  01-26 18:57  CatalogMesh                  INFO     Painted 28357180 out of 28357180 objects to mesh.
[014230.24]  01-26 18:57  CatalogMesh                  INFO     Running interlacing at order 3.
[014232.47]  01-26 18:57  CatalogMesh                  INFO     Slab 0 ~ 4194304 / 28357180.
[014233.57]  01-26 18:57  CatalogMesh                  INFO     Painted 4194304 out of 28357180 objects to mesh.
[014233.57]  01-26 18:57  CatalogMesh                  INFO     Slab 4194304 ~ 8388608 / 28357180.
[014234.68]  01-26 18:57  CatalogMesh                  INFO     Painted 8388608 out of 28357180 objects to mesh.
[014234.68]  01-26 18:57  CatalogMesh                  INFO     Slab 8388608 ~ 12582912 / 28357180.
[014235.80]  01-26 18:57  CatalogMesh                  INFO     Painted 12582912 out of 28357180 objects to mesh.
[014235.80]  01-26 18:57  CatalogMesh                  INFO     Slab 12582912 ~ 16777216 / 28357180.
[014236.91]  01-26 18:57  CatalogMesh                  INFO     Painted 16777216 out of 28357180 objects to mesh.
[014236.91]  01-26 18:57  CatalogMesh                  INFO     Slab 16777216 ~ 20971520 / 28357180.
[014238.02]  01-26 18:57  CatalogMesh                  INFO     Painted 20971520 out of 28357180 objects to mesh.
[014238.02]  01-26 18:57  CatalogMesh                  INFO     Slab 20971520 ~ 25165824 / 28357180.
[014239.23]  01-26 18:57  CatalogMesh                  INFO     Painted 25165824 out of 28357180 objects to mesh.
[014239.23]  01-26 18:57  CatalogMesh                  INFO     Slab 25165824 ~ 29360128 / 28357180.
[014240.27]  01-26 18:57  CatalogMesh                  INFO     Painted 28357180 out of 28357180 objects to mesh.
[014244.05]  01-26 18:57  CatalogMesh                  INFO     Slab 0 ~ 4194304 / 28357180.
[014245.16]  01-26 18:57  CatalogMesh                  INFO     Painted 4194304 out of 28357180 objects to mesh.
[014245.16]  01-26 18:57  CatalogMesh                  INFO     Slab 4194304 ~ 8388608 / 28357180.
[014246.27]  01-26 18:57  CatalogMesh                  INFO     Painted 8388608 out of 28357180 objects to mesh.
[014246.27]  01-26 18:57  CatalogMesh                  INFO     Slab 8388608 ~ 12582912 / 28357180.
[014247.37]  01-26 18:57  CatalogMesh                  INFO     Painted 12582912 out of 28357180 objects to mesh.
[014247.37]  01-26 18:57  CatalogMesh                  INFO     Slab 12582912 ~ 16777216 / 28357180.
[014248.49]  01-26 18:57  CatalogMesh                  INFO     Painted 16777216 out of 28357180 objects to mesh.
[014248.49]  01-26 18:57  CatalogMesh                  INFO     Slab 16777216 ~ 20971520 / 28357180.
[014249.60]  01-26 18:57  CatalogMesh                  INFO     Painted 20971520 out of 28357180 objects to mesh.
[014249.60]  01-26 18:57  CatalogMesh                  INFO     Slab 20971520 ~ 25165824 / 28357180.
[014250.81]  01-26 18:57  CatalogMesh                  INFO     Painted 25165824 out of 28357180 objects to mesh.
[014250.81]  01-26 18:57  CatalogMesh                  INFO     Slab 25165824 ~ 29360128 / 28357180.
[014251.85]  01-26 18:57  CatalogMesh                  INFO     Painted 28357180 out of 28357180 objects to mesh.
[014257.34]  01-26 18:57  CatalogFFTPower              INFO     Done painting catalog 1 to mesh.
[014257.34]  01-26 18:57  CatalogFFTPower              INFO     Using 400 k-bins between 0.000 and 0.400.
[014257.34]  01-26 18:57  CatalogFFTPower              INFO     Meshes prepared in elapsed time 35.33 s.
[014257.34]  01-26 18:57  CatalogFFTPower              INFO     Running mesh calculation.
[014274.55]  01-26 18:58  CatalogFFTPower              INFO     Mesh calculations performed in elapsed time 17.21 s.
[014274.55]  01-26 18:58  CatalogFFTPower              INFO     Power spectrum computed in elapsed time 52.54 s.
[014274.56]  01-26 18:58  CatalogFFTPower              INFO     Saving /pscratch/sd/s/shengyu/galaxies/catalogs/Y3/AbacusHF-v2/Boxes/QSO/sn1p250/AbacusSummit_base_c000_ph015/mpspk/pkpoles_QSO_zp1.250_DR2_v1.0+dv_repeat.npy.
[014274.56]  01-26 18:58  compute_2pt                  INFO     Save to /pscratch/sd/s/shengyu/galaxies/catalogs/Y3/AbacusHF-v2/Boxes/QSO/sn1p250/AbacusSummit_base_c000_ph015/mpspk/pkpoles_QSO_zp1.250_DR2_v1.0+dv_repeat.npy
[014274.56]  01-26 18:58  TwoPointCorrelationFunction  INFO     Using estimator <class 'pycorr.twopoint_estimator.NaturalTwoPointEstimator'>.
[014274.56]  01-26 18:58  TwoPointCorrelationFunction  INFO     Running auto-correlation.
[014274.56]  01-26 18:58  TwoPointCorrelationFunction  INFO     Computing two-point counts D1D2.
[014297.42]  01-26 18:58  TwoPointCorrelationFunction  INFO     Analytically computing two-point counts R1R2.
[014297.42]  01-26 18:58  TwoPointCorrelationFunction  INFO     Correlation function computed in elapsed time 22.86 s.
[014297.42]  01-26 18:58  NaturalTwoPointEstimator     INFO     Saving /pscratch/sd/s/shengyu/galaxies/catalogs/Y3/AbacusHF-v2/Boxes/QSO/sn1p250/AbacusSummit_base_c000_ph015/mpspk/mpslog_QSO_zp1.250_DR2_v1.0+dv_repeat.npy.
[014297.42]  01-26 18:58  compute_2pt                  INFO     Save to /pscratch/sd/s/shengyu/galaxies/catalogs/Y3/AbacusHF-v2/Boxes/QSO/sn1p250/AbacusSummit_base_c000_ph015/mpspk/mpslog_QSO_zp1.250_DR2_v1.0+dv_repeat.npy
[014297.42]  01-26 18:58  TwoPointCorrelationFunction  INFO     Using estimator <class 'pycorr.twopoint_estimator.NaturalTwoPointEstimator'>.
[014297.43]  01-26 18:58  TwoPointCorrelationFunction  INFO     Running auto-correlation.
[014297.43]  01-26 18:58  TwoPointCorrelationFunction  INFO     Computing two-point counts D1D2.
[014321.13]  01-26 18:58  TwoPointCorrelationFunction  INFO     Analytically computing two-point counts R1R2.
[014321.13]  01-26 18:58  TwoPointCorrelationFunction  INFO     Correlation function computed in elapsed time 23.71 s.
[014321.13]  01-26 18:58  NaturalTwoPointEstimator     INFO     Saving /pscratch/sd/s/shengyu/galaxies/catalogs/Y3/AbacusHF-v2/Boxes/QSO/sn1p250/AbacusSummit_base_c000_ph015/mpspk/wplog_QSO_zp1.250_DR2_v1.0+dv_repeat.npy.
[014321.14]  01-26 18:58  compute_2pt                  INFO     Save to /pscratch/sd/s/shengyu/galaxies/catalogs/Y3/AbacusHF-v2/Boxes/QSO/sn1p250/AbacusSummit_base_c000_ph015/mpspk/wplog_QSO_zp1.250_DR2_v1.0+dv_repeat.npy
[014321.14]  01-26 18:58  compute_2pt                  INFO     Procceed {'version': 'AbacusHF-v2', 'domain': 'cubic', 'tracer': 'QSO', 'zsnap': 1.25, 'zrange': (1.1, 1.4), 'mock_id': 16, 'use_dv': 'repeat'}
[014321.14]  01-26 18:58  cat_tools                    INFO     Load /pscratch/sd/s/shengyu/galaxies/catalogs/Y3/AbacusHF-v2/Boxes/QSO/sn1p250/AbacusSummit_base_c000_ph016/abacus_HF_QSO_1p250_DR2_v2.0_AbacusSummit_base_c000_ph016_base_clustering.dat.h5
[014321.14]  01-26 18:58  FileStack                    INFO     Reading /pscratch/sd/s/shengyu/galaxies/catalogs/Y3/AbacusHF-v2/Boxes/QSO/sn1p250/AbacusSummit_base_c000_ph016/abacus_HF_QSO_1p250_DR2_v2.0_AbacusSummit_base_c000_ph016_base_clustering.dat.h5.
[014321.14]  01-26 18:58  cat_tools                    INFO     use Z positions shifted in repeat mode
[014322.27]  01-26 18:58  TwoPointCorrelationFunction  INFO     Using estimator <class 'pycorr.twopoint_estimator.NaturalTwoPointEstimator'>.
[014322.27]  01-26 18:58  TwoPointCorrelationFunction  INFO     Running auto-correlation.
[014322.27]  01-26 18:58  TwoPointCorrelationFunction  INFO     Computing two-point counts D1D2.
[014425.07]  01-26 19:00  TwoPointCorrelationFunction  INFO     Analytically computing two-point counts R1R2.
[014425.07]  01-26 19:00  TwoPointCorrelationFunction  INFO     Correlation function computed in elapsed time 102.80 s.
[014425.07]  01-26 19:00  NaturalTwoPointEstimator     INFO     Saving /pscratch/sd/s/shengyu/galaxies/catalogs/Y3/AbacusHF-v2/Boxes/QSO/sn1p250/AbacusSummit_base_c000_ph016/mpspk/xipoles_QSO_zp1.250_DR2_v1.0+dv_repeat.npy.
[014425.08]  01-26 19:00  compute_2pt                  INFO     Save to /pscratch/sd/s/shengyu/galaxies/catalogs/Y3/AbacusHF-v2/Boxes/QSO/sn1p250/AbacusSummit_base_c000_ph016/mpspk/xipoles_QSO_zp1.250_DR2_v1.0+dv_repeat.npy
[014428.91]  01-26 19:00  CatalogFFTPower              INFO     Painting catalog 1 to mesh CatalogMesh(nmesh=[512 512 512], boxsize=[2000. 2000. 2000.], boxcenter=[ 999.99993696 1000.00001786 1000.0000555 ], dtype=float64).
[014429.32]  01-26 19:00  CatalogMesh                  INFO     Slab 0 ~ 4194304 / 28344002.
[014430.45]  01-26 19:00  CatalogMesh                  INFO     Painted 4194304 out of 28344002 objects to mesh.
[014430.45]  01-26 19:00  CatalogMesh                  INFO     Slab 4194304 ~ 8388608 / 28344002.
[014431.56]  01-26 19:00  CatalogMesh                  INFO     Painted 8388608 out of 28344002 objects to mesh.
[014431.56]  01-26 19:00  CatalogMesh                  INFO     Slab 8388608 ~ 12582912 / 28344002.
[014432.68]  01-26 19:00  CatalogMesh                  INFO     Painted 12582912 out of 28344002 objects to mesh.
[014432.68]  01-26 19:00  CatalogMesh                  INFO     Slab 12582912 ~ 16777216 / 28344002.
[014433.79]  01-26 19:00  CatalogMesh                  INFO     Painted 16777216 out of 28344002 objects to mesh.
[014433.79]  01-26 19:00  CatalogMesh                  INFO     Slab 16777216 ~ 20971520 / 28344002.
[014434.90]  01-26 19:00  CatalogMesh                  INFO     Painted 20971520 out of 28344002 objects to mesh.
[014434.90]  01-26 19:00  CatalogMesh                  INFO     Slab 20971520 ~ 25165824 / 28344002.
[014436.11]  01-26 19:00  CatalogMesh                  INFO     Painted 25165824 out of 28344002 objects to mesh.
[014436.11]  01-26 19:00  CatalogMesh                  INFO     Slab 25165824 ~ 29360128 / 28344002.
[014437.15]  01-26 19:00  CatalogMesh                  INFO     Painted 28344002 out of 28344002 objects to mesh.
[014437.16]  01-26 19:00  CatalogMesh                  INFO     Running interlacing at order 3.
[014439.39]  01-26 19:00  CatalogMesh                  INFO     Slab 0 ~ 4194304 / 28344002.
[014440.50]  01-26 19:00  CatalogMesh                  INFO     Painted 4194304 out of 28344002 objects to mesh.
[014440.50]  01-26 19:00  CatalogMesh                  INFO     Slab 4194304 ~ 8388608 / 28344002.
[014441.61]  01-26 19:00  CatalogMesh                  INFO     Painted 8388608 out of 28344002 objects to mesh.
[014441.61]  01-26 19:00  CatalogMesh                  INFO     Slab 8388608 ~ 12582912 / 28344002.
[014442.73]  01-26 19:00  CatalogMesh                  INFO     Painted 12582912 out of 28344002 objects to mesh.
[014442.73]  01-26 19:00  CatalogMesh                  INFO     Slab 12582912 ~ 16777216 / 28344002.
[014443.84]  01-26 19:00  CatalogMesh                  INFO     Painted 16777216 out of 28344002 objects to mesh.
[014443.84]  01-26 19:00  CatalogMesh                  INFO     Slab 16777216 ~ 20971520 / 28344002.
[014444.95]  01-26 19:00  CatalogMesh                  INFO     Painted 20971520 out of 28344002 objects to mesh.
[014444.95]  01-26 19:00  CatalogMesh                  INFO     Slab 20971520 ~ 25165824 / 28344002.
[014446.16]  01-26 19:00  CatalogMesh                  INFO     Painted 25165824 out of 28344002 objects to mesh.
[014446.16]  01-26 19:00  CatalogMesh                  INFO     Slab 25165824 ~ 29360128 / 28344002.
[014447.19]  01-26 19:00  CatalogMesh                  INFO     Painted 28344002 out of 28344002 objects to mesh.
[014450.98]  01-26 19:01  CatalogMesh                  INFO     Slab 0 ~ 4194304 / 28344002.
[014452.09]  01-26 19:01  CatalogMesh                  INFO     Painted 4194304 out of 28344002 objects to mesh.
[014452.09]  01-26 19:01  CatalogMesh                  INFO     Slab 4194304 ~ 8388608 / 28344002.
[014453.20]  01-26 19:01  CatalogMesh                  INFO     Painted 8388608 out of 28344002 objects to mesh.
[014453.20]  01-26 19:01  CatalogMesh                  INFO     Slab 8388608 ~ 12582912 / 28344002.
[014454.31]  01-26 19:01  CatalogMesh                  INFO     Painted 12582912 out of 28344002 objects to mesh.
[014454.31]  01-26 19:01  CatalogMesh                  INFO     Slab 12582912 ~ 16777216 / 28344002.
[014455.42]  01-26 19:01  CatalogMesh                  INFO     Painted 16777216 out of 28344002 objects to mesh.
[014455.42]  01-26 19:01  CatalogMesh                  INFO     Slab 16777216 ~ 20971520 / 28344002.
[014456.53]  01-26 19:01  CatalogMesh                  INFO     Painted 20971520 out of 28344002 objects to mesh.
[014456.53]  01-26 19:01  CatalogMesh                  INFO     Slab 20971520 ~ 25165824 / 28344002.
[014457.75]  01-26 19:01  CatalogMesh                  INFO     Painted 25165824 out of 28344002 objects to mesh.
[014457.75]  01-26 19:01  CatalogMesh                  INFO     Slab 25165824 ~ 29360128 / 28344002.
[014458.79]  01-26 19:01  CatalogMesh                  INFO     Painted 28344002 out of 28344002 objects to mesh.
[014464.31]  01-26 19:01  CatalogFFTPower              INFO     Done painting catalog 1 to mesh.
[014464.31]  01-26 19:01  CatalogFFTPower              INFO     Using 400 k-bins between 0.000 and 0.400.
[014464.31]  01-26 19:01  CatalogFFTPower              INFO     Meshes prepared in elapsed time 35.40 s.
[014464.32]  01-26 19:01  CatalogFFTPower              INFO     Running mesh calculation.
[014481.53]  01-26 19:01  CatalogFFTPower              INFO     Mesh calculations performed in elapsed time 17.22 s.
[014481.53]  01-26 19:01  CatalogFFTPower              INFO     Power spectrum computed in elapsed time 52.62 s.
[014481.53]  01-26 19:01  CatalogFFTPower              INFO     Saving /pscratch/sd/s/shengyu/galaxies/catalogs/Y3/AbacusHF-v2/Boxes/QSO/sn1p250/AbacusSummit_base_c000_ph016/mpspk/pkpoles_QSO_zp1.250_DR2_v1.0+dv_repeat.npy.
[014481.54]  01-26 19:01  compute_2pt                  INFO     Save to /pscratch/sd/s/shengyu/galaxies/catalogs/Y3/AbacusHF-v2/Boxes/QSO/sn1p250/AbacusSummit_base_c000_ph016/mpspk/pkpoles_QSO_zp1.250_DR2_v1.0+dv_repeat.npy
[014481.54]  01-26 19:01  TwoPointCorrelationFunction  INFO     Using estimator <class 'pycorr.twopoint_estimator.NaturalTwoPointEstimator'>.
[014481.54]  01-26 19:01  TwoPointCorrelationFunction  INFO     Running auto-correlation.
[014481.54]  01-26 19:01  TwoPointCorrelationFunction  INFO     Computing two-point counts D1D2.
[014504.51]  01-26 19:01  TwoPointCorrelationFunction  INFO     Analytically computing two-point counts R1R2.
[014504.51]  01-26 19:01  TwoPointCorrelationFunction  INFO     Correlation function computed in elapsed time 22.97 s.
[014504.51]  01-26 19:01  NaturalTwoPointEstimator     INFO     Saving /pscratch/sd/s/shengyu/galaxies/catalogs/Y3/AbacusHF-v2/Boxes/QSO/sn1p250/AbacusSummit_base_c000_ph016/mpspk/mpslog_QSO_zp1.250_DR2_v1.0+dv_repeat.npy.
[014504.51]  01-26 19:01  compute_2pt                  INFO     Save to /pscratch/sd/s/shengyu/galaxies/catalogs/Y3/AbacusHF-v2/Boxes/QSO/sn1p250/AbacusSummit_base_c000_ph016/mpspk/mpslog_QSO_zp1.250_DR2_v1.0+dv_repeat.npy
[014504.51]  01-26 19:01  TwoPointCorrelationFunction  INFO     Using estimator <class 'pycorr.twopoint_estimator.NaturalTwoPointEstimator'>.
[014504.51]  01-26 19:01  TwoPointCorrelationFunction  INFO     Running auto-correlation.
[014504.51]  01-26 19:01  TwoPointCorrelationFunction  INFO     Computing two-point counts D1D2.
[014528.14]  01-26 19:02  TwoPointCorrelationFunction  INFO     Analytically computing two-point counts R1R2.
[014528.14]  01-26 19:02  TwoPointCorrelationFunction  INFO     Correlation function computed in elapsed time 23.63 s.
[014528.14]  01-26 19:02  NaturalTwoPointEstimator     INFO     Saving /pscratch/sd/s/shengyu/galaxies/catalogs/Y3/AbacusHF-v2/Boxes/QSO/sn1p250/AbacusSummit_base_c000_ph016/mpspk/wplog_QSO_zp1.250_DR2_v1.0+dv_repeat.npy.
[014528.15]  01-26 19:02  compute_2pt                  INFO     Save to /pscratch/sd/s/shengyu/galaxies/catalogs/Y3/AbacusHF-v2/Boxes/QSO/sn1p250/AbacusSummit_base_c000_ph016/mpspk/wplog_QSO_zp1.250_DR2_v1.0+dv_repeat.npy
[014528.15]  01-26 19:02  compute_2pt                  INFO     Procceed {'version': 'AbacusHF-v2', 'domain': 'cubic', 'tracer': 'QSO', 'zsnap': 1.25, 'zrange': (1.1, 1.4), 'mock_id': 17, 'use_dv': 'repeat'}
[014528.15]  01-26 19:02  cat_tools                    INFO     Load /pscratch/sd/s/shengyu/galaxies/catalogs/Y3/AbacusHF-v2/Boxes/QSO/sn1p250/AbacusSummit_base_c000_ph017/abacus_HF_QSO_1p250_DR2_v2.0_AbacusSummit_base_c000_ph017_base_clustering.dat.h5
[014528.15]  01-26 19:02  FileStack                    INFO     Reading /pscratch/sd/s/shengyu/galaxies/catalogs/Y3/AbacusHF-v2/Boxes/QSO/sn1p250/AbacusSummit_base_c000_ph017/abacus_HF_QSO_1p250_DR2_v2.0_AbacusSummit_base_c000_ph017_base_clustering.dat.h5.
[014528.15]  01-26 19:02  cat_tools                    INFO     use Z positions shifted in repeat mode
[014529.28]  01-26 19:02  TwoPointCorrelationFunction  INFO     Using estimator <class 'pycorr.twopoint_estimator.NaturalTwoPointEstimator'>.
[014529.28]  01-26 19:02  TwoPointCorrelationFunction  INFO     Running auto-correlation.
[014529.28]  01-26 19:02  TwoPointCorrelationFunction  INFO     Computing two-point counts D1D2.
[014629.13]  01-26 19:04  TwoPointCorrelationFunction  INFO     Analytically computing two-point counts R1R2.
[014629.13]  01-26 19:04  TwoPointCorrelationFunction  INFO     Correlation function computed in elapsed time 99.85 s.
[014629.13]  01-26 19:04  NaturalTwoPointEstimator     INFO     Saving /pscratch/sd/s/shengyu/galaxies/catalogs/Y3/AbacusHF-v2/Boxes/QSO/sn1p250/AbacusSummit_base_c000_ph017/mpspk/xipoles_QSO_zp1.250_DR2_v1.0+dv_repeat.npy.
[014629.13]  01-26 19:04  compute_2pt                  INFO     Save to /pscratch/sd/s/shengyu/galaxies/catalogs/Y3/AbacusHF-v2/Boxes/QSO/sn1p250/AbacusSummit_base_c000_ph017/mpspk/xipoles_QSO_zp1.250_DR2_v1.0+dv_repeat.npy
[014632.98]  01-26 19:04  CatalogFFTPower              INFO     Painting catalog 1 to mesh CatalogMesh(nmesh=[512 512 512], boxsize=[2000. 2000. 2000.], boxcenter=[1000.00000212 1000.00001838 1000.00000493], dtype=float64).
[014633.38]  01-26 19:04  CatalogMesh                  INFO     Slab 0 ~ 4194304 / 28340943.
[014634.52]  01-26 19:04  CatalogMesh                  INFO     Painted 4194304 out of 28340943 objects to mesh.
[014634.52]  01-26 19:04  CatalogMesh                  INFO     Slab 4194304 ~ 8388608 / 28340943.
[014635.64]  01-26 19:04  CatalogMesh                  INFO     Painted 8388608 out of 28340943 objects to mesh.
[014635.64]  01-26 19:04  CatalogMesh                  INFO     Slab 8388608 ~ 12582912 / 28340943.
[014636.76]  01-26 19:04  CatalogMesh                  INFO     Painted 12582912 out of 28340943 objects to mesh.
[014636.76]  01-26 19:04  CatalogMesh                  INFO     Slab 12582912 ~ 16777216 / 28340943.
[014637.88]  01-26 19:04  CatalogMesh                  INFO     Painted 16777216 out of 28340943 objects to mesh.
[014637.88]  01-26 19:04  CatalogMesh                  INFO     Slab 16777216 ~ 20971520 / 28340943.
[014638.99]  01-26 19:04  CatalogMesh                  INFO     Painted 20971520 out of 28340943 objects to mesh.
[014638.99]  01-26 19:04  CatalogMesh                  INFO     Slab 20971520 ~ 25165824 / 28340943.
[014640.20]  01-26 19:04  CatalogMesh                  INFO     Painted 25165824 out of 28340943 objects to mesh.
[014640.20]  01-26 19:04  CatalogMesh                  INFO     Slab 25165824 ~ 29360128 / 28340943.
[014641.23]  01-26 19:04  CatalogMesh                  INFO     Painted 28340943 out of 28340943 objects to mesh.
[014641.24]  01-26 19:04  CatalogMesh                  INFO     Running interlacing at order 3.
[014643.49]  01-26 19:04  CatalogMesh                  INFO     Slab 0 ~ 4194304 / 28340943.
[014644.60]  01-26 19:04  CatalogMesh                  INFO     Painted 4194304 out of 28340943 objects to mesh.
[014644.60]  01-26 19:04  CatalogMesh                  INFO     Slab 4194304 ~ 8388608 / 28340943.
[014645.72]  01-26 19:04  CatalogMesh                  INFO     Painted 8388608 out of 28340943 objects to mesh.
[014645.72]  01-26 19:04  CatalogMesh                  INFO     Slab 8388608 ~ 12582912 / 28340943.
[014646.84]  01-26 19:04  CatalogMesh                  INFO     Painted 12582912 out of 28340943 objects to mesh.
[014646.84]  01-26 19:04  CatalogMesh                  INFO     Slab 12582912 ~ 16777216 / 28340943.
[014647.94]  01-26 19:04  CatalogMesh                  INFO     Painted 16777216 out of 28340943 objects to mesh.
[014647.94]  01-26 19:04  CatalogMesh                  INFO     Slab 16777216 ~ 20971520 / 28340943.
[014649.06]  01-26 19:04  CatalogMesh                  INFO     Painted 20971520 out of 28340943 objects to mesh.
[014649.06]  01-26 19:04  CatalogMesh                  INFO     Slab 20971520 ~ 25165824 / 28340943.
[014650.27]  01-26 19:04  CatalogMesh                  INFO     Painted 25165824 out of 28340943 objects to mesh.
[014650.27]  01-26 19:04  CatalogMesh                  INFO     Slab 25165824 ~ 29360128 / 28340943.
[014651.31]  01-26 19:04  CatalogMesh                  INFO     Painted 28340943 out of 28340943 objects to mesh.
[014655.11]  01-26 19:04  CatalogMesh                  INFO     Slab 0 ~ 4194304 / 28340943.
[014656.21]  01-26 19:04  CatalogMesh                  INFO     Painted 4194304 out of 28340943 objects to mesh.
[014656.21]  01-26 19:04  CatalogMesh                  INFO     Slab 4194304 ~ 8388608 / 28340943.
[014657.32]  01-26 19:04  CatalogMesh                  INFO     Painted 8388608 out of 28340943 objects to mesh.
[014657.32]  01-26 19:04  CatalogMesh                  INFO     Slab 8388608 ~ 12582912 / 28340943.
[014658.43]  01-26 19:04  CatalogMesh                  INFO     Painted 12582912 out of 28340943 objects to mesh.
[014658.43]  01-26 19:04  CatalogMesh                  INFO     Slab 12582912 ~ 16777216 / 28340943.
[014659.55]  01-26 19:04  CatalogMesh                  INFO     Painted 16777216 out of 28340943 objects to mesh.
[014659.55]  01-26 19:04  CatalogMesh                  INFO     Slab 16777216 ~ 20971520 / 28340943.
[014660.66]  01-26 19:04  CatalogMesh                  INFO     Painted 20971520 out of 28340943 objects to mesh.
[014660.66]  01-26 19:04  CatalogMesh                  INFO     Slab 20971520 ~ 25165824 / 28340943.
[014661.88]  01-26 19:04  CatalogMesh                  INFO     Painted 25165824 out of 28340943 objects to mesh.
[014661.88]  01-26 19:04  CatalogMesh                  INFO     Slab 25165824 ~ 29360128 / 28340943.
[014662.91]  01-26 19:04  CatalogMesh                  INFO     Painted 28340943 out of 28340943 objects to mesh.
[014668.42]  01-26 19:04  CatalogFFTPower              INFO     Done painting catalog 1 to mesh.
[014668.42]  01-26 19:04  CatalogFFTPower              INFO     Using 400 k-bins between 0.000 and 0.400.
[014668.43]  01-26 19:04  CatalogFFTPower              INFO     Meshes prepared in elapsed time 35.45 s.
[014668.43]  01-26 19:04  CatalogFFTPower              INFO     Running mesh calculation.
[014685.66]  01-26 19:04  CatalogFFTPower              INFO     Mesh calculations performed in elapsed time 17.23 s.
[014685.66]  01-26 19:04  CatalogFFTPower              INFO     Power spectrum computed in elapsed time 52.68 s.
[014685.66]  01-26 19:04  CatalogFFTPower              INFO     Saving /pscratch/sd/s/shengyu/galaxies/catalogs/Y3/AbacusHF-v2/Boxes/QSO/sn1p250/AbacusSummit_base_c000_ph017/mpspk/pkpoles_QSO_zp1.250_DR2_v1.0+dv_repeat.npy.
[014685.66]  01-26 19:04  compute_2pt                  INFO     Save to /pscratch/sd/s/shengyu/galaxies/catalogs/Y3/AbacusHF-v2/Boxes/QSO/sn1p250/AbacusSummit_base_c000_ph017/mpspk/pkpoles_QSO_zp1.250_DR2_v1.0+dv_repeat.npy
[014685.66]  01-26 19:04  TwoPointCorrelationFunction  INFO     Using estimator <class 'pycorr.twopoint_estimator.NaturalTwoPointEstimator'>.
[014685.66]  01-26 19:04  TwoPointCorrelationFunction  INFO     Running auto-correlation.
[014685.66]  01-26 19:04  TwoPointCorrelationFunction  INFO     Computing two-point counts D1D2.
[014710.51]  01-26 19:05  TwoPointCorrelationFunction  INFO     Analytically computing two-point counts R1R2.
[014710.51]  01-26 19:05  TwoPointCorrelationFunction  INFO     Correlation function computed in elapsed time 24.85 s.
[014710.51]  01-26 19:05  NaturalTwoPointEstimator     INFO     Saving /pscratch/sd/s/shengyu/galaxies/catalogs/Y3/AbacusHF-v2/Boxes/QSO/sn1p250/AbacusSummit_base_c000_ph017/mpspk/mpslog_QSO_zp1.250_DR2_v1.0+dv_repeat.npy.
[014710.51]  01-26 19:05  compute_2pt                  INFO     Save to /pscratch/sd/s/shengyu/galaxies/catalogs/Y3/AbacusHF-v2/Boxes/QSO/sn1p250/AbacusSummit_base_c000_ph017/mpspk/mpslog_QSO_zp1.250_DR2_v1.0+dv_repeat.npy
[014710.51]  01-26 19:05  TwoPointCorrelationFunction  INFO     Using estimator <class 'pycorr.twopoint_estimator.NaturalTwoPointEstimator'>.
[014710.51]  01-26 19:05  TwoPointCorrelationFunction  INFO     Running auto-correlation.
[014710.51]  01-26 19:05  TwoPointCorrelationFunction  INFO     Computing two-point counts D1D2.
[014734.12]  01-26 19:05  TwoPointCorrelationFunction  INFO     Analytically computing two-point counts R1R2.
[014734.13]  01-26 19:05  TwoPointCorrelationFunction  INFO     Correlation function computed in elapsed time 23.61 s.
[014734.13]  01-26 19:05  NaturalTwoPointEstimator     INFO     Saving /pscratch/sd/s/shengyu/galaxies/catalogs/Y3/AbacusHF-v2/Boxes/QSO/sn1p250/AbacusSummit_base_c000_ph017/mpspk/wplog_QSO_zp1.250_DR2_v1.0+dv_repeat.npy.
[014734.13]  01-26 19:05  compute_2pt                  INFO     Save to /pscratch/sd/s/shengyu/galaxies/catalogs/Y3/AbacusHF-v2/Boxes/QSO/sn1p250/AbacusSummit_base_c000_ph017/mpspk/wplog_QSO_zp1.250_DR2_v1.0+dv_repeat.npy
[014734.13]  01-26 19:05  compute_2pt                  INFO     Procceed {'version': 'AbacusHF-v2', 'domain': 'cubic', 'tracer': 'QSO', 'zsnap': 1.25, 'zrange': (1.1, 1.4), 'mock_id': 18, 'use_dv': 'repeat'}
[014734.13]  01-26 19:05  cat_tools                    INFO     Load /pscratch/sd/s/shengyu/galaxies/catalogs/Y3/AbacusHF-v2/Boxes/QSO/sn1p250/AbacusSummit_base_c000_ph018/abacus_HF_QSO_1p250_DR2_v2.0_AbacusSummit_base_c000_ph018_base_clustering.dat.h5
[014734.13]  01-26 19:05  FileStack                    INFO     Reading /pscratch/sd/s/shengyu/galaxies/catalogs/Y3/AbacusHF-v2/Boxes/QSO/sn1p250/AbacusSummit_base_c000_ph018/abacus_HF_QSO_1p250_DR2_v2.0_AbacusSummit_base_c000_ph018_base_clustering.dat.h5.
[014734.14]  01-26 19:05  cat_tools                    INFO     use Z positions shifted in repeat mode
[014735.27]  01-26 19:05  TwoPointCorrelationFunction  INFO     Using estimator <class 'pycorr.twopoint_estimator.NaturalTwoPointEstimator'>.
[014735.27]  01-26 19:05  TwoPointCorrelationFunction  INFO     Running auto-correlation.
[014735.27]  01-26 19:05  TwoPointCorrelationFunction  INFO     Computing two-point counts D1D2.
[014837.21]  01-26 19:07  TwoPointCorrelationFunction  INFO     Analytically computing two-point counts R1R2.
[014837.22]  01-26 19:07  TwoPointCorrelationFunction  INFO     Correlation function computed in elapsed time 101.95 s.
[014837.22]  01-26 19:07  NaturalTwoPointEstimator     INFO     Saving /pscratch/sd/s/shengyu/galaxies/catalogs/Y3/AbacusHF-v2/Boxes/QSO/sn1p250/AbacusSummit_base_c000_ph018/mpspk/xipoles_QSO_zp1.250_DR2_v1.0+dv_repeat.npy.
[014837.22]  01-26 19:07  compute_2pt                  INFO     Save to /pscratch/sd/s/shengyu/galaxies/catalogs/Y3/AbacusHF-v2/Boxes/QSO/sn1p250/AbacusSummit_base_c000_ph018/mpspk/xipoles_QSO_zp1.250_DR2_v1.0+dv_repeat.npy
[014841.06]  01-26 19:07  CatalogFFTPower              INFO     Painting catalog 1 to mesh CatalogMesh(nmesh=[512 512 512], boxsize=[2000. 2000. 2000.], boxcenter=[ 999.99999604  999.99999552 1000.00003102], dtype=float64).
[014841.47]  01-26 19:07  CatalogMesh                  INFO     Slab 0 ~ 4194304 / 28338967.
[014842.60]  01-26 19:07  CatalogMesh                  INFO     Painted 4194304 out of 28338967 objects to mesh.
[014842.60]  01-26 19:07  CatalogMesh                  INFO     Slab 4194304 ~ 8388608 / 28338967.
[014843.71]  01-26 19:07  CatalogMesh                  INFO     Painted 8388608 out of 28338967 objects to mesh.
[014843.71]  01-26 19:07  CatalogMesh                  INFO     Slab 8388608 ~ 12582912 / 28338967.
[014844.82]  01-26 19:07  CatalogMesh                  INFO     Painted 12582912 out of 28338967 objects to mesh.
[014844.82]  01-26 19:07  CatalogMesh                  INFO     Slab 12582912 ~ 16777216 / 28338967.
[014845.93]  01-26 19:07  CatalogMesh                  INFO     Painted 16777216 out of 28338967 objects to mesh.
[014845.93]  01-26 19:07  CatalogMesh                  INFO     Slab 16777216 ~ 20971520 / 28338967.
[014847.05]  01-26 19:07  CatalogMesh                  INFO     Painted 20971520 out of 28338967 objects to mesh.
[014847.05]  01-26 19:07  CatalogMesh                  INFO     Slab 20971520 ~ 25165824 / 28338967.
[014848.26]  01-26 19:07  CatalogMesh                  INFO     Painted 25165824 out of 28338967 objects to mesh.
[014848.26]  01-26 19:07  CatalogMesh                  INFO     Slab 25165824 ~ 29360128 / 28338967.
[014849.30]  01-26 19:07  CatalogMesh                  INFO     Painted 28338967 out of 28338967 objects to mesh.
[014849.30]  01-26 19:07  CatalogMesh                  INFO     Running interlacing at order 3.
[014851.55]  01-26 19:07  CatalogMesh                  INFO     Slab 0 ~ 4194304 / 28338967.
[014852.65]  01-26 19:07  CatalogMesh                  INFO     Painted 4194304 out of 28338967 objects to mesh.
[014852.65]  01-26 19:07  CatalogMesh                  INFO     Slab 4194304 ~ 8388608 / 28338967.
[014853.76]  01-26 19:07  CatalogMesh                  INFO     Painted 8388608 out of 28338967 objects to mesh.
[014853.76]  01-26 19:07  CatalogMesh                  INFO     Slab 8388608 ~ 12582912 / 28338967.
[014854.87]  01-26 19:07  CatalogMesh                  INFO     Painted 12582912 out of 28338967 objects to mesh.
[014854.87]  01-26 19:07  CatalogMesh                  INFO     Slab 12582912 ~ 16777216 / 28338967.
[014855.98]  01-26 19:07  CatalogMesh                  INFO     Painted 16777216 out of 28338967 objects to mesh.
[014855.98]  01-26 19:07  CatalogMesh                  INFO     Slab 16777216 ~ 20971520 / 28338967.
[014857.09]  01-26 19:07  CatalogMesh                  INFO     Painted 20971520 out of 28338967 objects to mesh.
[014857.09]  01-26 19:07  CatalogMesh                  INFO     Slab 20971520 ~ 25165824 / 28338967.
[014858.30]  01-26 19:07  CatalogMesh                  INFO     Painted 25165824 out of 28338967 objects to mesh.
[014858.30]  01-26 19:07  CatalogMesh                  INFO     Slab 25165824 ~ 29360128 / 28338967.
[014859.34]  01-26 19:07  CatalogMesh                  INFO     Painted 28338967 out of 28338967 objects to mesh.
[014863.14]  01-26 19:07  CatalogMesh                  INFO     Slab 0 ~ 4194304 / 28338967.
[014864.24]  01-26 19:07  CatalogMesh                  INFO     Painted 4194304 out of 28338967 objects to mesh.
[014864.24]  01-26 19:07  CatalogMesh                  INFO     Slab 4194304 ~ 8388608 / 28338967.
[014865.36]  01-26 19:07  CatalogMesh                  INFO     Painted 8388608 out of 28338967 objects to mesh.
[014865.36]  01-26 19:07  CatalogMesh                  INFO     Slab 8388608 ~ 12582912 / 28338967.
[014866.47]  01-26 19:07  CatalogMesh                  INFO     Painted 12582912 out of 28338967 objects to mesh.
[014866.47]  01-26 19:07  CatalogMesh                  INFO     Slab 12582912 ~ 16777216 / 28338967.
[014867.58]  01-26 19:07  CatalogMesh                  INFO     Painted 16777216 out of 28338967 objects to mesh.
[014867.58]  01-26 19:07  CatalogMesh                  INFO     Slab 16777216 ~ 20971520 / 28338967.
[014868.70]  01-26 19:08  CatalogMesh                  INFO     Painted 20971520 out of 28338967 objects to mesh.
[014868.70]  01-26 19:08  CatalogMesh                  INFO     Slab 20971520 ~ 25165824 / 28338967.
[014869.91]  01-26 19:08  CatalogMesh                  INFO     Painted 25165824 out of 28338967 objects to mesh.
[014869.91]  01-26 19:08  CatalogMesh                  INFO     Slab 25165824 ~ 29360128 / 28338967.
[014870.94]  01-26 19:08  CatalogMesh                  INFO     Painted 28338967 out of 28338967 objects to mesh.
[014876.47]  01-26 19:08  CatalogFFTPower              INFO     Done painting catalog 1 to mesh.
[014876.47]  01-26 19:08  CatalogFFTPower              INFO     Using 400 k-bins between 0.000 and 0.400.
[014876.47]  01-26 19:08  CatalogFFTPower              INFO     Meshes prepared in elapsed time 35.41 s.
[014876.47]  01-26 19:08  CatalogFFTPower              INFO     Running mesh calculation.
[014893.73]  01-26 19:08  CatalogFFTPower              INFO     Mesh calculations performed in elapsed time 17.26 s.
[014893.73]  01-26 19:08  CatalogFFTPower              INFO     Power spectrum computed in elapsed time 52.67 s.
[014893.73]  01-26 19:08  CatalogFFTPower              INFO     Saving /pscratch/sd/s/shengyu/galaxies/catalogs/Y3/AbacusHF-v2/Boxes/QSO/sn1p250/AbacusSummit_base_c000_ph018/mpspk/pkpoles_QSO_zp1.250_DR2_v1.0+dv_repeat.npy.
[014893.73]  01-26 19:08  compute_2pt                  INFO     Save to /pscratch/sd/s/shengyu/galaxies/catalogs/Y3/AbacusHF-v2/Boxes/QSO/sn1p250/AbacusSummit_base_c000_ph018/mpspk/pkpoles_QSO_zp1.250_DR2_v1.0+dv_repeat.npy
[014893.73]  01-26 19:08  TwoPointCorrelationFunction  INFO     Using estimator <class 'pycorr.twopoint_estimator.NaturalTwoPointEstimator'>.
[014893.73]  01-26 19:08  TwoPointCorrelationFunction  INFO     Running auto-correlation.
[014893.73]  01-26 19:08  TwoPointCorrelationFunction  INFO     Computing two-point counts D1D2.
[014918.21]  01-26 19:08  TwoPointCorrelationFunction  INFO     Analytically computing two-point counts R1R2.
[014918.21]  01-26 19:08  TwoPointCorrelationFunction  INFO     Correlation function computed in elapsed time 24.48 s.
[014918.21]  01-26 19:08  NaturalTwoPointEstimator     INFO     Saving /pscratch/sd/s/shengyu/galaxies/catalogs/Y3/AbacusHF-v2/Boxes/QSO/sn1p250/AbacusSummit_base_c000_ph018/mpspk/mpslog_QSO_zp1.250_DR2_v1.0+dv_repeat.npy.
[014918.21]  01-26 19:08  compute_2pt                  INFO     Save to /pscratch/sd/s/shengyu/galaxies/catalogs/Y3/AbacusHF-v2/Boxes/QSO/sn1p250/AbacusSummit_base_c000_ph018/mpspk/mpslog_QSO_zp1.250_DR2_v1.0+dv_repeat.npy
[014918.21]  01-26 19:08  TwoPointCorrelationFunction  INFO     Using estimator <class 'pycorr.twopoint_estimator.NaturalTwoPointEstimator'>.
[014918.21]  01-26 19:08  TwoPointCorrelationFunction  INFO     Running auto-correlation.
[014918.21]  01-26 19:08  TwoPointCorrelationFunction  INFO     Computing two-point counts D1D2.
[014941.72]  01-26 19:09  TwoPointCorrelationFunction  INFO     Analytically computing two-point counts R1R2.
[014941.72]  01-26 19:09  TwoPointCorrelationFunction  INFO     Correlation function computed in elapsed time 23.51 s.
[014941.72]  01-26 19:09  NaturalTwoPointEstimator     INFO     Saving /pscratch/sd/s/shengyu/galaxies/catalogs/Y3/AbacusHF-v2/Boxes/QSO/sn1p250/AbacusSummit_base_c000_ph018/mpspk/wplog_QSO_zp1.250_DR2_v1.0+dv_repeat.npy.
[014941.73]  01-26 19:09  compute_2pt                  INFO     Save to /pscratch/sd/s/shengyu/galaxies/catalogs/Y3/AbacusHF-v2/Boxes/QSO/sn1p250/AbacusSummit_base_c000_ph018/mpspk/wplog_QSO_zp1.250_DR2_v1.0+dv_repeat.npy
[014941.73]  01-26 19:09  compute_2pt                  INFO     Procceed {'version': 'AbacusHF-v2', 'domain': 'cubic', 'tracer': 'QSO', 'zsnap': 1.25, 'zrange': (1.1, 1.4), 'mock_id': 19, 'use_dv': 'repeat'}
[014941.73]  01-26 19:09  cat_tools                    INFO     Load /pscratch/sd/s/shengyu/galaxies/catalogs/Y3/AbacusHF-v2/Boxes/QSO/sn1p250/AbacusSummit_base_c000_ph019/abacus_HF_QSO_1p250_DR2_v2.0_AbacusSummit_base_c000_ph019_base_clustering.dat.h5
[014941.73]  01-26 19:09  FileStack                    INFO     Reading /pscratch/sd/s/shengyu/galaxies/catalogs/Y3/AbacusHF-v2/Boxes/QSO/sn1p250/AbacusSummit_base_c000_ph019/abacus_HF_QSO_1p250_DR2_v2.0_AbacusSummit_base_c000_ph019_base_clustering.dat.h5.
[014941.73]  01-26 19:09  cat_tools                    INFO     use Z positions shifted in repeat mode
[014942.85]  01-26 19:09  TwoPointCorrelationFunction  INFO     Using estimator <class 'pycorr.twopoint_estimator.NaturalTwoPointEstimator'>.
[014942.85]  01-26 19:09  TwoPointCorrelationFunction  INFO     Running auto-correlation.
[014942.85]  01-26 19:09  TwoPointCorrelationFunction  INFO     Computing two-point counts D1D2.
[015049.03]  01-26 19:11  TwoPointCorrelationFunction  INFO     Analytically computing two-point counts R1R2.
[015049.03]  01-26 19:11  TwoPointCorrelationFunction  INFO     Correlation function computed in elapsed time 106.18 s.
[015049.03]  01-26 19:11  NaturalTwoPointEstimator     INFO     Saving /pscratch/sd/s/shengyu/galaxies/catalogs/Y3/AbacusHF-v2/Boxes/QSO/sn1p250/AbacusSummit_base_c000_ph019/mpspk/xipoles_QSO_zp1.250_DR2_v1.0+dv_repeat.npy.
[015049.04]  01-26 19:11  compute_2pt                  INFO     Save to /pscratch/sd/s/shengyu/galaxies/catalogs/Y3/AbacusHF-v2/Boxes/QSO/sn1p250/AbacusSummit_base_c000_ph019/mpspk/xipoles_QSO_zp1.250_DR2_v1.0+dv_repeat.npy
[015052.86]  01-26 19:11  CatalogFFTPower              INFO     Painting catalog 1 to mesh CatalogMesh(nmesh=[512 512 512], boxsize=[2000. 2000. 2000.], boxcenter=[ 999.99995125  999.99998838 1000.00002144], dtype=float64).
[015053.26]  01-26 19:11  CatalogMesh                  INFO     Slab 0 ~ 4194304 / 28330389.
[015054.38]  01-26 19:11  CatalogMesh                  INFO     Painted 4194304 out of 28330389 objects to mesh.
[015054.38]  01-26 19:11  CatalogMesh                  INFO     Slab 4194304 ~ 8388608 / 28330389.
[015055.49]  01-26 19:11  CatalogMesh                  INFO     Painted 8388608 out of 28330389 objects to mesh.
[015055.49]  01-26 19:11  CatalogMesh                  INFO     Slab 8388608 ~ 12582912 / 28330389.
[015056.60]  01-26 19:11  CatalogMesh                  INFO     Painted 12582912 out of 28330389 objects to mesh.
[015056.60]  01-26 19:11  CatalogMesh                  INFO     Slab 12582912 ~ 16777216 / 28330389.
[015057.72]  01-26 19:11  CatalogMesh                  INFO     Painted 16777216 out of 28330389 objects to mesh.
[015057.72]  01-26 19:11  CatalogMesh                  INFO     Slab 16777216 ~ 20971520 / 28330389.
[015058.84]  01-26 19:11  CatalogMesh                  INFO     Painted 20971520 out of 28330389 objects to mesh.
[015058.84]  01-26 19:11  CatalogMesh                  INFO     Slab 20971520 ~ 25165824 / 28330389.
[015060.06]  01-26 19:11  CatalogMesh                  INFO     Painted 25165824 out of 28330389 objects to mesh.
[015060.06]  01-26 19:11  CatalogMesh                  INFO     Slab 25165824 ~ 29360128 / 28330389.
[015061.09]  01-26 19:11  CatalogMesh                  INFO     Painted 28330389 out of 28330389 objects to mesh.
[015061.09]  01-26 19:11  CatalogMesh                  INFO     Running interlacing at order 3.
[015063.33]  01-26 19:11  CatalogMesh                  INFO     Slab 0 ~ 4194304 / 28330389.
[015064.46]  01-26 19:11  CatalogMesh                  INFO     Painted 4194304 out of 28330389 objects to mesh.
[015064.46]  01-26 19:11  CatalogMesh                  INFO     Slab 4194304 ~ 8388608 / 28330389.
[015065.57]  01-26 19:11  CatalogMesh                  INFO     Painted 8388608 out of 28330389 objects to mesh.
[015065.57]  01-26 19:11  CatalogMesh                  INFO     Slab 8388608 ~ 12582912 / 28330389.
[015066.68]  01-26 19:11  CatalogMesh                  INFO     Painted 12582912 out of 28330389 objects to mesh.
[015066.68]  01-26 19:11  CatalogMesh                  INFO     Slab 12582912 ~ 16777216 / 28330389.
[015067.79]  01-26 19:11  CatalogMesh                  INFO     Painted 16777216 out of 28330389 objects to mesh.
[015067.79]  01-26 19:11  CatalogMesh                  INFO     Slab 16777216 ~ 20971520 / 28330389.
[015068.89]  01-26 19:11  CatalogMesh                  INFO     Painted 20971520 out of 28330389 objects to mesh.
[015068.89]  01-26 19:11  CatalogMesh                  INFO     Slab 20971520 ~ 25165824 / 28330389.
[015070.10]  01-26 19:11  CatalogMesh                  INFO     Painted 25165824 out of 28330389 objects to mesh.
[015070.11]  01-26 19:11  CatalogMesh                  INFO     Slab 25165824 ~ 29360128 / 28330389.
[015071.13]  01-26 19:11  CatalogMesh                  INFO     Painted 28330389 out of 28330389 objects to mesh.
[015074.92]  01-26 19:11  CatalogMesh                  INFO     Slab 0 ~ 4194304 / 28330389.
[015076.03]  01-26 19:11  CatalogMesh                  INFO     Painted 4194304 out of 28330389 objects to mesh.
[015076.03]  01-26 19:11  CatalogMesh                  INFO     Slab 4194304 ~ 8388608 / 28330389.
[015077.14]  01-26 19:11  CatalogMesh                  INFO     Painted 8388608 out of 28330389 objects to mesh.
[015077.14]  01-26 19:11  CatalogMesh                  INFO     Slab 8388608 ~ 12582912 / 28330389.
[015078.25]  01-26 19:11  CatalogMesh                  INFO     Painted 12582912 out of 28330389 objects to mesh.
[015078.25]  01-26 19:11  CatalogMesh                  INFO     Slab 12582912 ~ 16777216 / 28330389.
[015079.36]  01-26 19:11  CatalogMesh                  INFO     Painted 16777216 out of 28330389 objects to mesh.
[015079.36]  01-26 19:11  CatalogMesh                  INFO     Slab 16777216 ~ 20971520 / 28330389.
[015080.47]  01-26 19:11  CatalogMesh                  INFO     Painted 20971520 out of 28330389 objects to mesh.
[015080.47]  01-26 19:11  CatalogMesh                  INFO     Slab 20971520 ~ 25165824 / 28330389.
[015081.69]  01-26 19:11  CatalogMesh                  INFO     Painted 25165824 out of 28330389 objects to mesh.
[015081.69]  01-26 19:11  CatalogMesh                  INFO     Slab 25165824 ~ 29360128 / 28330389.
[015082.72]  01-26 19:11  CatalogMesh                  INFO     Painted 28330389 out of 28330389 objects to mesh.
[015088.22]  01-26 19:11  CatalogFFTPower              INFO     Done painting catalog 1 to mesh.
[015088.22]  01-26 19:11  CatalogFFTPower              INFO     Using 400 k-bins between 0.000 and 0.400.
[015088.22]  01-26 19:11  CatalogFFTPower              INFO     Meshes prepared in elapsed time 35.36 s.
[015088.22]  01-26 19:11  CatalogFFTPower              INFO     Running mesh calculation.
[015105.40]  01-26 19:11  CatalogFFTPower              INFO     Mesh calculations performed in elapsed time 17.18 s.
[015105.40]  01-26 19:11  CatalogFFTPower              INFO     Power spectrum computed in elapsed time 52.54 s.
[015105.40]  01-26 19:11  CatalogFFTPower              INFO     Saving /pscratch/sd/s/shengyu/galaxies/catalogs/Y3/AbacusHF-v2/Boxes/QSO/sn1p250/AbacusSummit_base_c000_ph019/mpspk/pkpoles_QSO_zp1.250_DR2_v1.0+dv_repeat.npy.
[015105.41]  01-26 19:11  compute_2pt                  INFO     Save to /pscratch/sd/s/shengyu/galaxies/catalogs/Y3/AbacusHF-v2/Boxes/QSO/sn1p250/AbacusSummit_base_c000_ph019/mpspk/pkpoles_QSO_zp1.250_DR2_v1.0+dv_repeat.npy
[015105.41]  01-26 19:11  TwoPointCorrelationFunction  INFO     Using estimator <class 'pycorr.twopoint_estimator.NaturalTwoPointEstimator'>.
[015105.41]  01-26 19:11  TwoPointCorrelationFunction  INFO     Running auto-correlation.
[015105.41]  01-26 19:11  TwoPointCorrelationFunction  INFO     Computing two-point counts D1D2.
[015129.22]  01-26 19:12  TwoPointCorrelationFunction  INFO     Analytically computing two-point counts R1R2.
[015129.22]  01-26 19:12  TwoPointCorrelationFunction  INFO     Correlation function computed in elapsed time 23.81 s.
[015129.22]  01-26 19:12  NaturalTwoPointEstimator     INFO     Saving /pscratch/sd/s/shengyu/galaxies/catalogs/Y3/AbacusHF-v2/Boxes/QSO/sn1p250/AbacusSummit_base_c000_ph019/mpspk/mpslog_QSO_zp1.250_DR2_v1.0+dv_repeat.npy.
[015129.22]  01-26 19:12  compute_2pt                  INFO     Save to /pscratch/sd/s/shengyu/galaxies/catalogs/Y3/AbacusHF-v2/Boxes/QSO/sn1p250/AbacusSummit_base_c000_ph019/mpspk/mpslog_QSO_zp1.250_DR2_v1.0+dv_repeat.npy
[015129.22]  01-26 19:12  TwoPointCorrelationFunction  INFO     Using estimator <class 'pycorr.twopoint_estimator.NaturalTwoPointEstimator'>.
[015129.22]  01-26 19:12  TwoPointCorrelationFunction  INFO     Running auto-correlation.
[015129.23]  01-26 19:12  TwoPointCorrelationFunction  INFO     Computing two-point counts D1D2.
[015152.70]  01-26 19:12  TwoPointCorrelationFunction  INFO     Analytically computing two-point counts R1R2.
[015152.70]  01-26 19:12  TwoPointCorrelationFunction  INFO     Correlation function computed in elapsed time 23.48 s.
[015152.70]  01-26 19:12  NaturalTwoPointEstimator     INFO     Saving /pscratch/sd/s/shengyu/galaxies/catalogs/Y3/AbacusHF-v2/Boxes/QSO/sn1p250/AbacusSummit_base_c000_ph019/mpspk/wplog_QSO_zp1.250_DR2_v1.0+dv_repeat.npy.
[015152.70]  01-26 19:12  compute_2pt                  INFO     Save to /pscratch/sd/s/shengyu/galaxies/catalogs/Y3/AbacusHF-v2/Boxes/QSO/sn1p250/AbacusSummit_base_c000_ph019/mpspk/wplog_QSO_zp1.250_DR2_v1.0+dv_repeat.npy
[015152.71]  01-26 19:12  compute_2pt                  INFO     Procceed {'version': 'AbacusHF-v2', 'domain': 'cubic', 'tracer': 'QSO', 'zsnap': 1.25, 'zrange': (1.1, 1.4), 'mock_id': 20, 'use_dv': 'repeat'}
[015152.71]  01-26 19:12  cat_tools                    INFO     Load /pscratch/sd/s/shengyu/galaxies/catalogs/Y3/AbacusHF-v2/Boxes/QSO/sn1p250/AbacusSummit_base_c000_ph020/abacus_HF_QSO_1p250_DR2_v2.0_AbacusSummit_base_c000_ph020_base_clustering.dat.h5
[015152.71]  01-26 19:12  FileStack                    INFO     Reading /pscratch/sd/s/shengyu/galaxies/catalogs/Y3/AbacusHF-v2/Boxes/QSO/sn1p250/AbacusSummit_base_c000_ph020/abacus_HF_QSO_1p250_DR2_v2.0_AbacusSummit_base_c000_ph020_base_clustering.dat.h5.
[015152.71]  01-26 19:12  cat_tools                    INFO     use Z positions shifted in repeat mode
[015153.83]  01-26 19:12  TwoPointCorrelationFunction  INFO     Using estimator <class 'pycorr.twopoint_estimator.NaturalTwoPointEstimator'>.
[015153.83]  01-26 19:12  TwoPointCorrelationFunction  INFO     Running auto-correlation.
[015153.83]  01-26 19:12  TwoPointCorrelationFunction  INFO     Computing two-point counts D1D2.
[015256.48]  01-26 19:14  TwoPointCorrelationFunction  INFO     Analytically computing two-point counts R1R2.
[015256.48]  01-26 19:14  TwoPointCorrelationFunction  INFO     Correlation function computed in elapsed time 102.64 s.
[015256.48]  01-26 19:14  NaturalTwoPointEstimator     INFO     Saving /pscratch/sd/s/shengyu/galaxies/catalogs/Y3/AbacusHF-v2/Boxes/QSO/sn1p250/AbacusSummit_base_c000_ph020/mpspk/xipoles_QSO_zp1.250_DR2_v1.0+dv_repeat.npy.
[015256.48]  01-26 19:14  compute_2pt                  INFO     Save to /pscratch/sd/s/shengyu/galaxies/catalogs/Y3/AbacusHF-v2/Boxes/QSO/sn1p250/AbacusSummit_base_c000_ph020/mpspk/xipoles_QSO_zp1.250_DR2_v1.0+dv_repeat.npy
[015260.32]  01-26 19:14  CatalogFFTPower              INFO     Painting catalog 1 to mesh CatalogMesh(nmesh=[512 512 512], boxsize=[2000. 2000. 2000.], boxcenter=[1000.00001319  999.99999356  999.99998431], dtype=float64).
[015260.72]  01-26 19:14  CatalogMesh                  INFO     Slab 0 ~ 4194304 / 28344747.
[015261.85]  01-26 19:14  CatalogMesh                  INFO     Painted 4194304 out of 28344747 objects to mesh.
[015261.85]  01-26 19:14  CatalogMesh                  INFO     Slab 4194304 ~ 8388608 / 28344747.
[015262.96]  01-26 19:14  CatalogMesh                  INFO     Painted 8388608 out of 28344747 objects to mesh.
[015262.96]  01-26 19:14  CatalogMesh                  INFO     Slab 8388608 ~ 12582912 / 28344747.
[015264.07]  01-26 19:14  CatalogMesh                  INFO     Painted 12582912 out of 28344747 objects to mesh.
[015264.07]  01-26 19:14  CatalogMesh                  INFO     Slab 12582912 ~ 16777216 / 28344747.
[015265.18]  01-26 19:14  CatalogMesh                  INFO     Painted 16777216 out of 28344747 objects to mesh.
[015265.18]  01-26 19:14  CatalogMesh                  INFO     Slab 16777216 ~ 20971520 / 28344747.
[015266.29]  01-26 19:14  CatalogMesh                  INFO     Painted 20971520 out of 28344747 objects to mesh.
[015266.29]  01-26 19:14  CatalogMesh                  INFO     Slab 20971520 ~ 25165824 / 28344747.
[015267.50]  01-26 19:14  CatalogMesh                  INFO     Painted 25165824 out of 28344747 objects to mesh.
[015267.50]  01-26 19:14  CatalogMesh                  INFO     Slab 25165824 ~ 29360128 / 28344747.
[015268.53]  01-26 19:14  CatalogMesh                  INFO     Painted 28344747 out of 28344747 objects to mesh.
[015268.53]  01-26 19:14  CatalogMesh                  INFO     Running interlacing at order 3.
[015270.76]  01-26 19:14  CatalogMesh                  INFO     Slab 0 ~ 4194304 / 28344747.
[015271.87]  01-26 19:14  CatalogMesh                  INFO     Painted 4194304 out of 28344747 objects to mesh.
[015271.87]  01-26 19:14  CatalogMesh                  INFO     Slab 4194304 ~ 8388608 / 28344747.
[015272.98]  01-26 19:14  CatalogMesh                  INFO     Painted 8388608 out of 28344747 objects to mesh.
[015272.98]  01-26 19:14  CatalogMesh                  INFO     Slab 8388608 ~ 12582912 / 28344747.
[015274.09]  01-26 19:14  CatalogMesh                  INFO     Painted 12582912 out of 28344747 objects to mesh.
[015274.09]  01-26 19:14  CatalogMesh                  INFO     Slab 12582912 ~ 16777216 / 28344747.
[015275.20]  01-26 19:14  CatalogMesh                  INFO     Painted 16777216 out of 28344747 objects to mesh.
[015275.21]  01-26 19:14  CatalogMesh                  INFO     Slab 16777216 ~ 20971520 / 28344747.
[015276.32]  01-26 19:14  CatalogMesh                  INFO     Painted 20971520 out of 28344747 objects to mesh.
[015276.32]  01-26 19:14  CatalogMesh                  INFO     Slab 20971520 ~ 25165824 / 28344747.
[015277.53]  01-26 19:14  CatalogMesh                  INFO     Painted 25165824 out of 28344747 objects to mesh.
[015277.53]  01-26 19:14  CatalogMesh                  INFO     Slab 25165824 ~ 29360128 / 28344747.
[015278.56]  01-26 19:14  CatalogMesh                  INFO     Painted 28344747 out of 28344747 objects to mesh.
[015282.34]  01-26 19:14  CatalogMesh                  INFO     Slab 0 ~ 4194304 / 28344747.
[015283.46]  01-26 19:14  CatalogMesh                  INFO     Painted 4194304 out of 28344747 objects to mesh.
[015283.46]  01-26 19:14  CatalogMesh                  INFO     Slab 4194304 ~ 8388608 / 28344747.
[015284.57]  01-26 19:14  CatalogMesh                  INFO     Painted 8388608 out of 28344747 objects to mesh.
[015284.57]  01-26 19:14  CatalogMesh                  INFO     Slab 8388608 ~ 12582912 / 28344747.
[015285.70]  01-26 19:14  CatalogMesh                  INFO     Painted 12582912 out of 28344747 objects to mesh.
[015285.70]  01-26 19:14  CatalogMesh                  INFO     Slab 12582912 ~ 16777216 / 28344747.
[015286.81]  01-26 19:14  CatalogMesh                  INFO     Painted 16777216 out of 28344747 objects to mesh.
[015286.81]  01-26 19:14  CatalogMesh                  INFO     Slab 16777216 ~ 20971520 / 28344747.
[015287.91]  01-26 19:14  CatalogMesh                  INFO     Painted 20971520 out of 28344747 objects to mesh.
[015287.91]  01-26 19:14  CatalogMesh                  INFO     Slab 20971520 ~ 25165824 / 28344747.
[015289.13]  01-26 19:15  CatalogMesh                  INFO     Painted 25165824 out of 28344747 objects to mesh.
[015289.13]  01-26 19:15  CatalogMesh                  INFO     Slab 25165824 ~ 29360128 / 28344747.
[015290.16]  01-26 19:15  CatalogMesh                  INFO     Painted 28344747 out of 28344747 objects to mesh.
[015295.68]  01-26 19:15  CatalogFFTPower              INFO     Done painting catalog 1 to mesh.
[015295.68]  01-26 19:15  CatalogFFTPower              INFO     Using 400 k-bins between 0.000 and 0.400.
[015295.68]  01-26 19:15  CatalogFFTPower              INFO     Meshes prepared in elapsed time 35.36 s.
[015295.68]  01-26 19:15  CatalogFFTPower              INFO     Running mesh calculation.
[015312.86]  01-26 19:15  CatalogFFTPower              INFO     Mesh calculations performed in elapsed time 17.18 s.
[015312.86]  01-26 19:15  CatalogFFTPower              INFO     Power spectrum computed in elapsed time 52.54 s.
[015312.87]  01-26 19:15  CatalogFFTPower              INFO     Saving /pscratch/sd/s/shengyu/galaxies/catalogs/Y3/AbacusHF-v2/Boxes/QSO/sn1p250/AbacusSummit_base_c000_ph020/mpspk/pkpoles_QSO_zp1.250_DR2_v1.0+dv_repeat.npy.
[015312.87]  01-26 19:15  compute_2pt                  INFO     Save to /pscratch/sd/s/shengyu/galaxies/catalogs/Y3/AbacusHF-v2/Boxes/QSO/sn1p250/AbacusSummit_base_c000_ph020/mpspk/pkpoles_QSO_zp1.250_DR2_v1.0+dv_repeat.npy
[015312.87]  01-26 19:15  TwoPointCorrelationFunction  INFO     Using estimator <class 'pycorr.twopoint_estimator.NaturalTwoPointEstimator'>.
[015312.87]  01-26 19:15  TwoPointCorrelationFunction  INFO     Running auto-correlation.
[015312.87]  01-26 19:15  TwoPointCorrelationFunction  INFO     Computing two-point counts D1D2.
[015335.63]  01-26 19:15  TwoPointCorrelationFunction  INFO     Analytically computing two-point counts R1R2.
[015335.63]  01-26 19:15  TwoPointCorrelationFunction  INFO     Correlation function computed in elapsed time 22.76 s.
[015335.63]  01-26 19:15  NaturalTwoPointEstimator     INFO     Saving /pscratch/sd/s/shengyu/galaxies/catalogs/Y3/AbacusHF-v2/Boxes/QSO/sn1p250/AbacusSummit_base_c000_ph020/mpspk/mpslog_QSO_zp1.250_DR2_v1.0+dv_repeat.npy.
[015335.64]  01-26 19:15  compute_2pt                  INFO     Save to /pscratch/sd/s/shengyu/galaxies/catalogs/Y3/AbacusHF-v2/Boxes/QSO/sn1p250/AbacusSummit_base_c000_ph020/mpspk/mpslog_QSO_zp1.250_DR2_v1.0+dv_repeat.npy
[015335.64]  01-26 19:15  TwoPointCorrelationFunction  INFO     Using estimator <class 'pycorr.twopoint_estimator.NaturalTwoPointEstimator'>.
[015335.64]  01-26 19:15  TwoPointCorrelationFunction  INFO     Running auto-correlation.
[015335.64]  01-26 19:15  TwoPointCorrelationFunction  INFO     Computing two-point counts D1D2.
[015359.29]  01-26 19:16  TwoPointCorrelationFunction  INFO     Analytically computing two-point counts R1R2.
[015359.29]  01-26 19:16  TwoPointCorrelationFunction  INFO     Correlation function computed in elapsed time 23.66 s.
[015359.29]  01-26 19:16  NaturalTwoPointEstimator     INFO     Saving /pscratch/sd/s/shengyu/galaxies/catalogs/Y3/AbacusHF-v2/Boxes/QSO/sn1p250/AbacusSummit_base_c000_ph020/mpspk/wplog_QSO_zp1.250_DR2_v1.0+dv_repeat.npy.
[015359.30]  01-26 19:16  compute_2pt                  INFO     Save to /pscratch/sd/s/shengyu/galaxies/catalogs/Y3/AbacusHF-v2/Boxes/QSO/sn1p250/AbacusSummit_base_c000_ph020/mpspk/wplog_QSO_zp1.250_DR2_v1.0+dv_repeat.npy
[015359.30]  01-26 19:16  compute_2pt                  INFO     Procceed {'version': 'AbacusHF-v2', 'domain': 'cubic', 'tracer': 'QSO', 'zsnap': 1.25, 'zrange': (1.1, 1.4), 'mock_id': 21, 'use_dv': 'repeat'}
[015359.30]  01-26 19:16  cat_tools                    INFO     Load /pscratch/sd/s/shengyu/galaxies/catalogs/Y3/AbacusHF-v2/Boxes/QSO/sn1p250/AbacusSummit_base_c000_ph021/abacus_HF_QSO_1p250_DR2_v2.0_AbacusSummit_base_c000_ph021_base_clustering.dat.h5
[015359.30]  01-26 19:16  FileStack                    INFO     Reading /pscratch/sd/s/shengyu/galaxies/catalogs/Y3/AbacusHF-v2/Boxes/QSO/sn1p250/AbacusSummit_base_c000_ph021/abacus_HF_QSO_1p250_DR2_v2.0_AbacusSummit_base_c000_ph021_base_clustering.dat.h5.
[015359.31]  01-26 19:16  cat_tools                    INFO     use Z positions shifted in repeat mode
[015360.44]  01-26 19:16  TwoPointCorrelationFunction  INFO     Using estimator <class 'pycorr.twopoint_estimator.NaturalTwoPointEstimator'>.
[015360.44]  01-26 19:16  TwoPointCorrelationFunction  INFO     Running auto-correlation.
[015360.44]  01-26 19:16  TwoPointCorrelationFunction  INFO     Computing two-point counts D1D2.
[015463.08]  01-26 19:17  TwoPointCorrelationFunction  INFO     Analytically computing two-point counts R1R2.
[015463.09]  01-26 19:17  TwoPointCorrelationFunction  INFO     Correlation function computed in elapsed time 102.64 s.
[015463.09]  01-26 19:17  NaturalTwoPointEstimator     INFO     Saving /pscratch/sd/s/shengyu/galaxies/catalogs/Y3/AbacusHF-v2/Boxes/QSO/sn1p250/AbacusSummit_base_c000_ph021/mpspk/xipoles_QSO_zp1.250_DR2_v1.0+dv_repeat.npy.
[015463.09]  01-26 19:17  compute_2pt                  INFO     Save to /pscratch/sd/s/shengyu/galaxies/catalogs/Y3/AbacusHF-v2/Boxes/QSO/sn1p250/AbacusSummit_base_c000_ph021/mpspk/xipoles_QSO_zp1.250_DR2_v1.0+dv_repeat.npy
[015466.95]  01-26 19:17  CatalogFFTPower              INFO     Painting catalog 1 to mesh CatalogMesh(nmesh=[512 512 512], boxsize=[2000. 2000. 2000.], boxcenter=[ 999.99999514 1000.00005724 1000.00002662], dtype=float64).
[015467.35]  01-26 19:17  CatalogMesh                  INFO     Slab 0 ~ 4194304 / 28359999.
[015468.48]  01-26 19:17  CatalogMesh                  INFO     Painted 4194304 out of 28359999 objects to mesh.
[015468.48]  01-26 19:17  CatalogMesh                  INFO     Slab 4194304 ~ 8388608 / 28359999.
[015469.60]  01-26 19:18  CatalogMesh                  INFO     Painted 8388608 out of 28359999 objects to mesh.
[015469.60]  01-26 19:18  CatalogMesh                  INFO     Slab 8388608 ~ 12582912 / 28359999.
[015470.71]  01-26 19:18  CatalogMesh                  INFO     Painted 12582912 out of 28359999 objects to mesh.
[015470.71]  01-26 19:18  CatalogMesh                  INFO     Slab 12582912 ~ 16777216 / 28359999.
[015471.82]  01-26 19:18  CatalogMesh                  INFO     Painted 16777216 out of 28359999 objects to mesh.
[015471.82]  01-26 19:18  CatalogMesh                  INFO     Slab 16777216 ~ 20971520 / 28359999.
[015472.93]  01-26 19:18  CatalogMesh                  INFO     Painted 20971520 out of 28359999 objects to mesh.
[015472.93]  01-26 19:18  CatalogMesh                  INFO     Slab 20971520 ~ 25165824 / 28359999.
[015474.15]  01-26 19:18  CatalogMesh                  INFO     Painted 25165824 out of 28359999 objects to mesh.
[015474.15]  01-26 19:18  CatalogMesh                  INFO     Slab 25165824 ~ 29360128 / 28359999.
[015475.19]  01-26 19:18  CatalogMesh                  INFO     Painted 28359999 out of 28359999 objects to mesh.
[015475.19]  01-26 19:18  CatalogMesh                  INFO     Running interlacing at order 3.
[015477.44]  01-26 19:18  CatalogMesh                  INFO     Slab 0 ~ 4194304 / 28359999.
[015478.55]  01-26 19:18  CatalogMesh                  INFO     Painted 4194304 out of 28359999 objects to mesh.
[015478.55]  01-26 19:18  CatalogMesh                  INFO     Slab 4194304 ~ 8388608 / 28359999.
[015479.66]  01-26 19:18  CatalogMesh                  INFO     Painted 8388608 out of 28359999 objects to mesh.
[015479.66]  01-26 19:18  CatalogMesh                  INFO     Slab 8388608 ~ 12582912 / 28359999.
[015480.77]  01-26 19:18  CatalogMesh                  INFO     Painted 12582912 out of 28359999 objects to mesh.
[015480.77]  01-26 19:18  CatalogMesh                  INFO     Slab 12582912 ~ 16777216 / 28359999.
[015481.89]  01-26 19:18  CatalogMesh                  INFO     Painted 16777216 out of 28359999 objects to mesh.
[015481.89]  01-26 19:18  CatalogMesh                  INFO     Slab 16777216 ~ 20971520 / 28359999.
[015483.00]  01-26 19:18  CatalogMesh                  INFO     Painted 20971520 out of 28359999 objects to mesh.
[015483.00]  01-26 19:18  CatalogMesh                  INFO     Slab 20971520 ~ 25165824 / 28359999.
[015484.21]  01-26 19:18  CatalogMesh                  INFO     Painted 25165824 out of 28359999 objects to mesh.
[015484.21]  01-26 19:18  CatalogMesh                  INFO     Slab 25165824 ~ 29360128 / 28359999.
[015485.25]  01-26 19:18  CatalogMesh                  INFO     Painted 28359999 out of 28359999 objects to mesh.
[015489.03]  01-26 19:18  CatalogMesh                  INFO     Slab 0 ~ 4194304 / 28359999.
[015490.13]  01-26 19:18  CatalogMesh                  INFO     Painted 4194304 out of 28359999 objects to mesh.
[015490.13]  01-26 19:18  CatalogMesh                  INFO     Slab 4194304 ~ 8388608 / 28359999.
[015491.24]  01-26 19:18  CatalogMesh                  INFO     Painted 8388608 out of 28359999 objects to mesh.
[015491.24]  01-26 19:18  CatalogMesh                  INFO     Slab 8388608 ~ 12582912 / 28359999.
[015492.35]  01-26 19:18  CatalogMesh                  INFO     Painted 12582912 out of 28359999 objects to mesh.
[015492.35]  01-26 19:18  CatalogMesh                  INFO     Slab 12582912 ~ 16777216 / 28359999.
[015493.46]  01-26 19:18  CatalogMesh                  INFO     Painted 16777216 out of 28359999 objects to mesh.
[015493.46]  01-26 19:18  CatalogMesh                  INFO     Slab 16777216 ~ 20971520 / 28359999.
[015494.57]  01-26 19:18  CatalogMesh                  INFO     Painted 20971520 out of 28359999 objects to mesh.
[015494.57]  01-26 19:18  CatalogMesh                  INFO     Slab 20971520 ~ 25165824 / 28359999.
[015495.79]  01-26 19:18  CatalogMesh                  INFO     Painted 25165824 out of 28359999 objects to mesh.
[015495.79]  01-26 19:18  CatalogMesh                  INFO     Slab 25165824 ~ 29360128 / 28359999.
[015496.83]  01-26 19:18  CatalogMesh                  INFO     Painted 28359999 out of 28359999 objects to mesh.
[015502.33]  01-26 19:18  CatalogFFTPower              INFO     Done painting catalog 1 to mesh.
[015502.33]  01-26 19:18  CatalogFFTPower              INFO     Using 400 k-bins between 0.000 and 0.400.
[015502.33]  01-26 19:18  CatalogFFTPower              INFO     Meshes prepared in elapsed time 35.38 s.
[015502.33]  01-26 19:18  CatalogFFTPower              INFO     Running mesh calculation.
[015519.50]  01-26 19:18  CatalogFFTPower              INFO     Mesh calculations performed in elapsed time 17.18 s.
[015519.50]  01-26 19:18  CatalogFFTPower              INFO     Power spectrum computed in elapsed time 52.56 s.
[015519.51]  01-26 19:18  CatalogFFTPower              INFO     Saving /pscratch/sd/s/shengyu/galaxies/catalogs/Y3/AbacusHF-v2/Boxes/QSO/sn1p250/AbacusSummit_base_c000_ph021/mpspk/pkpoles_QSO_zp1.250_DR2_v1.0+dv_repeat.npy.
[015519.51]  01-26 19:18  compute_2pt                  INFO     Save to /pscratch/sd/s/shengyu/galaxies/catalogs/Y3/AbacusHF-v2/Boxes/QSO/sn1p250/AbacusSummit_base_c000_ph021/mpspk/pkpoles_QSO_zp1.250_DR2_v1.0+dv_repeat.npy
[015519.51]  01-26 19:18  TwoPointCorrelationFunction  INFO     Using estimator <class 'pycorr.twopoint_estimator.NaturalTwoPointEstimator'>.
[015519.51]  01-26 19:18  TwoPointCorrelationFunction  INFO     Running auto-correlation.
[015519.51]  01-26 19:18  TwoPointCorrelationFunction  INFO     Computing two-point counts D1D2.
[015542.40]  01-26 19:19  TwoPointCorrelationFunction  INFO     Analytically computing two-point counts R1R2.
[015542.41]  01-26 19:19  TwoPointCorrelationFunction  INFO     Correlation function computed in elapsed time 22.90 s.
[015542.41]  01-26 19:19  NaturalTwoPointEstimator     INFO     Saving /pscratch/sd/s/shengyu/galaxies/catalogs/Y3/AbacusHF-v2/Boxes/QSO/sn1p250/AbacusSummit_base_c000_ph021/mpspk/mpslog_QSO_zp1.250_DR2_v1.0+dv_repeat.npy.
[015542.41]  01-26 19:19  compute_2pt                  INFO     Save to /pscratch/sd/s/shengyu/galaxies/catalogs/Y3/AbacusHF-v2/Boxes/QSO/sn1p250/AbacusSummit_base_c000_ph021/mpspk/mpslog_QSO_zp1.250_DR2_v1.0+dv_repeat.npy
[015542.41]  01-26 19:19  TwoPointCorrelationFunction  INFO     Using estimator <class 'pycorr.twopoint_estimator.NaturalTwoPointEstimator'>.
[015542.41]  01-26 19:19  TwoPointCorrelationFunction  INFO     Running auto-correlation.
[015542.41]  01-26 19:19  TwoPointCorrelationFunction  INFO     Computing two-point counts D1D2.
[015566.07]  01-26 19:19  TwoPointCorrelationFunction  INFO     Analytically computing two-point counts R1R2.
[015566.07]  01-26 19:19  TwoPointCorrelationFunction  INFO     Correlation function computed in elapsed time 23.66 s.
[015566.07]  01-26 19:19  NaturalTwoPointEstimator     INFO     Saving /pscratch/sd/s/shengyu/galaxies/catalogs/Y3/AbacusHF-v2/Boxes/QSO/sn1p250/AbacusSummit_base_c000_ph021/mpspk/wplog_QSO_zp1.250_DR2_v1.0+dv_repeat.npy.
[015566.07]  01-26 19:19  compute_2pt                  INFO     Save to /pscratch/sd/s/shengyu/galaxies/catalogs/Y3/AbacusHF-v2/Boxes/QSO/sn1p250/AbacusSummit_base_c000_ph021/mpspk/wplog_QSO_zp1.250_DR2_v1.0+dv_repeat.npy
[015566.08]  01-26 19:19  compute_2pt                  INFO     Procceed {'version': 'AbacusHF-v2', 'domain': 'cubic', 'tracer': 'QSO', 'zsnap': 1.25, 'zrange': (1.1, 1.4), 'mock_id': 22, 'use_dv': 'repeat'}
[015566.08]  01-26 19:19  cat_tools                    INFO     Load /pscratch/sd/s/shengyu/galaxies/catalogs/Y3/AbacusHF-v2/Boxes/QSO/sn1p250/AbacusSummit_base_c000_ph022/abacus_HF_QSO_1p250_DR2_v2.0_AbacusSummit_base_c000_ph022_base_clustering.dat.h5
[015566.08]  01-26 19:19  FileStack                    INFO     Reading /pscratch/sd/s/shengyu/galaxies/catalogs/Y3/AbacusHF-v2/Boxes/QSO/sn1p250/AbacusSummit_base_c000_ph022/abacus_HF_QSO_1p250_DR2_v2.0_AbacusSummit_base_c000_ph022_base_clustering.dat.h5.
[015566.08]  01-26 19:19  cat_tools                    INFO     use Z positions shifted in repeat mode
[015567.21]  01-26 19:19  TwoPointCorrelationFunction  INFO     Using estimator <class 'pycorr.twopoint_estimator.NaturalTwoPointEstimator'>.
[015567.21]  01-26 19:19  TwoPointCorrelationFunction  INFO     Running auto-correlation.
[015567.21]  01-26 19:19  TwoPointCorrelationFunction  INFO     Computing two-point counts D1D2.
[015670.10]  01-26 19:21  TwoPointCorrelationFunction  INFO     Analytically computing two-point counts R1R2.
[015670.10]  01-26 19:21  TwoPointCorrelationFunction  INFO     Correlation function computed in elapsed time 102.89 s.
[015670.10]  01-26 19:21  NaturalTwoPointEstimator     INFO     Saving /pscratch/sd/s/shengyu/galaxies/catalogs/Y3/AbacusHF-v2/Boxes/QSO/sn1p250/AbacusSummit_base_c000_ph022/mpspk/xipoles_QSO_zp1.250_DR2_v1.0+dv_repeat.npy.
[015670.11]  01-26 19:21  compute_2pt                  INFO     Save to /pscratch/sd/s/shengyu/galaxies/catalogs/Y3/AbacusHF-v2/Boxes/QSO/sn1p250/AbacusSummit_base_c000_ph022/mpspk/xipoles_QSO_zp1.250_DR2_v1.0+dv_repeat.npy
[015673.94]  01-26 19:21  CatalogFFTPower              INFO     Painting catalog 1 to mesh CatalogMesh(nmesh=[512 512 512], boxsize=[2000. 2000. 2000.], boxcenter=[1000.0000275  1000.00000684  999.99998843], dtype=float64).
[015674.35]  01-26 19:21  CatalogMesh                  INFO     Slab 0 ~ 4194304 / 28363320.
[015675.50]  01-26 19:21  CatalogMesh                  INFO     Painted 4194304 out of 28363320 objects to mesh.
[015675.51]  01-26 19:21  CatalogMesh                  INFO     Slab 4194304 ~ 8388608 / 28363320.
[015676.61]  01-26 19:21  CatalogMesh                  INFO     Painted 8388608 out of 28363320 objects to mesh.
[015676.61]  01-26 19:21  CatalogMesh                  INFO     Slab 8388608 ~ 12582912 / 28363320.
[015677.72]  01-26 19:21  CatalogMesh                  INFO     Painted 12582912 out of 28363320 objects to mesh.
[015677.72]  01-26 19:21  CatalogMesh                  INFO     Slab 12582912 ~ 16777216 / 28363320.
[015678.83]  01-26 19:21  CatalogMesh                  INFO     Painted 16777216 out of 28363320 objects to mesh.
[015678.83]  01-26 19:21  CatalogMesh                  INFO     Slab 16777216 ~ 20971520 / 28363320.
[015679.94]  01-26 19:21  CatalogMesh                  INFO     Painted 20971520 out of 28363320 objects to mesh.
[015679.94]  01-26 19:21  CatalogMesh                  INFO     Slab 20971520 ~ 25165824 / 28363320.
[015681.15]  01-26 19:21  CatalogMesh                  INFO     Painted 25165824 out of 28363320 objects to mesh.
[015681.15]  01-26 19:21  CatalogMesh                  INFO     Slab 25165824 ~ 29360128 / 28363320.
[015682.20]  01-26 19:21  CatalogMesh                  INFO     Painted 28363320 out of 28363320 objects to mesh.
[015682.20]  01-26 19:21  CatalogMesh                  INFO     Running interlacing at order 3.
[015684.44]  01-26 19:21  CatalogMesh                  INFO     Slab 0 ~ 4194304 / 28363320.
[015685.54]  01-26 19:21  CatalogMesh                  INFO     Painted 4194304 out of 28363320 objects to mesh.
[015685.54]  01-26 19:21  CatalogMesh                  INFO     Slab 4194304 ~ 8388608 / 28363320.
[015686.65]  01-26 19:21  CatalogMesh                  INFO     Painted 8388608 out of 28363320 objects to mesh.
[015686.65]  01-26 19:21  CatalogMesh                  INFO     Slab 8388608 ~ 12582912 / 28363320.
[015687.76]  01-26 19:21  CatalogMesh                  INFO     Painted 12582912 out of 28363320 objects to mesh.
[015687.76]  01-26 19:21  CatalogMesh                  INFO     Slab 12582912 ~ 16777216 / 28363320.
[015688.87]  01-26 19:21  CatalogMesh                  INFO     Painted 16777216 out of 28363320 objects to mesh.
[015688.87]  01-26 19:21  CatalogMesh                  INFO     Slab 16777216 ~ 20971520 / 28363320.
[015689.98]  01-26 19:21  CatalogMesh                  INFO     Painted 20971520 out of 28363320 objects to mesh.
[015689.98]  01-26 19:21  CatalogMesh                  INFO     Slab 20971520 ~ 25165824 / 28363320.
[015691.18]  01-26 19:21  CatalogMesh                  INFO     Painted 25165824 out of 28363320 objects to mesh.
[015691.18]  01-26 19:21  CatalogMesh                  INFO     Slab 25165824 ~ 29360128 / 28363320.
[015692.22]  01-26 19:21  CatalogMesh                  INFO     Painted 28363320 out of 28363320 objects to mesh.
[015696.01]  01-26 19:21  CatalogMesh                  INFO     Slab 0 ~ 4194304 / 28363320.
[015697.12]  01-26 19:21  CatalogMesh                  INFO     Painted 4194304 out of 28363320 objects to mesh.
[015697.12]  01-26 19:21  CatalogMesh                  INFO     Slab 4194304 ~ 8388608 / 28363320.
[015698.23]  01-26 19:21  CatalogMesh                  INFO     Painted 8388608 out of 28363320 objects to mesh.
[015698.23]  01-26 19:21  CatalogMesh                  INFO     Slab 8388608 ~ 12582912 / 28363320.
[015699.34]  01-26 19:21  CatalogMesh                  INFO     Painted 12582912 out of 28363320 objects to mesh.
[015699.34]  01-26 19:21  CatalogMesh                  INFO     Slab 12582912 ~ 16777216 / 28363320.
[015700.45]  01-26 19:21  CatalogMesh                  INFO     Painted 16777216 out of 28363320 objects to mesh.
[015700.45]  01-26 19:21  CatalogMesh                  INFO     Slab 16777216 ~ 20971520 / 28363320.
[015701.56]  01-26 19:21  CatalogMesh                  INFO     Painted 20971520 out of 28363320 objects to mesh.
[015701.56]  01-26 19:21  CatalogMesh                  INFO     Slab 20971520 ~ 25165824 / 28363320.
[015702.78]  01-26 19:21  CatalogMesh                  INFO     Painted 25165824 out of 28363320 objects to mesh.
[015702.78]  01-26 19:21  CatalogMesh                  INFO     Slab 25165824 ~ 29360128 / 28363320.
[015703.82]  01-26 19:21  CatalogMesh                  INFO     Painted 28363320 out of 28363320 objects to mesh.
[015709.34]  01-26 19:22  CatalogFFTPower              INFO     Done painting catalog 1 to mesh.
[015709.34]  01-26 19:22  CatalogFFTPower              INFO     Using 400 k-bins between 0.000 and 0.400.
[015709.34]  01-26 19:22  CatalogFFTPower              INFO     Meshes prepared in elapsed time 35.40 s.
[015709.34]  01-26 19:22  CatalogFFTPower              INFO     Running mesh calculation.
[015726.54]  01-26 19:22  CatalogFFTPower              INFO     Mesh calculations performed in elapsed time 17.20 s.
[015726.54]  01-26 19:22  CatalogFFTPower              INFO     Power spectrum computed in elapsed time 52.60 s.
[015726.55]  01-26 19:22  CatalogFFTPower              INFO     Saving /pscratch/sd/s/shengyu/galaxies/catalogs/Y3/AbacusHF-v2/Boxes/QSO/sn1p250/AbacusSummit_base_c000_ph022/mpspk/pkpoles_QSO_zp1.250_DR2_v1.0+dv_repeat.npy.
[015726.55]  01-26 19:22  compute_2pt                  INFO     Save to /pscratch/sd/s/shengyu/galaxies/catalogs/Y3/AbacusHF-v2/Boxes/QSO/sn1p250/AbacusSummit_base_c000_ph022/mpspk/pkpoles_QSO_zp1.250_DR2_v1.0+dv_repeat.npy
[015726.55]  01-26 19:22  TwoPointCorrelationFunction  INFO     Using estimator <class 'pycorr.twopoint_estimator.NaturalTwoPointEstimator'>.
[015726.55]  01-26 19:22  TwoPointCorrelationFunction  INFO     Running auto-correlation.
[015726.55]  01-26 19:22  TwoPointCorrelationFunction  INFO     Computing two-point counts D1D2.
[015749.43]  01-26 19:22  TwoPointCorrelationFunction  INFO     Analytically computing two-point counts R1R2.
[015749.43]  01-26 19:22  TwoPointCorrelationFunction  INFO     Correlation function computed in elapsed time 22.88 s.
[015749.43]  01-26 19:22  NaturalTwoPointEstimator     INFO     Saving /pscratch/sd/s/shengyu/galaxies/catalogs/Y3/AbacusHF-v2/Boxes/QSO/sn1p250/AbacusSummit_base_c000_ph022/mpspk/mpslog_QSO_zp1.250_DR2_v1.0+dv_repeat.npy.
[015749.43]  01-26 19:22  compute_2pt                  INFO     Save to /pscratch/sd/s/shengyu/galaxies/catalogs/Y3/AbacusHF-v2/Boxes/QSO/sn1p250/AbacusSummit_base_c000_ph022/mpspk/mpslog_QSO_zp1.250_DR2_v1.0+dv_repeat.npy
[015749.43]  01-26 19:22  TwoPointCorrelationFunction  INFO     Using estimator <class 'pycorr.twopoint_estimator.NaturalTwoPointEstimator'>.
[015749.43]  01-26 19:22  TwoPointCorrelationFunction  INFO     Running auto-correlation.
[015749.43]  01-26 19:22  TwoPointCorrelationFunction  INFO     Computing two-point counts D1D2.
[015773.04]  01-26 19:23  TwoPointCorrelationFunction  INFO     Analytically computing two-point counts R1R2.
[015773.04]  01-26 19:23  TwoPointCorrelationFunction  INFO     Correlation function computed in elapsed time 23.61 s.
[015773.04]  01-26 19:23  NaturalTwoPointEstimator     INFO     Saving /pscratch/sd/s/shengyu/galaxies/catalogs/Y3/AbacusHF-v2/Boxes/QSO/sn1p250/AbacusSummit_base_c000_ph022/mpspk/wplog_QSO_zp1.250_DR2_v1.0+dv_repeat.npy.
[015773.05]  01-26 19:23  compute_2pt                  INFO     Save to /pscratch/sd/s/shengyu/galaxies/catalogs/Y3/AbacusHF-v2/Boxes/QSO/sn1p250/AbacusSummit_base_c000_ph022/mpspk/wplog_QSO_zp1.250_DR2_v1.0+dv_repeat.npy
[015773.05]  01-26 19:23  compute_2pt                  INFO     Procceed {'version': 'AbacusHF-v2', 'domain': 'cubic', 'tracer': 'QSO', 'zsnap': 1.25, 'zrange': (1.1, 1.4), 'mock_id': 23, 'use_dv': 'repeat'}
[015773.05]  01-26 19:23  cat_tools                    INFO     Load /pscratch/sd/s/shengyu/galaxies/catalogs/Y3/AbacusHF-v2/Boxes/QSO/sn1p250/AbacusSummit_base_c000_ph023/abacus_HF_QSO_1p250_DR2_v2.0_AbacusSummit_base_c000_ph023_base_clustering.dat.h5
[015773.05]  01-26 19:23  FileStack                    INFO     Reading /pscratch/sd/s/shengyu/galaxies/catalogs/Y3/AbacusHF-v2/Boxes/QSO/sn1p250/AbacusSummit_base_c000_ph023/abacus_HF_QSO_1p250_DR2_v2.0_AbacusSummit_base_c000_ph023_base_clustering.dat.h5.
[015773.06]  01-26 19:23  cat_tools                    INFO     use Z positions shifted in repeat mode
[015774.17]  01-26 19:23  TwoPointCorrelationFunction  INFO     Using estimator <class 'pycorr.twopoint_estimator.NaturalTwoPointEstimator'>.
[015774.17]  01-26 19:23  TwoPointCorrelationFunction  INFO     Running auto-correlation.
[015774.17]  01-26 19:23  TwoPointCorrelationFunction  INFO     Computing two-point counts D1D2.
[015877.48]  01-26 19:24  TwoPointCorrelationFunction  INFO     Analytically computing two-point counts R1R2.
[015877.48]  01-26 19:24  TwoPointCorrelationFunction  INFO     Correlation function computed in elapsed time 103.31 s.
[015877.48]  01-26 19:24  NaturalTwoPointEstimator     INFO     Saving /pscratch/sd/s/shengyu/galaxies/catalogs/Y3/AbacusHF-v2/Boxes/QSO/sn1p250/AbacusSummit_base_c000_ph023/mpspk/xipoles_QSO_zp1.250_DR2_v1.0+dv_repeat.npy.
[015877.49]  01-26 19:24  compute_2pt                  INFO     Save to /pscratch/sd/s/shengyu/galaxies/catalogs/Y3/AbacusHF-v2/Boxes/QSO/sn1p250/AbacusSummit_base_c000_ph023/mpspk/xipoles_QSO_zp1.250_DR2_v1.0+dv_repeat.npy
[015881.41]  01-26 19:24  CatalogFFTPower              INFO     Painting catalog 1 to mesh CatalogMesh(nmesh=[512 512 512], boxsize=[2000. 2000. 2000.], boxcenter=[1000.00013732  999.99991486 1000.00006177], dtype=float64).
[015881.82]  01-26 19:24  CatalogMesh                  INFO     Slab 0 ~ 4194304 / 28368515.
[015882.94]  01-26 19:24  CatalogMesh                  INFO     Painted 4194304 out of 28368515 objects to mesh.
[015882.94]  01-26 19:24  CatalogMesh                  INFO     Slab 4194304 ~ 8388608 / 28368515.
[015884.05]  01-26 19:24  CatalogMesh                  INFO     Painted 8388608 out of 28368515 objects to mesh.
[015884.05]  01-26 19:24  CatalogMesh                  INFO     Slab 8388608 ~ 12582912 / 28368515.
[015885.16]  01-26 19:24  CatalogMesh                  INFO     Painted 12582912 out of 28368515 objects to mesh.
[015885.16]  01-26 19:24  CatalogMesh                  INFO     Slab 12582912 ~ 16777216 / 28368515.
[015886.26]  01-26 19:24  CatalogMesh                  INFO     Painted 16777216 out of 28368515 objects to mesh.
[015886.26]  01-26 19:24  CatalogMesh                  INFO     Slab 16777216 ~ 20971520 / 28368515.
[015887.37]  01-26 19:24  CatalogMesh                  INFO     Painted 20971520 out of 28368515 objects to mesh.
[015887.37]  01-26 19:24  CatalogMesh                  INFO     Slab 20971520 ~ 25165824 / 28368515.
[015888.57]  01-26 19:25  CatalogMesh                  INFO     Painted 25165824 out of 28368515 objects to mesh.
[015888.57]  01-26 19:25  CatalogMesh                  INFO     Slab 25165824 ~ 29360128 / 28368515.
[015889.61]  01-26 19:25  CatalogMesh                  INFO     Painted 28368515 out of 28368515 objects to mesh.
[015889.61]  01-26 19:25  CatalogMesh                  INFO     Running interlacing at order 3.
[015891.86]  01-26 19:25  CatalogMesh                  INFO     Slab 0 ~ 4194304 / 28368515.
[015892.96]  01-26 19:25  CatalogMesh                  INFO     Painted 4194304 out of 28368515 objects to mesh.
[015892.96]  01-26 19:25  CatalogMesh                  INFO     Slab 4194304 ~ 8388608 / 28368515.
[015894.07]  01-26 19:25  CatalogMesh                  INFO     Painted 8388608 out of 28368515 objects to mesh.
[015894.07]  01-26 19:25  CatalogMesh                  INFO     Slab 8388608 ~ 12582912 / 28368515.
[015895.19]  01-26 19:25  CatalogMesh                  INFO     Painted 12582912 out of 28368515 objects to mesh.
[015895.19]  01-26 19:25  CatalogMesh                  INFO     Slab 12582912 ~ 16777216 / 28368515.
[015896.30]  01-26 19:25  CatalogMesh                  INFO     Painted 16777216 out of 28368515 objects to mesh.
[015896.30]  01-26 19:25  CatalogMesh                  INFO     Slab 16777216 ~ 20971520 / 28368515.
[015897.41]  01-26 19:25  CatalogMesh                  INFO     Painted 20971520 out of 28368515 objects to mesh.
[015897.41]  01-26 19:25  CatalogMesh                  INFO     Slab 20971520 ~ 25165824 / 28368515.
[015898.62]  01-26 19:25  CatalogMesh                  INFO     Painted 25165824 out of 28368515 objects to mesh.
[015898.62]  01-26 19:25  CatalogMesh                  INFO     Slab 25165824 ~ 29360128 / 28368515.
[015899.65]  01-26 19:25  CatalogMesh                  INFO     Painted 28368515 out of 28368515 objects to mesh.
[015903.44]  01-26 19:25  CatalogMesh                  INFO     Slab 0 ~ 4194304 / 28368515.
[015904.54]  01-26 19:25  CatalogMesh                  INFO     Painted 4194304 out of 28368515 objects to mesh.
[015904.54]  01-26 19:25  CatalogMesh                  INFO     Slab 4194304 ~ 8388608 / 28368515.
[015905.65]  01-26 19:25  CatalogMesh                  INFO     Painted 8388608 out of 28368515 objects to mesh.
[015905.65]  01-26 19:25  CatalogMesh                  INFO     Slab 8388608 ~ 12582912 / 28368515.
[015906.75]  01-26 19:25  CatalogMesh                  INFO     Painted 12582912 out of 28368515 objects to mesh.
[015906.75]  01-26 19:25  CatalogMesh                  INFO     Slab 12582912 ~ 16777216 / 28368515.
[015907.87]  01-26 19:25  CatalogMesh                  INFO     Painted 16777216 out of 28368515 objects to mesh.
[015907.87]  01-26 19:25  CatalogMesh                  INFO     Slab 16777216 ~ 20971520 / 28368515.
[015908.97]  01-26 19:25  CatalogMesh                  INFO     Painted 20971520 out of 28368515 objects to mesh.
[015908.97]  01-26 19:25  CatalogMesh                  INFO     Slab 20971520 ~ 25165824 / 28368515.
[015910.18]  01-26 19:25  CatalogMesh                  INFO     Painted 25165824 out of 28368515 objects to mesh.
[015910.18]  01-26 19:25  CatalogMesh                  INFO     Slab 25165824 ~ 29360128 / 28368515.
[015911.21]  01-26 19:25  CatalogMesh                  INFO     Painted 28368515 out of 28368515 objects to mesh.
[015916.71]  01-26 19:25  CatalogFFTPower              INFO     Done painting catalog 1 to mesh.
[015916.71]  01-26 19:25  CatalogFFTPower              INFO     Using 400 k-bins between 0.000 and 0.400.
[015916.71]  01-26 19:25  CatalogFFTPower              INFO     Meshes prepared in elapsed time 35.30 s.
[015916.71]  01-26 19:25  CatalogFFTPower              INFO     Running mesh calculation.
[015933.85]  01-26 19:25  CatalogFFTPower              INFO     Mesh calculations performed in elapsed time 17.15 s.
[015933.86]  01-26 19:25  CatalogFFTPower              INFO     Power spectrum computed in elapsed time 52.45 s.
[015933.86]  01-26 19:25  CatalogFFTPower              INFO     Saving /pscratch/sd/s/shengyu/galaxies/catalogs/Y3/AbacusHF-v2/Boxes/QSO/sn1p250/AbacusSummit_base_c000_ph023/mpspk/pkpoles_QSO_zp1.250_DR2_v1.0+dv_repeat.npy.
[015933.87]  01-26 19:25  compute_2pt                  INFO     Save to /pscratch/sd/s/shengyu/galaxies/catalogs/Y3/AbacusHF-v2/Boxes/QSO/sn1p250/AbacusSummit_base_c000_ph023/mpspk/pkpoles_QSO_zp1.250_DR2_v1.0+dv_repeat.npy
[015933.87]  01-26 19:25  TwoPointCorrelationFunction  INFO     Using estimator <class 'pycorr.twopoint_estimator.NaturalTwoPointEstimator'>.
[015933.87]  01-26 19:25  TwoPointCorrelationFunction  INFO     Running auto-correlation.
[015933.87]  01-26 19:25  TwoPointCorrelationFunction  INFO     Computing two-point counts D1D2.
[015956.53]  01-26 19:26  TwoPointCorrelationFunction  INFO     Analytically computing two-point counts R1R2.
[015956.54]  01-26 19:26  TwoPointCorrelationFunction  INFO     Correlation function computed in elapsed time 22.67 s.
[015956.54]  01-26 19:26  NaturalTwoPointEstimator     INFO     Saving /pscratch/sd/s/shengyu/galaxies/catalogs/Y3/AbacusHF-v2/Boxes/QSO/sn1p250/AbacusSummit_base_c000_ph023/mpspk/mpslog_QSO_zp1.250_DR2_v1.0+dv_repeat.npy.
[015956.54]  01-26 19:26  compute_2pt                  INFO     Save to /pscratch/sd/s/shengyu/galaxies/catalogs/Y3/AbacusHF-v2/Boxes/QSO/sn1p250/AbacusSummit_base_c000_ph023/mpspk/mpslog_QSO_zp1.250_DR2_v1.0+dv_repeat.npy
[015956.54]  01-26 19:26  TwoPointCorrelationFunction  INFO     Using estimator <class 'pycorr.twopoint_estimator.NaturalTwoPointEstimator'>.
[015956.54]  01-26 19:26  TwoPointCorrelationFunction  INFO     Running auto-correlation.
[015956.54]  01-26 19:26  TwoPointCorrelationFunction  INFO     Computing two-point counts D1D2.
[015980.62]  01-26 19:26  TwoPointCorrelationFunction  INFO     Analytically computing two-point counts R1R2.
[015980.62]  01-26 19:26  TwoPointCorrelationFunction  INFO     Correlation function computed in elapsed time 24.08 s.
[015980.62]  01-26 19:26  NaturalTwoPointEstimator     INFO     Saving /pscratch/sd/s/shengyu/galaxies/catalogs/Y3/AbacusHF-v2/Boxes/QSO/sn1p250/AbacusSummit_base_c000_ph023/mpspk/wplog_QSO_zp1.250_DR2_v1.0+dv_repeat.npy.
[015980.63]  01-26 19:26  compute_2pt                  INFO     Save to /pscratch/sd/s/shengyu/galaxies/catalogs/Y3/AbacusHF-v2/Boxes/QSO/sn1p250/AbacusSummit_base_c000_ph023/mpspk/wplog_QSO_zp1.250_DR2_v1.0+dv_repeat.npy
[015980.63]  01-26 19:26  compute_2pt                  INFO     Procceed {'version': 'AbacusHF-v2', 'domain': 'cubic', 'tracer': 'QSO', 'zsnap': 1.25, 'zrange': (1.1, 1.4), 'mock_id': 24, 'use_dv': 'repeat'}
[015980.63]  01-26 19:26  cat_tools                    INFO     Load /pscratch/sd/s/shengyu/galaxies/catalogs/Y3/AbacusHF-v2/Boxes/QSO/sn1p250/AbacusSummit_base_c000_ph024/abacus_HF_QSO_1p250_DR2_v2.0_AbacusSummit_base_c000_ph024_base_clustering.dat.h5
[015980.63]  01-26 19:26  FileStack                    INFO     Reading /pscratch/sd/s/shengyu/galaxies/catalogs/Y3/AbacusHF-v2/Boxes/QSO/sn1p250/AbacusSummit_base_c000_ph024/abacus_HF_QSO_1p250_DR2_v2.0_AbacusSummit_base_c000_ph024_base_clustering.dat.h5.
[015980.64]  01-26 19:26  cat_tools                    INFO     use Z positions shifted in repeat mode
[015981.75]  01-26 19:26  TwoPointCorrelationFunction  INFO     Using estimator <class 'pycorr.twopoint_estimator.NaturalTwoPointEstimator'>.
[015981.75]  01-26 19:26  TwoPointCorrelationFunction  INFO     Running auto-correlation.
[015981.75]  01-26 19:26  TwoPointCorrelationFunction  INFO     Computing two-point counts D1D2.
[016087.29]  01-26 19:28  TwoPointCorrelationFunction  INFO     Analytically computing two-point counts R1R2.
[016087.29]  01-26 19:28  TwoPointCorrelationFunction  INFO     Correlation function computed in elapsed time 105.54 s.
[016087.29]  01-26 19:28  NaturalTwoPointEstimator     INFO     Saving /pscratch/sd/s/shengyu/galaxies/catalogs/Y3/AbacusHF-v2/Boxes/QSO/sn1p250/AbacusSummit_base_c000_ph024/mpspk/xipoles_QSO_zp1.250_DR2_v1.0+dv_repeat.npy.
[016087.29]  01-26 19:28  compute_2pt                  INFO     Save to /pscratch/sd/s/shengyu/galaxies/catalogs/Y3/AbacusHF-v2/Boxes/QSO/sn1p250/AbacusSummit_base_c000_ph024/mpspk/xipoles_QSO_zp1.250_DR2_v1.0+dv_repeat.npy
[016091.12]  01-26 19:28  CatalogFFTPower              INFO     Painting catalog 1 to mesh CatalogMesh(nmesh=[512 512 512], boxsize=[2000. 2000. 2000.], boxcenter=[ 999.99994904  999.99997246 1000.00005702], dtype=float64).
[016091.53]  01-26 19:28  CatalogMesh                  INFO     Slab 0 ~ 4194304 / 28380792.
[016092.65]  01-26 19:28  CatalogMesh                  INFO     Painted 4194304 out of 28380792 objects to mesh.
[016092.65]  01-26 19:28  CatalogMesh                  INFO     Slab 4194304 ~ 8388608 / 28380792.
[016093.75]  01-26 19:28  CatalogMesh                  INFO     Painted 8388608 out of 28380792 objects to mesh.
[016093.75]  01-26 19:28  CatalogMesh                  INFO     Slab 8388608 ~ 12582912 / 28380792.
[016094.86]  01-26 19:28  CatalogMesh                  INFO     Painted 12582912 out of 28380792 objects to mesh.
[016094.86]  01-26 19:28  CatalogMesh                  INFO     Slab 12582912 ~ 16777216 / 28380792.
[016095.97]  01-26 19:28  CatalogMesh                  INFO     Painted 16777216 out of 28380792 objects to mesh.
[016095.97]  01-26 19:28  CatalogMesh                  INFO     Slab 16777216 ~ 20971520 / 28380792.
[016097.09]  01-26 19:28  CatalogMesh                  INFO     Painted 20971520 out of 28380792 objects to mesh.
[016097.09]  01-26 19:28  CatalogMesh                  INFO     Slab 20971520 ~ 25165824 / 28380792.
[016098.30]  01-26 19:28  CatalogMesh                  INFO     Painted 25165824 out of 28380792 objects to mesh.
[016098.30]  01-26 19:28  CatalogMesh                  INFO     Slab 25165824 ~ 29360128 / 28380792.
[016099.34]  01-26 19:28  CatalogMesh                  INFO     Painted 28380792 out of 28380792 objects to mesh.
[016099.34]  01-26 19:28  CatalogMesh                  INFO     Running interlacing at order 3.
[016101.58]  01-26 19:28  CatalogMesh                  INFO     Slab 0 ~ 4194304 / 28380792.
[016102.68]  01-26 19:28  CatalogMesh                  INFO     Painted 4194304 out of 28380792 objects to mesh.
[016102.68]  01-26 19:28  CatalogMesh                  INFO     Slab 4194304 ~ 8388608 / 28380792.
[016103.79]  01-26 19:28  CatalogMesh                  INFO     Painted 8388608 out of 28380792 objects to mesh.
[016103.79]  01-26 19:28  CatalogMesh                  INFO     Slab 8388608 ~ 12582912 / 28380792.
[016104.90]  01-26 19:28  CatalogMesh                  INFO     Painted 12582912 out of 28380792 objects to mesh.
[016104.90]  01-26 19:28  CatalogMesh                  INFO     Slab 12582912 ~ 16777216 / 28380792.
[016106.01]  01-26 19:28  CatalogMesh                  INFO     Painted 16777216 out of 28380792 objects to mesh.
[016106.01]  01-26 19:28  CatalogMesh                  INFO     Slab 16777216 ~ 20971520 / 28380792.
[016107.12]  01-26 19:28  CatalogMesh                  INFO     Painted 20971520 out of 28380792 objects to mesh.
[016107.12]  01-26 19:28  CatalogMesh                  INFO     Slab 20971520 ~ 25165824 / 28380792.
[016108.33]  01-26 19:28  CatalogMesh                  INFO     Painted 25165824 out of 28380792 objects to mesh.
[016108.33]  01-26 19:28  CatalogMesh                  INFO     Slab 25165824 ~ 29360128 / 28380792.
[016109.38]  01-26 19:28  CatalogMesh                  INFO     Painted 28380792 out of 28380792 objects to mesh.
[016113.16]  01-26 19:28  CatalogMesh                  INFO     Slab 0 ~ 4194304 / 28380792.
[016114.26]  01-26 19:28  CatalogMesh                  INFO     Painted 4194304 out of 28380792 objects to mesh.
[016114.26]  01-26 19:28  CatalogMesh                  INFO     Slab 4194304 ~ 8388608 / 28380792.
[016115.37]  01-26 19:28  CatalogMesh                  INFO     Painted 8388608 out of 28380792 objects to mesh.
[016115.38]  01-26 19:28  CatalogMesh                  INFO     Slab 8388608 ~ 12582912 / 28380792.
[016116.48]  01-26 19:28  CatalogMesh                  INFO     Painted 12582912 out of 28380792 objects to mesh.
[016116.49]  01-26 19:28  CatalogMesh                  INFO     Slab 12582912 ~ 16777216 / 28380792.
[016117.59]  01-26 19:28  CatalogMesh                  INFO     Painted 16777216 out of 28380792 objects to mesh.
[016117.59]  01-26 19:28  CatalogMesh                  INFO     Slab 16777216 ~ 20971520 / 28380792.
[016118.71]  01-26 19:28  CatalogMesh                  INFO     Painted 20971520 out of 28380792 objects to mesh.
[016118.71]  01-26 19:28  CatalogMesh                  INFO     Slab 20971520 ~ 25165824 / 28380792.
[016119.92]  01-26 19:28  CatalogMesh                  INFO     Painted 25165824 out of 28380792 objects to mesh.
[016119.92]  01-26 19:28  CatalogMesh                  INFO     Slab 25165824 ~ 29360128 / 28380792.
[016120.96]  01-26 19:28  CatalogMesh                  INFO     Painted 28380792 out of 28380792 objects to mesh.
[016126.52]  01-26 19:28  CatalogFFTPower              INFO     Done painting catalog 1 to mesh.
[016126.52]  01-26 19:28  CatalogFFTPower              INFO     Using 400 k-bins between 0.000 and 0.400.
[016126.52]  01-26 19:28  CatalogFFTPower              INFO     Meshes prepared in elapsed time 35.40 s.
[016126.52]  01-26 19:28  CatalogFFTPower              INFO     Running mesh calculation.
[016143.72]  01-26 19:29  CatalogFFTPower              INFO     Mesh calculations performed in elapsed time 17.20 s.
[016143.72]  01-26 19:29  CatalogFFTPower              INFO     Power spectrum computed in elapsed time 52.60 s.
[016143.73]  01-26 19:29  CatalogFFTPower              INFO     Saving /pscratch/sd/s/shengyu/galaxies/catalogs/Y3/AbacusHF-v2/Boxes/QSO/sn1p250/AbacusSummit_base_c000_ph024/mpspk/pkpoles_QSO_zp1.250_DR2_v1.0+dv_repeat.npy.
[016143.73]  01-26 19:29  compute_2pt                  INFO     Save to /pscratch/sd/s/shengyu/galaxies/catalogs/Y3/AbacusHF-v2/Boxes/QSO/sn1p250/AbacusSummit_base_c000_ph024/mpspk/pkpoles_QSO_zp1.250_DR2_v1.0+dv_repeat.npy
[016143.73]  01-26 19:29  TwoPointCorrelationFunction  INFO     Using estimator <class 'pycorr.twopoint_estimator.NaturalTwoPointEstimator'>.
[016143.73]  01-26 19:29  TwoPointCorrelationFunction  INFO     Running auto-correlation.
[016143.73]  01-26 19:29  TwoPointCorrelationFunction  INFO     Computing two-point counts D1D2.
[016165.52]  01-26 19:29  TwoPointCorrelationFunction  INFO     Analytically computing two-point counts R1R2.
[016165.53]  01-26 19:29  TwoPointCorrelationFunction  INFO     Correlation function computed in elapsed time 21.80 s.
[016165.53]  01-26 19:29  NaturalTwoPointEstimator     INFO     Saving /pscratch/sd/s/shengyu/galaxies/catalogs/Y3/AbacusHF-v2/Boxes/QSO/sn1p250/AbacusSummit_base_c000_ph024/mpspk/mpslog_QSO_zp1.250_DR2_v1.0+dv_repeat.npy.
[016165.53]  01-26 19:29  compute_2pt                  INFO     Save to /pscratch/sd/s/shengyu/galaxies/catalogs/Y3/AbacusHF-v2/Boxes/QSO/sn1p250/AbacusSummit_base_c000_ph024/mpspk/mpslog_QSO_zp1.250_DR2_v1.0+dv_repeat.npy
[016165.53]  01-26 19:29  TwoPointCorrelationFunction  INFO     Using estimator <class 'pycorr.twopoint_estimator.NaturalTwoPointEstimator'>.
[016165.53]  01-26 19:29  TwoPointCorrelationFunction  INFO     Running auto-correlation.
[016165.53]  01-26 19:29  TwoPointCorrelationFunction  INFO     Computing two-point counts D1D2.
[016189.16]  01-26 19:30  TwoPointCorrelationFunction  INFO     Analytically computing two-point counts R1R2.
[016189.16]  01-26 19:30  TwoPointCorrelationFunction  INFO     Correlation function computed in elapsed time 23.63 s.
[016189.16]  01-26 19:30  NaturalTwoPointEstimator     INFO     Saving /pscratch/sd/s/shengyu/galaxies/catalogs/Y3/AbacusHF-v2/Boxes/QSO/sn1p250/AbacusSummit_base_c000_ph024/mpspk/wplog_QSO_zp1.250_DR2_v1.0+dv_repeat.npy.
[016189.17]  01-26 19:30  compute_2pt                  INFO     Save to /pscratch/sd/s/shengyu/galaxies/catalogs/Y3/AbacusHF-v2/Boxes/QSO/sn1p250/AbacusSummit_base_c000_ph024/mpspk/wplog_QSO_zp1.250_DR2_v1.0+dv_repeat.npy
[016189.17]  01-26 19:30  compute_2pt                  INFO     Procceed {'version': 'AbacusHF-v2', 'domain': 'cubic', 'tracer': 'QSO', 'zsnap': 1.55, 'zrange': (1.4, 1.7), 'mock_id': 0, 'use_dv': 'repeat'}
[016189.17]  01-26 19:30  cat_tools                    INFO     Load /pscratch/sd/s/shengyu/galaxies/catalogs/Y3/AbacusHF-v2/Boxes/QSO/sn1p550/AbacusSummit_base_c000_ph000/abacus_HF_QSO_1p550_DR2_v2.0_AbacusSummit_base_c000_ph000_base_clustering.dat.h5
[016189.17]  01-26 19:30  FileStack                    INFO     Reading /pscratch/sd/s/shengyu/galaxies/catalogs/Y3/AbacusHF-v2/Boxes/QSO/sn1p550/AbacusSummit_base_c000_ph000/abacus_HF_QSO_1p550_DR2_v2.0_AbacusSummit_base_c000_ph000_base_clustering.dat.h5.
[016189.17]  01-26 19:30  cat_tools                    INFO     use Z positions shifted in repeat mode
[016190.10]  01-26 19:30  TwoPointCorrelationFunction  INFO     Using estimator <class 'pycorr.twopoint_estimator.NaturalTwoPointEstimator'>.
[016190.10]  01-26 19:30  TwoPointCorrelationFunction  INFO     Running auto-correlation.
[016190.10]  01-26 19:30  TwoPointCorrelationFunction  INFO     Computing two-point counts D1D2.
[016259.89]  01-26 19:31  TwoPointCorrelationFunction  INFO     Analytically computing two-point counts R1R2.
[016259.89]  01-26 19:31  TwoPointCorrelationFunction  INFO     Correlation function computed in elapsed time 69.79 s.
[016259.89]  01-26 19:31  NaturalTwoPointEstimator     INFO     Saving /pscratch/sd/s/shengyu/galaxies/catalogs/Y3/AbacusHF-v2/Boxes/QSO/sn1p550/AbacusSummit_base_c000_ph000/mpspk/xipoles_QSO_zp1.550_DR2_v1.0+dv_repeat.npy.
[016259.90]  01-26 19:31  compute_2pt                  INFO     Save to /pscratch/sd/s/shengyu/galaxies/catalogs/Y3/AbacusHF-v2/Boxes/QSO/sn1p550/AbacusSummit_base_c000_ph000/mpspk/xipoles_QSO_zp1.550_DR2_v1.0+dv_repeat.npy
[016263.05]  01-26 19:31  CatalogFFTPower              INFO     Painting catalog 1 to mesh CatalogMesh(nmesh=[512 512 512], boxsize=[2000. 2000. 2000.], boxcenter=[1000.00001268  999.9998731  1000.00001686], dtype=float64).
[016263.41]  01-26 19:31  CatalogMesh                  INFO     Slab 0 ~ 4194304 / 23373217.
[016264.55]  01-26 19:31  CatalogMesh                  INFO     Painted 4194304 out of 23373217 objects to mesh.
[016264.55]  01-26 19:31  CatalogMesh                  INFO     Slab 4194304 ~ 8388608 / 23373217.
[016265.68]  01-26 19:31  CatalogMesh                  INFO     Painted 8388608 out of 23373217 objects to mesh.
[016265.68]  01-26 19:31  CatalogMesh                  INFO     Slab 8388608 ~ 12582912 / 23373217.
[016266.81]  01-26 19:31  CatalogMesh                  INFO     Painted 12582912 out of 23373217 objects to mesh.
[016266.81]  01-26 19:31  CatalogMesh                  INFO     Slab 12582912 ~ 16777216 / 23373217.
[016267.94]  01-26 19:31  CatalogMesh                  INFO     Painted 16777216 out of 23373217 objects to mesh.
[016267.94]  01-26 19:31  CatalogMesh                  INFO     Slab 16777216 ~ 20971520 / 23373217.
[016269.15]  01-26 19:31  CatalogMesh                  INFO     Painted 20971520 out of 23373217 objects to mesh.
[016269.15]  01-26 19:31  CatalogMesh                  INFO     Slab 20971520 ~ 25165824 / 23373217.
[016269.98]  01-26 19:31  CatalogMesh                  INFO     Painted 23373217 out of 23373217 objects to mesh.
[016269.98]  01-26 19:31  CatalogMesh                  INFO     Running interlacing at order 3.
[016272.18]  01-26 19:31  CatalogMesh                  INFO     Slab 0 ~ 4194304 / 23373217.
[016273.32]  01-26 19:31  CatalogMesh                  INFO     Painted 4194304 out of 23373217 objects to mesh.
[016273.32]  01-26 19:31  CatalogMesh                  INFO     Slab 4194304 ~ 8388608 / 23373217.
[016274.45]  01-26 19:31  CatalogMesh                  INFO     Painted 8388608 out of 23373217 objects to mesh.
[016274.45]  01-26 19:31  CatalogMesh                  INFO     Slab 8388608 ~ 12582912 / 23373217.
[016275.58]  01-26 19:31  CatalogMesh                  INFO     Painted 12582912 out of 23373217 objects to mesh.
[016275.58]  01-26 19:31  CatalogMesh                  INFO     Slab 12582912 ~ 16777216 / 23373217.
[016276.71]  01-26 19:31  CatalogMesh                  INFO     Painted 16777216 out of 23373217 objects to mesh.
[016276.71]  01-26 19:31  CatalogMesh                  INFO     Slab 16777216 ~ 20971520 / 23373217.
[016277.92]  01-26 19:31  CatalogMesh                  INFO     Painted 20971520 out of 23373217 objects to mesh.
[016277.93]  01-26 19:31  CatalogMesh                  INFO     Slab 20971520 ~ 25165824 / 23373217.
[016278.76]  01-26 19:31  CatalogMesh                  INFO     Painted 23373217 out of 23373217 objects to mesh.
[016282.50]  01-26 19:31  CatalogMesh                  INFO     Slab 0 ~ 4194304 / 23373217.
[016283.63]  01-26 19:31  CatalogMesh                  INFO     Painted 4194304 out of 23373217 objects to mesh.
[016283.63]  01-26 19:31  CatalogMesh                  INFO     Slab 4194304 ~ 8388608 / 23373217.
[016284.75]  01-26 19:31  CatalogMesh                  INFO     Painted 8388608 out of 23373217 objects to mesh.
[016284.75]  01-26 19:31  CatalogMesh                  INFO     Slab 8388608 ~ 12582912 / 23373217.
[016285.88]  01-26 19:31  CatalogMesh                  INFO     Painted 12582912 out of 23373217 objects to mesh.
[016285.88]  01-26 19:31  CatalogMesh                  INFO     Slab 12582912 ~ 16777216 / 23373217.
[016287.01]  01-26 19:31  CatalogMesh                  INFO     Painted 16777216 out of 23373217 objects to mesh.
[016287.01]  01-26 19:31  CatalogMesh                  INFO     Slab 16777216 ~ 20971520 / 23373217.
[016288.22]  01-26 19:31  CatalogMesh                  INFO     Painted 20971520 out of 23373217 objects to mesh.
[016288.22]  01-26 19:31  CatalogMesh                  INFO     Slab 20971520 ~ 25165824 / 23373217.
[016289.04]  01-26 19:31  CatalogMesh                  INFO     Painted 23373217 out of 23373217 objects to mesh.
[016294.57]  01-26 19:31  CatalogFFTPower              INFO     Done painting catalog 1 to mesh.
[016294.57]  01-26 19:31  CatalogFFTPower              INFO     Using 400 k-bins between 0.000 and 0.400.
[016294.57]  01-26 19:31  CatalogFFTPower              INFO     Meshes prepared in elapsed time 31.52 s.
[016294.57]  01-26 19:31  CatalogFFTPower              INFO     Running mesh calculation.
[016311.76]  01-26 19:32  CatalogFFTPower              INFO     Mesh calculations performed in elapsed time 17.19 s.
[016311.76]  01-26 19:32  CatalogFFTPower              INFO     Power spectrum computed in elapsed time 48.71 s.
[016311.76]  01-26 19:32  CatalogFFTPower              INFO     Saving /pscratch/sd/s/shengyu/galaxies/catalogs/Y3/AbacusHF-v2/Boxes/QSO/sn1p550/AbacusSummit_base_c000_ph000/mpspk/pkpoles_QSO_zp1.550_DR2_v1.0+dv_repeat.npy.
[016311.76]  01-26 19:32  compute_2pt                  INFO     Save to /pscratch/sd/s/shengyu/galaxies/catalogs/Y3/AbacusHF-v2/Boxes/QSO/sn1p550/AbacusSummit_base_c000_ph000/mpspk/pkpoles_QSO_zp1.550_DR2_v1.0+dv_repeat.npy
[016311.76]  01-26 19:32  TwoPointCorrelationFunction  INFO     Using estimator <class 'pycorr.twopoint_estimator.NaturalTwoPointEstimator'>.
[016311.76]  01-26 19:32  TwoPointCorrelationFunction  INFO     Running auto-correlation.
[016311.76]  01-26 19:32  TwoPointCorrelationFunction  INFO     Computing two-point counts D1D2.
[016328.83]  01-26 19:32  TwoPointCorrelationFunction  INFO     Analytically computing two-point counts R1R2.
[016328.83]  01-26 19:32  TwoPointCorrelationFunction  INFO     Correlation function computed in elapsed time 17.07 s.
[016328.83]  01-26 19:32  NaturalTwoPointEstimator     INFO     Saving /pscratch/sd/s/shengyu/galaxies/catalogs/Y3/AbacusHF-v2/Boxes/QSO/sn1p550/AbacusSummit_base_c000_ph000/mpspk/mpslog_QSO_zp1.550_DR2_v1.0+dv_repeat.npy.
[016328.84]  01-26 19:32  compute_2pt                  INFO     Save to /pscratch/sd/s/shengyu/galaxies/catalogs/Y3/AbacusHF-v2/Boxes/QSO/sn1p550/AbacusSummit_base_c000_ph000/mpspk/mpslog_QSO_zp1.550_DR2_v1.0+dv_repeat.npy
[016328.84]  01-26 19:32  TwoPointCorrelationFunction  INFO     Using estimator <class 'pycorr.twopoint_estimator.NaturalTwoPointEstimator'>.
[016328.84]  01-26 19:32  TwoPointCorrelationFunction  INFO     Running auto-correlation.
[016328.84]  01-26 19:32  TwoPointCorrelationFunction  INFO     Computing two-point counts D1D2.
[016348.47]  01-26 19:32  TwoPointCorrelationFunction  INFO     Analytically computing two-point counts R1R2.
[016348.47]  01-26 19:32  TwoPointCorrelationFunction  INFO     Correlation function computed in elapsed time 19.63 s.
[016348.47]  01-26 19:32  NaturalTwoPointEstimator     INFO     Saving /pscratch/sd/s/shengyu/galaxies/catalogs/Y3/AbacusHF-v2/Boxes/QSO/sn1p550/AbacusSummit_base_c000_ph000/mpspk/wplog_QSO_zp1.550_DR2_v1.0+dv_repeat.npy.
[016348.48]  01-26 19:32  compute_2pt                  INFO     Save to /pscratch/sd/s/shengyu/galaxies/catalogs/Y3/AbacusHF-v2/Boxes/QSO/sn1p550/AbacusSummit_base_c000_ph000/mpspk/wplog_QSO_zp1.550_DR2_v1.0+dv_repeat.npy
[016348.48]  01-26 19:32  compute_2pt                  INFO     Procceed {'version': 'AbacusHF-v2', 'domain': 'cubic', 'tracer': 'QSO', 'zsnap': 1.55, 'zrange': (1.4, 1.7), 'mock_id': 1, 'use_dv': 'repeat'}
[016348.48]  01-26 19:32  cat_tools                    INFO     Load /pscratch/sd/s/shengyu/galaxies/catalogs/Y3/AbacusHF-v2/Boxes/QSO/sn1p550/AbacusSummit_base_c000_ph001/abacus_HF_QSO_1p550_DR2_v2.0_AbacusSummit_base_c000_ph001_base_clustering.dat.h5
[016348.48]  01-26 19:32  FileStack                    INFO     Reading /pscratch/sd/s/shengyu/galaxies/catalogs/Y3/AbacusHF-v2/Boxes/QSO/sn1p550/AbacusSummit_base_c000_ph001/abacus_HF_QSO_1p550_DR2_v2.0_AbacusSummit_base_c000_ph001_base_clustering.dat.h5.
[016348.48]  01-26 19:32  cat_tools                    INFO     use Z positions shifted in repeat mode
[016349.41]  01-26 19:32  TwoPointCorrelationFunction  INFO     Using estimator <class 'pycorr.twopoint_estimator.NaturalTwoPointEstimator'>.
[016349.41]  01-26 19:32  TwoPointCorrelationFunction  INFO     Running auto-correlation.
[016349.41]  01-26 19:32  TwoPointCorrelationFunction  INFO     Computing two-point counts D1D2.
[016420.60]  01-26 19:33  TwoPointCorrelationFunction  INFO     Analytically computing two-point counts R1R2.
[016420.60]  01-26 19:33  TwoPointCorrelationFunction  INFO     Correlation function computed in elapsed time 71.19 s.
[016420.60]  01-26 19:33  NaturalTwoPointEstimator     INFO     Saving /pscratch/sd/s/shengyu/galaxies/catalogs/Y3/AbacusHF-v2/Boxes/QSO/sn1p550/AbacusSummit_base_c000_ph001/mpspk/xipoles_QSO_zp1.550_DR2_v1.0+dv_repeat.npy.
[016420.60]  01-26 19:33  compute_2pt                  INFO     Save to /pscratch/sd/s/shengyu/galaxies/catalogs/Y3/AbacusHF-v2/Boxes/QSO/sn1p550/AbacusSummit_base_c000_ph001/mpspk/xipoles_QSO_zp1.550_DR2_v1.0+dv_repeat.npy
[016423.78]  01-26 19:33  CatalogFFTPower              INFO     Painting catalog 1 to mesh CatalogMesh(nmesh=[512 512 512], boxsize=[2000. 2000. 2000.], boxcenter=[ 999.99995821 1000.00008014 1000.00001809], dtype=float64).
[016424.13]  01-26 19:33  CatalogMesh                  INFO     Slab 0 ~ 4194304 / 23350861.
[016425.27]  01-26 19:33  CatalogMesh                  INFO     Painted 4194304 out of 23350861 objects to mesh.
[016425.27]  01-26 19:33  CatalogMesh                  INFO     Slab 4194304 ~ 8388608 / 23350861.
[016426.40]  01-26 19:33  CatalogMesh                  INFO     Painted 8388608 out of 23350861 objects to mesh.
[016426.40]  01-26 19:33  CatalogMesh                  INFO     Slab 8388608 ~ 12582912 / 23350861.
[016427.54]  01-26 19:33  CatalogMesh                  INFO     Painted 12582912 out of 23350861 objects to mesh.
[016427.54]  01-26 19:33  CatalogMesh                  INFO     Slab 12582912 ~ 16777216 / 23350861.
[016428.67]  01-26 19:34  CatalogMesh                  INFO     Painted 16777216 out of 23350861 objects to mesh.
[016428.67]  01-26 19:34  CatalogMesh                  INFO     Slab 16777216 ~ 20971520 / 23350861.
[016429.88]  01-26 19:34  CatalogMesh                  INFO     Painted 20971520 out of 23350861 objects to mesh.
[016429.88]  01-26 19:34  CatalogMesh                  INFO     Slab 20971520 ~ 25165824 / 23350861.
[016430.70]  01-26 19:34  CatalogMesh                  INFO     Painted 23350861 out of 23350861 objects to mesh.
[016430.71]  01-26 19:34  CatalogMesh                  INFO     Running interlacing at order 3.
[016432.91]  01-26 19:34  CatalogMesh                  INFO     Slab 0 ~ 4194304 / 23350861.
[016434.03]  01-26 19:34  CatalogMesh                  INFO     Painted 4194304 out of 23350861 objects to mesh.
[016434.03]  01-26 19:34  CatalogMesh                  INFO     Slab 4194304 ~ 8388608 / 23350861.
[016435.16]  01-26 19:34  CatalogMesh                  INFO     Painted 8388608 out of 23350861 objects to mesh.
[016435.16]  01-26 19:34  CatalogMesh                  INFO     Slab 8388608 ~ 12582912 / 23350861.
[016436.29]  01-26 19:34  CatalogMesh                  INFO     Painted 12582912 out of 23350861 objects to mesh.
[016436.29]  01-26 19:34  CatalogMesh                  INFO     Slab 12582912 ~ 16777216 / 23350861.
[016437.44]  01-26 19:34  CatalogMesh                  INFO     Painted 16777216 out of 23350861 objects to mesh.
[016437.44]  01-26 19:34  CatalogMesh                  INFO     Slab 16777216 ~ 20971520 / 23350861.
[016438.64]  01-26 19:34  CatalogMesh                  INFO     Painted 20971520 out of 23350861 objects to mesh.
[016438.64]  01-26 19:34  CatalogMesh                  INFO     Slab 20971520 ~ 25165824 / 23350861.
[016439.46]  01-26 19:34  CatalogMesh                  INFO     Painted 23350861 out of 23350861 objects to mesh.
[016443.21]  01-26 19:34  CatalogMesh                  INFO     Slab 0 ~ 4194304 / 23350861.
[016444.33]  01-26 19:34  CatalogMesh                  INFO     Painted 4194304 out of 23350861 objects to mesh.
[016444.33]  01-26 19:34  CatalogMesh                  INFO     Slab 4194304 ~ 8388608 / 23350861.
[016445.46]  01-26 19:34  CatalogMesh                  INFO     Painted 8388608 out of 23350861 objects to mesh.
[016445.46]  01-26 19:34  CatalogMesh                  INFO     Slab 8388608 ~ 12582912 / 23350861.
[016446.59]  01-26 19:34  CatalogMesh                  INFO     Painted 12582912 out of 23350861 objects to mesh.
[016446.59]  01-26 19:34  CatalogMesh                  INFO     Slab 12582912 ~ 16777216 / 23350861.
[016447.71]  01-26 19:34  CatalogMesh                  INFO     Painted 16777216 out of 23350861 objects to mesh.
[016447.71]  01-26 19:34  CatalogMesh                  INFO     Slab 16777216 ~ 20971520 / 23350861.
[016448.92]  01-26 19:34  CatalogMesh                  INFO     Painted 20971520 out of 23350861 objects to mesh.
[016448.92]  01-26 19:34  CatalogMesh                  INFO     Slab 20971520 ~ 25165824 / 23350861.
[016449.74]  01-26 19:34  CatalogMesh                  INFO     Painted 23350861 out of 23350861 objects to mesh.
[016455.26]  01-26 19:34  CatalogFFTPower              INFO     Done painting catalog 1 to mesh.
[016455.26]  01-26 19:34  CatalogFFTPower              INFO     Using 400 k-bins between 0.000 and 0.400.
[016455.26]  01-26 19:34  CatalogFFTPower              INFO     Meshes prepared in elapsed time 31.48 s.
[016455.26]  01-26 19:34  CatalogFFTPower              INFO     Running mesh calculation.
[016472.47]  01-26 19:34  CatalogFFTPower              INFO     Mesh calculations performed in elapsed time 17.21 s.
[016472.47]  01-26 19:34  CatalogFFTPower              INFO     Power spectrum computed in elapsed time 48.69 s.
[016472.47]  01-26 19:34  CatalogFFTPower              INFO     Saving /pscratch/sd/s/shengyu/galaxies/catalogs/Y3/AbacusHF-v2/Boxes/QSO/sn1p550/AbacusSummit_base_c000_ph001/mpspk/pkpoles_QSO_zp1.550_DR2_v1.0+dv_repeat.npy.
[016472.47]  01-26 19:34  compute_2pt                  INFO     Save to /pscratch/sd/s/shengyu/galaxies/catalogs/Y3/AbacusHF-v2/Boxes/QSO/sn1p550/AbacusSummit_base_c000_ph001/mpspk/pkpoles_QSO_zp1.550_DR2_v1.0+dv_repeat.npy
[016472.47]  01-26 19:34  TwoPointCorrelationFunction  INFO     Using estimator <class 'pycorr.twopoint_estimator.NaturalTwoPointEstimator'>.
[016472.47]  01-26 19:34  TwoPointCorrelationFunction  INFO     Running auto-correlation.
[016472.47]  01-26 19:34  TwoPointCorrelationFunction  INFO     Computing two-point counts D1D2.
[016489.49]  01-26 19:35  TwoPointCorrelationFunction  INFO     Analytically computing two-point counts R1R2.
[016489.49]  01-26 19:35  TwoPointCorrelationFunction  INFO     Correlation function computed in elapsed time 17.02 s.
[016489.49]  01-26 19:35  NaturalTwoPointEstimator     INFO     Saving /pscratch/sd/s/shengyu/galaxies/catalogs/Y3/AbacusHF-v2/Boxes/QSO/sn1p550/AbacusSummit_base_c000_ph001/mpspk/mpslog_QSO_zp1.550_DR2_v1.0+dv_repeat.npy.
[016489.49]  01-26 19:35  compute_2pt                  INFO     Save to /pscratch/sd/s/shengyu/galaxies/catalogs/Y3/AbacusHF-v2/Boxes/QSO/sn1p550/AbacusSummit_base_c000_ph001/mpspk/mpslog_QSO_zp1.550_DR2_v1.0+dv_repeat.npy
[016489.49]  01-26 19:35  TwoPointCorrelationFunction  INFO     Using estimator <class 'pycorr.twopoint_estimator.NaturalTwoPointEstimator'>.
[016489.49]  01-26 19:35  TwoPointCorrelationFunction  INFO     Running auto-correlation.
[016489.49]  01-26 19:35  TwoPointCorrelationFunction  INFO     Computing two-point counts D1D2.
[016509.64]  01-26 19:35  TwoPointCorrelationFunction  INFO     Analytically computing two-point counts R1R2.
[016509.64]  01-26 19:35  TwoPointCorrelationFunction  INFO     Correlation function computed in elapsed time 20.15 s.
[016509.64]  01-26 19:35  NaturalTwoPointEstimator     INFO     Saving /pscratch/sd/s/shengyu/galaxies/catalogs/Y3/AbacusHF-v2/Boxes/QSO/sn1p550/AbacusSummit_base_c000_ph001/mpspk/wplog_QSO_zp1.550_DR2_v1.0+dv_repeat.npy.
[016509.65]  01-26 19:35  compute_2pt                  INFO     Save to /pscratch/sd/s/shengyu/galaxies/catalogs/Y3/AbacusHF-v2/Boxes/QSO/sn1p550/AbacusSummit_base_c000_ph001/mpspk/wplog_QSO_zp1.550_DR2_v1.0+dv_repeat.npy
[016509.65]  01-26 19:35  compute_2pt                  INFO     Procceed {'version': 'AbacusHF-v2', 'domain': 'cubic', 'tracer': 'QSO', 'zsnap': 1.55, 'zrange': (1.4, 1.7), 'mock_id': 2, 'use_dv': 'repeat'}
[016509.65]  01-26 19:35  cat_tools                    INFO     Load /pscratch/sd/s/shengyu/galaxies/catalogs/Y3/AbacusHF-v2/Boxes/QSO/sn1p550/AbacusSummit_base_c000_ph002/abacus_HF_QSO_1p550_DR2_v2.0_AbacusSummit_base_c000_ph002_base_clustering.dat.h5
[016509.65]  01-26 19:35  FileStack                    INFO     Reading /pscratch/sd/s/shengyu/galaxies/catalogs/Y3/AbacusHF-v2/Boxes/QSO/sn1p550/AbacusSummit_base_c000_ph002/abacus_HF_QSO_1p550_DR2_v2.0_AbacusSummit_base_c000_ph002_base_clustering.dat.h5.
[016509.65]  01-26 19:35  cat_tools                    INFO     use Z positions shifted in repeat mode
[016510.57]  01-26 19:35  TwoPointCorrelationFunction  INFO     Using estimator <class 'pycorr.twopoint_estimator.NaturalTwoPointEstimator'>.
[016510.57]  01-26 19:35  TwoPointCorrelationFunction  INFO     Running auto-correlation.
[016510.57]  01-26 19:35  TwoPointCorrelationFunction  INFO     Computing two-point counts D1D2.
[016581.03]  01-26 19:36  TwoPointCorrelationFunction  INFO     Analytically computing two-point counts R1R2.
[016581.04]  01-26 19:36  TwoPointCorrelationFunction  INFO     Correlation function computed in elapsed time 70.47 s.
[016581.04]  01-26 19:36  NaturalTwoPointEstimator     INFO     Saving /pscratch/sd/s/shengyu/galaxies/catalogs/Y3/AbacusHF-v2/Boxes/QSO/sn1p550/AbacusSummit_base_c000_ph002/mpspk/xipoles_QSO_zp1.550_DR2_v1.0+dv_repeat.npy.
[016581.04]  01-26 19:36  compute_2pt                  INFO     Save to /pscratch/sd/s/shengyu/galaxies/catalogs/Y3/AbacusHF-v2/Boxes/QSO/sn1p550/AbacusSummit_base_c000_ph002/mpspk/xipoles_QSO_zp1.550_DR2_v1.0+dv_repeat.npy
[016584.19]  01-26 19:36  CatalogFFTPower              INFO     Painting catalog 1 to mesh CatalogMesh(nmesh=[512 512 512], boxsize=[2000. 2000. 2000.], boxcenter=[999.99999259 999.99998898 999.99998674], dtype=float64).
[016584.55]  01-26 19:36  CatalogMesh                  INFO     Slab 0 ~ 4194304 / 23334069.
[016585.69]  01-26 19:36  CatalogMesh                  INFO     Painted 4194304 out of 23334069 objects to mesh.
[016585.69]  01-26 19:36  CatalogMesh                  INFO     Slab 4194304 ~ 8388608 / 23334069.
[016586.82]  01-26 19:36  CatalogMesh                  INFO     Painted 8388608 out of 23334069 objects to mesh.
[016586.82]  01-26 19:36  CatalogMesh                  INFO     Slab 8388608 ~ 12582912 / 23334069.
[016587.95]  01-26 19:36  CatalogMesh                  INFO     Painted 12582912 out of 23334069 objects to mesh.
[016587.95]  01-26 19:36  CatalogMesh                  INFO     Slab 12582912 ~ 16777216 / 23334069.
[016589.07]  01-26 19:36  CatalogMesh                  INFO     Painted 16777216 out of 23334069 objects to mesh.
[016589.08]  01-26 19:36  CatalogMesh                  INFO     Slab 16777216 ~ 20971520 / 23334069.
[016590.29]  01-26 19:36  CatalogMesh                  INFO     Painted 20971520 out of 23334069 objects to mesh.
[016590.29]  01-26 19:36  CatalogMesh                  INFO     Slab 20971520 ~ 25165824 / 23334069.
[016591.10]  01-26 19:36  CatalogMesh                  INFO     Painted 23334069 out of 23334069 objects to mesh.
[016591.11]  01-26 19:36  CatalogMesh                  INFO     Running interlacing at order 3.
[016593.30]  01-26 19:36  CatalogMesh                  INFO     Slab 0 ~ 4194304 / 23334069.
[016594.43]  01-26 19:36  CatalogMesh                  INFO     Painted 4194304 out of 23334069 objects to mesh.
[016594.43]  01-26 19:36  CatalogMesh                  INFO     Slab 4194304 ~ 8388608 / 23334069.
[016595.55]  01-26 19:36  CatalogMesh                  INFO     Painted 8388608 out of 23334069 objects to mesh.
[016595.55]  01-26 19:36  CatalogMesh                  INFO     Slab 8388608 ~ 12582912 / 23334069.
[016596.68]  01-26 19:36  CatalogMesh                  INFO     Painted 12582912 out of 23334069 objects to mesh.
[016596.68]  01-26 19:36  CatalogMesh                  INFO     Slab 12582912 ~ 16777216 / 23334069.
[016597.81]  01-26 19:36  CatalogMesh                  INFO     Painted 16777216 out of 23334069 objects to mesh.
[016597.81]  01-26 19:36  CatalogMesh                  INFO     Slab 16777216 ~ 20971520 / 23334069.
[016599.01]  01-26 19:36  CatalogMesh                  INFO     Painted 20971520 out of 23334069 objects to mesh.
[016599.02]  01-26 19:36  CatalogMesh                  INFO     Slab 20971520 ~ 25165824 / 23334069.
[016599.83]  01-26 19:36  CatalogMesh                  INFO     Painted 23334069 out of 23334069 objects to mesh.
[016603.59]  01-26 19:36  CatalogMesh                  INFO     Slab 0 ~ 4194304 / 23334069.
[016604.71]  01-26 19:36  CatalogMesh                  INFO     Painted 4194304 out of 23334069 objects to mesh.
[016604.71]  01-26 19:36  CatalogMesh                  INFO     Slab 4194304 ~ 8388608 / 23334069.
[016605.84]  01-26 19:36  CatalogMesh                  INFO     Painted 8388608 out of 23334069 objects to mesh.
[016605.84]  01-26 19:36  CatalogMesh                  INFO     Slab 8388608 ~ 12582912 / 23334069.
[016606.97]  01-26 19:36  CatalogMesh                  INFO     Painted 12582912 out of 23334069 objects to mesh.
[016606.97]  01-26 19:36  CatalogMesh                  INFO     Slab 12582912 ~ 16777216 / 23334069.
[016608.10]  01-26 19:36  CatalogMesh                  INFO     Painted 16777216 out of 23334069 objects to mesh.
[016608.10]  01-26 19:36  CatalogMesh                  INFO     Slab 16777216 ~ 20971520 / 23334069.
[016609.32]  01-26 19:37  CatalogMesh                  INFO     Painted 20971520 out of 23334069 objects to mesh.
[016609.32]  01-26 19:37  CatalogMesh                  INFO     Slab 20971520 ~ 25165824 / 23334069.
[016610.13]  01-26 19:37  CatalogMesh                  INFO     Painted 23334069 out of 23334069 objects to mesh.
[016615.66]  01-26 19:37  CatalogFFTPower              INFO     Done painting catalog 1 to mesh.
[016615.66]  01-26 19:37  CatalogFFTPower              INFO     Using 400 k-bins between 0.000 and 0.400.
[016615.66]  01-26 19:37  CatalogFFTPower              INFO     Meshes prepared in elapsed time 31.46 s.
[016615.66]  01-26 19:37  CatalogFFTPower              INFO     Running mesh calculation.
[016632.85]  01-26 19:37  CatalogFFTPower              INFO     Mesh calculations performed in elapsed time 17.19 s.
[016632.85]  01-26 19:37  CatalogFFTPower              INFO     Power spectrum computed in elapsed time 48.65 s.
[016632.85]  01-26 19:37  CatalogFFTPower              INFO     Saving /pscratch/sd/s/shengyu/galaxies/catalogs/Y3/AbacusHF-v2/Boxes/QSO/sn1p550/AbacusSummit_base_c000_ph002/mpspk/pkpoles_QSO_zp1.550_DR2_v1.0+dv_repeat.npy.
[016632.85]  01-26 19:37  compute_2pt                  INFO     Save to /pscratch/sd/s/shengyu/galaxies/catalogs/Y3/AbacusHF-v2/Boxes/QSO/sn1p550/AbacusSummit_base_c000_ph002/mpspk/pkpoles_QSO_zp1.550_DR2_v1.0+dv_repeat.npy
[016632.85]  01-26 19:37  TwoPointCorrelationFunction  INFO     Using estimator <class 'pycorr.twopoint_estimator.NaturalTwoPointEstimator'>.
[016632.85]  01-26 19:37  TwoPointCorrelationFunction  INFO     Running auto-correlation.
[016632.85]  01-26 19:37  TwoPointCorrelationFunction  INFO     Computing two-point counts D1D2.
[016648.51]  01-26 19:37  TwoPointCorrelationFunction  INFO     Analytically computing two-point counts R1R2.
[016648.51]  01-26 19:37  TwoPointCorrelationFunction  INFO     Correlation function computed in elapsed time 15.66 s.
[016648.51]  01-26 19:37  NaturalTwoPointEstimator     INFO     Saving /pscratch/sd/s/shengyu/galaxies/catalogs/Y3/AbacusHF-v2/Boxes/QSO/sn1p550/AbacusSummit_base_c000_ph002/mpspk/mpslog_QSO_zp1.550_DR2_v1.0+dv_repeat.npy.
[016648.51]  01-26 19:37  compute_2pt                  INFO     Save to /pscratch/sd/s/shengyu/galaxies/catalogs/Y3/AbacusHF-v2/Boxes/QSO/sn1p550/AbacusSummit_base_c000_ph002/mpspk/mpslog_QSO_zp1.550_DR2_v1.0+dv_repeat.npy
[016648.52]  01-26 19:37  TwoPointCorrelationFunction  INFO     Using estimator <class 'pycorr.twopoint_estimator.NaturalTwoPointEstimator'>.
[016648.52]  01-26 19:37  TwoPointCorrelationFunction  INFO     Running auto-correlation.
[016648.52]  01-26 19:37  TwoPointCorrelationFunction  INFO     Computing two-point counts D1D2.
[016668.12]  01-26 19:37  TwoPointCorrelationFunction  INFO     Analytically computing two-point counts R1R2.
[016668.13]  01-26 19:37  TwoPointCorrelationFunction  INFO     Correlation function computed in elapsed time 19.61 s.
[016668.13]  01-26 19:37  NaturalTwoPointEstimator     INFO     Saving /pscratch/sd/s/shengyu/galaxies/catalogs/Y3/AbacusHF-v2/Boxes/QSO/sn1p550/AbacusSummit_base_c000_ph002/mpspk/wplog_QSO_zp1.550_DR2_v1.0+dv_repeat.npy.
[016668.13]  01-26 19:37  compute_2pt                  INFO     Save to /pscratch/sd/s/shengyu/galaxies/catalogs/Y3/AbacusHF-v2/Boxes/QSO/sn1p550/AbacusSummit_base_c000_ph002/mpspk/wplog_QSO_zp1.550_DR2_v1.0+dv_repeat.npy
[016668.13]  01-26 19:37  compute_2pt                  INFO     Procceed {'version': 'AbacusHF-v2', 'domain': 'cubic', 'tracer': 'QSO', 'zsnap': 1.55, 'zrange': (1.4, 1.7), 'mock_id': 3, 'use_dv': 'repeat'}
[016668.13]  01-26 19:37  cat_tools                    INFO     Load /pscratch/sd/s/shengyu/galaxies/catalogs/Y3/AbacusHF-v2/Boxes/QSO/sn1p550/AbacusSummit_base_c000_ph003/abacus_HF_QSO_1p550_DR2_v2.0_AbacusSummit_base_c000_ph003_base_clustering.dat.h5
[016668.13]  01-26 19:37  FileStack                    INFO     Reading /pscratch/sd/s/shengyu/galaxies/catalogs/Y3/AbacusHF-v2/Boxes/QSO/sn1p550/AbacusSummit_base_c000_ph003/abacus_HF_QSO_1p550_DR2_v2.0_AbacusSummit_base_c000_ph003_base_clustering.dat.h5.
[016668.14]  01-26 19:37  cat_tools                    INFO     use Z positions shifted in repeat mode
[016669.05]  01-26 19:38  TwoPointCorrelationFunction  INFO     Using estimator <class 'pycorr.twopoint_estimator.NaturalTwoPointEstimator'>.
[016669.05]  01-26 19:38  TwoPointCorrelationFunction  INFO     Running auto-correlation.
[016669.05]  01-26 19:38  TwoPointCorrelationFunction  INFO     Computing two-point counts D1D2.
[016739.20]  01-26 19:39  TwoPointCorrelationFunction  INFO     Analytically computing two-point counts R1R2.
[016739.20]  01-26 19:39  TwoPointCorrelationFunction  INFO     Correlation function computed in elapsed time 70.15 s.
[016739.20]  01-26 19:39  NaturalTwoPointEstimator     INFO     Saving /pscratch/sd/s/shengyu/galaxies/catalogs/Y3/AbacusHF-v2/Boxes/QSO/sn1p550/AbacusSummit_base_c000_ph003/mpspk/xipoles_QSO_zp1.550_DR2_v1.0+dv_repeat.npy.
[016739.21]  01-26 19:39  compute_2pt                  INFO     Save to /pscratch/sd/s/shengyu/galaxies/catalogs/Y3/AbacusHF-v2/Boxes/QSO/sn1p550/AbacusSummit_base_c000_ph003/mpspk/xipoles_QSO_zp1.550_DR2_v1.0+dv_repeat.npy
[016742.38]  01-26 19:39  CatalogFFTPower              INFO     Painting catalog 1 to mesh CatalogMesh(nmesh=[512 512 512], boxsize=[2000. 2000. 2000.], boxcenter=[ 999.99999835 1000.00011706  999.99994712], dtype=float64).
[016742.74]  01-26 19:39  CatalogMesh                  INFO     Slab 0 ~ 4194304 / 23389363.
[016743.88]  01-26 19:39  CatalogMesh                  INFO     Painted 4194304 out of 23389363 objects to mesh.
[016743.88]  01-26 19:39  CatalogMesh                  INFO     Slab 4194304 ~ 8388608 / 23389363.
[016745.02]  01-26 19:39  CatalogMesh                  INFO     Painted 8388608 out of 23389363 objects to mesh.
[016745.02]  01-26 19:39  CatalogMesh                  INFO     Slab 8388608 ~ 12582912 / 23389363.
[016746.15]  01-26 19:39  CatalogMesh                  INFO     Painted 12582912 out of 23389363 objects to mesh.
[016746.15]  01-26 19:39  CatalogMesh                  INFO     Slab 12582912 ~ 16777216 / 23389363.
[016747.28]  01-26 19:39  CatalogMesh                  INFO     Painted 16777216 out of 23389363 objects to mesh.
[016747.28]  01-26 19:39  CatalogMesh                  INFO     Slab 16777216 ~ 20971520 / 23389363.
[016748.48]  01-26 19:39  CatalogMesh                  INFO     Painted 20971520 out of 23389363 objects to mesh.
[016748.48]  01-26 19:39  CatalogMesh                  INFO     Slab 20971520 ~ 25165824 / 23389363.
[016749.32]  01-26 19:39  CatalogMesh                  INFO     Painted 23389363 out of 23389363 objects to mesh.
[016749.32]  01-26 19:39  CatalogMesh                  INFO     Running interlacing at order 3.
[016751.52]  01-26 19:39  CatalogMesh                  INFO     Slab 0 ~ 4194304 / 23389363.
[016752.64]  01-26 19:39  CatalogMesh                  INFO     Painted 4194304 out of 23389363 objects to mesh.
[016752.64]  01-26 19:39  CatalogMesh                  INFO     Slab 4194304 ~ 8388608 / 23389363.
[016753.77]  01-26 19:39  CatalogMesh                  INFO     Painted 8388608 out of 23389363 objects to mesh.
[016753.77]  01-26 19:39  CatalogMesh                  INFO     Slab 8388608 ~ 12582912 / 23389363.
[016754.90]  01-26 19:39  CatalogMesh                  INFO     Painted 12582912 out of 23389363 objects to mesh.
[016754.90]  01-26 19:39  CatalogMesh                  INFO     Slab 12582912 ~ 16777216 / 23389363.
[016756.03]  01-26 19:39  CatalogMesh                  INFO     Painted 16777216 out of 23389363 objects to mesh.
[016756.03]  01-26 19:39  CatalogMesh                  INFO     Slab 16777216 ~ 20971520 / 23389363.
[016757.23]  01-26 19:39  CatalogMesh                  INFO     Painted 20971520 out of 23389363 objects to mesh.
[016757.23]  01-26 19:39  CatalogMesh                  INFO     Slab 20971520 ~ 25165824 / 23389363.
[016758.06]  01-26 19:39  CatalogMesh                  INFO     Painted 23389363 out of 23389363 objects to mesh.
[016761.80]  01-26 19:39  CatalogMesh                  INFO     Slab 0 ~ 4194304 / 23389363.
[016762.92]  01-26 19:39  CatalogMesh                  INFO     Painted 4194304 out of 23389363 objects to mesh.
[016762.92]  01-26 19:39  CatalogMesh                  INFO     Slab 4194304 ~ 8388608 / 23389363.
[016764.06]  01-26 19:39  CatalogMesh                  INFO     Painted 8388608 out of 23389363 objects to mesh.
[016764.06]  01-26 19:39  CatalogMesh                  INFO     Slab 8388608 ~ 12582912 / 23389363.
[016765.19]  01-26 19:39  CatalogMesh                  INFO     Painted 12582912 out of 23389363 objects to mesh.
[016765.19]  01-26 19:39  CatalogMesh                  INFO     Slab 12582912 ~ 16777216 / 23389363.
[016766.32]  01-26 19:39  CatalogMesh                  INFO     Painted 16777216 out of 23389363 objects to mesh.
[016766.32]  01-26 19:39  CatalogMesh                  INFO     Slab 16777216 ~ 20971520 / 23389363.
[016767.52]  01-26 19:39  CatalogMesh                  INFO     Painted 20971520 out of 23389363 objects to mesh.
[016767.52]  01-26 19:39  CatalogMesh                  INFO     Slab 20971520 ~ 25165824 / 23389363.
[016768.35]  01-26 19:39  CatalogMesh                  INFO     Painted 23389363 out of 23389363 objects to mesh.
[016773.86]  01-26 19:39  CatalogFFTPower              INFO     Done painting catalog 1 to mesh.
[016773.86]  01-26 19:39  CatalogFFTPower              INFO     Using 400 k-bins between 0.000 and 0.400.
[016773.86]  01-26 19:39  CatalogFFTPower              INFO     Meshes prepared in elapsed time 31.49 s.
[016773.86]  01-26 19:39  CatalogFFTPower              INFO     Running mesh calculation.
[016791.05]  01-26 19:40  CatalogFFTPower              INFO     Mesh calculations performed in elapsed time 17.19 s.
[016791.05]  01-26 19:40  CatalogFFTPower              INFO     Power spectrum computed in elapsed time 48.68 s.
[016791.06]  01-26 19:40  CatalogFFTPower              INFO     Saving /pscratch/sd/s/shengyu/galaxies/catalogs/Y3/AbacusHF-v2/Boxes/QSO/sn1p550/AbacusSummit_base_c000_ph003/mpspk/pkpoles_QSO_zp1.550_DR2_v1.0+dv_repeat.npy.
[016791.06]  01-26 19:40  compute_2pt                  INFO     Save to /pscratch/sd/s/shengyu/galaxies/catalogs/Y3/AbacusHF-v2/Boxes/QSO/sn1p550/AbacusSummit_base_c000_ph003/mpspk/pkpoles_QSO_zp1.550_DR2_v1.0+dv_repeat.npy
[016791.06]  01-26 19:40  TwoPointCorrelationFunction  INFO     Using estimator <class 'pycorr.twopoint_estimator.NaturalTwoPointEstimator'>.
[016791.06]  01-26 19:40  TwoPointCorrelationFunction  INFO     Running auto-correlation.
[016791.06]  01-26 19:40  TwoPointCorrelationFunction  INFO     Computing two-point counts D1D2.
[016804.59]  01-26 19:40  TwoPointCorrelationFunction  INFO     Analytically computing two-point counts R1R2.
[016804.60]  01-26 19:40  TwoPointCorrelationFunction  INFO     Correlation function computed in elapsed time 13.54 s.
[016804.60]  01-26 19:40  NaturalTwoPointEstimator     INFO     Saving /pscratch/sd/s/shengyu/galaxies/catalogs/Y3/AbacusHF-v2/Boxes/QSO/sn1p550/AbacusSummit_base_c000_ph003/mpspk/mpslog_QSO_zp1.550_DR2_v1.0+dv_repeat.npy.
[016804.60]  01-26 19:40  compute_2pt                  INFO     Save to /pscratch/sd/s/shengyu/galaxies/catalogs/Y3/AbacusHF-v2/Boxes/QSO/sn1p550/AbacusSummit_base_c000_ph003/mpspk/mpslog_QSO_zp1.550_DR2_v1.0+dv_repeat.npy
[016804.60]  01-26 19:40  TwoPointCorrelationFunction  INFO     Using estimator <class 'pycorr.twopoint_estimator.NaturalTwoPointEstimator'>.
[016804.60]  01-26 19:40  TwoPointCorrelationFunction  INFO     Running auto-correlation.
[016804.60]  01-26 19:40  TwoPointCorrelationFunction  INFO     Computing two-point counts D1D2.
[016824.42]  01-26 19:40  TwoPointCorrelationFunction  INFO     Analytically computing two-point counts R1R2.
[016824.42]  01-26 19:40  TwoPointCorrelationFunction  INFO     Correlation function computed in elapsed time 19.82 s.
[016824.42]  01-26 19:40  NaturalTwoPointEstimator     INFO     Saving /pscratch/sd/s/shengyu/galaxies/catalogs/Y3/AbacusHF-v2/Boxes/QSO/sn1p550/AbacusSummit_base_c000_ph003/mpspk/wplog_QSO_zp1.550_DR2_v1.0+dv_repeat.npy.
[016824.42]  01-26 19:40  compute_2pt                  INFO     Save to /pscratch/sd/s/shengyu/galaxies/catalogs/Y3/AbacusHF-v2/Boxes/QSO/sn1p550/AbacusSummit_base_c000_ph003/mpspk/wplog_QSO_zp1.550_DR2_v1.0+dv_repeat.npy
[016824.43]  01-26 19:40  compute_2pt                  INFO     Procceed {'version': 'AbacusHF-v2', 'domain': 'cubic', 'tracer': 'QSO', 'zsnap': 1.55, 'zrange': (1.4, 1.7), 'mock_id': 4, 'use_dv': 'repeat'}
[016824.43]  01-26 19:40  cat_tools                    INFO     Load /pscratch/sd/s/shengyu/galaxies/catalogs/Y3/AbacusHF-v2/Boxes/QSO/sn1p550/AbacusSummit_base_c000_ph004/abacus_HF_QSO_1p550_DR2_v2.0_AbacusSummit_base_c000_ph004_base_clustering.dat.h5
[016824.43]  01-26 19:40  FileStack                    INFO     Reading /pscratch/sd/s/shengyu/galaxies/catalogs/Y3/AbacusHF-v2/Boxes/QSO/sn1p550/AbacusSummit_base_c000_ph004/abacus_HF_QSO_1p550_DR2_v2.0_AbacusSummit_base_c000_ph004_base_clustering.dat.h5.
[016824.43]  01-26 19:40  cat_tools                    INFO     use Z positions shifted in repeat mode
[016825.36]  01-26 19:40  TwoPointCorrelationFunction  INFO     Using estimator <class 'pycorr.twopoint_estimator.NaturalTwoPointEstimator'>.
[016825.36]  01-26 19:40  TwoPointCorrelationFunction  INFO     Running auto-correlation.
[016825.36]  01-26 19:40  TwoPointCorrelationFunction  INFO     Computing two-point counts D1D2.
[016894.75]  01-26 19:41  TwoPointCorrelationFunction  INFO     Analytically computing two-point counts R1R2.
[016894.75]  01-26 19:41  TwoPointCorrelationFunction  INFO     Correlation function computed in elapsed time 69.40 s.
[016894.75]  01-26 19:41  NaturalTwoPointEstimator     INFO     Saving /pscratch/sd/s/shengyu/galaxies/catalogs/Y3/AbacusHF-v2/Boxes/QSO/sn1p550/AbacusSummit_base_c000_ph004/mpspk/xipoles_QSO_zp1.550_DR2_v1.0+dv_repeat.npy.
[016894.76]  01-26 19:41  compute_2pt                  INFO     Save to /pscratch/sd/s/shengyu/galaxies/catalogs/Y3/AbacusHF-v2/Boxes/QSO/sn1p550/AbacusSummit_base_c000_ph004/mpspk/xipoles_QSO_zp1.550_DR2_v1.0+dv_repeat.npy
[016897.92]  01-26 19:41  CatalogFFTPower              INFO     Painting catalog 1 to mesh CatalogMesh(nmesh=[512 512 512], boxsize=[2000. 2000. 2000.], boxcenter=[1000.00005383 1000.0000043  1000.00006083], dtype=float64).
[016898.28]  01-26 19:41  CatalogMesh                  INFO     Slab 0 ~ 4194304 / 23397894.
[016899.42]  01-26 19:41  CatalogMesh                  INFO     Painted 4194304 out of 23397894 objects to mesh.
[016899.42]  01-26 19:41  CatalogMesh                  INFO     Slab 4194304 ~ 8388608 / 23397894.
[016900.55]  01-26 19:41  CatalogMesh                  INFO     Painted 8388608 out of 23397894 objects to mesh.
[016900.55]  01-26 19:41  CatalogMesh                  INFO     Slab 8388608 ~ 12582912 / 23397894.
[016901.69]  01-26 19:41  CatalogMesh                  INFO     Painted 12582912 out of 23397894 objects to mesh.
[016901.69]  01-26 19:41  CatalogMesh                  INFO     Slab 12582912 ~ 16777216 / 23397894.
[016902.82]  01-26 19:41  CatalogMesh                  INFO     Painted 16777216 out of 23397894 objects to mesh.
[016902.82]  01-26 19:41  CatalogMesh                  INFO     Slab 16777216 ~ 20971520 / 23397894.
[016904.04]  01-26 19:41  CatalogMesh                  INFO     Painted 20971520 out of 23397894 objects to mesh.
[016904.04]  01-26 19:41  CatalogMesh                  INFO     Slab 20971520 ~ 25165824 / 23397894.
[016904.87]  01-26 19:41  CatalogMesh                  INFO     Painted 23397894 out of 23397894 objects to mesh.
[016904.88]  01-26 19:41  CatalogMesh                  INFO     Running interlacing at order 3.
[016907.07]  01-26 19:41  CatalogMesh                  INFO     Slab 0 ~ 4194304 / 23397894.
[016908.20]  01-26 19:41  CatalogMesh                  INFO     Painted 4194304 out of 23397894 objects to mesh.
[016908.20]  01-26 19:41  CatalogMesh                  INFO     Slab 4194304 ~ 8388608 / 23397894.
[016909.33]  01-26 19:42  CatalogMesh                  INFO     Painted 8388608 out of 23397894 objects to mesh.
[016909.33]  01-26 19:42  CatalogMesh                  INFO     Slab 8388608 ~ 12582912 / 23397894.
[016910.46]  01-26 19:42  CatalogMesh                  INFO     Painted 12582912 out of 23397894 objects to mesh.
[016910.46]  01-26 19:42  CatalogMesh                  INFO     Slab 12582912 ~ 16777216 / 23397894.
[016911.59]  01-26 19:42  CatalogMesh                  INFO     Painted 16777216 out of 23397894 objects to mesh.
[016911.59]  01-26 19:42  CatalogMesh                  INFO     Slab 16777216 ~ 20971520 / 23397894.
[016912.80]  01-26 19:42  CatalogMesh                  INFO     Painted 20971520 out of 23397894 objects to mesh.
[016912.80]  01-26 19:42  CatalogMesh                  INFO     Slab 20971520 ~ 25165824 / 23397894.
[016913.63]  01-26 19:42  CatalogMesh                  INFO     Painted 23397894 out of 23397894 objects to mesh.
[016917.39]  01-26 19:42  CatalogMesh                  INFO     Slab 0 ~ 4194304 / 23397894.
[016918.52]  01-26 19:42  CatalogMesh                  INFO     Painted 4194304 out of 23397894 objects to mesh.
[016918.52]  01-26 19:42  CatalogMesh                  INFO     Slab 4194304 ~ 8388608 / 23397894.
[016919.65]  01-26 19:42  CatalogMesh                  INFO     Painted 8388608 out of 23397894 objects to mesh.
[016919.65]  01-26 19:42  CatalogMesh                  INFO     Slab 8388608 ~ 12582912 / 23397894.
[016920.78]  01-26 19:42  CatalogMesh                  INFO     Painted 12582912 out of 23397894 objects to mesh.
[016920.78]  01-26 19:42  CatalogMesh                  INFO     Slab 12582912 ~ 16777216 / 23397894.
[016921.91]  01-26 19:42  CatalogMesh                  INFO     Painted 16777216 out of 23397894 objects to mesh.
[016921.91]  01-26 19:42  CatalogMesh                  INFO     Slab 16777216 ~ 20971520 / 23397894.
[016923.12]  01-26 19:42  CatalogMesh                  INFO     Painted 20971520 out of 23397894 objects to mesh.
[016923.12]  01-26 19:42  CatalogMesh                  INFO     Slab 20971520 ~ 25165824 / 23397894.
[016923.95]  01-26 19:42  CatalogMesh                  INFO     Painted 23397894 out of 23397894 objects to mesh.
[016929.48]  01-26 19:42  CatalogFFTPower              INFO     Done painting catalog 1 to mesh.
[016929.48]  01-26 19:42  CatalogFFTPower              INFO     Using 400 k-bins between 0.000 and 0.400.
[016929.48]  01-26 19:42  CatalogFFTPower              INFO     Meshes prepared in elapsed time 31.56 s.
[016929.48]  01-26 19:42  CatalogFFTPower              INFO     Running mesh calculation.
[016946.64]  01-26 19:42  CatalogFFTPower              INFO     Mesh calculations performed in elapsed time 17.16 s.
[016946.64]  01-26 19:42  CatalogFFTPower              INFO     Power spectrum computed in elapsed time 48.72 s.
[016946.64]  01-26 19:42  CatalogFFTPower              INFO     Saving /pscratch/sd/s/shengyu/galaxies/catalogs/Y3/AbacusHF-v2/Boxes/QSO/sn1p550/AbacusSummit_base_c000_ph004/mpspk/pkpoles_QSO_zp1.550_DR2_v1.0+dv_repeat.npy.
[016946.65]  01-26 19:42  compute_2pt                  INFO     Save to /pscratch/sd/s/shengyu/galaxies/catalogs/Y3/AbacusHF-v2/Boxes/QSO/sn1p550/AbacusSummit_base_c000_ph004/mpspk/pkpoles_QSO_zp1.550_DR2_v1.0+dv_repeat.npy
[016946.65]  01-26 19:42  TwoPointCorrelationFunction  INFO     Using estimator <class 'pycorr.twopoint_estimator.NaturalTwoPointEstimator'>.
[016946.65]  01-26 19:42  TwoPointCorrelationFunction  INFO     Running auto-correlation.
[016946.65]  01-26 19:42  TwoPointCorrelationFunction  INFO     Computing two-point counts D1D2.
[016963.11]  01-26 19:42  TwoPointCorrelationFunction  INFO     Analytically computing two-point counts R1R2.
[016963.11]  01-26 19:42  TwoPointCorrelationFunction  INFO     Correlation function computed in elapsed time 16.46 s.
[016963.11]  01-26 19:42  NaturalTwoPointEstimator     INFO     Saving /pscratch/sd/s/shengyu/galaxies/catalogs/Y3/AbacusHF-v2/Boxes/QSO/sn1p550/AbacusSummit_base_c000_ph004/mpspk/mpslog_QSO_zp1.550_DR2_v1.0+dv_repeat.npy.
[016963.12]  01-26 19:42  compute_2pt                  INFO     Save to /pscratch/sd/s/shengyu/galaxies/catalogs/Y3/AbacusHF-v2/Boxes/QSO/sn1p550/AbacusSummit_base_c000_ph004/mpspk/mpslog_QSO_zp1.550_DR2_v1.0+dv_repeat.npy
[016963.12]  01-26 19:42  TwoPointCorrelationFunction  INFO     Using estimator <class 'pycorr.twopoint_estimator.NaturalTwoPointEstimator'>.
[016963.12]  01-26 19:42  TwoPointCorrelationFunction  INFO     Running auto-correlation.
[016963.12]  01-26 19:42  TwoPointCorrelationFunction  INFO     Computing two-point counts D1D2.
[016982.78]  01-26 19:43  TwoPointCorrelationFunction  INFO     Analytically computing two-point counts R1R2.
[016982.78]  01-26 19:43  TwoPointCorrelationFunction  INFO     Correlation function computed in elapsed time 19.66 s.
[016982.78]  01-26 19:43  NaturalTwoPointEstimator     INFO     Saving /pscratch/sd/s/shengyu/galaxies/catalogs/Y3/AbacusHF-v2/Boxes/QSO/sn1p550/AbacusSummit_base_c000_ph004/mpspk/wplog_QSO_zp1.550_DR2_v1.0+dv_repeat.npy.
[016982.79]  01-26 19:43  compute_2pt                  INFO     Save to /pscratch/sd/s/shengyu/galaxies/catalogs/Y3/AbacusHF-v2/Boxes/QSO/sn1p550/AbacusSummit_base_c000_ph004/mpspk/wplog_QSO_zp1.550_DR2_v1.0+dv_repeat.npy
[016982.79]  01-26 19:43  compute_2pt                  INFO     Procceed {'version': 'AbacusHF-v2', 'domain': 'cubic', 'tracer': 'QSO', 'zsnap': 1.55, 'zrange': (1.4, 1.7), 'mock_id': 5, 'use_dv': 'repeat'}
[016982.79]  01-26 19:43  cat_tools                    INFO     Load /pscratch/sd/s/shengyu/galaxies/catalogs/Y3/AbacusHF-v2/Boxes/QSO/sn1p550/AbacusSummit_base_c000_ph005/abacus_HF_QSO_1p550_DR2_v2.0_AbacusSummit_base_c000_ph005_base_clustering.dat.h5
[016982.79]  01-26 19:43  FileStack                    INFO     Reading /pscratch/sd/s/shengyu/galaxies/catalogs/Y3/AbacusHF-v2/Boxes/QSO/sn1p550/AbacusSummit_base_c000_ph005/abacus_HF_QSO_1p550_DR2_v2.0_AbacusSummit_base_c000_ph005_base_clustering.dat.h5.
[016982.79]  01-26 19:43  cat_tools                    INFO     use Z positions shifted in repeat mode
[016983.72]  01-26 19:43  TwoPointCorrelationFunction  INFO     Using estimator <class 'pycorr.twopoint_estimator.NaturalTwoPointEstimator'>.
[016983.72]  01-26 19:43  TwoPointCorrelationFunction  INFO     Running auto-correlation.
[016983.72]  01-26 19:43  TwoPointCorrelationFunction  INFO     Computing two-point counts D1D2.
[017050.44]  01-26 19:44  TwoPointCorrelationFunction  INFO     Analytically computing two-point counts R1R2.
[017050.44]  01-26 19:44  TwoPointCorrelationFunction  INFO     Correlation function computed in elapsed time 66.73 s.
[017050.44]  01-26 19:44  NaturalTwoPointEstimator     INFO     Saving /pscratch/sd/s/shengyu/galaxies/catalogs/Y3/AbacusHF-v2/Boxes/QSO/sn1p550/AbacusSummit_base_c000_ph005/mpspk/xipoles_QSO_zp1.550_DR2_v1.0+dv_repeat.npy.
[017050.45]  01-26 19:44  compute_2pt                  INFO     Save to /pscratch/sd/s/shengyu/galaxies/catalogs/Y3/AbacusHF-v2/Boxes/QSO/sn1p550/AbacusSummit_base_c000_ph005/mpspk/xipoles_QSO_zp1.550_DR2_v1.0+dv_repeat.npy
[017053.62]  01-26 19:44  CatalogFFTPower              INFO     Painting catalog 1 to mesh CatalogMesh(nmesh=[512 512 512], boxsize=[2000. 2000. 2000.], boxcenter=[1000.000057   1000.00003359 1000.00001525], dtype=float64).
[017053.98]  01-26 19:44  CatalogMesh                  INFO     Slab 0 ~ 4194304 / 23361330.
[017055.12]  01-26 19:44  CatalogMesh                  INFO     Painted 4194304 out of 23361330 objects to mesh.
[017055.12]  01-26 19:44  CatalogMesh                  INFO     Slab 4194304 ~ 8388608 / 23361330.
[017056.25]  01-26 19:44  CatalogMesh                  INFO     Painted 8388608 out of 23361330 objects to mesh.
[017056.25]  01-26 19:44  CatalogMesh                  INFO     Slab 8388608 ~ 12582912 / 23361330.
[017057.39]  01-26 19:44  CatalogMesh                  INFO     Painted 12582912 out of 23361330 objects to mesh.
[017057.39]  01-26 19:44  CatalogMesh                  INFO     Slab 12582912 ~ 16777216 / 23361330.
[017058.53]  01-26 19:44  CatalogMesh                  INFO     Painted 16777216 out of 23361330 objects to mesh.
[017058.53]  01-26 19:44  CatalogMesh                  INFO     Slab 16777216 ~ 20971520 / 23361330.
[017059.73]  01-26 19:44  CatalogMesh                  INFO     Painted 20971520 out of 23361330 objects to mesh.
[017059.73]  01-26 19:44  CatalogMesh                  INFO     Slab 20971520 ~ 25165824 / 23361330.
[017060.56]  01-26 19:44  CatalogMesh                  INFO     Painted 23361330 out of 23361330 objects to mesh.
[017060.56]  01-26 19:44  CatalogMesh                  INFO     Running interlacing at order 3.
[017062.76]  01-26 19:44  CatalogMesh                  INFO     Slab 0 ~ 4194304 / 23361330.
[017063.88]  01-26 19:44  CatalogMesh                  INFO     Painted 4194304 out of 23361330 objects to mesh.
[017063.88]  01-26 19:44  CatalogMesh                  INFO     Slab 4194304 ~ 8388608 / 23361330.
[017065.01]  01-26 19:44  CatalogMesh                  INFO     Painted 8388608 out of 23361330 objects to mesh.
[017065.01]  01-26 19:44  CatalogMesh                  INFO     Slab 8388608 ~ 12582912 / 23361330.
[017066.15]  01-26 19:44  CatalogMesh                  INFO     Painted 12582912 out of 23361330 objects to mesh.
[017066.15]  01-26 19:44  CatalogMesh                  INFO     Slab 12582912 ~ 16777216 / 23361330.
[017067.28]  01-26 19:44  CatalogMesh                  INFO     Painted 16777216 out of 23361330 objects to mesh.
[017067.28]  01-26 19:44  CatalogMesh                  INFO     Slab 16777216 ~ 20971520 / 23361330.
[017068.48]  01-26 19:44  CatalogMesh                  INFO     Painted 20971520 out of 23361330 objects to mesh.
[017068.48]  01-26 19:44  CatalogMesh                  INFO     Slab 20971520 ~ 25165824 / 23361330.
[017069.31]  01-26 19:44  CatalogMesh                  INFO     Painted 23361330 out of 23361330 objects to mesh.
[017073.04]  01-26 19:44  CatalogMesh                  INFO     Slab 0 ~ 4194304 / 23361330.
[017074.17]  01-26 19:44  CatalogMesh                  INFO     Painted 4194304 out of 23361330 objects to mesh.
[017074.17]  01-26 19:44  CatalogMesh                  INFO     Slab 4194304 ~ 8388608 / 23361330.
[017075.30]  01-26 19:44  CatalogMesh                  INFO     Painted 8388608 out of 23361330 objects to mesh.
[017075.30]  01-26 19:44  CatalogMesh                  INFO     Slab 8388608 ~ 12582912 / 23361330.
[017076.43]  01-26 19:44  CatalogMesh                  INFO     Painted 12582912 out of 23361330 objects to mesh.
[017076.43]  01-26 19:44  CatalogMesh                  INFO     Slab 12582912 ~ 16777216 / 23361330.
[017077.57]  01-26 19:44  CatalogMesh                  INFO     Painted 16777216 out of 23361330 objects to mesh.
[017077.57]  01-26 19:44  CatalogMesh                  INFO     Slab 16777216 ~ 20971520 / 23361330.
[017078.78]  01-26 19:44  CatalogMesh                  INFO     Painted 20971520 out of 23361330 objects to mesh.
[017078.78]  01-26 19:44  CatalogMesh                  INFO     Slab 20971520 ~ 25165824 / 23361330.
[017079.61]  01-26 19:44  CatalogMesh                  INFO     Painted 23361330 out of 23361330 objects to mesh.
[017085.12]  01-26 19:44  CatalogFFTPower              INFO     Done painting catalog 1 to mesh.
[017085.12]  01-26 19:44  CatalogFFTPower              INFO     Using 400 k-bins between 0.000 and 0.400.
[017085.12]  01-26 19:44  CatalogFFTPower              INFO     Meshes prepared in elapsed time 31.50 s.
[017085.12]  01-26 19:44  CatalogFFTPower              INFO     Running mesh calculation.
[017102.30]  01-26 19:45  CatalogFFTPower              INFO     Mesh calculations performed in elapsed time 17.18 s.
[017102.31]  01-26 19:45  CatalogFFTPower              INFO     Power spectrum computed in elapsed time 48.68 s.
[017102.31]  01-26 19:45  CatalogFFTPower              INFO     Saving /pscratch/sd/s/shengyu/galaxies/catalogs/Y3/AbacusHF-v2/Boxes/QSO/sn1p550/AbacusSummit_base_c000_ph005/mpspk/pkpoles_QSO_zp1.550_DR2_v1.0+dv_repeat.npy.
[017102.31]  01-26 19:45  compute_2pt                  INFO     Save to /pscratch/sd/s/shengyu/galaxies/catalogs/Y3/AbacusHF-v2/Boxes/QSO/sn1p550/AbacusSummit_base_c000_ph005/mpspk/pkpoles_QSO_zp1.550_DR2_v1.0+dv_repeat.npy
[017102.31]  01-26 19:45  TwoPointCorrelationFunction  INFO     Using estimator <class 'pycorr.twopoint_estimator.NaturalTwoPointEstimator'>.
[017102.31]  01-26 19:45  TwoPointCorrelationFunction  INFO     Running auto-correlation.
[017102.31]  01-26 19:45  TwoPointCorrelationFunction  INFO     Computing two-point counts D1D2.
[017118.74]  01-26 19:45  TwoPointCorrelationFunction  INFO     Analytically computing two-point counts R1R2.
[017118.74]  01-26 19:45  TwoPointCorrelationFunction  INFO     Correlation function computed in elapsed time 16.43 s.
[017118.74]  01-26 19:45  NaturalTwoPointEstimator     INFO     Saving /pscratch/sd/s/shengyu/galaxies/catalogs/Y3/AbacusHF-v2/Boxes/QSO/sn1p550/AbacusSummit_base_c000_ph005/mpspk/mpslog_QSO_zp1.550_DR2_v1.0+dv_repeat.npy.
[017118.75]  01-26 19:45  compute_2pt                  INFO     Save to /pscratch/sd/s/shengyu/galaxies/catalogs/Y3/AbacusHF-v2/Boxes/QSO/sn1p550/AbacusSummit_base_c000_ph005/mpspk/mpslog_QSO_zp1.550_DR2_v1.0+dv_repeat.npy
[017118.75]  01-26 19:45  TwoPointCorrelationFunction  INFO     Using estimator <class 'pycorr.twopoint_estimator.NaturalTwoPointEstimator'>.
[017118.75]  01-26 19:45  TwoPointCorrelationFunction  INFO     Running auto-correlation.
[017118.75]  01-26 19:45  TwoPointCorrelationFunction  INFO     Computing two-point counts D1D2.
[017138.37]  01-26 19:45  TwoPointCorrelationFunction  INFO     Analytically computing two-point counts R1R2.
[017138.38]  01-26 19:45  TwoPointCorrelationFunction  INFO     Correlation function computed in elapsed time 19.63 s.
[017138.38]  01-26 19:45  NaturalTwoPointEstimator     INFO     Saving /pscratch/sd/s/shengyu/galaxies/catalogs/Y3/AbacusHF-v2/Boxes/QSO/sn1p550/AbacusSummit_base_c000_ph005/mpspk/wplog_QSO_zp1.550_DR2_v1.0+dv_repeat.npy.
[017138.38]  01-26 19:45  compute_2pt                  INFO     Save to /pscratch/sd/s/shengyu/galaxies/catalogs/Y3/AbacusHF-v2/Boxes/QSO/sn1p550/AbacusSummit_base_c000_ph005/mpspk/wplog_QSO_zp1.550_DR2_v1.0+dv_repeat.npy
[017138.38]  01-26 19:45  compute_2pt                  INFO     Procceed {'version': 'AbacusHF-v2', 'domain': 'cubic', 'tracer': 'QSO', 'zsnap': 1.55, 'zrange': (1.4, 1.7), 'mock_id': 6, 'use_dv': 'repeat'}
[017138.38]  01-26 19:45  cat_tools                    INFO     Load /pscratch/sd/s/shengyu/galaxies/catalogs/Y3/AbacusHF-v2/Boxes/QSO/sn1p550/AbacusSummit_base_c000_ph006/abacus_HF_QSO_1p550_DR2_v2.0_AbacusSummit_base_c000_ph006_base_clustering.dat.h5
[017138.38]  01-26 19:45  FileStack                    INFO     Reading /pscratch/sd/s/shengyu/galaxies/catalogs/Y3/AbacusHF-v2/Boxes/QSO/sn1p550/AbacusSummit_base_c000_ph006/abacus_HF_QSO_1p550_DR2_v2.0_AbacusSummit_base_c000_ph006_base_clustering.dat.h5.
[017138.39]  01-26 19:45  cat_tools                    INFO     use Z positions shifted in repeat mode
[017139.32]  01-26 19:45  TwoPointCorrelationFunction  INFO     Using estimator <class 'pycorr.twopoint_estimator.NaturalTwoPointEstimator'>.
[017139.32]  01-26 19:45  TwoPointCorrelationFunction  INFO     Running auto-correlation.
[017139.32]  01-26 19:45  TwoPointCorrelationFunction  INFO     Computing two-point counts D1D2.
[017207.06]  01-26 19:46  TwoPointCorrelationFunction  INFO     Analytically computing two-point counts R1R2.
[017207.06]  01-26 19:46  TwoPointCorrelationFunction  INFO     Correlation function computed in elapsed time 67.74 s.
[017207.06]  01-26 19:46  NaturalTwoPointEstimator     INFO     Saving /pscratch/sd/s/shengyu/galaxies/catalogs/Y3/AbacusHF-v2/Boxes/QSO/sn1p550/AbacusSummit_base_c000_ph006/mpspk/xipoles_QSO_zp1.550_DR2_v1.0+dv_repeat.npy.
[017207.06]  01-26 19:46  compute_2pt                  INFO     Save to /pscratch/sd/s/shengyu/galaxies/catalogs/Y3/AbacusHF-v2/Boxes/QSO/sn1p550/AbacusSummit_base_c000_ph006/mpspk/xipoles_QSO_zp1.550_DR2_v1.0+dv_repeat.npy
[017210.23]  01-26 19:47  CatalogFFTPower              INFO     Painting catalog 1 to mesh CatalogMesh(nmesh=[512 512 512], boxsize=[2000. 2000. 2000.], boxcenter=[ 999.99991173 1000.00003791 1000.00005524], dtype=float64).
[017210.59]  01-26 19:47  CatalogMesh                  INFO     Slab 0 ~ 4194304 / 23389270.
[017211.73]  01-26 19:47  CatalogMesh                  INFO     Painted 4194304 out of 23389270 objects to mesh.
[017211.73]  01-26 19:47  CatalogMesh                  INFO     Slab 4194304 ~ 8388608 / 23389270.
[017212.86]  01-26 19:47  CatalogMesh                  INFO     Painted 8388608 out of 23389270 objects to mesh.
[017212.86]  01-26 19:47  CatalogMesh                  INFO     Slab 8388608 ~ 12582912 / 23389270.
[017213.99]  01-26 19:47  CatalogMesh                  INFO     Painted 12582912 out of 23389270 objects to mesh.
[017213.99]  01-26 19:47  CatalogMesh                  INFO     Slab 12582912 ~ 16777216 / 23389270.
[017215.13]  01-26 19:47  CatalogMesh                  INFO     Painted 16777216 out of 23389270 objects to mesh.
[017215.13]  01-26 19:47  CatalogMesh                  INFO     Slab 16777216 ~ 20971520 / 23389270.
[017216.34]  01-26 19:47  CatalogMesh                  INFO     Painted 20971520 out of 23389270 objects to mesh.
[017216.34]  01-26 19:47  CatalogMesh                  INFO     Slab 20971520 ~ 25165824 / 23389270.
[017217.18]  01-26 19:47  CatalogMesh                  INFO     Painted 23389270 out of 23389270 objects to mesh.
[017217.18]  01-26 19:47  CatalogMesh                  INFO     Running interlacing at order 3.
[017219.38]  01-26 19:47  CatalogMesh                  INFO     Slab 0 ~ 4194304 / 23389270.
[017220.50]  01-26 19:47  CatalogMesh                  INFO     Painted 4194304 out of 23389270 objects to mesh.
[017220.50]  01-26 19:47  CatalogMesh                  INFO     Slab 4194304 ~ 8388608 / 23389270.
[017221.63]  01-26 19:47  CatalogMesh                  INFO     Painted 8388608 out of 23389270 objects to mesh.
[017221.63]  01-26 19:47  CatalogMesh                  INFO     Slab 8388608 ~ 12582912 / 23389270.
[017222.76]  01-26 19:47  CatalogMesh                  INFO     Painted 12582912 out of 23389270 objects to mesh.
[017222.77]  01-26 19:47  CatalogMesh                  INFO     Slab 12582912 ~ 16777216 / 23389270.
[017223.89]  01-26 19:47  CatalogMesh                  INFO     Painted 16777216 out of 23389270 objects to mesh.
[017223.89]  01-26 19:47  CatalogMesh                  INFO     Slab 16777216 ~ 20971520 / 23389270.
[017225.10]  01-26 19:47  CatalogMesh                  INFO     Painted 20971520 out of 23389270 objects to mesh.
[017225.10]  01-26 19:47  CatalogMesh                  INFO     Slab 20971520 ~ 25165824 / 23389270.
[017225.93]  01-26 19:47  CatalogMesh                  INFO     Painted 23389270 out of 23389270 objects to mesh.
[017229.66]  01-26 19:47  CatalogMesh                  INFO     Slab 0 ~ 4194304 / 23389270.
[017230.79]  01-26 19:47  CatalogMesh                  INFO     Painted 4194304 out of 23389270 objects to mesh.
[017230.79]  01-26 19:47  CatalogMesh                  INFO     Slab 4194304 ~ 8388608 / 23389270.
[017231.93]  01-26 19:47  CatalogMesh                  INFO     Painted 8388608 out of 23389270 objects to mesh.
[017231.93]  01-26 19:47  CatalogMesh                  INFO     Slab 8388608 ~ 12582912 / 23389270.
[017233.06]  01-26 19:47  CatalogMesh                  INFO     Painted 12582912 out of 23389270 objects to mesh.
[017233.06]  01-26 19:47  CatalogMesh                  INFO     Slab 12582912 ~ 16777216 / 23389270.
[017234.18]  01-26 19:47  CatalogMesh                  INFO     Painted 16777216 out of 23389270 objects to mesh.
[017234.18]  01-26 19:47  CatalogMesh                  INFO     Slab 16777216 ~ 20971520 / 23389270.
[017235.39]  01-26 19:47  CatalogMesh                  INFO     Painted 20971520 out of 23389270 objects to mesh.
[017235.39]  01-26 19:47  CatalogMesh                  INFO     Slab 20971520 ~ 25165824 / 23389270.
[017236.22]  01-26 19:47  CatalogMesh                  INFO     Painted 23389270 out of 23389270 objects to mesh.
[017241.72]  01-26 19:47  CatalogFFTPower              INFO     Done painting catalog 1 to mesh.
[017241.72]  01-26 19:47  CatalogFFTPower              INFO     Using 400 k-bins between 0.000 and 0.400.
[017241.72]  01-26 19:47  CatalogFFTPower              INFO     Meshes prepared in elapsed time 31.49 s.
[017241.72]  01-26 19:47  CatalogFFTPower              INFO     Running mesh calculation.
[017258.92]  01-26 19:47  CatalogFFTPower              INFO     Mesh calculations performed in elapsed time 17.20 s.
[017258.92]  01-26 19:47  CatalogFFTPower              INFO     Power spectrum computed in elapsed time 48.69 s.
[017258.92]  01-26 19:47  CatalogFFTPower              INFO     Saving /pscratch/sd/s/shengyu/galaxies/catalogs/Y3/AbacusHF-v2/Boxes/QSO/sn1p550/AbacusSummit_base_c000_ph006/mpspk/pkpoles_QSO_zp1.550_DR2_v1.0+dv_repeat.npy.
[017258.93]  01-26 19:47  compute_2pt                  INFO     Save to /pscratch/sd/s/shengyu/galaxies/catalogs/Y3/AbacusHF-v2/Boxes/QSO/sn1p550/AbacusSummit_base_c000_ph006/mpspk/pkpoles_QSO_zp1.550_DR2_v1.0+dv_repeat.npy
[017258.93]  01-26 19:47  TwoPointCorrelationFunction  INFO     Using estimator <class 'pycorr.twopoint_estimator.NaturalTwoPointEstimator'>.
[017258.93]  01-26 19:47  TwoPointCorrelationFunction  INFO     Running auto-correlation.
[017258.93]  01-26 19:47  TwoPointCorrelationFunction  INFO     Computing two-point counts D1D2.
[017272.32]  01-26 19:48  TwoPointCorrelationFunction  INFO     Analytically computing two-point counts R1R2.
[017272.32]  01-26 19:48  TwoPointCorrelationFunction  INFO     Correlation function computed in elapsed time 13.39 s.
[017272.32]  01-26 19:48  NaturalTwoPointEstimator     INFO     Saving /pscratch/sd/s/shengyu/galaxies/catalogs/Y3/AbacusHF-v2/Boxes/QSO/sn1p550/AbacusSummit_base_c000_ph006/mpspk/mpslog_QSO_zp1.550_DR2_v1.0+dv_repeat.npy.
[017272.32]  01-26 19:48  compute_2pt                  INFO     Save to /pscratch/sd/s/shengyu/galaxies/catalogs/Y3/AbacusHF-v2/Boxes/QSO/sn1p550/AbacusSummit_base_c000_ph006/mpspk/mpslog_QSO_zp1.550_DR2_v1.0+dv_repeat.npy
[017272.32]  01-26 19:48  TwoPointCorrelationFunction  INFO     Using estimator <class 'pycorr.twopoint_estimator.NaturalTwoPointEstimator'>.
[017272.33]  01-26 19:48  TwoPointCorrelationFunction  INFO     Running auto-correlation.
[017272.33]  01-26 19:48  TwoPointCorrelationFunction  INFO     Computing two-point counts D1D2.
[017291.97]  01-26 19:48  TwoPointCorrelationFunction  INFO     Analytically computing two-point counts R1R2.
[017291.97]  01-26 19:48  TwoPointCorrelationFunction  INFO     Correlation function computed in elapsed time 19.64 s.
[017291.97]  01-26 19:48  NaturalTwoPointEstimator     INFO     Saving /pscratch/sd/s/shengyu/galaxies/catalogs/Y3/AbacusHF-v2/Boxes/QSO/sn1p550/AbacusSummit_base_c000_ph006/mpspk/wplog_QSO_zp1.550_DR2_v1.0+dv_repeat.npy.
[017291.97]  01-26 19:48  compute_2pt                  INFO     Save to /pscratch/sd/s/shengyu/galaxies/catalogs/Y3/AbacusHF-v2/Boxes/QSO/sn1p550/AbacusSummit_base_c000_ph006/mpspk/wplog_QSO_zp1.550_DR2_v1.0+dv_repeat.npy
[017291.97]  01-26 19:48  compute_2pt                  INFO     Procceed {'version': 'AbacusHF-v2', 'domain': 'cubic', 'tracer': 'QSO', 'zsnap': 1.55, 'zrange': (1.4, 1.7), 'mock_id': 7, 'use_dv': 'repeat'}
[017291.97]  01-26 19:48  cat_tools                    INFO     Load /pscratch/sd/s/shengyu/galaxies/catalogs/Y3/AbacusHF-v2/Boxes/QSO/sn1p550/AbacusSummit_base_c000_ph007/abacus_HF_QSO_1p550_DR2_v2.0_AbacusSummit_base_c000_ph007_base_clustering.dat.h5
[017291.97]  01-26 19:48  FileStack                    INFO     Reading /pscratch/sd/s/shengyu/galaxies/catalogs/Y3/AbacusHF-v2/Boxes/QSO/sn1p550/AbacusSummit_base_c000_ph007/abacus_HF_QSO_1p550_DR2_v2.0_AbacusSummit_base_c000_ph007_base_clustering.dat.h5.
[017291.98]  01-26 19:48  cat_tools                    INFO     use Z positions shifted in repeat mode
[017292.90]  01-26 19:48  TwoPointCorrelationFunction  INFO     Using estimator <class 'pycorr.twopoint_estimator.NaturalTwoPointEstimator'>.
[017292.90]  01-26 19:48  TwoPointCorrelationFunction  INFO     Running auto-correlation.
[017292.90]  01-26 19:48  TwoPointCorrelationFunction  INFO     Computing two-point counts D1D2.
[017363.26]  01-26 19:49  TwoPointCorrelationFunction  INFO     Analytically computing two-point counts R1R2.
[017363.26]  01-26 19:49  TwoPointCorrelationFunction  INFO     Correlation function computed in elapsed time 70.37 s.
[017363.27]  01-26 19:49  NaturalTwoPointEstimator     INFO     Saving /pscratch/sd/s/shengyu/galaxies/catalogs/Y3/AbacusHF-v2/Boxes/QSO/sn1p550/AbacusSummit_base_c000_ph007/mpspk/xipoles_QSO_zp1.550_DR2_v1.0+dv_repeat.npy.
[017363.27]  01-26 19:49  compute_2pt                  INFO     Save to /pscratch/sd/s/shengyu/galaxies/catalogs/Y3/AbacusHF-v2/Boxes/QSO/sn1p550/AbacusSummit_base_c000_ph007/mpspk/xipoles_QSO_zp1.550_DR2_v1.0+dv_repeat.npy
[017366.43]  01-26 19:49  CatalogFFTPower              INFO     Painting catalog 1 to mesh CatalogMesh(nmesh=[512 512 512], boxsize=[2000. 2000. 2000.], boxcenter=[999.99998402 999.99998922 999.99998134], dtype=float64).
[017366.78]  01-26 19:49  CatalogMesh                  INFO     Slab 0 ~ 4194304 / 23401997.
[017367.92]  01-26 19:49  CatalogMesh                  INFO     Painted 4194304 out of 23401997 objects to mesh.
[017367.92]  01-26 19:49  CatalogMesh                  INFO     Slab 4194304 ~ 8388608 / 23401997.
[017369.05]  01-26 19:49  CatalogMesh                  INFO     Painted 8388608 out of 23401997 objects to mesh.
[017369.05]  01-26 19:49  CatalogMesh                  INFO     Slab 8388608 ~ 12582912 / 23401997.
[017370.19]  01-26 19:49  CatalogMesh                  INFO     Painted 12582912 out of 23401997 objects to mesh.
[017370.19]  01-26 19:49  CatalogMesh                  INFO     Slab 12582912 ~ 16777216 / 23401997.
[017371.33]  01-26 19:49  CatalogMesh                  INFO     Painted 16777216 out of 23401997 objects to mesh.
[017371.33]  01-26 19:49  CatalogMesh                  INFO     Slab 16777216 ~ 20971520 / 23401997.
[017372.53]  01-26 19:49  CatalogMesh                  INFO     Painted 20971520 out of 23401997 objects to mesh.
[017372.53]  01-26 19:49  CatalogMesh                  INFO     Slab 20971520 ~ 25165824 / 23401997.
[017373.36]  01-26 19:49  CatalogMesh                  INFO     Painted 23401997 out of 23401997 objects to mesh.
[017373.37]  01-26 19:49  CatalogMesh                  INFO     Running interlacing at order 3.
[017375.56]  01-26 19:49  CatalogMesh                  INFO     Slab 0 ~ 4194304 / 23401997.
[017376.68]  01-26 19:49  CatalogMesh                  INFO     Painted 4194304 out of 23401997 objects to mesh.
[017376.68]  01-26 19:49  CatalogMesh                  INFO     Slab 4194304 ~ 8388608 / 23401997.
[017377.82]  01-26 19:49  CatalogMesh                  INFO     Painted 8388608 out of 23401997 objects to mesh.
[017377.82]  01-26 19:49  CatalogMesh                  INFO     Slab 8388608 ~ 12582912 / 23401997.
[017378.95]  01-26 19:49  CatalogMesh                  INFO     Painted 12582912 out of 23401997 objects to mesh.
[017378.95]  01-26 19:49  CatalogMesh                  INFO     Slab 12582912 ~ 16777216 / 23401997.
[017380.08]  01-26 19:49  CatalogMesh                  INFO     Painted 16777216 out of 23401997 objects to mesh.
[017380.08]  01-26 19:49  CatalogMesh                  INFO     Slab 16777216 ~ 20971520 / 23401997.
[017381.28]  01-26 19:49  CatalogMesh                  INFO     Painted 20971520 out of 23401997 objects to mesh.
[017381.28]  01-26 19:49  CatalogMesh                  INFO     Slab 20971520 ~ 25165824 / 23401997.
[017382.12]  01-26 19:49  CatalogMesh                  INFO     Painted 23401997 out of 23401997 objects to mesh.
[017385.89]  01-26 19:49  CatalogMesh                  INFO     Slab 0 ~ 4194304 / 23401997.
[017387.01]  01-26 19:49  CatalogMesh                  INFO     Painted 4194304 out of 23401997 objects to mesh.
[017387.01]  01-26 19:49  CatalogMesh                  INFO     Slab 4194304 ~ 8388608 / 23401997.
[017388.15]  01-26 19:49  CatalogMesh                  INFO     Painted 8388608 out of 23401997 objects to mesh.
[017388.15]  01-26 19:49  CatalogMesh                  INFO     Slab 8388608 ~ 12582912 / 23401997.
[017389.28]  01-26 19:50  CatalogMesh                  INFO     Painted 12582912 out of 23401997 objects to mesh.
[017389.28]  01-26 19:50  CatalogMesh                  INFO     Slab 12582912 ~ 16777216 / 23401997.
[017390.41]  01-26 19:50  CatalogMesh                  INFO     Painted 16777216 out of 23401997 objects to mesh.
[017390.41]  01-26 19:50  CatalogMesh                  INFO     Slab 16777216 ~ 20971520 / 23401997.
[017391.61]  01-26 19:50  CatalogMesh                  INFO     Painted 20971520 out of 23401997 objects to mesh.
[017391.61]  01-26 19:50  CatalogMesh                  INFO     Slab 20971520 ~ 25165824 / 23401997.
[017392.46]  01-26 19:50  CatalogMesh                  INFO     Painted 23401997 out of 23401997 objects to mesh.
[017398.00]  01-26 19:50  CatalogFFTPower              INFO     Done painting catalog 1 to mesh.
[017398.00]  01-26 19:50  CatalogFFTPower              INFO     Using 400 k-bins between 0.000 and 0.400.
[017398.00]  01-26 19:50  CatalogFFTPower              INFO     Meshes prepared in elapsed time 31.58 s.
[017398.00]  01-26 19:50  CatalogFFTPower              INFO     Running mesh calculation.
[017415.22]  01-26 19:50  CatalogFFTPower              INFO     Mesh calculations performed in elapsed time 17.21 s.
[017415.22]  01-26 19:50  CatalogFFTPower              INFO     Power spectrum computed in elapsed time 48.79 s.
[017415.22]  01-26 19:50  CatalogFFTPower              INFO     Saving /pscratch/sd/s/shengyu/galaxies/catalogs/Y3/AbacusHF-v2/Boxes/QSO/sn1p550/AbacusSummit_base_c000_ph007/mpspk/pkpoles_QSO_zp1.550_DR2_v1.0+dv_repeat.npy.
[017415.22]  01-26 19:50  compute_2pt                  INFO     Save to /pscratch/sd/s/shengyu/galaxies/catalogs/Y3/AbacusHF-v2/Boxes/QSO/sn1p550/AbacusSummit_base_c000_ph007/mpspk/pkpoles_QSO_zp1.550_DR2_v1.0+dv_repeat.npy
[017415.22]  01-26 19:50  TwoPointCorrelationFunction  INFO     Using estimator <class 'pycorr.twopoint_estimator.NaturalTwoPointEstimator'>.
[017415.22]  01-26 19:50  TwoPointCorrelationFunction  INFO     Running auto-correlation.
[017415.22]  01-26 19:50  TwoPointCorrelationFunction  INFO     Computing two-point counts D1D2.
[017431.43]  01-26 19:50  TwoPointCorrelationFunction  INFO     Analytically computing two-point counts R1R2.
[017431.43]  01-26 19:50  TwoPointCorrelationFunction  INFO     Correlation function computed in elapsed time 16.21 s.
[017431.43]  01-26 19:50  NaturalTwoPointEstimator     INFO     Saving /pscratch/sd/s/shengyu/galaxies/catalogs/Y3/AbacusHF-v2/Boxes/QSO/sn1p550/AbacusSummit_base_c000_ph007/mpspk/mpslog_QSO_zp1.550_DR2_v1.0+dv_repeat.npy.
[017431.43]  01-26 19:50  compute_2pt                  INFO     Save to /pscratch/sd/s/shengyu/galaxies/catalogs/Y3/AbacusHF-v2/Boxes/QSO/sn1p550/AbacusSummit_base_c000_ph007/mpspk/mpslog_QSO_zp1.550_DR2_v1.0+dv_repeat.npy
[017431.43]  01-26 19:50  TwoPointCorrelationFunction  INFO     Using estimator <class 'pycorr.twopoint_estimator.NaturalTwoPointEstimator'>.
[017431.44]  01-26 19:50  TwoPointCorrelationFunction  INFO     Running auto-correlation.
[017431.44]  01-26 19:50  TwoPointCorrelationFunction  INFO     Computing two-point counts D1D2.
[017451.06]  01-26 19:51  TwoPointCorrelationFunction  INFO     Analytically computing two-point counts R1R2.
[017451.07]  01-26 19:51  TwoPointCorrelationFunction  INFO     Correlation function computed in elapsed time 19.63 s.
[017451.07]  01-26 19:51  NaturalTwoPointEstimator     INFO     Saving /pscratch/sd/s/shengyu/galaxies/catalogs/Y3/AbacusHF-v2/Boxes/QSO/sn1p550/AbacusSummit_base_c000_ph007/mpspk/wplog_QSO_zp1.550_DR2_v1.0+dv_repeat.npy.
[017451.07]  01-26 19:51  compute_2pt                  INFO     Save to /pscratch/sd/s/shengyu/galaxies/catalogs/Y3/AbacusHF-v2/Boxes/QSO/sn1p550/AbacusSummit_base_c000_ph007/mpspk/wplog_QSO_zp1.550_DR2_v1.0+dv_repeat.npy
[017451.07]  01-26 19:51  compute_2pt                  INFO     Procceed {'version': 'AbacusHF-v2', 'domain': 'cubic', 'tracer': 'QSO', 'zsnap': 1.55, 'zrange': (1.4, 1.7), 'mock_id': 8, 'use_dv': 'repeat'}
[017451.07]  01-26 19:51  cat_tools                    INFO     Load /pscratch/sd/s/shengyu/galaxies/catalogs/Y3/AbacusHF-v2/Boxes/QSO/sn1p550/AbacusSummit_base_c000_ph008/abacus_HF_QSO_1p550_DR2_v2.0_AbacusSummit_base_c000_ph008_base_clustering.dat.h5
[017451.07]  01-26 19:51  FileStack                    INFO     Reading /pscratch/sd/s/shengyu/galaxies/catalogs/Y3/AbacusHF-v2/Boxes/QSO/sn1p550/AbacusSummit_base_c000_ph008/abacus_HF_QSO_1p550_DR2_v2.0_AbacusSummit_base_c000_ph008_base_clustering.dat.h5.
[017451.08]  01-26 19:51  cat_tools                    INFO     use Z positions shifted in repeat mode
[017452.05]  01-26 19:51  TwoPointCorrelationFunction  INFO     Using estimator <class 'pycorr.twopoint_estimator.NaturalTwoPointEstimator'>.
[017452.05]  01-26 19:51  TwoPointCorrelationFunction  INFO     Running auto-correlation.
[017452.05]  01-26 19:51  TwoPointCorrelationFunction  INFO     Computing two-point counts D1D2.
[017521.87]  01-26 19:52  TwoPointCorrelationFunction  INFO     Analytically computing two-point counts R1R2.
[017521.87]  01-26 19:52  TwoPointCorrelationFunction  INFO     Correlation function computed in elapsed time 69.82 s.
[017521.87]  01-26 19:52  NaturalTwoPointEstimator     INFO     Saving /pscratch/sd/s/shengyu/galaxies/catalogs/Y3/AbacusHF-v2/Boxes/QSO/sn1p550/AbacusSummit_base_c000_ph008/mpspk/xipoles_QSO_zp1.550_DR2_v1.0+dv_repeat.npy.
[017521.88]  01-26 19:52  compute_2pt                  INFO     Save to /pscratch/sd/s/shengyu/galaxies/catalogs/Y3/AbacusHF-v2/Boxes/QSO/sn1p550/AbacusSummit_base_c000_ph008/mpspk/xipoles_QSO_zp1.550_DR2_v1.0+dv_repeat.npy
[017525.04]  01-26 19:52  CatalogFFTPower              INFO     Painting catalog 1 to mesh CatalogMesh(nmesh=[512 512 512], boxsize=[2000. 2000. 2000.], boxcenter=[ 999.99999596 1000.00000533  999.99997486], dtype=float64).
[017525.39]  01-26 19:52  CatalogMesh                  INFO     Slab 0 ~ 4194304 / 23356790.
[017526.53]  01-26 19:52  CatalogMesh                  INFO     Painted 4194304 out of 23356790 objects to mesh.
[017526.53]  01-26 19:52  CatalogMesh                  INFO     Slab 4194304 ~ 8388608 / 23356790.
[017527.67]  01-26 19:52  CatalogMesh                  INFO     Painted 8388608 out of 23356790 objects to mesh.
[017527.67]  01-26 19:52  CatalogMesh                  INFO     Slab 8388608 ~ 12582912 / 23356790.
[017528.80]  01-26 19:52  CatalogMesh                  INFO     Painted 12582912 out of 23356790 objects to mesh.
[017528.80]  01-26 19:52  CatalogMesh                  INFO     Slab 12582912 ~ 16777216 / 23356790.
[017529.93]  01-26 19:52  CatalogMesh                  INFO     Painted 16777216 out of 23356790 objects to mesh.
[017529.93]  01-26 19:52  CatalogMesh                  INFO     Slab 16777216 ~ 20971520 / 23356790.
[017531.14]  01-26 19:52  CatalogMesh                  INFO     Painted 20971520 out of 23356790 objects to mesh.
[017531.14]  01-26 19:52  CatalogMesh                  INFO     Slab 20971520 ~ 25165824 / 23356790.
[017531.96]  01-26 19:52  CatalogMesh                  INFO     Painted 23356790 out of 23356790 objects to mesh.
[017531.97]  01-26 19:52  CatalogMesh                  INFO     Running interlacing at order 3.
[017534.17]  01-26 19:52  CatalogMesh                  INFO     Slab 0 ~ 4194304 / 23356790.
[017535.30]  01-26 19:52  CatalogMesh                  INFO     Painted 4194304 out of 23356790 objects to mesh.
[017535.30]  01-26 19:52  CatalogMesh                  INFO     Slab 4194304 ~ 8388608 / 23356790.
[017536.43]  01-26 19:52  CatalogMesh                  INFO     Painted 8388608 out of 23356790 objects to mesh.
[017536.43]  01-26 19:52  CatalogMesh                  INFO     Slab 8388608 ~ 12582912 / 23356790.
[017537.57]  01-26 19:52  CatalogMesh                  INFO     Painted 12582912 out of 23356790 objects to mesh.
[017537.57]  01-26 19:52  CatalogMesh                  INFO     Slab 12582912 ~ 16777216 / 23356790.
[017538.70]  01-26 19:52  CatalogMesh                  INFO     Painted 16777216 out of 23356790 objects to mesh.
[017538.70]  01-26 19:52  CatalogMesh                  INFO     Slab 16777216 ~ 20971520 / 23356790.
[017539.91]  01-26 19:52  CatalogMesh                  INFO     Painted 20971520 out of 23356790 objects to mesh.
[017539.91]  01-26 19:52  CatalogMesh                  INFO     Slab 20971520 ~ 25165824 / 23356790.
[017540.73]  01-26 19:52  CatalogMesh                  INFO     Painted 23356790 out of 23356790 objects to mesh.
[017544.48]  01-26 19:52  CatalogMesh                  INFO     Slab 0 ~ 4194304 / 23356790.
[017545.61]  01-26 19:52  CatalogMesh                  INFO     Painted 4194304 out of 23356790 objects to mesh.
[017545.61]  01-26 19:52  CatalogMesh                  INFO     Slab 4194304 ~ 8388608 / 23356790.
[017546.75]  01-26 19:52  CatalogMesh                  INFO     Painted 8388608 out of 23356790 objects to mesh.
[017546.75]  01-26 19:52  CatalogMesh                  INFO     Slab 8388608 ~ 12582912 / 23356790.
[017547.88]  01-26 19:52  CatalogMesh                  INFO     Painted 12582912 out of 23356790 objects to mesh.
[017547.88]  01-26 19:52  CatalogMesh                  INFO     Slab 12582912 ~ 16777216 / 23356790.
[017549.00]  01-26 19:52  CatalogMesh                  INFO     Painted 16777216 out of 23356790 objects to mesh.
[017549.00]  01-26 19:52  CatalogMesh                  INFO     Slab 16777216 ~ 20971520 / 23356790.
[017550.21]  01-26 19:52  CatalogMesh                  INFO     Painted 20971520 out of 23356790 objects to mesh.
[017550.21]  01-26 19:52  CatalogMesh                  INFO     Slab 20971520 ~ 25165824 / 23356790.
[017551.04]  01-26 19:52  CatalogMesh                  INFO     Painted 23356790 out of 23356790 objects to mesh.
[017556.57]  01-26 19:52  CatalogFFTPower              INFO     Done painting catalog 1 to mesh.
[017556.57]  01-26 19:52  CatalogFFTPower              INFO     Using 400 k-bins between 0.000 and 0.400.
[017556.57]  01-26 19:52  CatalogFFTPower              INFO     Meshes prepared in elapsed time 31.53 s.
[017556.57]  01-26 19:52  CatalogFFTPower              INFO     Running mesh calculation.
[017573.94]  01-26 19:53  CatalogFFTPower              INFO     Mesh calculations performed in elapsed time 17.37 s.
[017573.94]  01-26 19:53  CatalogFFTPower              INFO     Power spectrum computed in elapsed time 48.91 s.
[017573.95]  01-26 19:53  CatalogFFTPower              INFO     Saving /pscratch/sd/s/shengyu/galaxies/catalogs/Y3/AbacusHF-v2/Boxes/QSO/sn1p550/AbacusSummit_base_c000_ph008/mpspk/pkpoles_QSO_zp1.550_DR2_v1.0+dv_repeat.npy.
[017573.95]  01-26 19:53  compute_2pt                  INFO     Save to /pscratch/sd/s/shengyu/galaxies/catalogs/Y3/AbacusHF-v2/Boxes/QSO/sn1p550/AbacusSummit_base_c000_ph008/mpspk/pkpoles_QSO_zp1.550_DR2_v1.0+dv_repeat.npy
[017573.95]  01-26 19:53  TwoPointCorrelationFunction  INFO     Using estimator <class 'pycorr.twopoint_estimator.NaturalTwoPointEstimator'>.
[017573.95]  01-26 19:53  TwoPointCorrelationFunction  INFO     Running auto-correlation.
[017573.95]  01-26 19:53  TwoPointCorrelationFunction  INFO     Computing two-point counts D1D2.
[017590.46]  01-26 19:53  TwoPointCorrelationFunction  INFO     Analytically computing two-point counts R1R2.
[017590.46]  01-26 19:53  TwoPointCorrelationFunction  INFO     Correlation function computed in elapsed time 16.51 s.
[017590.46]  01-26 19:53  NaturalTwoPointEstimator     INFO     Saving /pscratch/sd/s/shengyu/galaxies/catalogs/Y3/AbacusHF-v2/Boxes/QSO/sn1p550/AbacusSummit_base_c000_ph008/mpspk/mpslog_QSO_zp1.550_DR2_v1.0+dv_repeat.npy.
[017590.46]  01-26 19:53  compute_2pt                  INFO     Save to /pscratch/sd/s/shengyu/galaxies/catalogs/Y3/AbacusHF-v2/Boxes/QSO/sn1p550/AbacusSummit_base_c000_ph008/mpspk/mpslog_QSO_zp1.550_DR2_v1.0+dv_repeat.npy
[017590.46]  01-26 19:53  TwoPointCorrelationFunction  INFO     Using estimator <class 'pycorr.twopoint_estimator.NaturalTwoPointEstimator'>.
[017590.46]  01-26 19:53  TwoPointCorrelationFunction  INFO     Running auto-correlation.
[017590.46]  01-26 19:53  TwoPointCorrelationFunction  INFO     Computing two-point counts D1D2.
[017610.02]  01-26 19:53  TwoPointCorrelationFunction  INFO     Analytically computing two-point counts R1R2.
[017610.02]  01-26 19:53  TwoPointCorrelationFunction  INFO     Correlation function computed in elapsed time 19.56 s.
[017610.02]  01-26 19:53  NaturalTwoPointEstimator     INFO     Saving /pscratch/sd/s/shengyu/galaxies/catalogs/Y3/AbacusHF-v2/Boxes/QSO/sn1p550/AbacusSummit_base_c000_ph008/mpspk/wplog_QSO_zp1.550_DR2_v1.0+dv_repeat.npy.
[017610.03]  01-26 19:53  compute_2pt                  INFO     Save to /pscratch/sd/s/shengyu/galaxies/catalogs/Y3/AbacusHF-v2/Boxes/QSO/sn1p550/AbacusSummit_base_c000_ph008/mpspk/wplog_QSO_zp1.550_DR2_v1.0+dv_repeat.npy
[017610.03]  01-26 19:53  compute_2pt                  INFO     Procceed {'version': 'AbacusHF-v2', 'domain': 'cubic', 'tracer': 'QSO', 'zsnap': 1.55, 'zrange': (1.4, 1.7), 'mock_id': 9, 'use_dv': 'repeat'}
[017610.03]  01-26 19:53  cat_tools                    INFO     Load /pscratch/sd/s/shengyu/galaxies/catalogs/Y3/AbacusHF-v2/Boxes/QSO/sn1p550/AbacusSummit_base_c000_ph009/abacus_HF_QSO_1p550_DR2_v2.0_AbacusSummit_base_c000_ph009_base_clustering.dat.h5
[017610.03]  01-26 19:53  FileStack                    INFO     Reading /pscratch/sd/s/shengyu/galaxies/catalogs/Y3/AbacusHF-v2/Boxes/QSO/sn1p550/AbacusSummit_base_c000_ph009/abacus_HF_QSO_1p550_DR2_v2.0_AbacusSummit_base_c000_ph009_base_clustering.dat.h5.
[017610.03]  01-26 19:53  cat_tools                    INFO     use Z positions shifted in repeat mode
[017611.03]  01-26 19:53  TwoPointCorrelationFunction  INFO     Using estimator <class 'pycorr.twopoint_estimator.NaturalTwoPointEstimator'>.
[017611.03]  01-26 19:53  TwoPointCorrelationFunction  INFO     Running auto-correlation.
[017611.03]  01-26 19:53  TwoPointCorrelationFunction  INFO     Computing two-point counts D1D2.
[017680.62]  01-26 19:54  TwoPointCorrelationFunction  INFO     Analytically computing two-point counts R1R2.
[017680.62]  01-26 19:54  TwoPointCorrelationFunction  INFO     Correlation function computed in elapsed time 69.59 s.
[017680.62]  01-26 19:54  NaturalTwoPointEstimator     INFO     Saving /pscratch/sd/s/shengyu/galaxies/catalogs/Y3/AbacusHF-v2/Boxes/QSO/sn1p550/AbacusSummit_base_c000_ph009/mpspk/xipoles_QSO_zp1.550_DR2_v1.0+dv_repeat.npy.
[017680.63]  01-26 19:54  compute_2pt                  INFO     Save to /pscratch/sd/s/shengyu/galaxies/catalogs/Y3/AbacusHF-v2/Boxes/QSO/sn1p550/AbacusSummit_base_c000_ph009/mpspk/xipoles_QSO_zp1.550_DR2_v1.0+dv_repeat.npy
[017683.79]  01-26 19:54  CatalogFFTPower              INFO     Painting catalog 1 to mesh CatalogMesh(nmesh=[512 512 512], boxsize=[2000. 2000. 2000.], boxcenter=[1000.00003269  999.99998144 1000.00000534], dtype=float64).
[017684.15]  01-26 19:54  CatalogMesh                  INFO     Slab 0 ~ 4194304 / 23346806.
[017685.30]  01-26 19:54  CatalogMesh                  INFO     Painted 4194304 out of 23346806 objects to mesh.
[017685.30]  01-26 19:54  CatalogMesh                  INFO     Slab 4194304 ~ 8388608 / 23346806.
[017686.43]  01-26 19:54  CatalogMesh                  INFO     Painted 8388608 out of 23346806 objects to mesh.
[017686.43]  01-26 19:54  CatalogMesh                  INFO     Slab 8388608 ~ 12582912 / 23346806.
[017687.57]  01-26 19:54  CatalogMesh                  INFO     Painted 12582912 out of 23346806 objects to mesh.
[017687.57]  01-26 19:54  CatalogMesh                  INFO     Slab 12582912 ~ 16777216 / 23346806.
[017688.69]  01-26 19:55  CatalogMesh                  INFO     Painted 16777216 out of 23346806 objects to mesh.
[017688.69]  01-26 19:55  CatalogMesh                  INFO     Slab 16777216 ~ 20971520 / 23346806.
[017689.90]  01-26 19:55  CatalogMesh                  INFO     Painted 20971520 out of 23346806 objects to mesh.
[017689.90]  01-26 19:55  CatalogMesh                  INFO     Slab 20971520 ~ 25165824 / 23346806.
[017690.72]  01-26 19:55  CatalogMesh                  INFO     Painted 23346806 out of 23346806 objects to mesh.
[017690.72]  01-26 19:55  CatalogMesh                  INFO     Running interlacing at order 3.
[017692.92]  01-26 19:55  CatalogMesh                  INFO     Slab 0 ~ 4194304 / 23346806.
[017694.05]  01-26 19:55  CatalogMesh                  INFO     Painted 4194304 out of 23346806 objects to mesh.
[017694.05]  01-26 19:55  CatalogMesh                  INFO     Slab 4194304 ~ 8388608 / 23346806.
[017695.18]  01-26 19:55  CatalogMesh                  INFO     Painted 8388608 out of 23346806 objects to mesh.
[017695.18]  01-26 19:55  CatalogMesh                  INFO     Slab 8388608 ~ 12582912 / 23346806.
[017696.31]  01-26 19:55  CatalogMesh                  INFO     Painted 12582912 out of 23346806 objects to mesh.
[017696.31]  01-26 19:55  CatalogMesh                  INFO     Slab 12582912 ~ 16777216 / 23346806.
[017697.45]  01-26 19:55  CatalogMesh                  INFO     Painted 16777216 out of 23346806 objects to mesh.
[017697.45]  01-26 19:55  CatalogMesh                  INFO     Slab 16777216 ~ 20971520 / 23346806.
[017698.67]  01-26 19:55  CatalogMesh                  INFO     Painted 20971520 out of 23346806 objects to mesh.
[017698.67]  01-26 19:55  CatalogMesh                  INFO     Slab 20971520 ~ 25165824 / 23346806.
[017699.49]  01-26 19:55  CatalogMesh                  INFO     Painted 23346806 out of 23346806 objects to mesh.
[017703.23]  01-26 19:55  CatalogMesh                  INFO     Slab 0 ~ 4194304 / 23346806.
[017704.35]  01-26 19:55  CatalogMesh                  INFO     Painted 4194304 out of 23346806 objects to mesh.
[017704.35]  01-26 19:55  CatalogMesh                  INFO     Slab 4194304 ~ 8388608 / 23346806.
[017705.48]  01-26 19:55  CatalogMesh                  INFO     Painted 8388608 out of 23346806 objects to mesh.
[017705.48]  01-26 19:55  CatalogMesh                  INFO     Slab 8388608 ~ 12582912 / 23346806.
[017706.60]  01-26 19:55  CatalogMesh                  INFO     Painted 12582912 out of 23346806 objects to mesh.
[017706.60]  01-26 19:55  CatalogMesh                  INFO     Slab 12582912 ~ 16777216 / 23346806.
[017707.73]  01-26 19:55  CatalogMesh                  INFO     Painted 16777216 out of 23346806 objects to mesh.
[017707.73]  01-26 19:55  CatalogMesh                  INFO     Slab 16777216 ~ 20971520 / 23346806.
[017708.94]  01-26 19:55  CatalogMesh                  INFO     Painted 20971520 out of 23346806 objects to mesh.
[017708.94]  01-26 19:55  CatalogMesh                  INFO     Slab 20971520 ~ 25165824 / 23346806.
[017709.76]  01-26 19:55  CatalogMesh                  INFO     Painted 23346806 out of 23346806 objects to mesh.
[017715.29]  01-26 19:55  CatalogFFTPower              INFO     Done painting catalog 1 to mesh.
[017715.29]  01-26 19:55  CatalogFFTPower              INFO     Using 400 k-bins between 0.000 and 0.400.
[017715.29]  01-26 19:55  CatalogFFTPower              INFO     Meshes prepared in elapsed time 31.50 s.
[017715.29]  01-26 19:55  CatalogFFTPower              INFO     Running mesh calculation.
[017732.53]  01-26 19:55  CatalogFFTPower              INFO     Mesh calculations performed in elapsed time 17.24 s.
[017732.53]  01-26 19:55  CatalogFFTPower              INFO     Power spectrum computed in elapsed time 48.74 s.
[017732.54]  01-26 19:55  CatalogFFTPower              INFO     Saving /pscratch/sd/s/shengyu/galaxies/catalogs/Y3/AbacusHF-v2/Boxes/QSO/sn1p550/AbacusSummit_base_c000_ph009/mpspk/pkpoles_QSO_zp1.550_DR2_v1.0+dv_repeat.npy.
[017732.54]  01-26 19:55  compute_2pt                  INFO     Save to /pscratch/sd/s/shengyu/galaxies/catalogs/Y3/AbacusHF-v2/Boxes/QSO/sn1p550/AbacusSummit_base_c000_ph009/mpspk/pkpoles_QSO_zp1.550_DR2_v1.0+dv_repeat.npy
[017732.54]  01-26 19:55  TwoPointCorrelationFunction  INFO     Using estimator <class 'pycorr.twopoint_estimator.NaturalTwoPointEstimator'>.
[017732.54]  01-26 19:55  TwoPointCorrelationFunction  INFO     Running auto-correlation.
[017732.54]  01-26 19:55  TwoPointCorrelationFunction  INFO     Computing two-point counts D1D2.
[017748.01]  01-26 19:55  TwoPointCorrelationFunction  INFO     Analytically computing two-point counts R1R2.
[017748.01]  01-26 19:55  TwoPointCorrelationFunction  INFO     Correlation function computed in elapsed time 15.47 s.
[017748.01]  01-26 19:55  NaturalTwoPointEstimator     INFO     Saving /pscratch/sd/s/shengyu/galaxies/catalogs/Y3/AbacusHF-v2/Boxes/QSO/sn1p550/AbacusSummit_base_c000_ph009/mpspk/mpslog_QSO_zp1.550_DR2_v1.0+dv_repeat.npy.
[017748.01]  01-26 19:55  compute_2pt                  INFO     Save to /pscratch/sd/s/shengyu/galaxies/catalogs/Y3/AbacusHF-v2/Boxes/QSO/sn1p550/AbacusSummit_base_c000_ph009/mpspk/mpslog_QSO_zp1.550_DR2_v1.0+dv_repeat.npy
[017748.01]  01-26 19:55  TwoPointCorrelationFunction  INFO     Using estimator <class 'pycorr.twopoint_estimator.NaturalTwoPointEstimator'>.
[017748.01]  01-26 19:55  TwoPointCorrelationFunction  INFO     Running auto-correlation.
[017748.01]  01-26 19:55  TwoPointCorrelationFunction  INFO     Computing two-point counts D1D2.
[017767.68]  01-26 19:56  TwoPointCorrelationFunction  INFO     Analytically computing two-point counts R1R2.
[017767.68]  01-26 19:56  TwoPointCorrelationFunction  INFO     Correlation function computed in elapsed time 19.66 s.
[017767.68]  01-26 19:56  NaturalTwoPointEstimator     INFO     Saving /pscratch/sd/s/shengyu/galaxies/catalogs/Y3/AbacusHF-v2/Boxes/QSO/sn1p550/AbacusSummit_base_c000_ph009/mpspk/wplog_QSO_zp1.550_DR2_v1.0+dv_repeat.npy.
[017767.68]  01-26 19:56  compute_2pt                  INFO     Save to /pscratch/sd/s/shengyu/galaxies/catalogs/Y3/AbacusHF-v2/Boxes/QSO/sn1p550/AbacusSummit_base_c000_ph009/mpspk/wplog_QSO_zp1.550_DR2_v1.0+dv_repeat.npy
[017767.68]  01-26 19:56  compute_2pt                  INFO     Procceed {'version': 'AbacusHF-v2', 'domain': 'cubic', 'tracer': 'QSO', 'zsnap': 1.55, 'zrange': (1.4, 1.7), 'mock_id': 10, 'use_dv': 'repeat'}
[017767.68]  01-26 19:56  cat_tools                    INFO     Load /pscratch/sd/s/shengyu/galaxies/catalogs/Y3/AbacusHF-v2/Boxes/QSO/sn1p550/AbacusSummit_base_c000_ph010/abacus_HF_QSO_1p550_DR2_v2.0_AbacusSummit_base_c000_ph010_base_clustering.dat.h5
[017767.68]  01-26 19:56  FileStack                    INFO     Reading /pscratch/sd/s/shengyu/galaxies/catalogs/Y3/AbacusHF-v2/Boxes/QSO/sn1p550/AbacusSummit_base_c000_ph010/abacus_HF_QSO_1p550_DR2_v2.0_AbacusSummit_base_c000_ph010_base_clustering.dat.h5.
[017767.69]  01-26 19:56  cat_tools                    INFO     use Z positions shifted in repeat mode
[017768.61]  01-26 19:56  TwoPointCorrelationFunction  INFO     Using estimator <class 'pycorr.twopoint_estimator.NaturalTwoPointEstimator'>.
[017768.61]  01-26 19:56  TwoPointCorrelationFunction  INFO     Running auto-correlation.
[017768.61]  01-26 19:56  TwoPointCorrelationFunction  INFO     Computing two-point counts D1D2.
[017840.84]  01-26 19:57  TwoPointCorrelationFunction  INFO     Analytically computing two-point counts R1R2.
[017840.84]  01-26 19:57  TwoPointCorrelationFunction  INFO     Correlation function computed in elapsed time 72.23 s.
[017840.84]  01-26 19:57  NaturalTwoPointEstimator     INFO     Saving /pscratch/sd/s/shengyu/galaxies/catalogs/Y3/AbacusHF-v2/Boxes/QSO/sn1p550/AbacusSummit_base_c000_ph010/mpspk/xipoles_QSO_zp1.550_DR2_v1.0+dv_repeat.npy.
[017840.85]  01-26 19:57  compute_2pt                  INFO     Save to /pscratch/sd/s/shengyu/galaxies/catalogs/Y3/AbacusHF-v2/Boxes/QSO/sn1p550/AbacusSummit_base_c000_ph010/mpspk/xipoles_QSO_zp1.550_DR2_v1.0+dv_repeat.npy
[017844.01]  01-26 19:57  CatalogFFTPower              INFO     Painting catalog 1 to mesh CatalogMesh(nmesh=[512 512 512], boxsize=[2000. 2000. 2000.], boxcenter=[ 999.99998341 1000.00003628 1000.00005348], dtype=float64).
[017844.36]  01-26 19:57  CatalogMesh                  INFO     Slab 0 ~ 4194304 / 23407114.
[017845.51]  01-26 19:57  CatalogMesh                  INFO     Painted 4194304 out of 23407114 objects to mesh.
[017845.51]  01-26 19:57  CatalogMesh                  INFO     Slab 4194304 ~ 8388608 / 23407114.
[017846.63]  01-26 19:57  CatalogMesh                  INFO     Painted 8388608 out of 23407114 objects to mesh.
[017846.63]  01-26 19:57  CatalogMesh                  INFO     Slab 8388608 ~ 12582912 / 23407114.
[017847.76]  01-26 19:57  CatalogMesh                  INFO     Painted 12582912 out of 23407114 objects to mesh.
[017847.76]  01-26 19:57  CatalogMesh                  INFO     Slab 12582912 ~ 16777216 / 23407114.
[017848.88]  01-26 19:57  CatalogMesh                  INFO     Painted 16777216 out of 23407114 objects to mesh.
[017848.88]  01-26 19:57  CatalogMesh                  INFO     Slab 16777216 ~ 20971520 / 23407114.
[017850.09]  01-26 19:57  CatalogMesh                  INFO     Painted 20971520 out of 23407114 objects to mesh.
[017850.09]  01-26 19:57  CatalogMesh                  INFO     Slab 20971520 ~ 25165824 / 23407114.
[017850.93]  01-26 19:57  CatalogMesh                  INFO     Painted 23407114 out of 23407114 objects to mesh.
[017850.93]  01-26 19:57  CatalogMesh                  INFO     Running interlacing at order 3.
[017853.12]  01-26 19:57  CatalogMesh                  INFO     Slab 0 ~ 4194304 / 23407114.
[017854.24]  01-26 19:57  CatalogMesh                  INFO     Painted 4194304 out of 23407114 objects to mesh.
[017854.25]  01-26 19:57  CatalogMesh                  INFO     Slab 4194304 ~ 8388608 / 23407114.
[017855.37]  01-26 19:57  CatalogMesh                  INFO     Painted 8388608 out of 23407114 objects to mesh.
[017855.37]  01-26 19:57  CatalogMesh                  INFO     Slab 8388608 ~ 12582912 / 23407114.
[017856.50]  01-26 19:57  CatalogMesh                  INFO     Painted 12582912 out of 23407114 objects to mesh.
[017856.50]  01-26 19:57  CatalogMesh                  INFO     Slab 12582912 ~ 16777216 / 23407114.
[017857.63]  01-26 19:57  CatalogMesh                  INFO     Painted 16777216 out of 23407114 objects to mesh.
[017857.63]  01-26 19:57  CatalogMesh                  INFO     Slab 16777216 ~ 20971520 / 23407114.
[017858.83]  01-26 19:57  CatalogMesh                  INFO     Painted 20971520 out of 23407114 objects to mesh.
[017858.83]  01-26 19:57  CatalogMesh                  INFO     Slab 20971520 ~ 25165824 / 23407114.
[017859.67]  01-26 19:57  CatalogMesh                  INFO     Painted 23407114 out of 23407114 objects to mesh.
[017863.42]  01-26 19:57  CatalogMesh                  INFO     Slab 0 ~ 4194304 / 23407114.
[017864.54]  01-26 19:57  CatalogMesh                  INFO     Painted 4194304 out of 23407114 objects to mesh.
[017864.54]  01-26 19:57  CatalogMesh                  INFO     Slab 4194304 ~ 8388608 / 23407114.
[017865.68]  01-26 19:57  CatalogMesh                  INFO     Painted 8388608 out of 23407114 objects to mesh.
[017865.68]  01-26 19:57  CatalogMesh                  INFO     Slab 8388608 ~ 12582912 / 23407114.
[017866.80]  01-26 19:57  CatalogMesh                  INFO     Painted 12582912 out of 23407114 objects to mesh.
[017866.80]  01-26 19:57  CatalogMesh                  INFO     Slab 12582912 ~ 16777216 / 23407114.
[017867.93]  01-26 19:57  CatalogMesh                  INFO     Painted 16777216 out of 23407114 objects to mesh.
[017867.93]  01-26 19:57  CatalogMesh                  INFO     Slab 16777216 ~ 20971520 / 23407114.
[017869.14]  01-26 19:58  CatalogMesh                  INFO     Painted 20971520 out of 23407114 objects to mesh.
[017869.14]  01-26 19:58  CatalogMesh                  INFO     Slab 20971520 ~ 25165824 / 23407114.
[017869.98]  01-26 19:58  CatalogMesh                  INFO     Painted 23407114 out of 23407114 objects to mesh.
[017875.50]  01-26 19:58  CatalogFFTPower              INFO     Done painting catalog 1 to mesh.
[017875.50]  01-26 19:58  CatalogFFTPower              INFO     Using 400 k-bins between 0.000 and 0.400.
[017875.50]  01-26 19:58  CatalogFFTPower              INFO     Meshes prepared in elapsed time 31.49 s.
[017875.50]  01-26 19:58  CatalogFFTPower              INFO     Running mesh calculation.
[017892.78]  01-26 19:58  CatalogFFTPower              INFO     Mesh calculations performed in elapsed time 17.28 s.
[017892.78]  01-26 19:58  CatalogFFTPower              INFO     Power spectrum computed in elapsed time 48.77 s.
[017892.78]  01-26 19:58  CatalogFFTPower              INFO     Saving /pscratch/sd/s/shengyu/galaxies/catalogs/Y3/AbacusHF-v2/Boxes/QSO/sn1p550/AbacusSummit_base_c000_ph010/mpspk/pkpoles_QSO_zp1.550_DR2_v1.0+dv_repeat.npy.
[017892.79]  01-26 19:58  compute_2pt                  INFO     Save to /pscratch/sd/s/shengyu/galaxies/catalogs/Y3/AbacusHF-v2/Boxes/QSO/sn1p550/AbacusSummit_base_c000_ph010/mpspk/pkpoles_QSO_zp1.550_DR2_v1.0+dv_repeat.npy
[017892.79]  01-26 19:58  TwoPointCorrelationFunction  INFO     Using estimator <class 'pycorr.twopoint_estimator.NaturalTwoPointEstimator'>.
[017892.79]  01-26 19:58  TwoPointCorrelationFunction  INFO     Running auto-correlation.
[017892.79]  01-26 19:58  TwoPointCorrelationFunction  INFO     Computing two-point counts D1D2.
[017909.15]  01-26 19:58  TwoPointCorrelationFunction  INFO     Analytically computing two-point counts R1R2.
[017909.15]  01-26 19:58  TwoPointCorrelationFunction  INFO     Correlation function computed in elapsed time 16.36 s.
[017909.15]  01-26 19:58  NaturalTwoPointEstimator     INFO     Saving /pscratch/sd/s/shengyu/galaxies/catalogs/Y3/AbacusHF-v2/Boxes/QSO/sn1p550/AbacusSummit_base_c000_ph010/mpspk/mpslog_QSO_zp1.550_DR2_v1.0+dv_repeat.npy.
[017909.16]  01-26 19:58  compute_2pt                  INFO     Save to /pscratch/sd/s/shengyu/galaxies/catalogs/Y3/AbacusHF-v2/Boxes/QSO/sn1p550/AbacusSummit_base_c000_ph010/mpspk/mpslog_QSO_zp1.550_DR2_v1.0+dv_repeat.npy
[017909.16]  01-26 19:58  TwoPointCorrelationFunction  INFO     Using estimator <class 'pycorr.twopoint_estimator.NaturalTwoPointEstimator'>.
[017909.16]  01-26 19:58  TwoPointCorrelationFunction  INFO     Running auto-correlation.
[017909.16]  01-26 19:58  TwoPointCorrelationFunction  INFO     Computing two-point counts D1D2.
[017928.80]  01-26 19:59  TwoPointCorrelationFunction  INFO     Analytically computing two-point counts R1R2.
[017928.80]  01-26 19:59  TwoPointCorrelationFunction  INFO     Correlation function computed in elapsed time 19.65 s.
[017928.80]  01-26 19:59  NaturalTwoPointEstimator     INFO     Saving /pscratch/sd/s/shengyu/galaxies/catalogs/Y3/AbacusHF-v2/Boxes/QSO/sn1p550/AbacusSummit_base_c000_ph010/mpspk/wplog_QSO_zp1.550_DR2_v1.0+dv_repeat.npy.
[017928.81]  01-26 19:59  compute_2pt                  INFO     Save to /pscratch/sd/s/shengyu/galaxies/catalogs/Y3/AbacusHF-v2/Boxes/QSO/sn1p550/AbacusSummit_base_c000_ph010/mpspk/wplog_QSO_zp1.550_DR2_v1.0+dv_repeat.npy
[017928.81]  01-26 19:59  compute_2pt                  INFO     Procceed {'version': 'AbacusHF-v2', 'domain': 'cubic', 'tracer': 'QSO', 'zsnap': 1.55, 'zrange': (1.4, 1.7), 'mock_id': 11, 'use_dv': 'repeat'}
[017928.81]  01-26 19:59  cat_tools                    INFO     Load /pscratch/sd/s/shengyu/galaxies/catalogs/Y3/AbacusHF-v2/Boxes/QSO/sn1p550/AbacusSummit_base_c000_ph011/abacus_HF_QSO_1p550_DR2_v2.0_AbacusSummit_base_c000_ph011_base_clustering.dat.h5
[017928.81]  01-26 19:59  FileStack                    INFO     Reading /pscratch/sd/s/shengyu/galaxies/catalogs/Y3/AbacusHF-v2/Boxes/QSO/sn1p550/AbacusSummit_base_c000_ph011/abacus_HF_QSO_1p550_DR2_v2.0_AbacusSummit_base_c000_ph011_base_clustering.dat.h5.
[017928.81]  01-26 19:59  cat_tools                    INFO     use Z positions shifted in repeat mode
[017929.73]  01-26 19:59  TwoPointCorrelationFunction  INFO     Using estimator <class 'pycorr.twopoint_estimator.NaturalTwoPointEstimator'>.
[017929.73]  01-26 19:59  TwoPointCorrelationFunction  INFO     Running auto-correlation.
[017929.73]  01-26 19:59  TwoPointCorrelationFunction  INFO     Computing two-point counts D1D2.
[017999.06]  01-26 20:00  TwoPointCorrelationFunction  INFO     Analytically computing two-point counts R1R2.
[017999.07]  01-26 20:00  TwoPointCorrelationFunction  INFO     Correlation function computed in elapsed time 69.33 s.
[017999.07]  01-26 20:00  NaturalTwoPointEstimator     INFO     Saving /pscratch/sd/s/shengyu/galaxies/catalogs/Y3/AbacusHF-v2/Boxes/QSO/sn1p550/AbacusSummit_base_c000_ph011/mpspk/xipoles_QSO_zp1.550_DR2_v1.0+dv_repeat.npy.
[017999.07]  01-26 20:00  compute_2pt                  INFO     Save to /pscratch/sd/s/shengyu/galaxies/catalogs/Y3/AbacusHF-v2/Boxes/QSO/sn1p550/AbacusSummit_base_c000_ph011/mpspk/xipoles_QSO_zp1.550_DR2_v1.0+dv_repeat.npy
[018002.24]  01-26 20:00  CatalogFFTPower              INFO     Painting catalog 1 to mesh CatalogMesh(nmesh=[512 512 512], boxsize=[2000. 2000. 2000.], boxcenter=[ 999.99999919 1000.00000433 1000.00005798], dtype=float64).
[018002.59]  01-26 20:00  CatalogMesh                  INFO     Slab 0 ~ 4194304 / 23408669.
[018003.73]  01-26 20:00  CatalogMesh                  INFO     Painted 4194304 out of 23408669 objects to mesh.
[018003.73]  01-26 20:00  CatalogMesh                  INFO     Slab 4194304 ~ 8388608 / 23408669.
[018004.87]  01-26 20:00  CatalogMesh                  INFO     Painted 8388608 out of 23408669 objects to mesh.
[018004.87]  01-26 20:00  CatalogMesh                  INFO     Slab 8388608 ~ 12582912 / 23408669.
[018006.00]  01-26 20:00  CatalogMesh                  INFO     Painted 12582912 out of 23408669 objects to mesh.
[018006.00]  01-26 20:00  CatalogMesh                  INFO     Slab 12582912 ~ 16777216 / 23408669.
[018007.13]  01-26 20:00  CatalogMesh                  INFO     Painted 16777216 out of 23408669 objects to mesh.
[018007.14]  01-26 20:00  CatalogMesh                  INFO     Slab 16777216 ~ 20971520 / 23408669.
[018008.35]  01-26 20:00  CatalogMesh                  INFO     Painted 20971520 out of 23408669 objects to mesh.
[018008.35]  01-26 20:00  CatalogMesh                  INFO     Slab 20971520 ~ 25165824 / 23408669.
[018009.19]  01-26 20:00  CatalogMesh                  INFO     Painted 23408669 out of 23408669 objects to mesh.
[018009.19]  01-26 20:00  CatalogMesh                  INFO     Running interlacing at order 3.
[018011.40]  01-26 20:00  CatalogMesh                  INFO     Slab 0 ~ 4194304 / 23408669.
[018012.53]  01-26 20:00  CatalogMesh                  INFO     Painted 4194304 out of 23408669 objects to mesh.
[018012.53]  01-26 20:00  CatalogMesh                  INFO     Slab 4194304 ~ 8388608 / 23408669.
[018013.67]  01-26 20:00  CatalogMesh                  INFO     Painted 8388608 out of 23408669 objects to mesh.
[018013.67]  01-26 20:00  CatalogMesh                  INFO     Slab 8388608 ~ 12582912 / 23408669.
[018014.80]  01-26 20:00  CatalogMesh                  INFO     Painted 12582912 out of 23408669 objects to mesh.
[018014.80]  01-26 20:00  CatalogMesh                  INFO     Slab 12582912 ~ 16777216 / 23408669.
[018015.93]  01-26 20:00  CatalogMesh                  INFO     Painted 16777216 out of 23408669 objects to mesh.
[018015.93]  01-26 20:00  CatalogMesh                  INFO     Slab 16777216 ~ 20971520 / 23408669.
[018017.14]  01-26 20:00  CatalogMesh                  INFO     Painted 20971520 out of 23408669 objects to mesh.
[018017.14]  01-26 20:00  CatalogMesh                  INFO     Slab 20971520 ~ 25165824 / 23408669.
[018017.98]  01-26 20:00  CatalogMesh                  INFO     Painted 23408669 out of 23408669 objects to mesh.
[018021.71]  01-26 20:00  CatalogMesh                  INFO     Slab 0 ~ 4194304 / 23408669.
[018022.85]  01-26 20:00  CatalogMesh                  INFO     Painted 4194304 out of 23408669 objects to mesh.
[018022.85]  01-26 20:00  CatalogMesh                  INFO     Slab 4194304 ~ 8388608 / 23408669.
[018023.98]  01-26 20:00  CatalogMesh                  INFO     Painted 8388608 out of 23408669 objects to mesh.
[018023.99]  01-26 20:00  CatalogMesh                  INFO     Slab 8388608 ~ 12582912 / 23408669.
[018025.12]  01-26 20:00  CatalogMesh                  INFO     Painted 12582912 out of 23408669 objects to mesh.
[018025.12]  01-26 20:00  CatalogMesh                  INFO     Slab 12582912 ~ 16777216 / 23408669.
[018026.24]  01-26 20:00  CatalogMesh                  INFO     Painted 16777216 out of 23408669 objects to mesh.
[018026.25]  01-26 20:00  CatalogMesh                  INFO     Slab 16777216 ~ 20971520 / 23408669.
[018027.45]  01-26 20:00  CatalogMesh                  INFO     Painted 20971520 out of 23408669 objects to mesh.
[018027.45]  01-26 20:00  CatalogMesh                  INFO     Slab 20971520 ~ 25165824 / 23408669.
[018028.29]  01-26 20:00  CatalogMesh                  INFO     Painted 23408669 out of 23408669 objects to mesh.
[018033.82]  01-26 20:00  CatalogFFTPower              INFO     Done painting catalog 1 to mesh.
[018033.82]  01-26 20:00  CatalogFFTPower              INFO     Using 400 k-bins between 0.000 and 0.400.
[018033.82]  01-26 20:00  CatalogFFTPower              INFO     Meshes prepared in elapsed time 31.58 s.
[018033.82]  01-26 20:00  CatalogFFTPower              INFO     Running mesh calculation.
[018051.08]  01-26 20:01  CatalogFFTPower              INFO     Mesh calculations performed in elapsed time 17.26 s.
[018051.08]  01-26 20:01  CatalogFFTPower              INFO     Power spectrum computed in elapsed time 48.84 s.
[018051.08]  01-26 20:01  CatalogFFTPower              INFO     Saving /pscratch/sd/s/shengyu/galaxies/catalogs/Y3/AbacusHF-v2/Boxes/QSO/sn1p550/AbacusSummit_base_c000_ph011/mpspk/pkpoles_QSO_zp1.550_DR2_v1.0+dv_repeat.npy.
[018051.08]  01-26 20:01  compute_2pt                  INFO     Save to /pscratch/sd/s/shengyu/galaxies/catalogs/Y3/AbacusHF-v2/Boxes/QSO/sn1p550/AbacusSummit_base_c000_ph011/mpspk/pkpoles_QSO_zp1.550_DR2_v1.0+dv_repeat.npy
[018051.08]  01-26 20:01  TwoPointCorrelationFunction  INFO     Using estimator <class 'pycorr.twopoint_estimator.NaturalTwoPointEstimator'>.
[018051.08]  01-26 20:01  TwoPointCorrelationFunction  INFO     Running auto-correlation.
[018051.08]  01-26 20:01  TwoPointCorrelationFunction  INFO     Computing two-point counts D1D2.
[018066.61]  01-26 20:01  TwoPointCorrelationFunction  INFO     Analytically computing two-point counts R1R2.
[018066.61]  01-26 20:01  TwoPointCorrelationFunction  INFO     Correlation function computed in elapsed time 15.53 s.
[018066.61]  01-26 20:01  NaturalTwoPointEstimator     INFO     Saving /pscratch/sd/s/shengyu/galaxies/catalogs/Y3/AbacusHF-v2/Boxes/QSO/sn1p550/AbacusSummit_base_c000_ph011/mpspk/mpslog_QSO_zp1.550_DR2_v1.0+dv_repeat.npy.
[018066.62]  01-26 20:01  compute_2pt                  INFO     Save to /pscratch/sd/s/shengyu/galaxies/catalogs/Y3/AbacusHF-v2/Boxes/QSO/sn1p550/AbacusSummit_base_c000_ph011/mpspk/mpslog_QSO_zp1.550_DR2_v1.0+dv_repeat.npy
[018066.62]  01-26 20:01  TwoPointCorrelationFunction  INFO     Using estimator <class 'pycorr.twopoint_estimator.NaturalTwoPointEstimator'>.
[018066.63]  01-26 20:01  TwoPointCorrelationFunction  INFO     Running auto-correlation.
[018066.63]  01-26 20:01  TwoPointCorrelationFunction  INFO     Computing two-point counts D1D2.
[018086.30]  01-26 20:01  TwoPointCorrelationFunction  INFO     Analytically computing two-point counts R1R2.
[018086.30]  01-26 20:01  TwoPointCorrelationFunction  INFO     Correlation function computed in elapsed time 19.68 s.
[018086.31]  01-26 20:01  NaturalTwoPointEstimator     INFO     Saving /pscratch/sd/s/shengyu/galaxies/catalogs/Y3/AbacusHF-v2/Boxes/QSO/sn1p550/AbacusSummit_base_c000_ph011/mpspk/wplog_QSO_zp1.550_DR2_v1.0+dv_repeat.npy.
[018086.32]  01-26 20:01  compute_2pt                  INFO     Save to /pscratch/sd/s/shengyu/galaxies/catalogs/Y3/AbacusHF-v2/Boxes/QSO/sn1p550/AbacusSummit_base_c000_ph011/mpspk/wplog_QSO_zp1.550_DR2_v1.0+dv_repeat.npy
[018086.32]  01-26 20:01  compute_2pt                  INFO     Procceed {'version': 'AbacusHF-v2', 'domain': 'cubic', 'tracer': 'QSO', 'zsnap': 1.55, 'zrange': (1.4, 1.7), 'mock_id': 12, 'use_dv': 'repeat'}
[018086.32]  01-26 20:01  cat_tools                    INFO     Load /pscratch/sd/s/shengyu/galaxies/catalogs/Y3/AbacusHF-v2/Boxes/QSO/sn1p550/AbacusSummit_base_c000_ph012/abacus_HF_QSO_1p550_DR2_v2.0_AbacusSummit_base_c000_ph012_base_clustering.dat.h5
[018086.32]  01-26 20:01  FileStack                    INFO     Reading /pscratch/sd/s/shengyu/galaxies/catalogs/Y3/AbacusHF-v2/Boxes/QSO/sn1p550/AbacusSummit_base_c000_ph012/abacus_HF_QSO_1p550_DR2_v2.0_AbacusSummit_base_c000_ph012_base_clustering.dat.h5.
[018086.33]  01-26 20:01  cat_tools                    INFO     use Z positions shifted in repeat mode
[018087.24]  01-26 20:01  TwoPointCorrelationFunction  INFO     Using estimator <class 'pycorr.twopoint_estimator.NaturalTwoPointEstimator'>.
[018087.25]  01-26 20:01  TwoPointCorrelationFunction  INFO     Running auto-correlation.
[018087.26]  01-26 20:01  TwoPointCorrelationFunction  INFO     Computing two-point counts D1D2.
[018158.58]  01-26 20:02  TwoPointCorrelationFunction  INFO     Analytically computing two-point counts R1R2.
[018158.59]  01-26 20:02  TwoPointCorrelationFunction  INFO     Correlation function computed in elapsed time 71.35 s.
[018158.59]  01-26 20:02  NaturalTwoPointEstimator     INFO     Saving /pscratch/sd/s/shengyu/galaxies/catalogs/Y3/AbacusHF-v2/Boxes/QSO/sn1p550/AbacusSummit_base_c000_ph012/mpspk/xipoles_QSO_zp1.550_DR2_v1.0+dv_repeat.npy.
[018158.59]  01-26 20:02  compute_2pt                  INFO     Save to /pscratch/sd/s/shengyu/galaxies/catalogs/Y3/AbacusHF-v2/Boxes/QSO/sn1p550/AbacusSummit_base_c000_ph012/mpspk/xipoles_QSO_zp1.550_DR2_v1.0+dv_repeat.npy
[018161.76]  01-26 20:02  CatalogFFTPower              INFO     Painting catalog 1 to mesh CatalogMesh(nmesh=[512 512 512], boxsize=[2000. 2000. 2000.], boxcenter=[1000.00003146  999.9999169  1000.00001435], dtype=float64).
[018162.11]  01-26 20:02  CatalogMesh                  INFO     Slab 0 ~ 4194304 / 23341005.
[018163.25]  01-26 20:02  CatalogMesh                  INFO     Painted 4194304 out of 23341005 objects to mesh.
[018163.25]  01-26 20:02  CatalogMesh                  INFO     Slab 4194304 ~ 8388608 / 23341005.
[018164.39]  01-26 20:02  CatalogMesh                  INFO     Painted 8388608 out of 23341005 objects to mesh.
[018164.39]  01-26 20:02  CatalogMesh                  INFO     Slab 8388608 ~ 12582912 / 23341005.
[018165.52]  01-26 20:02  CatalogMesh                  INFO     Painted 12582912 out of 23341005 objects to mesh.
[018165.52]  01-26 20:02  CatalogMesh                  INFO     Slab 12582912 ~ 16777216 / 23341005.
[018166.65]  01-26 20:02  CatalogMesh                  INFO     Painted 16777216 out of 23341005 objects to mesh.
[018166.65]  01-26 20:02  CatalogMesh                  INFO     Slab 16777216 ~ 20971520 / 23341005.
[018167.86]  01-26 20:02  CatalogMesh                  INFO     Painted 20971520 out of 23341005 objects to mesh.
[018167.86]  01-26 20:02  CatalogMesh                  INFO     Slab 20971520 ~ 25165824 / 23341005.
[018168.68]  01-26 20:03  CatalogMesh                  INFO     Painted 23341005 out of 23341005 objects to mesh.
[018168.68]  01-26 20:03  CatalogMesh                  INFO     Running interlacing at order 3.
[018170.87]  01-26 20:03  CatalogMesh                  INFO     Slab 0 ~ 4194304 / 23341005.
[018172.00]  01-26 20:03  CatalogMesh                  INFO     Painted 4194304 out of 23341005 objects to mesh.
[018172.00]  01-26 20:03  CatalogMesh                  INFO     Slab 4194304 ~ 8388608 / 23341005.
[018173.14]  01-26 20:03  CatalogMesh                  INFO     Painted 8388608 out of 23341005 objects to mesh.
[018173.14]  01-26 20:03  CatalogMesh                  INFO     Slab 8388608 ~ 12582912 / 23341005.
[018174.27]  01-26 20:03  CatalogMesh                  INFO     Painted 12582912 out of 23341005 objects to mesh.
[018174.27]  01-26 20:03  CatalogMesh                  INFO     Slab 12582912 ~ 16777216 / 23341005.
[018175.40]  01-26 20:03  CatalogMesh                  INFO     Painted 16777216 out of 23341005 objects to mesh.
[018175.40]  01-26 20:03  CatalogMesh                  INFO     Slab 16777216 ~ 20971520 / 23341005.
[018176.61]  01-26 20:03  CatalogMesh                  INFO     Painted 20971520 out of 23341005 objects to mesh.
[018176.62]  01-26 20:03  CatalogMesh                  INFO     Slab 20971520 ~ 25165824 / 23341005.
[018177.44]  01-26 20:03  CatalogMesh                  INFO     Painted 23341005 out of 23341005 objects to mesh.
[018181.18]  01-26 20:03  CatalogMesh                  INFO     Slab 0 ~ 4194304 / 23341005.
[018182.30]  01-26 20:03  CatalogMesh                  INFO     Painted 4194304 out of 23341005 objects to mesh.
[018182.30]  01-26 20:03  CatalogMesh                  INFO     Slab 4194304 ~ 8388608 / 23341005.
[018183.43]  01-26 20:03  CatalogMesh                  INFO     Painted 8388608 out of 23341005 objects to mesh.
[018183.43]  01-26 20:03  CatalogMesh                  INFO     Slab 8388608 ~ 12582912 / 23341005.
[018184.56]  01-26 20:03  CatalogMesh                  INFO     Painted 12582912 out of 23341005 objects to mesh.
[018184.56]  01-26 20:03  CatalogMesh                  INFO     Slab 12582912 ~ 16777216 / 23341005.
[018185.70]  01-26 20:03  CatalogMesh                  INFO     Painted 16777216 out of 23341005 objects to mesh.
[018185.70]  01-26 20:03  CatalogMesh                  INFO     Slab 16777216 ~ 20971520 / 23341005.
[018186.90]  01-26 20:03  CatalogMesh                  INFO     Painted 20971520 out of 23341005 objects to mesh.
[018186.91]  01-26 20:03  CatalogMesh                  INFO     Slab 20971520 ~ 25165824 / 23341005.
[018187.72]  01-26 20:03  CatalogMesh                  INFO     Painted 23341005 out of 23341005 objects to mesh.
[018193.24]  01-26 20:03  CatalogFFTPower              INFO     Done painting catalog 1 to mesh.
[018193.24]  01-26 20:03  CatalogFFTPower              INFO     Using 400 k-bins between 0.000 and 0.400.
[018193.24]  01-26 20:03  CatalogFFTPower              INFO     Meshes prepared in elapsed time 31.48 s.
[018193.24]  01-26 20:03  CatalogFFTPower              INFO     Running mesh calculation.
[018210.49]  01-26 20:03  CatalogFFTPower              INFO     Mesh calculations performed in elapsed time 17.25 s.
[018210.49]  01-26 20:03  CatalogFFTPower              INFO     Power spectrum computed in elapsed time 48.73 s.
[018210.49]  01-26 20:03  CatalogFFTPower              INFO     Saving /pscratch/sd/s/shengyu/galaxies/catalogs/Y3/AbacusHF-v2/Boxes/QSO/sn1p550/AbacusSummit_base_c000_ph012/mpspk/pkpoles_QSO_zp1.550_DR2_v1.0+dv_repeat.npy.
[018210.49]  01-26 20:03  compute_2pt                  INFO     Save to /pscratch/sd/s/shengyu/galaxies/catalogs/Y3/AbacusHF-v2/Boxes/QSO/sn1p550/AbacusSummit_base_c000_ph012/mpspk/pkpoles_QSO_zp1.550_DR2_v1.0+dv_repeat.npy
[018210.49]  01-26 20:03  TwoPointCorrelationFunction  INFO     Using estimator <class 'pycorr.twopoint_estimator.NaturalTwoPointEstimator'>.
[018210.49]  01-26 20:03  TwoPointCorrelationFunction  INFO     Running auto-correlation.
[018210.49]  01-26 20:03  TwoPointCorrelationFunction  INFO     Computing two-point counts D1D2.
[018224.77]  01-26 20:03  TwoPointCorrelationFunction  INFO     Analytically computing two-point counts R1R2.
[018224.77]  01-26 20:03  TwoPointCorrelationFunction  INFO     Correlation function computed in elapsed time 14.28 s.
[018224.77]  01-26 20:03  NaturalTwoPointEstimator     INFO     Saving /pscratch/sd/s/shengyu/galaxies/catalogs/Y3/AbacusHF-v2/Boxes/QSO/sn1p550/AbacusSummit_base_c000_ph012/mpspk/mpslog_QSO_zp1.550_DR2_v1.0+dv_repeat.npy.
[018224.78]  01-26 20:03  compute_2pt                  INFO     Save to /pscratch/sd/s/shengyu/galaxies/catalogs/Y3/AbacusHF-v2/Boxes/QSO/sn1p550/AbacusSummit_base_c000_ph012/mpspk/mpslog_QSO_zp1.550_DR2_v1.0+dv_repeat.npy
[018224.78]  01-26 20:03  TwoPointCorrelationFunction  INFO     Using estimator <class 'pycorr.twopoint_estimator.NaturalTwoPointEstimator'>.
[018224.78]  01-26 20:03  TwoPointCorrelationFunction  INFO     Running auto-correlation.
[018224.78]  01-26 20:03  TwoPointCorrelationFunction  INFO     Computing two-point counts D1D2.
[018244.42]  01-26 20:04  TwoPointCorrelationFunction  INFO     Analytically computing two-point counts R1R2.
[018244.43]  01-26 20:04  TwoPointCorrelationFunction  INFO     Correlation function computed in elapsed time 19.65 s.
[018244.43]  01-26 20:04  NaturalTwoPointEstimator     INFO     Saving /pscratch/sd/s/shengyu/galaxies/catalogs/Y3/AbacusHF-v2/Boxes/QSO/sn1p550/AbacusSummit_base_c000_ph012/mpspk/wplog_QSO_zp1.550_DR2_v1.0+dv_repeat.npy.
[018244.43]  01-26 20:04  compute_2pt                  INFO     Save to /pscratch/sd/s/shengyu/galaxies/catalogs/Y3/AbacusHF-v2/Boxes/QSO/sn1p550/AbacusSummit_base_c000_ph012/mpspk/wplog_QSO_zp1.550_DR2_v1.0+dv_repeat.npy
[018244.43]  01-26 20:04  compute_2pt                  INFO     Procceed {'version': 'AbacusHF-v2', 'domain': 'cubic', 'tracer': 'QSO', 'zsnap': 1.55, 'zrange': (1.4, 1.7), 'mock_id': 13, 'use_dv': 'repeat'}
[018244.43]  01-26 20:04  cat_tools                    INFO     Load /pscratch/sd/s/shengyu/galaxies/catalogs/Y3/AbacusHF-v2/Boxes/QSO/sn1p550/AbacusSummit_base_c000_ph013/abacus_HF_QSO_1p550_DR2_v2.0_AbacusSummit_base_c000_ph013_base_clustering.dat.h5
[018244.43]  01-26 20:04  FileStack                    INFO     Reading /pscratch/sd/s/shengyu/galaxies/catalogs/Y3/AbacusHF-v2/Boxes/QSO/sn1p550/AbacusSummit_base_c000_ph013/abacus_HF_QSO_1p550_DR2_v2.0_AbacusSummit_base_c000_ph013_base_clustering.dat.h5.
[018244.44]  01-26 20:04  cat_tools                    INFO     use Z positions shifted in repeat mode
[018245.37]  01-26 20:04  TwoPointCorrelationFunction  INFO     Using estimator <class 'pycorr.twopoint_estimator.NaturalTwoPointEstimator'>.
[018245.37]  01-26 20:04  TwoPointCorrelationFunction  INFO     Running auto-correlation.
[018245.37]  01-26 20:04  TwoPointCorrelationFunction  INFO     Computing two-point counts D1D2.
[018315.07]  01-26 20:05  TwoPointCorrelationFunction  INFO     Analytically computing two-point counts R1R2.
[018315.07]  01-26 20:05  TwoPointCorrelationFunction  INFO     Correlation function computed in elapsed time 69.70 s.
[018315.07]  01-26 20:05  NaturalTwoPointEstimator     INFO     Saving /pscratch/sd/s/shengyu/galaxies/catalogs/Y3/AbacusHF-v2/Boxes/QSO/sn1p550/AbacusSummit_base_c000_ph013/mpspk/xipoles_QSO_zp1.550_DR2_v1.0+dv_repeat.npy.
[018315.07]  01-26 20:05  compute_2pt                  INFO     Save to /pscratch/sd/s/shengyu/galaxies/catalogs/Y3/AbacusHF-v2/Boxes/QSO/sn1p550/AbacusSummit_base_c000_ph013/mpspk/xipoles_QSO_zp1.550_DR2_v1.0+dv_repeat.npy
[018318.24]  01-26 20:05  CatalogFFTPower              INFO     Painting catalog 1 to mesh CatalogMesh(nmesh=[512 512 512], boxsize=[2000. 2000. 2000.], boxcenter=[ 999.99999683  999.99995669 1000.00006907], dtype=float64).
[018318.60]  01-26 20:05  CatalogMesh                  INFO     Slab 0 ~ 4194304 / 23374921.
[018319.74]  01-26 20:05  CatalogMesh                  INFO     Painted 4194304 out of 23374921 objects to mesh.
[018319.74]  01-26 20:05  CatalogMesh                  INFO     Slab 4194304 ~ 8388608 / 23374921.
[018320.88]  01-26 20:05  CatalogMesh                  INFO     Painted 8388608 out of 23374921 objects to mesh.
[018320.88]  01-26 20:05  CatalogMesh                  INFO     Slab 8388608 ~ 12582912 / 23374921.
[018322.02]  01-26 20:05  CatalogMesh                  INFO     Painted 12582912 out of 23374921 objects to mesh.
[018322.02]  01-26 20:05  CatalogMesh                  INFO     Slab 12582912 ~ 16777216 / 23374921.
[018323.16]  01-26 20:05  CatalogMesh                  INFO     Painted 16777216 out of 23374921 objects to mesh.
[018323.16]  01-26 20:05  CatalogMesh                  INFO     Slab 16777216 ~ 20971520 / 23374921.
[018324.37]  01-26 20:05  CatalogMesh                  INFO     Painted 20971520 out of 23374921 objects to mesh.
[018324.37]  01-26 20:05  CatalogMesh                  INFO     Slab 20971520 ~ 25165824 / 23374921.
[018325.20]  01-26 20:05  CatalogMesh                  INFO     Painted 23374921 out of 23374921 objects to mesh.
[018325.20]  01-26 20:05  CatalogMesh                  INFO     Running interlacing at order 3.
[018327.40]  01-26 20:05  CatalogMesh                  INFO     Slab 0 ~ 4194304 / 23374921.
[018328.52]  01-26 20:05  CatalogMesh                  INFO     Painted 4194304 out of 23374921 objects to mesh.
[018328.53]  01-26 20:05  CatalogMesh                  INFO     Slab 4194304 ~ 8388608 / 23374921.
[018329.66]  01-26 20:05  CatalogMesh                  INFO     Painted 8388608 out of 23374921 objects to mesh.
[018329.66]  01-26 20:05  CatalogMesh                  INFO     Slab 8388608 ~ 12582912 / 23374921.
[018330.79]  01-26 20:05  CatalogMesh                  INFO     Painted 12582912 out of 23374921 objects to mesh.
[018330.79]  01-26 20:05  CatalogMesh                  INFO     Slab 12582912 ~ 16777216 / 23374921.
[018331.92]  01-26 20:05  CatalogMesh                  INFO     Painted 16777216 out of 23374921 objects to mesh.
[018331.92]  01-26 20:05  CatalogMesh                  INFO     Slab 16777216 ~ 20971520 / 23374921.
[018333.13]  01-26 20:05  CatalogMesh                  INFO     Painted 20971520 out of 23374921 objects to mesh.
[018333.13]  01-26 20:05  CatalogMesh                  INFO     Slab 20971520 ~ 25165824 / 23374921.
[018333.96]  01-26 20:05  CatalogMesh                  INFO     Painted 23374921 out of 23374921 objects to mesh.
[018337.71]  01-26 20:05  CatalogMesh                  INFO     Slab 0 ~ 4194304 / 23374921.
[018338.83]  01-26 20:05  CatalogMesh                  INFO     Painted 4194304 out of 23374921 objects to mesh.
[018338.83]  01-26 20:05  CatalogMesh                  INFO     Slab 4194304 ~ 8388608 / 23374921.
[018339.96]  01-26 20:05  CatalogMesh                  INFO     Painted 8388608 out of 23374921 objects to mesh.
[018339.96]  01-26 20:05  CatalogMesh                  INFO     Slab 8388608 ~ 12582912 / 23374921.
[018341.09]  01-26 20:05  CatalogMesh                  INFO     Painted 12582912 out of 23374921 objects to mesh.
[018341.09]  01-26 20:05  CatalogMesh                  INFO     Slab 12582912 ~ 16777216 / 23374921.
[018342.22]  01-26 20:05  CatalogMesh                  INFO     Painted 16777216 out of 23374921 objects to mesh.
[018342.22]  01-26 20:05  CatalogMesh                  INFO     Slab 16777216 ~ 20971520 / 23374921.
[018343.43]  01-26 20:05  CatalogMesh                  INFO     Painted 20971520 out of 23374921 objects to mesh.
[018343.43]  01-26 20:05  CatalogMesh                  INFO     Slab 20971520 ~ 25165824 / 23374921.
[018344.26]  01-26 20:05  CatalogMesh                  INFO     Painted 23374921 out of 23374921 objects to mesh.
[018349.80]  01-26 20:06  CatalogFFTPower              INFO     Done painting catalog 1 to mesh.
[018349.80]  01-26 20:06  CatalogFFTPower              INFO     Using 400 k-bins between 0.000 and 0.400.
[018349.80]  01-26 20:06  CatalogFFTPower              INFO     Meshes prepared in elapsed time 31.56 s.
[018349.80]  01-26 20:06  CatalogFFTPower              INFO     Running mesh calculation.
[018367.20]  01-26 20:06  CatalogFFTPower              INFO     Mesh calculations performed in elapsed time 17.39 s.
[018367.20]  01-26 20:06  CatalogFFTPower              INFO     Power spectrum computed in elapsed time 48.96 s.
[018367.20]  01-26 20:06  CatalogFFTPower              INFO     Saving /pscratch/sd/s/shengyu/galaxies/catalogs/Y3/AbacusHF-v2/Boxes/QSO/sn1p550/AbacusSummit_base_c000_ph013/mpspk/pkpoles_QSO_zp1.550_DR2_v1.0+dv_repeat.npy.
[018367.20]  01-26 20:06  compute_2pt                  INFO     Save to /pscratch/sd/s/shengyu/galaxies/catalogs/Y3/AbacusHF-v2/Boxes/QSO/sn1p550/AbacusSummit_base_c000_ph013/mpspk/pkpoles_QSO_zp1.550_DR2_v1.0+dv_repeat.npy
[018367.20]  01-26 20:06  TwoPointCorrelationFunction  INFO     Using estimator <class 'pycorr.twopoint_estimator.NaturalTwoPointEstimator'>.
[018367.20]  01-26 20:06  TwoPointCorrelationFunction  INFO     Running auto-correlation.
[018367.20]  01-26 20:06  TwoPointCorrelationFunction  INFO     Computing two-point counts D1D2.
[018382.66]  01-26 20:06  TwoPointCorrelationFunction  INFO     Analytically computing two-point counts R1R2.
[018382.66]  01-26 20:06  TwoPointCorrelationFunction  INFO     Correlation function computed in elapsed time 15.46 s.
[018382.66]  01-26 20:06  NaturalTwoPointEstimator     INFO     Saving /pscratch/sd/s/shengyu/galaxies/catalogs/Y3/AbacusHF-v2/Boxes/QSO/sn1p550/AbacusSummit_base_c000_ph013/mpspk/mpslog_QSO_zp1.550_DR2_v1.0+dv_repeat.npy.
[018382.67]  01-26 20:06  compute_2pt                  INFO     Save to /pscratch/sd/s/shengyu/galaxies/catalogs/Y3/AbacusHF-v2/Boxes/QSO/sn1p550/AbacusSummit_base_c000_ph013/mpspk/mpslog_QSO_zp1.550_DR2_v1.0+dv_repeat.npy
[018382.67]  01-26 20:06  TwoPointCorrelationFunction  INFO     Using estimator <class 'pycorr.twopoint_estimator.NaturalTwoPointEstimator'>.
[018382.67]  01-26 20:06  TwoPointCorrelationFunction  INFO     Running auto-correlation.
[018382.67]  01-26 20:06  TwoPointCorrelationFunction  INFO     Computing two-point counts D1D2.
[018402.36]  01-26 20:06  TwoPointCorrelationFunction  INFO     Analytically computing two-point counts R1R2.
[018402.36]  01-26 20:06  TwoPointCorrelationFunction  INFO     Correlation function computed in elapsed time 19.69 s.
[018402.36]  01-26 20:06  NaturalTwoPointEstimator     INFO     Saving /pscratch/sd/s/shengyu/galaxies/catalogs/Y3/AbacusHF-v2/Boxes/QSO/sn1p550/AbacusSummit_base_c000_ph013/mpspk/wplog_QSO_zp1.550_DR2_v1.0+dv_repeat.npy.
[018402.37]  01-26 20:06  compute_2pt                  INFO     Save to /pscratch/sd/s/shengyu/galaxies/catalogs/Y3/AbacusHF-v2/Boxes/QSO/sn1p550/AbacusSummit_base_c000_ph013/mpspk/wplog_QSO_zp1.550_DR2_v1.0+dv_repeat.npy
[018402.37]  01-26 20:06  compute_2pt                  INFO     Procceed {'version': 'AbacusHF-v2', 'domain': 'cubic', 'tracer': 'QSO', 'zsnap': 1.55, 'zrange': (1.4, 1.7), 'mock_id': 14, 'use_dv': 'repeat'}
[018402.37]  01-26 20:06  cat_tools                    INFO     Load /pscratch/sd/s/shengyu/galaxies/catalogs/Y3/AbacusHF-v2/Boxes/QSO/sn1p550/AbacusSummit_base_c000_ph014/abacus_HF_QSO_1p550_DR2_v2.0_AbacusSummit_base_c000_ph014_base_clustering.dat.h5
[018402.37]  01-26 20:06  FileStack                    INFO     Reading /pscratch/sd/s/shengyu/galaxies/catalogs/Y3/AbacusHF-v2/Boxes/QSO/sn1p550/AbacusSummit_base_c000_ph014/abacus_HF_QSO_1p550_DR2_v2.0_AbacusSummit_base_c000_ph014_base_clustering.dat.h5.
[018402.37]  01-26 20:06  cat_tools                    INFO     use Z positions shifted in repeat mode
[018403.29]  01-26 20:06  TwoPointCorrelationFunction  INFO     Using estimator <class 'pycorr.twopoint_estimator.NaturalTwoPointEstimator'>.
[018403.29]  01-26 20:06  TwoPointCorrelationFunction  INFO     Running auto-correlation.
[018403.29]  01-26 20:06  TwoPointCorrelationFunction  INFO     Computing two-point counts D1D2.
[018472.70]  01-26 20:08  TwoPointCorrelationFunction  INFO     Analytically computing two-point counts R1R2.
[018472.70]  01-26 20:08  TwoPointCorrelationFunction  INFO     Correlation function computed in elapsed time 69.41 s.
[018472.70]  01-26 20:08  NaturalTwoPointEstimator     INFO     Saving /pscratch/sd/s/shengyu/galaxies/catalogs/Y3/AbacusHF-v2/Boxes/QSO/sn1p550/AbacusSummit_base_c000_ph014/mpspk/xipoles_QSO_zp1.550_DR2_v1.0+dv_repeat.npy.
[018472.71]  01-26 20:08  compute_2pt                  INFO     Save to /pscratch/sd/s/shengyu/galaxies/catalogs/Y3/AbacusHF-v2/Boxes/QSO/sn1p550/AbacusSummit_base_c000_ph014/mpspk/xipoles_QSO_zp1.550_DR2_v1.0+dv_repeat.npy
[018475.88]  01-26 20:08  CatalogFFTPower              INFO     Painting catalog 1 to mesh CatalogMesh(nmesh=[512 512 512], boxsize=[2000. 2000. 2000.], boxcenter=[1000.00003088 1000.00001471 1000.00007272], dtype=float64).
[018476.23]  01-26 20:08  CatalogMesh                  INFO     Slab 0 ~ 4194304 / 23354539.
[018477.39]  01-26 20:08  CatalogMesh                  INFO     Painted 4194304 out of 23354539 objects to mesh.
[018477.39]  01-26 20:08  CatalogMesh                  INFO     Slab 4194304 ~ 8388608 / 23354539.
[018478.52]  01-26 20:08  CatalogMesh                  INFO     Painted 8388608 out of 23354539 objects to mesh.
[018478.52]  01-26 20:08  CatalogMesh                  INFO     Slab 8388608 ~ 12582912 / 23354539.
[018479.66]  01-26 20:08  CatalogMesh                  INFO     Painted 12582912 out of 23354539 objects to mesh.
[018479.66]  01-26 20:08  CatalogMesh                  INFO     Slab 12582912 ~ 16777216 / 23354539.
[018480.80]  01-26 20:08  CatalogMesh                  INFO     Painted 16777216 out of 23354539 objects to mesh.
[018480.80]  01-26 20:08  CatalogMesh                  INFO     Slab 16777216 ~ 20971520 / 23354539.
[018482.02]  01-26 20:08  CatalogMesh                  INFO     Painted 20971520 out of 23354539 objects to mesh.
[018482.02]  01-26 20:08  CatalogMesh                  INFO     Slab 20971520 ~ 25165824 / 23354539.
[018482.84]  01-26 20:08  CatalogMesh                  INFO     Painted 23354539 out of 23354539 objects to mesh.
[018482.84]  01-26 20:08  CatalogMesh                  INFO     Running interlacing at order 3.
[018485.05]  01-26 20:08  CatalogMesh                  INFO     Slab 0 ~ 4194304 / 23354539.
[018486.18]  01-26 20:08  CatalogMesh                  INFO     Painted 4194304 out of 23354539 objects to mesh.
[018486.19]  01-26 20:08  CatalogMesh                  INFO     Slab 4194304 ~ 8388608 / 23354539.
[018487.32]  01-26 20:08  CatalogMesh                  INFO     Painted 8388608 out of 23354539 objects to mesh.
[018487.32]  01-26 20:08  CatalogMesh                  INFO     Slab 8388608 ~ 12582912 / 23354539.
[018488.45]  01-26 20:08  CatalogMesh                  INFO     Painted 12582912 out of 23354539 objects to mesh.
[018488.45]  01-26 20:08  CatalogMesh                  INFO     Slab 12582912 ~ 16777216 / 23354539.
[018489.58]  01-26 20:08  CatalogMesh                  INFO     Painted 16777216 out of 23354539 objects to mesh.
[018489.58]  01-26 20:08  CatalogMesh                  INFO     Slab 16777216 ~ 20971520 / 23354539.
[018490.80]  01-26 20:08  CatalogMesh                  INFO     Painted 20971520 out of 23354539 objects to mesh.
[018490.80]  01-26 20:08  CatalogMesh                  INFO     Slab 20971520 ~ 25165824 / 23354539.
[018491.62]  01-26 20:08  CatalogMesh                  INFO     Painted 23354539 out of 23354539 objects to mesh.
[018495.38]  01-26 20:08  CatalogMesh                  INFO     Slab 0 ~ 4194304 / 23354539.
[018496.51]  01-26 20:08  CatalogMesh                  INFO     Painted 4194304 out of 23354539 objects to mesh.
[018496.51]  01-26 20:08  CatalogMesh                  INFO     Slab 4194304 ~ 8388608 / 23354539.
[018497.65]  01-26 20:08  CatalogMesh                  INFO     Painted 8388608 out of 23354539 objects to mesh.
[018497.65]  01-26 20:08  CatalogMesh                  INFO     Slab 8388608 ~ 12582912 / 23354539.
[018498.78]  01-26 20:08  CatalogMesh                  INFO     Painted 12582912 out of 23354539 objects to mesh.
[018498.78]  01-26 20:08  CatalogMesh                  INFO     Slab 12582912 ~ 16777216 / 23354539.
[018499.92]  01-26 20:08  CatalogMesh                  INFO     Painted 16777216 out of 23354539 objects to mesh.
[018499.92]  01-26 20:08  CatalogMesh                  INFO     Slab 16777216 ~ 20971520 / 23354539.
[018501.13]  01-26 20:08  CatalogMesh                  INFO     Painted 20971520 out of 23354539 objects to mesh.
[018501.13]  01-26 20:08  CatalogMesh                  INFO     Slab 20971520 ~ 25165824 / 23354539.
[018501.95]  01-26 20:08  CatalogMesh                  INFO     Painted 23354539 out of 23354539 objects to mesh.
[018507.48]  01-26 20:08  CatalogFFTPower              INFO     Done painting catalog 1 to mesh.
[018507.48]  01-26 20:08  CatalogFFTPower              INFO     Using 400 k-bins between 0.000 and 0.400.
[018507.48]  01-26 20:08  CatalogFFTPower              INFO     Meshes prepared in elapsed time 31.61 s.
[018507.48]  01-26 20:08  CatalogFFTPower              INFO     Running mesh calculation.
[018524.79]  01-26 20:08  CatalogFFTPower              INFO     Mesh calculations performed in elapsed time 17.31 s.
[018524.79]  01-26 20:08  CatalogFFTPower              INFO     Power spectrum computed in elapsed time 48.91 s.
[018524.79]  01-26 20:08  CatalogFFTPower              INFO     Saving /pscratch/sd/s/shengyu/galaxies/catalogs/Y3/AbacusHF-v2/Boxes/QSO/sn1p550/AbacusSummit_base_c000_ph014/mpspk/pkpoles_QSO_zp1.550_DR2_v1.0+dv_repeat.npy.
[018524.79]  01-26 20:08  compute_2pt                  INFO     Save to /pscratch/sd/s/shengyu/galaxies/catalogs/Y3/AbacusHF-v2/Boxes/QSO/sn1p550/AbacusSummit_base_c000_ph014/mpspk/pkpoles_QSO_zp1.550_DR2_v1.0+dv_repeat.npy
[018524.79]  01-26 20:08  TwoPointCorrelationFunction  INFO     Using estimator <class 'pycorr.twopoint_estimator.NaturalTwoPointEstimator'>.
[018524.79]  01-26 20:08  TwoPointCorrelationFunction  INFO     Running auto-correlation.
[018524.79]  01-26 20:08  TwoPointCorrelationFunction  INFO     Computing two-point counts D1D2.
[018539.23]  01-26 20:09  TwoPointCorrelationFunction  INFO     Analytically computing two-point counts R1R2.
[018539.23]  01-26 20:09  TwoPointCorrelationFunction  INFO     Correlation function computed in elapsed time 14.43 s.
[018539.23]  01-26 20:09  NaturalTwoPointEstimator     INFO     Saving /pscratch/sd/s/shengyu/galaxies/catalogs/Y3/AbacusHF-v2/Boxes/QSO/sn1p550/AbacusSummit_base_c000_ph014/mpspk/mpslog_QSO_zp1.550_DR2_v1.0+dv_repeat.npy.
[018539.23]  01-26 20:09  compute_2pt                  INFO     Save to /pscratch/sd/s/shengyu/galaxies/catalogs/Y3/AbacusHF-v2/Boxes/QSO/sn1p550/AbacusSummit_base_c000_ph014/mpspk/mpslog_QSO_zp1.550_DR2_v1.0+dv_repeat.npy
[018539.23]  01-26 20:09  TwoPointCorrelationFunction  INFO     Using estimator <class 'pycorr.twopoint_estimator.NaturalTwoPointEstimator'>.
[018539.23]  01-26 20:09  TwoPointCorrelationFunction  INFO     Running auto-correlation.
[018539.23]  01-26 20:09  TwoPointCorrelationFunction  INFO     Computing two-point counts D1D2.
[018558.82]  01-26 20:09  TwoPointCorrelationFunction  INFO     Analytically computing two-point counts R1R2.
[018558.82]  01-26 20:09  TwoPointCorrelationFunction  INFO     Correlation function computed in elapsed time 19.59 s.
[018558.82]  01-26 20:09  NaturalTwoPointEstimator     INFO     Saving /pscratch/sd/s/shengyu/galaxies/catalogs/Y3/AbacusHF-v2/Boxes/QSO/sn1p550/AbacusSummit_base_c000_ph014/mpspk/wplog_QSO_zp1.550_DR2_v1.0+dv_repeat.npy.
[018558.83]  01-26 20:09  compute_2pt                  INFO     Save to /pscratch/sd/s/shengyu/galaxies/catalogs/Y3/AbacusHF-v2/Boxes/QSO/sn1p550/AbacusSummit_base_c000_ph014/mpspk/wplog_QSO_zp1.550_DR2_v1.0+dv_repeat.npy
[018558.83]  01-26 20:09  compute_2pt                  INFO     Procceed {'version': 'AbacusHF-v2', 'domain': 'cubic', 'tracer': 'QSO', 'zsnap': 1.55, 'zrange': (1.4, 1.7), 'mock_id': 15, 'use_dv': 'repeat'}
[018558.83]  01-26 20:09  cat_tools                    INFO     Load /pscratch/sd/s/shengyu/galaxies/catalogs/Y3/AbacusHF-v2/Boxes/QSO/sn1p550/AbacusSummit_base_c000_ph015/abacus_HF_QSO_1p550_DR2_v2.0_AbacusSummit_base_c000_ph015_base_clustering.dat.h5
[018558.83]  01-26 20:09  FileStack                    INFO     Reading /pscratch/sd/s/shengyu/galaxies/catalogs/Y3/AbacusHF-v2/Boxes/QSO/sn1p550/AbacusSummit_base_c000_ph015/abacus_HF_QSO_1p550_DR2_v2.0_AbacusSummit_base_c000_ph015_base_clustering.dat.h5.
[018558.84]  01-26 20:09  cat_tools                    INFO     use Z positions shifted in repeat mode
[018559.76]  01-26 20:09  TwoPointCorrelationFunction  INFO     Using estimator <class 'pycorr.twopoint_estimator.NaturalTwoPointEstimator'>.
[018559.76]  01-26 20:09  TwoPointCorrelationFunction  INFO     Running auto-correlation.
[018559.76]  01-26 20:09  TwoPointCorrelationFunction  INFO     Computing two-point counts D1D2.
[018627.39]  01-26 20:10  TwoPointCorrelationFunction  INFO     Analytically computing two-point counts R1R2.
[018627.39]  01-26 20:10  TwoPointCorrelationFunction  INFO     Correlation function computed in elapsed time 67.64 s.
[018627.40]  01-26 20:10  NaturalTwoPointEstimator     INFO     Saving /pscratch/sd/s/shengyu/galaxies/catalogs/Y3/AbacusHF-v2/Boxes/QSO/sn1p550/AbacusSummit_base_c000_ph015/mpspk/xipoles_QSO_zp1.550_DR2_v1.0+dv_repeat.npy.
[018627.40]  01-26 20:10  compute_2pt                  INFO     Save to /pscratch/sd/s/shengyu/galaxies/catalogs/Y3/AbacusHF-v2/Boxes/QSO/sn1p550/AbacusSummit_base_c000_ph015/mpspk/xipoles_QSO_zp1.550_DR2_v1.0+dv_repeat.npy
[018630.58]  01-26 20:10  CatalogFFTPower              INFO     Painting catalog 1 to mesh CatalogMesh(nmesh=[512 512 512], boxsize=[2000. 2000. 2000.], boxcenter=[1000.00001764  999.99998068 1000.00003286], dtype=float64).
[018630.93]  01-26 20:10  CatalogMesh                  INFO     Slab 0 ~ 4194304 / 23358353.
[018632.08]  01-26 20:10  CatalogMesh                  INFO     Painted 4194304 out of 23358353 objects to mesh.
[018632.08]  01-26 20:10  CatalogMesh                  INFO     Slab 4194304 ~ 8388608 / 23358353.
[018633.22]  01-26 20:10  CatalogMesh                  INFO     Painted 8388608 out of 23358353 objects to mesh.
[018633.22]  01-26 20:10  CatalogMesh                  INFO     Slab 8388608 ~ 12582912 / 23358353.
[018634.35]  01-26 20:10  CatalogMesh                  INFO     Painted 12582912 out of 23358353 objects to mesh.
[018634.35]  01-26 20:10  CatalogMesh                  INFO     Slab 12582912 ~ 16777216 / 23358353.
[018635.48]  01-26 20:10  CatalogMesh                  INFO     Painted 16777216 out of 23358353 objects to mesh.
[018635.48]  01-26 20:10  CatalogMesh                  INFO     Slab 16777216 ~ 20971520 / 23358353.
[018636.69]  01-26 20:10  CatalogMesh                  INFO     Painted 20971520 out of 23358353 objects to mesh.
[018636.69]  01-26 20:10  CatalogMesh                  INFO     Slab 20971520 ~ 25165824 / 23358353.
[018637.52]  01-26 20:10  CatalogMesh                  INFO     Painted 23358353 out of 23358353 objects to mesh.
[018637.52]  01-26 20:10  CatalogMesh                  INFO     Running interlacing at order 3.
[018639.73]  01-26 20:10  CatalogMesh                  INFO     Slab 0 ~ 4194304 / 23358353.
[018640.86]  01-26 20:10  CatalogMesh                  INFO     Painted 4194304 out of 23358353 objects to mesh.
[018640.86]  01-26 20:10  CatalogMesh                  INFO     Slab 4194304 ~ 8388608 / 23358353.
[018642.00]  01-26 20:10  CatalogMesh                  INFO     Painted 8388608 out of 23358353 objects to mesh.
[018642.00]  01-26 20:10  CatalogMesh                  INFO     Slab 8388608 ~ 12582912 / 23358353.
[018643.13]  01-26 20:10  CatalogMesh                  INFO     Painted 12582912 out of 23358353 objects to mesh.
[018643.13]  01-26 20:10  CatalogMesh                  INFO     Slab 12582912 ~ 16777216 / 23358353.
[018644.27]  01-26 20:10  CatalogMesh                  INFO     Painted 16777216 out of 23358353 objects to mesh.
[018644.27]  01-26 20:10  CatalogMesh                  INFO     Slab 16777216 ~ 20971520 / 23358353.
[018645.50]  01-26 20:10  CatalogMesh                  INFO     Painted 20971520 out of 23358353 objects to mesh.
[018645.50]  01-26 20:10  CatalogMesh                  INFO     Slab 20971520 ~ 25165824 / 23358353.
[018646.32]  01-26 20:10  CatalogMesh                  INFO     Painted 23358353 out of 23358353 objects to mesh.
[018650.09]  01-26 20:11  CatalogMesh                  INFO     Slab 0 ~ 4194304 / 23358353.
[018651.22]  01-26 20:11  CatalogMesh                  INFO     Painted 4194304 out of 23358353 objects to mesh.
[018651.22]  01-26 20:11  CatalogMesh                  INFO     Slab 4194304 ~ 8388608 / 23358353.
[018652.40]  01-26 20:11  CatalogMesh                  INFO     Painted 8388608 out of 23358353 objects to mesh.
[018652.40]  01-26 20:11  CatalogMesh                  INFO     Slab 8388608 ~ 12582912 / 23358353.
[018653.59]  01-26 20:11  CatalogMesh                  INFO     Painted 12582912 out of 23358353 objects to mesh.
[018653.59]  01-26 20:11  CatalogMesh                  INFO     Slab 12582912 ~ 16777216 / 23358353.
[018654.76]  01-26 20:11  CatalogMesh                  INFO     Painted 16777216 out of 23358353 objects to mesh.
[018654.76]  01-26 20:11  CatalogMesh                  INFO     Slab 16777216 ~ 20971520 / 23358353.
[018656.00]  01-26 20:11  CatalogMesh                  INFO     Painted 20971520 out of 23358353 objects to mesh.
[018656.00]  01-26 20:11  CatalogMesh                  INFO     Slab 20971520 ~ 25165824 / 23358353.
[018656.82]  01-26 20:11  CatalogMesh                  INFO     Painted 23358353 out of 23358353 objects to mesh.
[018662.36]  01-26 20:11  CatalogFFTPower              INFO     Done painting catalog 1 to mesh.
[018662.36]  01-26 20:11  CatalogFFTPower              INFO     Using 400 k-bins between 0.000 and 0.400.
[018662.36]  01-26 20:11  CatalogFFTPower              INFO     Meshes prepared in elapsed time 31.79 s.
[018662.36]  01-26 20:11  CatalogFFTPower              INFO     Running mesh calculation.
[018679.69]  01-26 20:11  CatalogFFTPower              INFO     Mesh calculations performed in elapsed time 17.33 s.
[018679.69]  01-26 20:11  CatalogFFTPower              INFO     Power spectrum computed in elapsed time 49.11 s.
[018679.69]  01-26 20:11  CatalogFFTPower              INFO     Saving /pscratch/sd/s/shengyu/galaxies/catalogs/Y3/AbacusHF-v2/Boxes/QSO/sn1p550/AbacusSummit_base_c000_ph015/mpspk/pkpoles_QSO_zp1.550_DR2_v1.0+dv_repeat.npy.
[018679.69]  01-26 20:11  compute_2pt                  INFO     Save to /pscratch/sd/s/shengyu/galaxies/catalogs/Y3/AbacusHF-v2/Boxes/QSO/sn1p550/AbacusSummit_base_c000_ph015/mpspk/pkpoles_QSO_zp1.550_DR2_v1.0+dv_repeat.npy
[018679.70]  01-26 20:11  TwoPointCorrelationFunction  INFO     Using estimator <class 'pycorr.twopoint_estimator.NaturalTwoPointEstimator'>.
[018679.70]  01-26 20:11  TwoPointCorrelationFunction  INFO     Running auto-correlation.
[018679.70]  01-26 20:11  TwoPointCorrelationFunction  INFO     Computing two-point counts D1D2.
[018694.44]  01-26 20:11  TwoPointCorrelationFunction  INFO     Analytically computing two-point counts R1R2.
[018694.44]  01-26 20:11  TwoPointCorrelationFunction  INFO     Correlation function computed in elapsed time 14.75 s.
[018694.44]  01-26 20:11  NaturalTwoPointEstimator     INFO     Saving /pscratch/sd/s/shengyu/galaxies/catalogs/Y3/AbacusHF-v2/Boxes/QSO/sn1p550/AbacusSummit_base_c000_ph015/mpspk/mpslog_QSO_zp1.550_DR2_v1.0+dv_repeat.npy.
[018694.45]  01-26 20:11  compute_2pt                  INFO     Save to /pscratch/sd/s/shengyu/galaxies/catalogs/Y3/AbacusHF-v2/Boxes/QSO/sn1p550/AbacusSummit_base_c000_ph015/mpspk/mpslog_QSO_zp1.550_DR2_v1.0+dv_repeat.npy
[018694.45]  01-26 20:11  TwoPointCorrelationFunction  INFO     Using estimator <class 'pycorr.twopoint_estimator.NaturalTwoPointEstimator'>.
[018694.45]  01-26 20:11  TwoPointCorrelationFunction  INFO     Running auto-correlation.
[018694.45]  01-26 20:11  TwoPointCorrelationFunction  INFO     Computing two-point counts D1D2.
[018714.13]  01-26 20:12  TwoPointCorrelationFunction  INFO     Analytically computing two-point counts R1R2.
[018714.13]  01-26 20:12  TwoPointCorrelationFunction  INFO     Correlation function computed in elapsed time 19.69 s.
[018714.14]  01-26 20:12  NaturalTwoPointEstimator     INFO     Saving /pscratch/sd/s/shengyu/galaxies/catalogs/Y3/AbacusHF-v2/Boxes/QSO/sn1p550/AbacusSummit_base_c000_ph015/mpspk/wplog_QSO_zp1.550_DR2_v1.0+dv_repeat.npy.
[018714.14]  01-26 20:12  compute_2pt                  INFO     Save to /pscratch/sd/s/shengyu/galaxies/catalogs/Y3/AbacusHF-v2/Boxes/QSO/sn1p550/AbacusSummit_base_c000_ph015/mpspk/wplog_QSO_zp1.550_DR2_v1.0+dv_repeat.npy
[018714.14]  01-26 20:12  compute_2pt                  INFO     Procceed {'version': 'AbacusHF-v2', 'domain': 'cubic', 'tracer': 'QSO', 'zsnap': 1.55, 'zrange': (1.4, 1.7), 'mock_id': 16, 'use_dv': 'repeat'}
[018714.14]  01-26 20:12  cat_tools                    INFO     Load /pscratch/sd/s/shengyu/galaxies/catalogs/Y3/AbacusHF-v2/Boxes/QSO/sn1p550/AbacusSummit_base_c000_ph016/abacus_HF_QSO_1p550_DR2_v2.0_AbacusSummit_base_c000_ph016_base_clustering.dat.h5
[018714.14]  01-26 20:12  FileStack                    INFO     Reading /pscratch/sd/s/shengyu/galaxies/catalogs/Y3/AbacusHF-v2/Boxes/QSO/sn1p550/AbacusSummit_base_c000_ph016/abacus_HF_QSO_1p550_DR2_v2.0_AbacusSummit_base_c000_ph016_base_clustering.dat.h5.
[018714.15]  01-26 20:12  cat_tools                    INFO     use Z positions shifted in repeat mode
[018715.06]  01-26 20:12  TwoPointCorrelationFunction  INFO     Using estimator <class 'pycorr.twopoint_estimator.NaturalTwoPointEstimator'>.
[018715.06]  01-26 20:12  TwoPointCorrelationFunction  INFO     Running auto-correlation.
[018715.06]  01-26 20:12  TwoPointCorrelationFunction  INFO     Computing two-point counts D1D2.
[018783.94]  01-26 20:13  TwoPointCorrelationFunction  INFO     Analytically computing two-point counts R1R2.
[018783.95]  01-26 20:13  TwoPointCorrelationFunction  INFO     Correlation function computed in elapsed time 68.88 s.
[018783.95]  01-26 20:13  NaturalTwoPointEstimator     INFO     Saving /pscratch/sd/s/shengyu/galaxies/catalogs/Y3/AbacusHF-v2/Boxes/QSO/sn1p550/AbacusSummit_base_c000_ph016/mpspk/xipoles_QSO_zp1.550_DR2_v1.0+dv_repeat.npy.
[018783.95]  01-26 20:13  compute_2pt                  INFO     Save to /pscratch/sd/s/shengyu/galaxies/catalogs/Y3/AbacusHF-v2/Boxes/QSO/sn1p550/AbacusSummit_base_c000_ph016/mpspk/xipoles_QSO_zp1.550_DR2_v1.0+dv_repeat.npy
[018787.11]  01-26 20:13  CatalogFFTPower              INFO     Painting catalog 1 to mesh CatalogMesh(nmesh=[512 512 512], boxsize=[2000. 2000. 2000.], boxcenter=[1000.00000199 1000.00000102 1000.00008531], dtype=float64).
[018787.46]  01-26 20:13  CatalogMesh                  INFO     Slab 0 ~ 4194304 / 23369586.
[018788.61]  01-26 20:13  CatalogMesh                  INFO     Painted 4194304 out of 23369586 objects to mesh.
[018788.61]  01-26 20:13  CatalogMesh                  INFO     Slab 4194304 ~ 8388608 / 23369586.
[018789.75]  01-26 20:13  CatalogMesh                  INFO     Painted 8388608 out of 23369586 objects to mesh.
[018789.75]  01-26 20:13  CatalogMesh                  INFO     Slab 8388608 ~ 12582912 / 23369586.
[018790.88]  01-26 20:13  CatalogMesh                  INFO     Painted 12582912 out of 23369586 objects to mesh.
[018790.88]  01-26 20:13  CatalogMesh                  INFO     Slab 12582912 ~ 16777216 / 23369586.
[018792.01]  01-26 20:13  CatalogMesh                  INFO     Painted 16777216 out of 23369586 objects to mesh.
[018792.01]  01-26 20:13  CatalogMesh                  INFO     Slab 16777216 ~ 20971520 / 23369586.
[018793.22]  01-26 20:13  CatalogMesh                  INFO     Painted 20971520 out of 23369586 objects to mesh.
[018793.22]  01-26 20:13  CatalogMesh                  INFO     Slab 20971520 ~ 25165824 / 23369586.
[018794.05]  01-26 20:13  CatalogMesh                  INFO     Painted 23369586 out of 23369586 objects to mesh.
[018794.05]  01-26 20:13  CatalogMesh                  INFO     Running interlacing at order 3.
[018796.24]  01-26 20:13  CatalogMesh                  INFO     Slab 0 ~ 4194304 / 23369586.
[018797.37]  01-26 20:13  CatalogMesh                  INFO     Painted 4194304 out of 23369586 objects to mesh.
[018797.37]  01-26 20:13  CatalogMesh                  INFO     Slab 4194304 ~ 8388608 / 23369586.
[018798.50]  01-26 20:13  CatalogMesh                  INFO     Painted 8388608 out of 23369586 objects to mesh.
[018798.50]  01-26 20:13  CatalogMesh                  INFO     Slab 8388608 ~ 12582912 / 23369586.
[018799.64]  01-26 20:13  CatalogMesh                  INFO     Painted 12582912 out of 23369586 objects to mesh.
[018799.64]  01-26 20:13  CatalogMesh                  INFO     Slab 12582912 ~ 16777216 / 23369586.
[018800.77]  01-26 20:13  CatalogMesh                  INFO     Painted 16777216 out of 23369586 objects to mesh.
[018800.77]  01-26 20:13  CatalogMesh                  INFO     Slab 16777216 ~ 20971520 / 23369586.
[018801.99]  01-26 20:13  CatalogMesh                  INFO     Painted 20971520 out of 23369586 objects to mesh.
[018801.99]  01-26 20:13  CatalogMesh                  INFO     Slab 20971520 ~ 25165824 / 23369586.
[018802.82]  01-26 20:13  CatalogMesh                  INFO     Painted 23369586 out of 23369586 objects to mesh.
[018806.57]  01-26 20:13  CatalogMesh                  INFO     Slab 0 ~ 4194304 / 23369586.
[018807.70]  01-26 20:13  CatalogMesh                  INFO     Painted 4194304 out of 23369586 objects to mesh.
[018807.70]  01-26 20:13  CatalogMesh                  INFO     Slab 4194304 ~ 8388608 / 23369586.
[018808.83]  01-26 20:13  CatalogMesh                  INFO     Painted 8388608 out of 23369586 objects to mesh.
[018808.83]  01-26 20:13  CatalogMesh                  INFO     Slab 8388608 ~ 12582912 / 23369586.
[018809.97]  01-26 20:13  CatalogMesh                  INFO     Painted 12582912 out of 23369586 objects to mesh.
[018809.97]  01-26 20:13  CatalogMesh                  INFO     Slab 12582912 ~ 16777216 / 23369586.
[018811.11]  01-26 20:13  CatalogMesh                  INFO     Painted 16777216 out of 23369586 objects to mesh.
[018811.11]  01-26 20:13  CatalogMesh                  INFO     Slab 16777216 ~ 20971520 / 23369586.
[018812.32]  01-26 20:13  CatalogMesh                  INFO     Painted 20971520 out of 23369586 objects to mesh.
[018812.33]  01-26 20:13  CatalogMesh                  INFO     Slab 20971520 ~ 25165824 / 23369586.
[018813.15]  01-26 20:13  CatalogMesh                  INFO     Painted 23369586 out of 23369586 objects to mesh.
[018818.69]  01-26 20:13  CatalogFFTPower              INFO     Done painting catalog 1 to mesh.
[018818.69]  01-26 20:13  CatalogFFTPower              INFO     Using 400 k-bins between 0.000 and 0.400.
[018818.70]  01-26 20:13  CatalogFFTPower              INFO     Meshes prepared in elapsed time 31.60 s.
[018818.70]  01-26 20:13  CatalogFFTPower              INFO     Running mesh calculation.
[018836.05]  01-26 20:14  CatalogFFTPower              INFO     Mesh calculations performed in elapsed time 17.35 s.
[018836.06]  01-26 20:14  CatalogFFTPower              INFO     Power spectrum computed in elapsed time 48.95 s.
[018836.06]  01-26 20:14  CatalogFFTPower              INFO     Saving /pscratch/sd/s/shengyu/galaxies/catalogs/Y3/AbacusHF-v2/Boxes/QSO/sn1p550/AbacusSummit_base_c000_ph016/mpspk/pkpoles_QSO_zp1.550_DR2_v1.0+dv_repeat.npy.
[018836.06]  01-26 20:14  compute_2pt                  INFO     Save to /pscratch/sd/s/shengyu/galaxies/catalogs/Y3/AbacusHF-v2/Boxes/QSO/sn1p550/AbacusSummit_base_c000_ph016/mpspk/pkpoles_QSO_zp1.550_DR2_v1.0+dv_repeat.npy
[018836.06]  01-26 20:14  TwoPointCorrelationFunction  INFO     Using estimator <class 'pycorr.twopoint_estimator.NaturalTwoPointEstimator'>.
[018836.06]  01-26 20:14  TwoPointCorrelationFunction  INFO     Running auto-correlation.
[018836.06]  01-26 20:14  TwoPointCorrelationFunction  INFO     Computing two-point counts D1D2.
[018852.72]  01-26 20:14  TwoPointCorrelationFunction  INFO     Analytically computing two-point counts R1R2.
[018852.73]  01-26 20:14  TwoPointCorrelationFunction  INFO     Correlation function computed in elapsed time 16.67 s.
[018852.74]  01-26 20:14  NaturalTwoPointEstimator     INFO     Saving /pscratch/sd/s/shengyu/galaxies/catalogs/Y3/AbacusHF-v2/Boxes/QSO/sn1p550/AbacusSummit_base_c000_ph016/mpspk/mpslog_QSO_zp1.550_DR2_v1.0+dv_repeat.npy.
[018852.75]  01-26 20:14  compute_2pt                  INFO     Save to /pscratch/sd/s/shengyu/galaxies/catalogs/Y3/AbacusHF-v2/Boxes/QSO/sn1p550/AbacusSummit_base_c000_ph016/mpspk/mpslog_QSO_zp1.550_DR2_v1.0+dv_repeat.npy
[018852.76]  01-26 20:14  TwoPointCorrelationFunction  INFO     Using estimator <class 'pycorr.twopoint_estimator.NaturalTwoPointEstimator'>.
[018852.76]  01-26 20:14  TwoPointCorrelationFunction  INFO     Running auto-correlation.
[018852.76]  01-26 20:14  TwoPointCorrelationFunction  INFO     Computing two-point counts D1D2.
[018872.33]  01-26 20:14  TwoPointCorrelationFunction  INFO     Analytically computing two-point counts R1R2.
[018872.33]  01-26 20:14  TwoPointCorrelationFunction  INFO     Correlation function computed in elapsed time 19.58 s.
[018872.33]  01-26 20:14  NaturalTwoPointEstimator     INFO     Saving /pscratch/sd/s/shengyu/galaxies/catalogs/Y3/AbacusHF-v2/Boxes/QSO/sn1p550/AbacusSummit_base_c000_ph016/mpspk/wplog_QSO_zp1.550_DR2_v1.0+dv_repeat.npy.
[018872.34]  01-26 20:14  compute_2pt                  INFO     Save to /pscratch/sd/s/shengyu/galaxies/catalogs/Y3/AbacusHF-v2/Boxes/QSO/sn1p550/AbacusSummit_base_c000_ph016/mpspk/wplog_QSO_zp1.550_DR2_v1.0+dv_repeat.npy
[018872.34]  01-26 20:14  compute_2pt                  INFO     Procceed {'version': 'AbacusHF-v2', 'domain': 'cubic', 'tracer': 'QSO', 'zsnap': 1.55, 'zrange': (1.4, 1.7), 'mock_id': 17, 'use_dv': 'repeat'}
[018872.34]  01-26 20:14  cat_tools                    INFO     Load /pscratch/sd/s/shengyu/galaxies/catalogs/Y3/AbacusHF-v2/Boxes/QSO/sn1p550/AbacusSummit_base_c000_ph017/abacus_HF_QSO_1p550_DR2_v2.0_AbacusSummit_base_c000_ph017_base_clustering.dat.h5
[018872.34]  01-26 20:14  FileStack                    INFO     Reading /pscratch/sd/s/shengyu/galaxies/catalogs/Y3/AbacusHF-v2/Boxes/QSO/sn1p550/AbacusSummit_base_c000_ph017/abacus_HF_QSO_1p550_DR2_v2.0_AbacusSummit_base_c000_ph017_base_clustering.dat.h5.
[018872.35]  01-26 20:14  cat_tools                    INFO     use Z positions shifted in repeat mode
[018873.28]  01-26 20:14  TwoPointCorrelationFunction  INFO     Using estimator <class 'pycorr.twopoint_estimator.NaturalTwoPointEstimator'>.
[018873.28]  01-26 20:14  TwoPointCorrelationFunction  INFO     Running auto-correlation.
[018873.28]  01-26 20:14  TwoPointCorrelationFunction  INFO     Computing two-point counts D1D2.
[018942.46]  01-26 20:15  TwoPointCorrelationFunction  INFO     Analytically computing two-point counts R1R2.
[018942.46]  01-26 20:15  TwoPointCorrelationFunction  INFO     Correlation function computed in elapsed time 69.18 s.
[018942.46]  01-26 20:15  NaturalTwoPointEstimator     INFO     Saving /pscratch/sd/s/shengyu/galaxies/catalogs/Y3/AbacusHF-v2/Boxes/QSO/sn1p550/AbacusSummit_base_c000_ph017/mpspk/xipoles_QSO_zp1.550_DR2_v1.0+dv_repeat.npy.
[018942.47]  01-26 20:15  compute_2pt                  INFO     Save to /pscratch/sd/s/shengyu/galaxies/catalogs/Y3/AbacusHF-v2/Boxes/QSO/sn1p550/AbacusSummit_base_c000_ph017/mpspk/xipoles_QSO_zp1.550_DR2_v1.0+dv_repeat.npy
[018945.64]  01-26 20:15  CatalogFFTPower              INFO     Painting catalog 1 to mesh CatalogMesh(nmesh=[512 512 512], boxsize=[2000. 2000. 2000.], boxcenter=[ 999.99994952  999.99997772 1000.00008797], dtype=float64).
[018946.00]  01-26 20:15  CatalogMesh                  INFO     Slab 0 ~ 4194304 / 23354632.
[018947.14]  01-26 20:15  CatalogMesh                  INFO     Painted 4194304 out of 23354632 objects to mesh.
[018947.14]  01-26 20:15  CatalogMesh                  INFO     Slab 4194304 ~ 8388608 / 23354632.
[018948.28]  01-26 20:15  CatalogMesh                  INFO     Painted 8388608 out of 23354632 objects to mesh.
[018948.28]  01-26 20:15  CatalogMesh                  INFO     Slab 8388608 ~ 12582912 / 23354632.
[018949.41]  01-26 20:16  CatalogMesh                  INFO     Painted 12582912 out of 23354632 objects to mesh.
[018949.41]  01-26 20:16  CatalogMesh                  INFO     Slab 12582912 ~ 16777216 / 23354632.
[018950.54]  01-26 20:16  CatalogMesh                  INFO     Painted 16777216 out of 23354632 objects to mesh.
[018950.55]  01-26 20:16  CatalogMesh                  INFO     Slab 16777216 ~ 20971520 / 23354632.
[018951.76]  01-26 20:16  CatalogMesh                  INFO     Painted 20971520 out of 23354632 objects to mesh.
[018951.76]  01-26 20:16  CatalogMesh                  INFO     Slab 20971520 ~ 25165824 / 23354632.
[018952.59]  01-26 20:16  CatalogMesh                  INFO     Painted 23354632 out of 23354632 objects to mesh.
[018952.59]  01-26 20:16  CatalogMesh                  INFO     Running interlacing at order 3.
[018954.80]  01-26 20:16  CatalogMesh                  INFO     Slab 0 ~ 4194304 / 23354632.
[018955.93]  01-26 20:16  CatalogMesh                  INFO     Painted 4194304 out of 23354632 objects to mesh.
[018955.93]  01-26 20:16  CatalogMesh                  INFO     Slab 4194304 ~ 8388608 / 23354632.
[018957.07]  01-26 20:16  CatalogMesh                  INFO     Painted 8388608 out of 23354632 objects to mesh.
[018957.07]  01-26 20:16  CatalogMesh                  INFO     Slab 8388608 ~ 12582912 / 23354632.
[018958.20]  01-26 20:16  CatalogMesh                  INFO     Painted 12582912 out of 23354632 objects to mesh.
[018958.20]  01-26 20:16  CatalogMesh                  INFO     Slab 12582912 ~ 16777216 / 23354632.
[018959.33]  01-26 20:16  CatalogMesh                  INFO     Painted 16777216 out of 23354632 objects to mesh.
[018959.34]  01-26 20:16  CatalogMesh                  INFO     Slab 16777216 ~ 20971520 / 23354632.
[018960.54]  01-26 20:16  CatalogMesh                  INFO     Painted 20971520 out of 23354632 objects to mesh.
[018960.54]  01-26 20:16  CatalogMesh                  INFO     Slab 20971520 ~ 25165824 / 23354632.
[018961.37]  01-26 20:16  CatalogMesh                  INFO     Painted 23354632 out of 23354632 objects to mesh.
[018965.11]  01-26 20:16  CatalogMesh                  INFO     Slab 0 ~ 4194304 / 23354632.
[018966.24]  01-26 20:16  CatalogMesh                  INFO     Painted 4194304 out of 23354632 objects to mesh.
[018966.24]  01-26 20:16  CatalogMesh                  INFO     Slab 4194304 ~ 8388608 / 23354632.
[018967.38]  01-26 20:16  CatalogMesh                  INFO     Painted 8388608 out of 23354632 objects to mesh.
[018967.38]  01-26 20:16  CatalogMesh                  INFO     Slab 8388608 ~ 12582912 / 23354632.
[018968.52]  01-26 20:16  CatalogMesh                  INFO     Painted 12582912 out of 23354632 objects to mesh.
[018968.52]  01-26 20:16  CatalogMesh                  INFO     Slab 12582912 ~ 16777216 / 23354632.
[018969.65]  01-26 20:16  CatalogMesh                  INFO     Painted 16777216 out of 23354632 objects to mesh.
[018969.65]  01-26 20:16  CatalogMesh                  INFO     Slab 16777216 ~ 20971520 / 23354632.
[018970.86]  01-26 20:16  CatalogMesh                  INFO     Painted 20971520 out of 23354632 objects to mesh.
[018970.86]  01-26 20:16  CatalogMesh                  INFO     Slab 20971520 ~ 25165824 / 23354632.
[018971.68]  01-26 20:16  CatalogMesh                  INFO     Painted 23354632 out of 23354632 objects to mesh.
[018977.21]  01-26 20:16  CatalogFFTPower              INFO     Done painting catalog 1 to mesh.
[018977.21]  01-26 20:16  CatalogFFTPower              INFO     Using 400 k-bins between 0.000 and 0.400.
[018977.21]  01-26 20:16  CatalogFFTPower              INFO     Meshes prepared in elapsed time 31.57 s.
[018977.21]  01-26 20:16  CatalogFFTPower              INFO     Running mesh calculation.
[018994.49]  01-26 20:16  CatalogFFTPower              INFO     Mesh calculations performed in elapsed time 17.28 s.
[018994.49]  01-26 20:16  CatalogFFTPower              INFO     Power spectrum computed in elapsed time 48.85 s.
[018994.49]  01-26 20:16  CatalogFFTPower              INFO     Saving /pscratch/sd/s/shengyu/galaxies/catalogs/Y3/AbacusHF-v2/Boxes/QSO/sn1p550/AbacusSummit_base_c000_ph017/mpspk/pkpoles_QSO_zp1.550_DR2_v1.0+dv_repeat.npy.
[018994.49]  01-26 20:16  compute_2pt                  INFO     Save to /pscratch/sd/s/shengyu/galaxies/catalogs/Y3/AbacusHF-v2/Boxes/QSO/sn1p550/AbacusSummit_base_c000_ph017/mpspk/pkpoles_QSO_zp1.550_DR2_v1.0+dv_repeat.npy
[018994.49]  01-26 20:16  TwoPointCorrelationFunction  INFO     Using estimator <class 'pycorr.twopoint_estimator.NaturalTwoPointEstimator'>.
[018994.49]  01-26 20:16  TwoPointCorrelationFunction  INFO     Running auto-correlation.
[018994.49]  01-26 20:16  TwoPointCorrelationFunction  INFO     Computing two-point counts D1D2.
[019011.04]  01-26 20:17  TwoPointCorrelationFunction  INFO     Analytically computing two-point counts R1R2.
[019011.04]  01-26 20:17  TwoPointCorrelationFunction  INFO     Correlation function computed in elapsed time 16.55 s.
[019011.04]  01-26 20:17  NaturalTwoPointEstimator     INFO     Saving /pscratch/sd/s/shengyu/galaxies/catalogs/Y3/AbacusHF-v2/Boxes/QSO/sn1p550/AbacusSummit_base_c000_ph017/mpspk/mpslog_QSO_zp1.550_DR2_v1.0+dv_repeat.npy.
[019011.04]  01-26 20:17  compute_2pt                  INFO     Save to /pscratch/sd/s/shengyu/galaxies/catalogs/Y3/AbacusHF-v2/Boxes/QSO/sn1p550/AbacusSummit_base_c000_ph017/mpspk/mpslog_QSO_zp1.550_DR2_v1.0+dv_repeat.npy
[019011.05]  01-26 20:17  TwoPointCorrelationFunction  INFO     Using estimator <class 'pycorr.twopoint_estimator.NaturalTwoPointEstimator'>.
[019011.05]  01-26 20:17  TwoPointCorrelationFunction  INFO     Running auto-correlation.
[019011.05]  01-26 20:17  TwoPointCorrelationFunction  INFO     Computing two-point counts D1D2.
[019030.68]  01-26 20:17  TwoPointCorrelationFunction  INFO     Analytically computing two-point counts R1R2.
[019030.68]  01-26 20:17  TwoPointCorrelationFunction  INFO     Correlation function computed in elapsed time 19.63 s.
[019030.68]  01-26 20:17  NaturalTwoPointEstimator     INFO     Saving /pscratch/sd/s/shengyu/galaxies/catalogs/Y3/AbacusHF-v2/Boxes/QSO/sn1p550/AbacusSummit_base_c000_ph017/mpspk/wplog_QSO_zp1.550_DR2_v1.0+dv_repeat.npy.
[019030.68]  01-26 20:17  compute_2pt                  INFO     Save to /pscratch/sd/s/shengyu/galaxies/catalogs/Y3/AbacusHF-v2/Boxes/QSO/sn1p550/AbacusSummit_base_c000_ph017/mpspk/wplog_QSO_zp1.550_DR2_v1.0+dv_repeat.npy
[019030.68]  01-26 20:17  compute_2pt                  INFO     Procceed {'version': 'AbacusHF-v2', 'domain': 'cubic', 'tracer': 'QSO', 'zsnap': 1.55, 'zrange': (1.4, 1.7), 'mock_id': 18, 'use_dv': 'repeat'}
[019030.68]  01-26 20:17  cat_tools                    INFO     Load /pscratch/sd/s/shengyu/galaxies/catalogs/Y3/AbacusHF-v2/Boxes/QSO/sn1p550/AbacusSummit_base_c000_ph018/abacus_HF_QSO_1p550_DR2_v2.0_AbacusSummit_base_c000_ph018_base_clustering.dat.h5
[019030.68]  01-26 20:17  FileStack                    INFO     Reading /pscratch/sd/s/shengyu/galaxies/catalogs/Y3/AbacusHF-v2/Boxes/QSO/sn1p550/AbacusSummit_base_c000_ph018/abacus_HF_QSO_1p550_DR2_v2.0_AbacusSummit_base_c000_ph018_base_clustering.dat.h5.
[019030.69]  01-26 20:17  cat_tools                    INFO     use Z positions shifted in repeat mode
[019031.60]  01-26 20:17  TwoPointCorrelationFunction  INFO     Using estimator <class 'pycorr.twopoint_estimator.NaturalTwoPointEstimator'>.
[019031.60]  01-26 20:17  TwoPointCorrelationFunction  INFO     Running auto-correlation.
[019031.60]  01-26 20:17  TwoPointCorrelationFunction  INFO     Computing two-point counts D1D2.
[019099.93]  01-26 20:18  TwoPointCorrelationFunction  INFO     Analytically computing two-point counts R1R2.
[019099.93]  01-26 20:18  TwoPointCorrelationFunction  INFO     Correlation function computed in elapsed time 68.33 s.
[019099.93]  01-26 20:18  NaturalTwoPointEstimator     INFO     Saving /pscratch/sd/s/shengyu/galaxies/catalogs/Y3/AbacusHF-v2/Boxes/QSO/sn1p550/AbacusSummit_base_c000_ph018/mpspk/xipoles_QSO_zp1.550_DR2_v1.0+dv_repeat.npy.
[019099.94]  01-26 20:18  compute_2pt                  INFO     Save to /pscratch/sd/s/shengyu/galaxies/catalogs/Y3/AbacusHF-v2/Boxes/QSO/sn1p550/AbacusSummit_base_c000_ph018/mpspk/xipoles_QSO_zp1.550_DR2_v1.0+dv_repeat.npy
[019103.11]  01-26 20:18  CatalogFFTPower              INFO     Painting catalog 1 to mesh CatalogMesh(nmesh=[512 512 512], boxsize=[2000. 2000. 2000.], boxcenter=[ 999.9999592  1000.00001762 1000.0000187 ], dtype=float64).
[019103.47]  01-26 20:18  CatalogMesh                  INFO     Slab 0 ~ 4194304 / 23348769.
[019104.62]  01-26 20:18  CatalogMesh                  INFO     Painted 4194304 out of 23348769 objects to mesh.
[019104.62]  01-26 20:18  CatalogMesh                  INFO     Slab 4194304 ~ 8388608 / 23348769.
[019105.75]  01-26 20:18  CatalogMesh                  INFO     Painted 8388608 out of 23348769 objects to mesh.
[019105.75]  01-26 20:18  CatalogMesh                  INFO     Slab 8388608 ~ 12582912 / 23348769.
[019106.88]  01-26 20:18  CatalogMesh                  INFO     Painted 12582912 out of 23348769 objects to mesh.
[019106.88]  01-26 20:18  CatalogMesh                  INFO     Slab 12582912 ~ 16777216 / 23348769.
[019108.01]  01-26 20:18  CatalogMesh                  INFO     Painted 16777216 out of 23348769 objects to mesh.
[019108.02]  01-26 20:18  CatalogMesh                  INFO     Slab 16777216 ~ 20971520 / 23348769.
[019109.23]  01-26 20:18  CatalogMesh                  INFO     Painted 20971520 out of 23348769 objects to mesh.
[019109.23]  01-26 20:18  CatalogMesh                  INFO     Slab 20971520 ~ 25165824 / 23348769.
[019110.05]  01-26 20:18  CatalogMesh                  INFO     Painted 23348769 out of 23348769 objects to mesh.
[019110.05]  01-26 20:18  CatalogMesh                  INFO     Running interlacing at order 3.
[019112.26]  01-26 20:18  CatalogMesh                  INFO     Slab 0 ~ 4194304 / 23348769.
[019113.39]  01-26 20:18  CatalogMesh                  INFO     Painted 4194304 out of 23348769 objects to mesh.
[019113.39]  01-26 20:18  CatalogMesh                  INFO     Slab 4194304 ~ 8388608 / 23348769.
[019114.53]  01-26 20:18  CatalogMesh                  INFO     Painted 8388608 out of 23348769 objects to mesh.
[019114.53]  01-26 20:18  CatalogMesh                  INFO     Slab 8388608 ~ 12582912 / 23348769.
[019115.66]  01-26 20:18  CatalogMesh                  INFO     Painted 12582912 out of 23348769 objects to mesh.
[019115.66]  01-26 20:18  CatalogMesh                  INFO     Slab 12582912 ~ 16777216 / 23348769.
[019116.79]  01-26 20:18  CatalogMesh                  INFO     Painted 16777216 out of 23348769 objects to mesh.
[019116.79]  01-26 20:18  CatalogMesh                  INFO     Slab 16777216 ~ 20971520 / 23348769.
[019118.00]  01-26 20:18  CatalogMesh                  INFO     Painted 20971520 out of 23348769 objects to mesh.
[019118.00]  01-26 20:18  CatalogMesh                  INFO     Slab 20971520 ~ 25165824 / 23348769.
[019118.82]  01-26 20:18  CatalogMesh                  INFO     Painted 23348769 out of 23348769 objects to mesh.
[019122.57]  01-26 20:18  CatalogMesh                  INFO     Slab 0 ~ 4194304 / 23348769.
[019123.69]  01-26 20:18  CatalogMesh                  INFO     Painted 4194304 out of 23348769 objects to mesh.
[019123.69]  01-26 20:18  CatalogMesh                  INFO     Slab 4194304 ~ 8388608 / 23348769.
[019124.82]  01-26 20:18  CatalogMesh                  INFO     Painted 8388608 out of 23348769 objects to mesh.
[019124.82]  01-26 20:18  CatalogMesh                  INFO     Slab 8388608 ~ 12582912 / 23348769.
[019125.96]  01-26 20:18  CatalogMesh                  INFO     Painted 12582912 out of 23348769 objects to mesh.
[019125.96]  01-26 20:18  CatalogMesh                  INFO     Slab 12582912 ~ 16777216 / 23348769.
[019127.10]  01-26 20:18  CatalogMesh                  INFO     Painted 16777216 out of 23348769 objects to mesh.
[019127.10]  01-26 20:18  CatalogMesh                  INFO     Slab 16777216 ~ 20971520 / 23348769.
[019128.31]  01-26 20:18  CatalogMesh                  INFO     Painted 20971520 out of 23348769 objects to mesh.
[019128.31]  01-26 20:18  CatalogMesh                  INFO     Slab 20971520 ~ 25165824 / 23348769.
[019129.13]  01-26 20:19  CatalogMesh                  INFO     Painted 23348769 out of 23348769 objects to mesh.
[019134.65]  01-26 20:19  CatalogFFTPower              INFO     Done painting catalog 1 to mesh.
[019134.65]  01-26 20:19  CatalogFFTPower              INFO     Using 400 k-bins between 0.000 and 0.400.
[019134.65]  01-26 20:19  CatalogFFTPower              INFO     Meshes prepared in elapsed time 31.54 s.
[019134.65]  01-26 20:19  CatalogFFTPower              INFO     Running mesh calculation.
[019151.97]  01-26 20:19  CatalogFFTPower              INFO     Mesh calculations performed in elapsed time 17.32 s.
[019151.97]  01-26 20:19  CatalogFFTPower              INFO     Power spectrum computed in elapsed time 48.86 s.
[019151.97]  01-26 20:19  CatalogFFTPower              INFO     Saving /pscratch/sd/s/shengyu/galaxies/catalogs/Y3/AbacusHF-v2/Boxes/QSO/sn1p550/AbacusSummit_base_c000_ph018/mpspk/pkpoles_QSO_zp1.550_DR2_v1.0+dv_repeat.npy.
[019151.98]  01-26 20:19  compute_2pt                  INFO     Save to /pscratch/sd/s/shengyu/galaxies/catalogs/Y3/AbacusHF-v2/Boxes/QSO/sn1p550/AbacusSummit_base_c000_ph018/mpspk/pkpoles_QSO_zp1.550_DR2_v1.0+dv_repeat.npy
[019151.98]  01-26 20:19  TwoPointCorrelationFunction  INFO     Using estimator <class 'pycorr.twopoint_estimator.NaturalTwoPointEstimator'>.
[019151.98]  01-26 20:19  TwoPointCorrelationFunction  INFO     Running auto-correlation.
[019151.98]  01-26 20:19  TwoPointCorrelationFunction  INFO     Computing two-point counts D1D2.
[019167.07]  01-26 20:19  TwoPointCorrelationFunction  INFO     Analytically computing two-point counts R1R2.
[019167.07]  01-26 20:19  TwoPointCorrelationFunction  INFO     Correlation function computed in elapsed time 15.09 s.
[019167.07]  01-26 20:19  NaturalTwoPointEstimator     INFO     Saving /pscratch/sd/s/shengyu/galaxies/catalogs/Y3/AbacusHF-v2/Boxes/QSO/sn1p550/AbacusSummit_base_c000_ph018/mpspk/mpslog_QSO_zp1.550_DR2_v1.0+dv_repeat.npy.
[019167.07]  01-26 20:19  compute_2pt                  INFO     Save to /pscratch/sd/s/shengyu/galaxies/catalogs/Y3/AbacusHF-v2/Boxes/QSO/sn1p550/AbacusSummit_base_c000_ph018/mpspk/mpslog_QSO_zp1.550_DR2_v1.0+dv_repeat.npy
[019167.07]  01-26 20:19  TwoPointCorrelationFunction  INFO     Using estimator <class 'pycorr.twopoint_estimator.NaturalTwoPointEstimator'>.
[019167.07]  01-26 20:19  TwoPointCorrelationFunction  INFO     Running auto-correlation.
[019167.07]  01-26 20:19  TwoPointCorrelationFunction  INFO     Computing two-point counts D1D2.
[019186.72]  01-26 20:19  TwoPointCorrelationFunction  INFO     Analytically computing two-point counts R1R2.
[019186.72]  01-26 20:19  TwoPointCorrelationFunction  INFO     Correlation function computed in elapsed time 19.65 s.
[019186.73]  01-26 20:19  NaturalTwoPointEstimator     INFO     Saving /pscratch/sd/s/shengyu/galaxies/catalogs/Y3/AbacusHF-v2/Boxes/QSO/sn1p550/AbacusSummit_base_c000_ph018/mpspk/wplog_QSO_zp1.550_DR2_v1.0+dv_repeat.npy.
[019186.73]  01-26 20:19  compute_2pt                  INFO     Save to /pscratch/sd/s/shengyu/galaxies/catalogs/Y3/AbacusHF-v2/Boxes/QSO/sn1p550/AbacusSummit_base_c000_ph018/mpspk/wplog_QSO_zp1.550_DR2_v1.0+dv_repeat.npy
[019186.73]  01-26 20:19  compute_2pt                  INFO     Procceed {'version': 'AbacusHF-v2', 'domain': 'cubic', 'tracer': 'QSO', 'zsnap': 1.55, 'zrange': (1.4, 1.7), 'mock_id': 19, 'use_dv': 'repeat'}
[019186.73]  01-26 20:19  cat_tools                    INFO     Load /pscratch/sd/s/shengyu/galaxies/catalogs/Y3/AbacusHF-v2/Boxes/QSO/sn1p550/AbacusSummit_base_c000_ph019/abacus_HF_QSO_1p550_DR2_v2.0_AbacusSummit_base_c000_ph019_base_clustering.dat.h5
[019186.73]  01-26 20:19  FileStack                    INFO     Reading /pscratch/sd/s/shengyu/galaxies/catalogs/Y3/AbacusHF-v2/Boxes/QSO/sn1p550/AbacusSummit_base_c000_ph019/abacus_HF_QSO_1p550_DR2_v2.0_AbacusSummit_base_c000_ph019_base_clustering.dat.h5.
[019186.74]  01-26 20:19  cat_tools                    INFO     use Z positions shifted in repeat mode
[019187.65]  01-26 20:19  TwoPointCorrelationFunction  INFO     Using estimator <class 'pycorr.twopoint_estimator.NaturalTwoPointEstimator'>.
[019187.65]  01-26 20:19  TwoPointCorrelationFunction  INFO     Running auto-correlation.
[019187.65]  01-26 20:19  TwoPointCorrelationFunction  INFO     Computing two-point counts D1D2.
[019259.35]  01-26 20:21  TwoPointCorrelationFunction  INFO     Analytically computing two-point counts R1R2.
[019259.35]  01-26 20:21  TwoPointCorrelationFunction  INFO     Correlation function computed in elapsed time 71.69 s.
[019259.35]  01-26 20:21  NaturalTwoPointEstimator     INFO     Saving /pscratch/sd/s/shengyu/galaxies/catalogs/Y3/AbacusHF-v2/Boxes/QSO/sn1p550/AbacusSummit_base_c000_ph019/mpspk/xipoles_QSO_zp1.550_DR2_v1.0+dv_repeat.npy.
[019259.35]  01-26 20:21  compute_2pt                  INFO     Save to /pscratch/sd/s/shengyu/galaxies/catalogs/Y3/AbacusHF-v2/Boxes/QSO/sn1p550/AbacusSummit_base_c000_ph019/mpspk/xipoles_QSO_zp1.550_DR2_v1.0+dv_repeat.npy
[019262.51]  01-26 20:21  CatalogFFTPower              INFO     Painting catalog 1 to mesh CatalogMesh(nmesh=[512 512 512], boxsize=[2000. 2000. 2000.], boxcenter=[999.99992957 999.99999853 999.99999819], dtype=float64).
[019262.86]  01-26 20:21  CatalogMesh                  INFO     Slab 0 ~ 4194304 / 23344365.
[019264.00]  01-26 20:21  CatalogMesh                  INFO     Painted 4194304 out of 23344365 objects to mesh.
[019264.00]  01-26 20:21  CatalogMesh                  INFO     Slab 4194304 ~ 8388608 / 23344365.
[019265.14]  01-26 20:21  CatalogMesh                  INFO     Painted 8388608 out of 23344365 objects to mesh.
[019265.14]  01-26 20:21  CatalogMesh                  INFO     Slab 8388608 ~ 12582912 / 23344365.
[019266.26]  01-26 20:21  CatalogMesh                  INFO     Painted 12582912 out of 23344365 objects to mesh.
[019266.26]  01-26 20:21  CatalogMesh                  INFO     Slab 12582912 ~ 16777216 / 23344365.
[019267.39]  01-26 20:21  CatalogMesh                  INFO     Painted 16777216 out of 23344365 objects to mesh.
[019267.39]  01-26 20:21  CatalogMesh                  INFO     Slab 16777216 ~ 20971520 / 23344365.
[019268.60]  01-26 20:21  CatalogMesh                  INFO     Painted 20971520 out of 23344365 objects to mesh.
[019268.60]  01-26 20:21  CatalogMesh                  INFO     Slab 20971520 ~ 25165824 / 23344365.
[019269.41]  01-26 20:21  CatalogMesh                  INFO     Painted 23344365 out of 23344365 objects to mesh.
[019269.41]  01-26 20:21  CatalogMesh                  INFO     Running interlacing at order 3.
[019271.60]  01-26 20:21  CatalogMesh                  INFO     Slab 0 ~ 4194304 / 23344365.
[019272.72]  01-26 20:21  CatalogMesh                  INFO     Painted 4194304 out of 23344365 objects to mesh.
[019272.72]  01-26 20:21  CatalogMesh                  INFO     Slab 4194304 ~ 8388608 / 23344365.
[019273.85]  01-26 20:21  CatalogMesh                  INFO     Painted 8388608 out of 23344365 objects to mesh.
[019273.85]  01-26 20:21  CatalogMesh                  INFO     Slab 8388608 ~ 12582912 / 23344365.
[019274.98]  01-26 20:21  CatalogMesh                  INFO     Painted 12582912 out of 23344365 objects to mesh.
[019274.98]  01-26 20:21  CatalogMesh                  INFO     Slab 12582912 ~ 16777216 / 23344365.
[019276.11]  01-26 20:21  CatalogMesh                  INFO     Painted 16777216 out of 23344365 objects to mesh.
[019276.11]  01-26 20:21  CatalogMesh                  INFO     Slab 16777216 ~ 20971520 / 23344365.
[019277.32]  01-26 20:21  CatalogMesh                  INFO     Painted 20971520 out of 23344365 objects to mesh.
[019277.32]  01-26 20:21  CatalogMesh                  INFO     Slab 20971520 ~ 25165824 / 23344365.
[019278.14]  01-26 20:21  CatalogMesh                  INFO     Painted 23344365 out of 23344365 objects to mesh.
[019281.88]  01-26 20:21  CatalogMesh                  INFO     Slab 0 ~ 4194304 / 23344365.
[019283.00]  01-26 20:21  CatalogMesh                  INFO     Painted 4194304 out of 23344365 objects to mesh.
[019283.00]  01-26 20:21  CatalogMesh                  INFO     Slab 4194304 ~ 8388608 / 23344365.
[019284.14]  01-26 20:21  CatalogMesh                  INFO     Painted 8388608 out of 23344365 objects to mesh.
[019284.14]  01-26 20:21  CatalogMesh                  INFO     Slab 8388608 ~ 12582912 / 23344365.
[019285.27]  01-26 20:21  CatalogMesh                  INFO     Painted 12582912 out of 23344365 objects to mesh.
[019285.27]  01-26 20:21  CatalogMesh                  INFO     Slab 12582912 ~ 16777216 / 23344365.
[019286.39]  01-26 20:21  CatalogMesh                  INFO     Painted 16777216 out of 23344365 objects to mesh.
[019286.39]  01-26 20:21  CatalogMesh                  INFO     Slab 16777216 ~ 20971520 / 23344365.
[019287.60]  01-26 20:21  CatalogMesh                  INFO     Painted 20971520 out of 23344365 objects to mesh.
[019287.60]  01-26 20:21  CatalogMesh                  INFO     Slab 20971520 ~ 25165824 / 23344365.
[019288.43]  01-26 20:21  CatalogMesh                  INFO     Painted 23344365 out of 23344365 objects to mesh.
[019293.95]  01-26 20:21  CatalogFFTPower              INFO     Done painting catalog 1 to mesh.
[019293.95]  01-26 20:21  CatalogFFTPower              INFO     Using 400 k-bins between 0.000 and 0.400.
[019293.95]  01-26 20:21  CatalogFFTPower              INFO     Meshes prepared in elapsed time 31.44 s.
[019293.95]  01-26 20:21  CatalogFFTPower              INFO     Running mesh calculation.
[019311.12]  01-26 20:22  CatalogFFTPower              INFO     Mesh calculations performed in elapsed time 17.17 s.
[019311.12]  01-26 20:22  CatalogFFTPower              INFO     Power spectrum computed in elapsed time 48.61 s.
[019311.12]  01-26 20:22  CatalogFFTPower              INFO     Saving /pscratch/sd/s/shengyu/galaxies/catalogs/Y3/AbacusHF-v2/Boxes/QSO/sn1p550/AbacusSummit_base_c000_ph019/mpspk/pkpoles_QSO_zp1.550_DR2_v1.0+dv_repeat.npy.
[019311.12]  01-26 20:22  compute_2pt                  INFO     Save to /pscratch/sd/s/shengyu/galaxies/catalogs/Y3/AbacusHF-v2/Boxes/QSO/sn1p550/AbacusSummit_base_c000_ph019/mpspk/pkpoles_QSO_zp1.550_DR2_v1.0+dv_repeat.npy
[019311.12]  01-26 20:22  TwoPointCorrelationFunction  INFO     Using estimator <class 'pycorr.twopoint_estimator.NaturalTwoPointEstimator'>.
[019311.12]  01-26 20:22  TwoPointCorrelationFunction  INFO     Running auto-correlation.
[019311.13]  01-26 20:22  TwoPointCorrelationFunction  INFO     Computing two-point counts D1D2.
[019325.37]  01-26 20:22  TwoPointCorrelationFunction  INFO     Analytically computing two-point counts R1R2.
[019325.37]  01-26 20:22  TwoPointCorrelationFunction  INFO     Correlation function computed in elapsed time 14.25 s.
[019325.37]  01-26 20:22  NaturalTwoPointEstimator     INFO     Saving /pscratch/sd/s/shengyu/galaxies/catalogs/Y3/AbacusHF-v2/Boxes/QSO/sn1p550/AbacusSummit_base_c000_ph019/mpspk/mpslog_QSO_zp1.550_DR2_v1.0+dv_repeat.npy.
[019325.38]  01-26 20:22  compute_2pt                  INFO     Save to /pscratch/sd/s/shengyu/galaxies/catalogs/Y3/AbacusHF-v2/Boxes/QSO/sn1p550/AbacusSummit_base_c000_ph019/mpspk/mpslog_QSO_zp1.550_DR2_v1.0+dv_repeat.npy
[019325.38]  01-26 20:22  TwoPointCorrelationFunction  INFO     Using estimator <class 'pycorr.twopoint_estimator.NaturalTwoPointEstimator'>.
[019325.38]  01-26 20:22  TwoPointCorrelationFunction  INFO     Running auto-correlation.
[019325.38]  01-26 20:22  TwoPointCorrelationFunction  INFO     Computing two-point counts D1D2.
[019344.93]  01-26 20:22  TwoPointCorrelationFunction  INFO     Analytically computing two-point counts R1R2.
[019344.93]  01-26 20:22  TwoPointCorrelationFunction  INFO     Correlation function computed in elapsed time 19.56 s.
[019344.93]  01-26 20:22  NaturalTwoPointEstimator     INFO     Saving /pscratch/sd/s/shengyu/galaxies/catalogs/Y3/AbacusHF-v2/Boxes/QSO/sn1p550/AbacusSummit_base_c000_ph019/mpspk/wplog_QSO_zp1.550_DR2_v1.0+dv_repeat.npy.
[019344.93]  01-26 20:22  compute_2pt                  INFO     Save to /pscratch/sd/s/shengyu/galaxies/catalogs/Y3/AbacusHF-v2/Boxes/QSO/sn1p550/AbacusSummit_base_c000_ph019/mpspk/wplog_QSO_zp1.550_DR2_v1.0+dv_repeat.npy
[019344.94]  01-26 20:22  compute_2pt                  INFO     Procceed {'version': 'AbacusHF-v2', 'domain': 'cubic', 'tracer': 'QSO', 'zsnap': 1.55, 'zrange': (1.4, 1.7), 'mock_id': 20, 'use_dv': 'repeat'}
[019344.94]  01-26 20:22  cat_tools                    INFO     Load /pscratch/sd/s/shengyu/galaxies/catalogs/Y3/AbacusHF-v2/Boxes/QSO/sn1p550/AbacusSummit_base_c000_ph020/abacus_HF_QSO_1p550_DR2_v2.0_AbacusSummit_base_c000_ph020_base_clustering.dat.h5
[019344.94]  01-26 20:22  FileStack                    INFO     Reading /pscratch/sd/s/shengyu/galaxies/catalogs/Y3/AbacusHF-v2/Boxes/QSO/sn1p550/AbacusSummit_base_c000_ph020/abacus_HF_QSO_1p550_DR2_v2.0_AbacusSummit_base_c000_ph020_base_clustering.dat.h5.
[019344.94]  01-26 20:22  cat_tools                    INFO     use Z positions shifted in repeat mode
[019345.87]  01-26 20:22  TwoPointCorrelationFunction  INFO     Using estimator <class 'pycorr.twopoint_estimator.NaturalTwoPointEstimator'>.
[019345.87]  01-26 20:22  TwoPointCorrelationFunction  INFO     Running auto-correlation.
[019345.87]  01-26 20:22  TwoPointCorrelationFunction  INFO     Computing two-point counts D1D2.
[019412.92]  01-26 20:23  TwoPointCorrelationFunction  INFO     Analytically computing two-point counts R1R2.
[019412.92]  01-26 20:23  TwoPointCorrelationFunction  INFO     Correlation function computed in elapsed time 67.05 s.
[019412.92]  01-26 20:23  NaturalTwoPointEstimator     INFO     Saving /pscratch/sd/s/shengyu/galaxies/catalogs/Y3/AbacusHF-v2/Boxes/QSO/sn1p550/AbacusSummit_base_c000_ph020/mpspk/xipoles_QSO_zp1.550_DR2_v1.0+dv_repeat.npy.
[019412.93]  01-26 20:23  compute_2pt                  INFO     Save to /pscratch/sd/s/shengyu/galaxies/catalogs/Y3/AbacusHF-v2/Boxes/QSO/sn1p550/AbacusSummit_base_c000_ph020/mpspk/xipoles_QSO_zp1.550_DR2_v1.0+dv_repeat.npy
[019416.09]  01-26 20:23  CatalogFFTPower              INFO     Painting catalog 1 to mesh CatalogMesh(nmesh=[512 512 512], boxsize=[2000. 2000. 2000.], boxcenter=[1000.000023    999.99999817  999.99994103], dtype=float64).
[019416.45]  01-26 20:23  CatalogMesh                  INFO     Slab 0 ~ 4194304 / 23359942.
[019417.59]  01-26 20:23  CatalogMesh                  INFO     Painted 4194304 out of 23359942 objects to mesh.
[019417.59]  01-26 20:23  CatalogMesh                  INFO     Slab 4194304 ~ 8388608 / 23359942.
[019418.72]  01-26 20:23  CatalogMesh                  INFO     Painted 8388608 out of 23359942 objects to mesh.
[019418.72]  01-26 20:23  CatalogMesh                  INFO     Slab 8388608 ~ 12582912 / 23359942.
[019419.85]  01-26 20:23  CatalogMesh                  INFO     Painted 12582912 out of 23359942 objects to mesh.
[019419.85]  01-26 20:23  CatalogMesh                  INFO     Slab 12582912 ~ 16777216 / 23359942.
[019420.97]  01-26 20:23  CatalogMesh                  INFO     Painted 16777216 out of 23359942 objects to mesh.
[019420.97]  01-26 20:23  CatalogMesh                  INFO     Slab 16777216 ~ 20971520 / 23359942.
[019422.18]  01-26 20:23  CatalogMesh                  INFO     Painted 20971520 out of 23359942 objects to mesh.
[019422.18]  01-26 20:23  CatalogMesh                  INFO     Slab 20971520 ~ 25165824 / 23359942.
[019423.00]  01-26 20:23  CatalogMesh                  INFO     Painted 23359942 out of 23359942 objects to mesh.
[019423.00]  01-26 20:23  CatalogMesh                  INFO     Running interlacing at order 3.
[019425.19]  01-26 20:23  CatalogMesh                  INFO     Slab 0 ~ 4194304 / 23359942.
[019426.32]  01-26 20:23  CatalogMesh                  INFO     Painted 4194304 out of 23359942 objects to mesh.
[019426.32]  01-26 20:23  CatalogMesh                  INFO     Slab 4194304 ~ 8388608 / 23359942.
[019427.45]  01-26 20:23  CatalogMesh                  INFO     Painted 8388608 out of 23359942 objects to mesh.
[019427.45]  01-26 20:23  CatalogMesh                  INFO     Slab 8388608 ~ 12582912 / 23359942.
[019428.59]  01-26 20:24  CatalogMesh                  INFO     Painted 12582912 out of 23359942 objects to mesh.
[019428.59]  01-26 20:24  CatalogMesh                  INFO     Slab 12582912 ~ 16777216 / 23359942.
[019429.72]  01-26 20:24  CatalogMesh                  INFO     Painted 16777216 out of 23359942 objects to mesh.
[019429.72]  01-26 20:24  CatalogMesh                  INFO     Slab 16777216 ~ 20971520 / 23359942.
[019430.93]  01-26 20:24  CatalogMesh                  INFO     Painted 20971520 out of 23359942 objects to mesh.
[019430.93]  01-26 20:24  CatalogMesh                  INFO     Slab 20971520 ~ 25165824 / 23359942.
[019431.74]  01-26 20:24  CatalogMesh                  INFO     Painted 23359942 out of 23359942 objects to mesh.
[019435.48]  01-26 20:24  CatalogMesh                  INFO     Slab 0 ~ 4194304 / 23359942.
[019436.60]  01-26 20:24  CatalogMesh                  INFO     Painted 4194304 out of 23359942 objects to mesh.
[019436.60]  01-26 20:24  CatalogMesh                  INFO     Slab 4194304 ~ 8388608 / 23359942.
[019437.74]  01-26 20:24  CatalogMesh                  INFO     Painted 8388608 out of 23359942 objects to mesh.
[019437.74]  01-26 20:24  CatalogMesh                  INFO     Slab 8388608 ~ 12582912 / 23359942.
[019438.88]  01-26 20:24  CatalogMesh                  INFO     Painted 12582912 out of 23359942 objects to mesh.
[019438.88]  01-26 20:24  CatalogMesh                  INFO     Slab 12582912 ~ 16777216 / 23359942.
[019440.01]  01-26 20:24  CatalogMesh                  INFO     Painted 16777216 out of 23359942 objects to mesh.
[019440.01]  01-26 20:24  CatalogMesh                  INFO     Slab 16777216 ~ 20971520 / 23359942.
[019441.22]  01-26 20:24  CatalogMesh                  INFO     Painted 20971520 out of 23359942 objects to mesh.
[019441.22]  01-26 20:24  CatalogMesh                  INFO     Slab 20971520 ~ 25165824 / 23359942.
[019442.04]  01-26 20:24  CatalogMesh                  INFO     Painted 23359942 out of 23359942 objects to mesh.
[019447.54]  01-26 20:24  CatalogFFTPower              INFO     Done painting catalog 1 to mesh.
[019447.54]  01-26 20:24  CatalogFFTPower              INFO     Using 400 k-bins between 0.000 and 0.400.
[019447.54]  01-26 20:24  CatalogFFTPower              INFO     Meshes prepared in elapsed time 31.45 s.
[019447.54]  01-26 20:24  CatalogFFTPower              INFO     Running mesh calculation.
[019464.71]  01-26 20:24  CatalogFFTPower              INFO     Mesh calculations performed in elapsed time 17.16 s.
[019464.71]  01-26 20:24  CatalogFFTPower              INFO     Power spectrum computed in elapsed time 48.62 s.
[019464.71]  01-26 20:24  CatalogFFTPower              INFO     Saving /pscratch/sd/s/shengyu/galaxies/catalogs/Y3/AbacusHF-v2/Boxes/QSO/sn1p550/AbacusSummit_base_c000_ph020/mpspk/pkpoles_QSO_zp1.550_DR2_v1.0+dv_repeat.npy.
[019464.71]  01-26 20:24  compute_2pt                  INFO     Save to /pscratch/sd/s/shengyu/galaxies/catalogs/Y3/AbacusHF-v2/Boxes/QSO/sn1p550/AbacusSummit_base_c000_ph020/mpspk/pkpoles_QSO_zp1.550_DR2_v1.0+dv_repeat.npy
[019464.71]  01-26 20:24  TwoPointCorrelationFunction  INFO     Using estimator <class 'pycorr.twopoint_estimator.NaturalTwoPointEstimator'>.
[019464.71]  01-26 20:24  TwoPointCorrelationFunction  INFO     Running auto-correlation.
[019464.71]  01-26 20:24  TwoPointCorrelationFunction  INFO     Computing two-point counts D1D2.
[019480.39]  01-26 20:24  TwoPointCorrelationFunction  INFO     Analytically computing two-point counts R1R2.
[019480.39]  01-26 20:24  TwoPointCorrelationFunction  INFO     Correlation function computed in elapsed time 15.68 s.
[019480.40]  01-26 20:24  NaturalTwoPointEstimator     INFO     Saving /pscratch/sd/s/shengyu/galaxies/catalogs/Y3/AbacusHF-v2/Boxes/QSO/sn1p550/AbacusSummit_base_c000_ph020/mpspk/mpslog_QSO_zp1.550_DR2_v1.0+dv_repeat.npy.
[019480.40]  01-26 20:24  compute_2pt                  INFO     Save to /pscratch/sd/s/shengyu/galaxies/catalogs/Y3/AbacusHF-v2/Boxes/QSO/sn1p550/AbacusSummit_base_c000_ph020/mpspk/mpslog_QSO_zp1.550_DR2_v1.0+dv_repeat.npy
[019480.40]  01-26 20:24  TwoPointCorrelationFunction  INFO     Using estimator <class 'pycorr.twopoint_estimator.NaturalTwoPointEstimator'>.
[019480.40]  01-26 20:24  TwoPointCorrelationFunction  INFO     Running auto-correlation.
[019480.40]  01-26 20:24  TwoPointCorrelationFunction  INFO     Computing two-point counts D1D2.
[019500.24]  01-26 20:25  TwoPointCorrelationFunction  INFO     Analytically computing two-point counts R1R2.
[019500.25]  01-26 20:25  TwoPointCorrelationFunction  INFO     Correlation function computed in elapsed time 19.85 s.
[019500.26]  01-26 20:25  NaturalTwoPointEstimator     INFO     Saving /pscratch/sd/s/shengyu/galaxies/catalogs/Y3/AbacusHF-v2/Boxes/QSO/sn1p550/AbacusSummit_base_c000_ph020/mpspk/wplog_QSO_zp1.550_DR2_v1.0+dv_repeat.npy.
[019500.26]  01-26 20:25  compute_2pt                  INFO     Save to /pscratch/sd/s/shengyu/galaxies/catalogs/Y3/AbacusHF-v2/Boxes/QSO/sn1p550/AbacusSummit_base_c000_ph020/mpspk/wplog_QSO_zp1.550_DR2_v1.0+dv_repeat.npy
[019500.27]  01-26 20:25  compute_2pt                  INFO     Procceed {'version': 'AbacusHF-v2', 'domain': 'cubic', 'tracer': 'QSO', 'zsnap': 1.55, 'zrange': (1.4, 1.7), 'mock_id': 21, 'use_dv': 'repeat'}
[019500.27]  01-26 20:25  cat_tools                    INFO     Load /pscratch/sd/s/shengyu/galaxies/catalogs/Y3/AbacusHF-v2/Boxes/QSO/sn1p550/AbacusSummit_base_c000_ph021/abacus_HF_QSO_1p550_DR2_v2.0_AbacusSummit_base_c000_ph021_base_clustering.dat.h5
[019500.27]  01-26 20:25  FileStack                    INFO     Reading /pscratch/sd/s/shengyu/galaxies/catalogs/Y3/AbacusHF-v2/Boxes/QSO/sn1p550/AbacusSummit_base_c000_ph021/abacus_HF_QSO_1p550_DR2_v2.0_AbacusSummit_base_c000_ph021_base_clustering.dat.h5.
[019500.28]  01-26 20:25  cat_tools                    INFO     use Z positions shifted in repeat mode
[019501.20]  01-26 20:25  TwoPointCorrelationFunction  INFO     Using estimator <class 'pycorr.twopoint_estimator.NaturalTwoPointEstimator'>.
[019501.20]  01-26 20:25  TwoPointCorrelationFunction  INFO     Running auto-correlation.
[019501.20]  01-26 20:25  TwoPointCorrelationFunction  INFO     Computing two-point counts D1D2.
[019569.35]  01-26 20:26  TwoPointCorrelationFunction  INFO     Analytically computing two-point counts R1R2.
[019569.35]  01-26 20:26  TwoPointCorrelationFunction  INFO     Correlation function computed in elapsed time 68.15 s.
[019569.35]  01-26 20:26  NaturalTwoPointEstimator     INFO     Saving /pscratch/sd/s/shengyu/galaxies/catalogs/Y3/AbacusHF-v2/Boxes/QSO/sn1p550/AbacusSummit_base_c000_ph021/mpspk/xipoles_QSO_zp1.550_DR2_v1.0+dv_repeat.npy.
[019569.36]  01-26 20:26  compute_2pt                  INFO     Save to /pscratch/sd/s/shengyu/galaxies/catalogs/Y3/AbacusHF-v2/Boxes/QSO/sn1p550/AbacusSummit_base_c000_ph021/mpspk/xipoles_QSO_zp1.550_DR2_v1.0+dv_repeat.npy
[019572.52]  01-26 20:26  CatalogFFTPower              INFO     Painting catalog 1 to mesh CatalogMesh(nmesh=[512 512 512], boxsize=[2000. 2000. 2000.], boxcenter=[1000.00004647  999.99991346  999.99990149], dtype=float64).
[019572.87]  01-26 20:26  CatalogMesh                  INFO     Slab 0 ~ 4194304 / 23378452.
[019574.01]  01-26 20:26  CatalogMesh                  INFO     Painted 4194304 out of 23378452 objects to mesh.
[019574.01]  01-26 20:26  CatalogMesh                  INFO     Slab 4194304 ~ 8388608 / 23378452.
[019575.14]  01-26 20:26  CatalogMesh                  INFO     Painted 8388608 out of 23378452 objects to mesh.
[019575.14]  01-26 20:26  CatalogMesh                  INFO     Slab 8388608 ~ 12582912 / 23378452.
[019576.27]  01-26 20:26  CatalogMesh                  INFO     Painted 12582912 out of 23378452 objects to mesh.
[019576.27]  01-26 20:26  CatalogMesh                  INFO     Slab 12582912 ~ 16777216 / 23378452.
[019577.41]  01-26 20:26  CatalogMesh                  INFO     Painted 16777216 out of 23378452 objects to mesh.
[019577.41]  01-26 20:26  CatalogMesh                  INFO     Slab 16777216 ~ 20971520 / 23378452.
[019578.62]  01-26 20:26  CatalogMesh                  INFO     Painted 20971520 out of 23378452 objects to mesh.
[019578.62]  01-26 20:26  CatalogMesh                  INFO     Slab 20971520 ~ 25165824 / 23378452.
[019579.45]  01-26 20:26  CatalogMesh                  INFO     Painted 23378452 out of 23378452 objects to mesh.
[019579.45]  01-26 20:26  CatalogMesh                  INFO     Running interlacing at order 3.
[019581.63]  01-26 20:26  CatalogMesh                  INFO     Slab 0 ~ 4194304 / 23378452.
[019582.76]  01-26 20:26  CatalogMesh                  INFO     Painted 4194304 out of 23378452 objects to mesh.
[019582.76]  01-26 20:26  CatalogMesh                  INFO     Slab 4194304 ~ 8388608 / 23378452.
[019583.89]  01-26 20:26  CatalogMesh                  INFO     Painted 8388608 out of 23378452 objects to mesh.
[019583.89]  01-26 20:26  CatalogMesh                  INFO     Slab 8388608 ~ 12582912 / 23378452.
[019585.02]  01-26 20:26  CatalogMesh                  INFO     Painted 12582912 out of 23378452 objects to mesh.
[019585.02]  01-26 20:26  CatalogMesh                  INFO     Slab 12582912 ~ 16777216 / 23378452.
[019586.15]  01-26 20:26  CatalogMesh                  INFO     Painted 16777216 out of 23378452 objects to mesh.
[019586.15]  01-26 20:26  CatalogMesh                  INFO     Slab 16777216 ~ 20971520 / 23378452.
[019587.35]  01-26 20:26  CatalogMesh                  INFO     Painted 20971520 out of 23378452 objects to mesh.
[019587.35]  01-26 20:26  CatalogMesh                  INFO     Slab 20971520 ~ 25165824 / 23378452.
[019588.18]  01-26 20:26  CatalogMesh                  INFO     Painted 23378452 out of 23378452 objects to mesh.
[019591.93]  01-26 20:26  CatalogMesh                  INFO     Slab 0 ~ 4194304 / 23378452.
[019593.06]  01-26 20:26  CatalogMesh                  INFO     Painted 4194304 out of 23378452 objects to mesh.
[019593.06]  01-26 20:26  CatalogMesh                  INFO     Slab 4194304 ~ 8388608 / 23378452.
[019594.19]  01-26 20:26  CatalogMesh                  INFO     Painted 8388608 out of 23378452 objects to mesh.
[019594.19]  01-26 20:26  CatalogMesh                  INFO     Slab 8388608 ~ 12582912 / 23378452.
[019595.32]  01-26 20:26  CatalogMesh                  INFO     Painted 12582912 out of 23378452 objects to mesh.
[019595.32]  01-26 20:26  CatalogMesh                  INFO     Slab 12582912 ~ 16777216 / 23378452.
[019596.45]  01-26 20:26  CatalogMesh                  INFO     Painted 16777216 out of 23378452 objects to mesh.
[019596.45]  01-26 20:26  CatalogMesh                  INFO     Slab 16777216 ~ 20971520 / 23378452.
[019597.66]  01-26 20:26  CatalogMesh                  INFO     Painted 20971520 out of 23378452 objects to mesh.
[019597.66]  01-26 20:26  CatalogMesh                  INFO     Slab 20971520 ~ 25165824 / 23378452.
[019598.48]  01-26 20:26  CatalogMesh                  INFO     Painted 23378452 out of 23378452 objects to mesh.
[019603.99]  01-26 20:26  CatalogFFTPower              INFO     Done painting catalog 1 to mesh.
[019603.99]  01-26 20:26  CatalogFFTPower              INFO     Using 400 k-bins between 0.000 and 0.400.
[019603.99]  01-26 20:26  CatalogFFTPower              INFO     Meshes prepared in elapsed time 31.47 s.
[019603.99]  01-26 20:26  CatalogFFTPower              INFO     Running mesh calculation.
[019621.21]  01-26 20:27  CatalogFFTPower              INFO     Mesh calculations performed in elapsed time 17.22 s.
[019621.21]  01-26 20:27  CatalogFFTPower              INFO     Power spectrum computed in elapsed time 48.70 s.
[019621.21]  01-26 20:27  CatalogFFTPower              INFO     Saving /pscratch/sd/s/shengyu/galaxies/catalogs/Y3/AbacusHF-v2/Boxes/QSO/sn1p550/AbacusSummit_base_c000_ph021/mpspk/pkpoles_QSO_zp1.550_DR2_v1.0+dv_repeat.npy.
[019621.22]  01-26 20:27  compute_2pt                  INFO     Save to /pscratch/sd/s/shengyu/galaxies/catalogs/Y3/AbacusHF-v2/Boxes/QSO/sn1p550/AbacusSummit_base_c000_ph021/mpspk/pkpoles_QSO_zp1.550_DR2_v1.0+dv_repeat.npy
[019621.22]  01-26 20:27  TwoPointCorrelationFunction  INFO     Using estimator <class 'pycorr.twopoint_estimator.NaturalTwoPointEstimator'>.
[019621.22]  01-26 20:27  TwoPointCorrelationFunction  INFO     Running auto-correlation.
[019621.22]  01-26 20:27  TwoPointCorrelationFunction  INFO     Computing two-point counts D1D2.
[019637.28]  01-26 20:27  TwoPointCorrelationFunction  INFO     Analytically computing two-point counts R1R2.
[019637.28]  01-26 20:27  TwoPointCorrelationFunction  INFO     Correlation function computed in elapsed time 16.06 s.
[019637.28]  01-26 20:27  NaturalTwoPointEstimator     INFO     Saving /pscratch/sd/s/shengyu/galaxies/catalogs/Y3/AbacusHF-v2/Boxes/QSO/sn1p550/AbacusSummit_base_c000_ph021/mpspk/mpslog_QSO_zp1.550_DR2_v1.0+dv_repeat.npy.
[019637.28]  01-26 20:27  compute_2pt                  INFO     Save to /pscratch/sd/s/shengyu/galaxies/catalogs/Y3/AbacusHF-v2/Boxes/QSO/sn1p550/AbacusSummit_base_c000_ph021/mpspk/mpslog_QSO_zp1.550_DR2_v1.0+dv_repeat.npy
[019637.28]  01-26 20:27  TwoPointCorrelationFunction  INFO     Using estimator <class 'pycorr.twopoint_estimator.NaturalTwoPointEstimator'>.
[019637.28]  01-26 20:27  TwoPointCorrelationFunction  INFO     Running auto-correlation.
[019637.28]  01-26 20:27  TwoPointCorrelationFunction  INFO     Computing two-point counts D1D2.
[019656.95]  01-26 20:27  TwoPointCorrelationFunction  INFO     Analytically computing two-point counts R1R2.
[019656.95]  01-26 20:27  TwoPointCorrelationFunction  INFO     Correlation function computed in elapsed time 19.67 s.
[019656.95]  01-26 20:27  NaturalTwoPointEstimator     INFO     Saving /pscratch/sd/s/shengyu/galaxies/catalogs/Y3/AbacusHF-v2/Boxes/QSO/sn1p550/AbacusSummit_base_c000_ph021/mpspk/wplog_QSO_zp1.550_DR2_v1.0+dv_repeat.npy.
[019656.95]  01-26 20:27  compute_2pt                  INFO     Save to /pscratch/sd/s/shengyu/galaxies/catalogs/Y3/AbacusHF-v2/Boxes/QSO/sn1p550/AbacusSummit_base_c000_ph021/mpspk/wplog_QSO_zp1.550_DR2_v1.0+dv_repeat.npy
[019656.96]  01-26 20:27  compute_2pt                  INFO     Procceed {'version': 'AbacusHF-v2', 'domain': 'cubic', 'tracer': 'QSO', 'zsnap': 1.55, 'zrange': (1.4, 1.7), 'mock_id': 22, 'use_dv': 'repeat'}
[019656.96]  01-26 20:27  cat_tools                    INFO     Load /pscratch/sd/s/shengyu/galaxies/catalogs/Y3/AbacusHF-v2/Boxes/QSO/sn1p550/AbacusSummit_base_c000_ph022/abacus_HF_QSO_1p550_DR2_v2.0_AbacusSummit_base_c000_ph022_base_clustering.dat.h5
[019656.96]  01-26 20:27  FileStack                    INFO     Reading /pscratch/sd/s/shengyu/galaxies/catalogs/Y3/AbacusHF-v2/Boxes/QSO/sn1p550/AbacusSummit_base_c000_ph022/abacus_HF_QSO_1p550_DR2_v2.0_AbacusSummit_base_c000_ph022_base_clustering.dat.h5.
[019656.96]  01-26 20:27  cat_tools                    INFO     use Z positions shifted in repeat mode
[019657.88]  01-26 20:27  TwoPointCorrelationFunction  INFO     Using estimator <class 'pycorr.twopoint_estimator.NaturalTwoPointEstimator'>.
[019657.88]  01-26 20:27  TwoPointCorrelationFunction  INFO     Running auto-correlation.
[019657.88]  01-26 20:27  TwoPointCorrelationFunction  INFO     Computing two-point counts D1D2.
[019728.13]  01-26 20:28  TwoPointCorrelationFunction  INFO     Analytically computing two-point counts R1R2.
[019728.13]  01-26 20:28  TwoPointCorrelationFunction  INFO     Correlation function computed in elapsed time 70.25 s.
[019728.13]  01-26 20:28  NaturalTwoPointEstimator     INFO     Saving /pscratch/sd/s/shengyu/galaxies/catalogs/Y3/AbacusHF-v2/Boxes/QSO/sn1p550/AbacusSummit_base_c000_ph022/mpspk/xipoles_QSO_zp1.550_DR2_v1.0+dv_repeat.npy.
[019728.13]  01-26 20:28  compute_2pt                  INFO     Save to /pscratch/sd/s/shengyu/galaxies/catalogs/Y3/AbacusHF-v2/Boxes/QSO/sn1p550/AbacusSummit_base_c000_ph022/mpspk/xipoles_QSO_zp1.550_DR2_v1.0+dv_repeat.npy
[019731.29]  01-26 20:29  CatalogFFTPower              INFO     Painting catalog 1 to mesh CatalogMesh(nmesh=[512 512 512], boxsize=[2000. 2000. 2000.], boxcenter=[1000.00000512  999.99997178 1000.00006643], dtype=float64).
[019731.65]  01-26 20:29  CatalogMesh                  INFO     Slab 0 ~ 4194304 / 23372091.
[019732.79]  01-26 20:29  CatalogMesh                  INFO     Painted 4194304 out of 23372091 objects to mesh.
[019732.79]  01-26 20:29  CatalogMesh                  INFO     Slab 4194304 ~ 8388608 / 23372091.
[019733.92]  01-26 20:29  CatalogMesh                  INFO     Painted 8388608 out of 23372091 objects to mesh.
[019733.93]  01-26 20:29  CatalogMesh                  INFO     Slab 8388608 ~ 12582912 / 23372091.
[019735.06]  01-26 20:29  CatalogMesh                  INFO     Painted 12582912 out of 23372091 objects to mesh.
[019735.06]  01-26 20:29  CatalogMesh                  INFO     Slab 12582912 ~ 16777216 / 23372091.
[019736.20]  01-26 20:29  CatalogMesh                  INFO     Painted 16777216 out of 23372091 objects to mesh.
[019736.20]  01-26 20:29  CatalogMesh                  INFO     Slab 16777216 ~ 20971520 / 23372091.
[019737.41]  01-26 20:29  CatalogMesh                  INFO     Painted 20971520 out of 23372091 objects to mesh.
[019737.41]  01-26 20:29  CatalogMesh                  INFO     Slab 20971520 ~ 25165824 / 23372091.
[019738.24]  01-26 20:29  CatalogMesh                  INFO     Painted 23372091 out of 23372091 objects to mesh.
[019738.24]  01-26 20:29  CatalogMesh                  INFO     Running interlacing at order 3.
[019740.43]  01-26 20:29  CatalogMesh                  INFO     Slab 0 ~ 4194304 / 23372091.
[019741.56]  01-26 20:29  CatalogMesh                  INFO     Painted 4194304 out of 23372091 objects to mesh.
[019741.56]  01-26 20:29  CatalogMesh                  INFO     Slab 4194304 ~ 8388608 / 23372091.
[019742.69]  01-26 20:29  CatalogMesh                  INFO     Painted 8388608 out of 23372091 objects to mesh.
[019742.69]  01-26 20:29  CatalogMesh                  INFO     Slab 8388608 ~ 12582912 / 23372091.
[019743.83]  01-26 20:29  CatalogMesh                  INFO     Painted 12582912 out of 23372091 objects to mesh.
[019743.83]  01-26 20:29  CatalogMesh                  INFO     Slab 12582912 ~ 16777216 / 23372091.
[019744.96]  01-26 20:29  CatalogMesh                  INFO     Painted 16777216 out of 23372091 objects to mesh.
[019744.96]  01-26 20:29  CatalogMesh                  INFO     Slab 16777216 ~ 20971520 / 23372091.
[019746.17]  01-26 20:29  CatalogMesh                  INFO     Painted 20971520 out of 23372091 objects to mesh.
[019746.17]  01-26 20:29  CatalogMesh                  INFO     Slab 20971520 ~ 25165824 / 23372091.
[019747.00]  01-26 20:29  CatalogMesh                  INFO     Painted 23372091 out of 23372091 objects to mesh.
[019750.73]  01-26 20:29  CatalogMesh                  INFO     Slab 0 ~ 4194304 / 23372091.
[019751.85]  01-26 20:29  CatalogMesh                  INFO     Painted 4194304 out of 23372091 objects to mesh.
[019751.85]  01-26 20:29  CatalogMesh                  INFO     Slab 4194304 ~ 8388608 / 23372091.
[019752.97]  01-26 20:29  CatalogMesh                  INFO     Painted 8388608 out of 23372091 objects to mesh.
[019752.97]  01-26 20:29  CatalogMesh                  INFO     Slab 8388608 ~ 12582912 / 23372091.
[019754.11]  01-26 20:29  CatalogMesh                  INFO     Painted 12582912 out of 23372091 objects to mesh.
[019754.11]  01-26 20:29  CatalogMesh                  INFO     Slab 12582912 ~ 16777216 / 23372091.
[019755.24]  01-26 20:29  CatalogMesh                  INFO     Painted 16777216 out of 23372091 objects to mesh.
[019755.24]  01-26 20:29  CatalogMesh                  INFO     Slab 16777216 ~ 20971520 / 23372091.
[019756.46]  01-26 20:29  CatalogMesh                  INFO     Painted 20971520 out of 23372091 objects to mesh.
[019756.46]  01-26 20:29  CatalogMesh                  INFO     Slab 20971520 ~ 25165824 / 23372091.
[019757.29]  01-26 20:29  CatalogMesh                  INFO     Painted 23372091 out of 23372091 objects to mesh.
[019762.97]  01-26 20:29  CatalogFFTPower              INFO     Done painting catalog 1 to mesh.
[019762.97]  01-26 20:29  CatalogFFTPower              INFO     Using 400 k-bins between 0.000 and 0.400.
[019762.97]  01-26 20:29  CatalogFFTPower              INFO     Meshes prepared in elapsed time 31.68 s.
[019762.97]  01-26 20:29  CatalogFFTPower              INFO     Running mesh calculation.
[019780.16]  01-26 20:29  CatalogFFTPower              INFO     Mesh calculations performed in elapsed time 17.19 s.
[019780.16]  01-26 20:29  CatalogFFTPower              INFO     Power spectrum computed in elapsed time 48.87 s.
[019780.16]  01-26 20:29  CatalogFFTPower              INFO     Saving /pscratch/sd/s/shengyu/galaxies/catalogs/Y3/AbacusHF-v2/Boxes/QSO/sn1p550/AbacusSummit_base_c000_ph022/mpspk/pkpoles_QSO_zp1.550_DR2_v1.0+dv_repeat.npy.
[019780.17]  01-26 20:29  compute_2pt                  INFO     Save to /pscratch/sd/s/shengyu/galaxies/catalogs/Y3/AbacusHF-v2/Boxes/QSO/sn1p550/AbacusSummit_base_c000_ph022/mpspk/pkpoles_QSO_zp1.550_DR2_v1.0+dv_repeat.npy
[019780.17]  01-26 20:29  TwoPointCorrelationFunction  INFO     Using estimator <class 'pycorr.twopoint_estimator.NaturalTwoPointEstimator'>.
[019780.17]  01-26 20:29  TwoPointCorrelationFunction  INFO     Running auto-correlation.
[019780.17]  01-26 20:29  TwoPointCorrelationFunction  INFO     Computing two-point counts D1D2.
[019795.50]  01-26 20:30  TwoPointCorrelationFunction  INFO     Analytically computing two-point counts R1R2.
[019795.50]  01-26 20:30  TwoPointCorrelationFunction  INFO     Correlation function computed in elapsed time 15.33 s.
[019795.50]  01-26 20:30  NaturalTwoPointEstimator     INFO     Saving /pscratch/sd/s/shengyu/galaxies/catalogs/Y3/AbacusHF-v2/Boxes/QSO/sn1p550/AbacusSummit_base_c000_ph022/mpspk/mpslog_QSO_zp1.550_DR2_v1.0+dv_repeat.npy.
[019795.50]  01-26 20:30  compute_2pt                  INFO     Save to /pscratch/sd/s/shengyu/galaxies/catalogs/Y3/AbacusHF-v2/Boxes/QSO/sn1p550/AbacusSummit_base_c000_ph022/mpspk/mpslog_QSO_zp1.550_DR2_v1.0+dv_repeat.npy
[019795.50]  01-26 20:30  TwoPointCorrelationFunction  INFO     Using estimator <class 'pycorr.twopoint_estimator.NaturalTwoPointEstimator'>.
[019795.50]  01-26 20:30  TwoPointCorrelationFunction  INFO     Running auto-correlation.
[019795.50]  01-26 20:30  TwoPointCorrelationFunction  INFO     Computing two-point counts D1D2.
[019815.20]  01-26 20:30  TwoPointCorrelationFunction  INFO     Analytically computing two-point counts R1R2.
[019815.20]  01-26 20:30  TwoPointCorrelationFunction  INFO     Correlation function computed in elapsed time 19.70 s.
[019815.20]  01-26 20:30  NaturalTwoPointEstimator     INFO     Saving /pscratch/sd/s/shengyu/galaxies/catalogs/Y3/AbacusHF-v2/Boxes/QSO/sn1p550/AbacusSummit_base_c000_ph022/mpspk/wplog_QSO_zp1.550_DR2_v1.0+dv_repeat.npy.
[019815.20]  01-26 20:30  compute_2pt                  INFO     Save to /pscratch/sd/s/shengyu/galaxies/catalogs/Y3/AbacusHF-v2/Boxes/QSO/sn1p550/AbacusSummit_base_c000_ph022/mpspk/wplog_QSO_zp1.550_DR2_v1.0+dv_repeat.npy
[019815.21]  01-26 20:30  compute_2pt                  INFO     Procceed {'version': 'AbacusHF-v2', 'domain': 'cubic', 'tracer': 'QSO', 'zsnap': 1.55, 'zrange': (1.4, 1.7), 'mock_id': 23, 'use_dv': 'repeat'}
[019815.21]  01-26 20:30  cat_tools                    INFO     Load /pscratch/sd/s/shengyu/galaxies/catalogs/Y3/AbacusHF-v2/Boxes/QSO/sn1p550/AbacusSummit_base_c000_ph023/abacus_HF_QSO_1p550_DR2_v2.0_AbacusSummit_base_c000_ph023_base_clustering.dat.h5
[019815.21]  01-26 20:30  FileStack                    INFO     Reading /pscratch/sd/s/shengyu/galaxies/catalogs/Y3/AbacusHF-v2/Boxes/QSO/sn1p550/AbacusSummit_base_c000_ph023/abacus_HF_QSO_1p550_DR2_v2.0_AbacusSummit_base_c000_ph023_base_clustering.dat.h5.
[019815.21]  01-26 20:30  cat_tools                    INFO     use Z positions shifted in repeat mode
[019816.14]  01-26 20:30  TwoPointCorrelationFunction  INFO     Using estimator <class 'pycorr.twopoint_estimator.NaturalTwoPointEstimator'>.
[019816.14]  01-26 20:30  TwoPointCorrelationFunction  INFO     Running auto-correlation.
[019816.14]  01-26 20:30  TwoPointCorrelationFunction  INFO     Computing two-point counts D1D2.
[019885.49]  01-26 20:31  TwoPointCorrelationFunction  INFO     Analytically computing two-point counts R1R2.
[019885.49]  01-26 20:31  TwoPointCorrelationFunction  INFO     Correlation function computed in elapsed time 69.35 s.
[019885.49]  01-26 20:31  NaturalTwoPointEstimator     INFO     Saving /pscratch/sd/s/shengyu/galaxies/catalogs/Y3/AbacusHF-v2/Boxes/QSO/sn1p550/AbacusSummit_base_c000_ph023/mpspk/xipoles_QSO_zp1.550_DR2_v1.0+dv_repeat.npy.
[019885.49]  01-26 20:31  compute_2pt                  INFO     Save to /pscratch/sd/s/shengyu/galaxies/catalogs/Y3/AbacusHF-v2/Boxes/QSO/sn1p550/AbacusSummit_base_c000_ph023/mpspk/xipoles_QSO_zp1.550_DR2_v1.0+dv_repeat.npy
[019888.66]  01-26 20:31  CatalogFFTPower              INFO     Painting catalog 1 to mesh CatalogMesh(nmesh=[512 512 512], boxsize=[2000. 2000. 2000.], boxcenter=[1000.00000315 1000.00008541 1000.0000091 ], dtype=float64).
[019889.02]  01-26 20:31  CatalogMesh                  INFO     Slab 0 ~ 4194304 / 23370269.
[019890.17]  01-26 20:31  CatalogMesh                  INFO     Painted 4194304 out of 23370269 objects to mesh.
[019890.17]  01-26 20:31  CatalogMesh                  INFO     Slab 4194304 ~ 8388608 / 23370269.
[019891.31]  01-26 20:31  CatalogMesh                  INFO     Painted 8388608 out of 23370269 objects to mesh.
[019891.31]  01-26 20:31  CatalogMesh                  INFO     Slab 8388608 ~ 12582912 / 23370269.
[019892.45]  01-26 20:31  CatalogMesh                  INFO     Painted 12582912 out of 23370269 objects to mesh.
[019892.45]  01-26 20:31  CatalogMesh                  INFO     Slab 12582912 ~ 16777216 / 23370269.
[019893.59]  01-26 20:31  CatalogMesh                  INFO     Painted 16777216 out of 23370269 objects to mesh.
[019893.59]  01-26 20:31  CatalogMesh                  INFO     Slab 16777216 ~ 20971520 / 23370269.
[019894.81]  01-26 20:31  CatalogMesh                  INFO     Painted 20971520 out of 23370269 objects to mesh.
[019894.81]  01-26 20:31  CatalogMesh                  INFO     Slab 20971520 ~ 25165824 / 23370269.
[019895.64]  01-26 20:31  CatalogMesh                  INFO     Painted 23370269 out of 23370269 objects to mesh.
[019895.64]  01-26 20:31  CatalogMesh                  INFO     Running interlacing at order 3.
[019897.86]  01-26 20:31  CatalogMesh                  INFO     Slab 0 ~ 4194304 / 23370269.
[019898.99]  01-26 20:31  CatalogMesh                  INFO     Painted 4194304 out of 23370269 objects to mesh.
[019898.99]  01-26 20:31  CatalogMesh                  INFO     Slab 4194304 ~ 8388608 / 23370269.
[019900.13]  01-26 20:31  CatalogMesh                  INFO     Painted 8388608 out of 23370269 objects to mesh.
[019900.13]  01-26 20:31  CatalogMesh                  INFO     Slab 8388608 ~ 12582912 / 23370269.
[019901.27]  01-26 20:31  CatalogMesh                  INFO     Painted 12582912 out of 23370269 objects to mesh.
[019901.27]  01-26 20:31  CatalogMesh                  INFO     Slab 12582912 ~ 16777216 / 23370269.
[019902.40]  01-26 20:31  CatalogMesh                  INFO     Painted 16777216 out of 23370269 objects to mesh.
[019902.41]  01-26 20:31  CatalogMesh                  INFO     Slab 16777216 ~ 20971520 / 23370269.
[019903.63]  01-26 20:31  CatalogMesh                  INFO     Painted 20971520 out of 23370269 objects to mesh.
[019903.63]  01-26 20:31  CatalogMesh                  INFO     Slab 20971520 ~ 25165824 / 23370269.
[019904.46]  01-26 20:31  CatalogMesh                  INFO     Painted 23370269 out of 23370269 objects to mesh.
[019908.24]  01-26 20:31  CatalogMesh                  INFO     Slab 0 ~ 4194304 / 23370269.
[019909.37]  01-26 20:32  CatalogMesh                  INFO     Painted 4194304 out of 23370269 objects to mesh.
[019909.37]  01-26 20:32  CatalogMesh                  INFO     Slab 4194304 ~ 8388608 / 23370269.
[019910.51]  01-26 20:32  CatalogMesh                  INFO     Painted 8388608 out of 23370269 objects to mesh.
[019910.51]  01-26 20:32  CatalogMesh                  INFO     Slab 8388608 ~ 12582912 / 23370269.
[019911.65]  01-26 20:32  CatalogMesh                  INFO     Painted 12582912 out of 23370269 objects to mesh.
[019911.65]  01-26 20:32  CatalogMesh                  INFO     Slab 12582912 ~ 16777216 / 23370269.
[019912.79]  01-26 20:32  CatalogMesh                  INFO     Painted 16777216 out of 23370269 objects to mesh.
[019912.79]  01-26 20:32  CatalogMesh                  INFO     Slab 16777216 ~ 20971520 / 23370269.
[019914.01]  01-26 20:32  CatalogMesh                  INFO     Painted 20971520 out of 23370269 objects to mesh.
[019914.01]  01-26 20:32  CatalogMesh                  INFO     Slab 20971520 ~ 25165824 / 23370269.
[019914.84]  01-26 20:32  CatalogMesh                  INFO     Painted 23370269 out of 23370269 objects to mesh.
[019920.44]  01-26 20:32  CatalogFFTPower              INFO     Done painting catalog 1 to mesh.
[019920.44]  01-26 20:32  CatalogFFTPower              INFO     Using 400 k-bins between 0.000 and 0.400.
[019920.44]  01-26 20:32  CatalogFFTPower              INFO     Meshes prepared in elapsed time 31.78 s.
[019920.44]  01-26 20:32  CatalogFFTPower              INFO     Running mesh calculation.
[019937.78]  01-26 20:32  CatalogFFTPower              INFO     Mesh calculations performed in elapsed time 17.34 s.
[019937.78]  01-26 20:32  CatalogFFTPower              INFO     Power spectrum computed in elapsed time 49.12 s.
[019937.78]  01-26 20:32  CatalogFFTPower              INFO     Saving /pscratch/sd/s/shengyu/galaxies/catalogs/Y3/AbacusHF-v2/Boxes/QSO/sn1p550/AbacusSummit_base_c000_ph023/mpspk/pkpoles_QSO_zp1.550_DR2_v1.0+dv_repeat.npy.
[019937.78]  01-26 20:32  compute_2pt                  INFO     Save to /pscratch/sd/s/shengyu/galaxies/catalogs/Y3/AbacusHF-v2/Boxes/QSO/sn1p550/AbacusSummit_base_c000_ph023/mpspk/pkpoles_QSO_zp1.550_DR2_v1.0+dv_repeat.npy
[019937.78]  01-26 20:32  TwoPointCorrelationFunction  INFO     Using estimator <class 'pycorr.twopoint_estimator.NaturalTwoPointEstimator'>.
[019937.79]  01-26 20:32  TwoPointCorrelationFunction  INFO     Running auto-correlation.
[019937.79]  01-26 20:32  TwoPointCorrelationFunction  INFO     Computing two-point counts D1D2.
[019954.76]  01-26 20:32  TwoPointCorrelationFunction  INFO     Analytically computing two-point counts R1R2.
[019954.76]  01-26 20:32  TwoPointCorrelationFunction  INFO     Correlation function computed in elapsed time 16.97 s.
[019954.76]  01-26 20:32  NaturalTwoPointEstimator     INFO     Saving /pscratch/sd/s/shengyu/galaxies/catalogs/Y3/AbacusHF-v2/Boxes/QSO/sn1p550/AbacusSummit_base_c000_ph023/mpspk/mpslog_QSO_zp1.550_DR2_v1.0+dv_repeat.npy.
[019954.76]  01-26 20:32  compute_2pt                  INFO     Save to /pscratch/sd/s/shengyu/galaxies/catalogs/Y3/AbacusHF-v2/Boxes/QSO/sn1p550/AbacusSummit_base_c000_ph023/mpspk/mpslog_QSO_zp1.550_DR2_v1.0+dv_repeat.npy
[019954.76]  01-26 20:32  TwoPointCorrelationFunction  INFO     Using estimator <class 'pycorr.twopoint_estimator.NaturalTwoPointEstimator'>.
[019954.76]  01-26 20:32  TwoPointCorrelationFunction  INFO     Running auto-correlation.
[019954.76]  01-26 20:32  TwoPointCorrelationFunction  INFO     Computing two-point counts D1D2.
[019974.61]  01-26 20:33  TwoPointCorrelationFunction  INFO     Analytically computing two-point counts R1R2.
[019974.61]  01-26 20:33  TwoPointCorrelationFunction  INFO     Correlation function computed in elapsed time 19.85 s.
[019974.61]  01-26 20:33  NaturalTwoPointEstimator     INFO     Saving /pscratch/sd/s/shengyu/galaxies/catalogs/Y3/AbacusHF-v2/Boxes/QSO/sn1p550/AbacusSummit_base_c000_ph023/mpspk/wplog_QSO_zp1.550_DR2_v1.0+dv_repeat.npy.
[019974.61]  01-26 20:33  compute_2pt                  INFO     Save to /pscratch/sd/s/shengyu/galaxies/catalogs/Y3/AbacusHF-v2/Boxes/QSO/sn1p550/AbacusSummit_base_c000_ph023/mpspk/wplog_QSO_zp1.550_DR2_v1.0+dv_repeat.npy
[019974.61]  01-26 20:33  compute_2pt                  INFO     Procceed {'version': 'AbacusHF-v2', 'domain': 'cubic', 'tracer': 'QSO', 'zsnap': 1.55, 'zrange': (1.4, 1.7), 'mock_id': 24, 'use_dv': 'repeat'}
[019974.61]  01-26 20:33  cat_tools                    INFO     Load /pscratch/sd/s/shengyu/galaxies/catalogs/Y3/AbacusHF-v2/Boxes/QSO/sn1p550/AbacusSummit_base_c000_ph024/abacus_HF_QSO_1p550_DR2_v2.0_AbacusSummit_base_c000_ph024_base_clustering.dat.h5
[019974.61]  01-26 20:33  FileStack                    INFO     Reading /pscratch/sd/s/shengyu/galaxies/catalogs/Y3/AbacusHF-v2/Boxes/QSO/sn1p550/AbacusSummit_base_c000_ph024/abacus_HF_QSO_1p550_DR2_v2.0_AbacusSummit_base_c000_ph024_base_clustering.dat.h5.
[019974.62]  01-26 20:33  cat_tools                    INFO     use Z positions shifted in repeat mode
[019975.55]  01-26 20:33  TwoPointCorrelationFunction  INFO     Using estimator <class 'pycorr.twopoint_estimator.NaturalTwoPointEstimator'>.
[019975.55]  01-26 20:33  TwoPointCorrelationFunction  INFO     Running auto-correlation.
[019975.55]  01-26 20:33  TwoPointCorrelationFunction  INFO     Computing two-point counts D1D2.
[020044.11]  01-26 20:34  TwoPointCorrelationFunction  INFO     Analytically computing two-point counts R1R2.
[020044.11]  01-26 20:34  TwoPointCorrelationFunction  INFO     Correlation function computed in elapsed time 68.56 s.
[020044.11]  01-26 20:34  NaturalTwoPointEstimator     INFO     Saving /pscratch/sd/s/shengyu/galaxies/catalogs/Y3/AbacusHF-v2/Boxes/QSO/sn1p550/AbacusSummit_base_c000_ph024/mpspk/xipoles_QSO_zp1.550_DR2_v1.0+dv_repeat.npy.
[020044.12]  01-26 20:34  compute_2pt                  INFO     Save to /pscratch/sd/s/shengyu/galaxies/catalogs/Y3/AbacusHF-v2/Boxes/QSO/sn1p550/AbacusSummit_base_c000_ph024/mpspk/xipoles_QSO_zp1.550_DR2_v1.0+dv_repeat.npy
[020047.29]  01-26 20:34  CatalogFFTPower              INFO     Painting catalog 1 to mesh CatalogMesh(nmesh=[512 512 512], boxsize=[2000. 2000. 2000.], boxcenter=[ 999.99998668 1000.00001497 1000.00006404], dtype=float64).
[020047.65]  01-26 20:34  CatalogMesh                  INFO     Slab 0 ~ 4194304 / 23431381.
[020048.80]  01-26 20:34  CatalogMesh                  INFO     Painted 4194304 out of 23431381 objects to mesh.
[020048.80]  01-26 20:34  CatalogMesh                  INFO     Slab 4194304 ~ 8388608 / 23431381.
[020049.94]  01-26 20:34  CatalogMesh                  INFO     Painted 8388608 out of 23431381 objects to mesh.
[020049.94]  01-26 20:34  CatalogMesh                  INFO     Slab 8388608 ~ 12582912 / 23431381.
[020051.09]  01-26 20:34  CatalogMesh                  INFO     Painted 12582912 out of 23431381 objects to mesh.
[020051.09]  01-26 20:34  CatalogMesh                  INFO     Slab 12582912 ~ 16777216 / 23431381.
[020052.23]  01-26 20:34  CatalogMesh                  INFO     Painted 16777216 out of 23431381 objects to mesh.
[020052.23]  01-26 20:34  CatalogMesh                  INFO     Slab 16777216 ~ 20971520 / 23431381.
[020053.44]  01-26 20:34  CatalogMesh                  INFO     Painted 20971520 out of 23431381 objects to mesh.
[020053.44]  01-26 20:34  CatalogMesh                  INFO     Slab 20971520 ~ 25165824 / 23431381.
[020054.29]  01-26 20:34  CatalogMesh                  INFO     Painted 23431381 out of 23431381 objects to mesh.
[020054.30]  01-26 20:34  CatalogMesh                  INFO     Running interlacing at order 3.
[020056.51]  01-26 20:34  CatalogMesh                  INFO     Slab 0 ~ 4194304 / 23431381.
[020057.65]  01-26 20:34  CatalogMesh                  INFO     Painted 4194304 out of 23431381 objects to mesh.
[020057.65]  01-26 20:34  CatalogMesh                  INFO     Slab 4194304 ~ 8388608 / 23431381.
[020058.79]  01-26 20:34  CatalogMesh                  INFO     Painted 8388608 out of 23431381 objects to mesh.
[020058.79]  01-26 20:34  CatalogMesh                  INFO     Slab 8388608 ~ 12582912 / 23431381.
[020059.93]  01-26 20:34  CatalogMesh                  INFO     Painted 12582912 out of 23431381 objects to mesh.
[020059.93]  01-26 20:34  CatalogMesh                  INFO     Slab 12582912 ~ 16777216 / 23431381.
[020061.06]  01-26 20:34  CatalogMesh                  INFO     Painted 16777216 out of 23431381 objects to mesh.
[020061.06]  01-26 20:34  CatalogMesh                  INFO     Slab 16777216 ~ 20971520 / 23431381.
[020062.27]  01-26 20:34  CatalogMesh                  INFO     Painted 20971520 out of 23431381 objects to mesh.
[020062.27]  01-26 20:34  CatalogMesh                  INFO     Slab 20971520 ~ 25165824 / 23431381.
[020063.12]  01-26 20:34  CatalogMesh                  INFO     Painted 23431381 out of 23431381 objects to mesh.
[020066.89]  01-26 20:34  CatalogMesh                  INFO     Slab 0 ~ 4194304 / 23431381.
[020068.03]  01-26 20:34  CatalogMesh                  INFO     Painted 4194304 out of 23431381 objects to mesh.
[020068.03]  01-26 20:34  CatalogMesh                  INFO     Slab 4194304 ~ 8388608 / 23431381.
[020069.16]  01-26 20:34  CatalogMesh                  INFO     Painted 8388608 out of 23431381 objects to mesh.
[020069.16]  01-26 20:34  CatalogMesh                  INFO     Slab 8388608 ~ 12582912 / 23431381.
[020070.30]  01-26 20:34  CatalogMesh                  INFO     Painted 12582912 out of 23431381 objects to mesh.
[020070.30]  01-26 20:34  CatalogMesh                  INFO     Slab 12582912 ~ 16777216 / 23431381.
[020071.44]  01-26 20:34  CatalogMesh                  INFO     Painted 16777216 out of 23431381 objects to mesh.
[020071.44]  01-26 20:34  CatalogMesh                  INFO     Slab 16777216 ~ 20971520 / 23431381.
[020072.65]  01-26 20:34  CatalogMesh                  INFO     Painted 20971520 out of 23431381 objects to mesh.
[020072.65]  01-26 20:34  CatalogMesh                  INFO     Slab 20971520 ~ 25165824 / 23431381.
[020073.51]  01-26 20:34  CatalogMesh                  INFO     Painted 23431381 out of 23431381 objects to mesh.
[020079.09]  01-26 20:34  CatalogFFTPower              INFO     Done painting catalog 1 to mesh.
[020079.09]  01-26 20:34  CatalogFFTPower              INFO     Using 400 k-bins between 0.000 and 0.400.
[020079.09]  01-26 20:34  CatalogFFTPower              INFO     Meshes prepared in elapsed time 31.80 s.
[020079.09]  01-26 20:34  CatalogFFTPower              INFO     Running mesh calculation.
[020096.46]  01-26 20:35  CatalogFFTPower              INFO     Mesh calculations performed in elapsed time 17.37 s.
[020096.46]  01-26 20:35  CatalogFFTPower              INFO     Power spectrum computed in elapsed time 49.17 s.
[020096.46]  01-26 20:35  CatalogFFTPower              INFO     Saving /pscratch/sd/s/shengyu/galaxies/catalogs/Y3/AbacusHF-v2/Boxes/QSO/sn1p550/AbacusSummit_base_c000_ph024/mpspk/pkpoles_QSO_zp1.550_DR2_v1.0+dv_repeat.npy.
[020096.46]  01-26 20:35  compute_2pt                  INFO     Save to /pscratch/sd/s/shengyu/galaxies/catalogs/Y3/AbacusHF-v2/Boxes/QSO/sn1p550/AbacusSummit_base_c000_ph024/mpspk/pkpoles_QSO_zp1.550_DR2_v1.0+dv_repeat.npy
[020096.46]  01-26 20:35  TwoPointCorrelationFunction  INFO     Using estimator <class 'pycorr.twopoint_estimator.NaturalTwoPointEstimator'>.
[020096.46]  01-26 20:35  TwoPointCorrelationFunction  INFO     Running auto-correlation.
[020096.46]  01-26 20:35  TwoPointCorrelationFunction  INFO     Computing two-point counts D1D2.
[020111.05]  01-26 20:35  TwoPointCorrelationFunction  INFO     Analytically computing two-point counts R1R2.
[020111.05]  01-26 20:35  TwoPointCorrelationFunction  INFO     Correlation function computed in elapsed time 14.58 s.
[020111.05]  01-26 20:35  NaturalTwoPointEstimator     INFO     Saving /pscratch/sd/s/shengyu/galaxies/catalogs/Y3/AbacusHF-v2/Boxes/QSO/sn1p550/AbacusSummit_base_c000_ph024/mpspk/mpslog_QSO_zp1.550_DR2_v1.0+dv_repeat.npy.
[020111.05]  01-26 20:35  compute_2pt                  INFO     Save to /pscratch/sd/s/shengyu/galaxies/catalogs/Y3/AbacusHF-v2/Boxes/QSO/sn1p550/AbacusSummit_base_c000_ph024/mpspk/mpslog_QSO_zp1.550_DR2_v1.0+dv_repeat.npy
[020111.05]  01-26 20:35  TwoPointCorrelationFunction  INFO     Using estimator <class 'pycorr.twopoint_estimator.NaturalTwoPointEstimator'>.
[020111.05]  01-26 20:35  TwoPointCorrelationFunction  INFO     Running auto-correlation.
[020111.05]  01-26 20:35  TwoPointCorrelationFunction  INFO     Computing two-point counts D1D2.
[020130.84]  01-26 20:35  TwoPointCorrelationFunction  INFO     Analytically computing two-point counts R1R2.
[020130.84]  01-26 20:35  TwoPointCorrelationFunction  INFO     Correlation function computed in elapsed time 19.79 s.
[020130.84]  01-26 20:35  NaturalTwoPointEstimator     INFO     Saving /pscratch/sd/s/shengyu/galaxies/catalogs/Y3/AbacusHF-v2/Boxes/QSO/sn1p550/AbacusSummit_base_c000_ph024/mpspk/wplog_QSO_zp1.550_DR2_v1.0+dv_repeat.npy.
[020130.85]  01-26 20:35  compute_2pt                  INFO     Save to /pscratch/sd/s/shengyu/galaxies/catalogs/Y3/AbacusHF-v2/Boxes/QSO/sn1p550/AbacusSummit_base_c000_ph024/mpspk/wplog_QSO_zp1.550_DR2_v1.0+dv_repeat.npy
[020130.85]  01-26 20:35  compute_2pt                  INFO     Procceed {'version': 'AbacusHF-v2', 'domain': 'cubic', 'tracer': 'QSO', 'zsnap': 1.85, 'zrange': (1.7, 2.1), 'mock_id': 0, 'use_dv': 'repeat'}
[020130.85]  01-26 20:35  cat_tools                    INFO     Load /pscratch/sd/s/shengyu/galaxies/catalogs/Y3/AbacusHF-v2/Boxes/QSO/sn1p850/AbacusSummit_base_c000_ph000/abacus_HF_QSO_1p850_DR2_v2.0_AbacusSummit_base_c000_ph000_base_clustering.dat.h5
[020130.85]  01-26 20:35  FileStack                    INFO     Reading /pscratch/sd/s/shengyu/galaxies/catalogs/Y3/AbacusHF-v2/Boxes/QSO/sn1p850/AbacusSummit_base_c000_ph000/abacus_HF_QSO_1p850_DR2_v2.0_AbacusSummit_base_c000_ph000_base_clustering.dat.h5.
[020130.85]  01-26 20:35  cat_tools                    INFO     use Z positions shifted in repeat mode
[020131.31]  01-26 20:35  TwoPointCorrelationFunction  INFO     Using estimator <class 'pycorr.twopoint_estimator.NaturalTwoPointEstimator'>.
[020131.31]  01-26 20:35  TwoPointCorrelationFunction  INFO     Running auto-correlation.
[020131.31]  01-26 20:35  TwoPointCorrelationFunction  INFO     Computing two-point counts D1D2.
[020147.90]  01-26 20:35  TwoPointCorrelationFunction  INFO     Analytically computing two-point counts R1R2.
[020147.91]  01-26 20:35  TwoPointCorrelationFunction  INFO     Correlation function computed in elapsed time 16.59 s.
[020147.91]  01-26 20:35  NaturalTwoPointEstimator     INFO     Saving /pscratch/sd/s/shengyu/galaxies/catalogs/Y3/AbacusHF-v2/Boxes/QSO/sn1p850/AbacusSummit_base_c000_ph000/mpspk/xipoles_QSO_zp1.850_DR2_v1.0+dv_repeat.npy.
[020147.91]  01-26 20:35  compute_2pt                  INFO     Save to /pscratch/sd/s/shengyu/galaxies/catalogs/Y3/AbacusHF-v2/Boxes/QSO/sn1p850/AbacusSummit_base_c000_ph000/mpspk/xipoles_QSO_zp1.850_DR2_v1.0+dv_repeat.npy
[020149.45]  01-26 20:36  CatalogFFTPower              INFO     Painting catalog 1 to mesh CatalogMesh(nmesh=[512 512 512], boxsize=[2000. 2000. 2000.], boxcenter=[1000.00002169  999.99988233 1000.00005581], dtype=float64).
[020149.69]  01-26 20:36  CatalogMesh                  INFO     Slab 0 ~ 4194304 / 11336595.
[020150.92]  01-26 20:36  CatalogMesh                  INFO     Painted 4194304 out of 11336595 objects to mesh.
[020150.92]  01-26 20:36  CatalogMesh                  INFO     Slab 4194304 ~ 8388608 / 11336595.
[020152.15]  01-26 20:36  CatalogMesh                  INFO     Painted 8388608 out of 11336595 objects to mesh.
[020152.15]  01-26 20:36  CatalogMesh                  INFO     Slab 8388608 ~ 12582912 / 11336595.
[020153.15]  01-26 20:36  CatalogMesh                  INFO     Painted 11336595 out of 11336595 objects to mesh.
[020153.15]  01-26 20:36  CatalogMesh                  INFO     Running interlacing at order 3.
[020155.23]  01-26 20:36  CatalogMesh                  INFO     Slab 0 ~ 4194304 / 11336595.
[020156.46]  01-26 20:36  CatalogMesh                  INFO     Painted 4194304 out of 11336595 objects to mesh.
[020156.46]  01-26 20:36  CatalogMesh                  INFO     Slab 4194304 ~ 8388608 / 11336595.
[020157.69]  01-26 20:36  CatalogMesh                  INFO     Painted 8388608 out of 11336595 objects to mesh.
[020157.70]  01-26 20:36  CatalogMesh                  INFO     Slab 8388608 ~ 12582912 / 11336595.
[020158.70]  01-26 20:36  CatalogMesh                  INFO     Painted 11336595 out of 11336595 objects to mesh.
[020162.32]  01-26 20:36  CatalogMesh                  INFO     Slab 0 ~ 4194304 / 11336595.
[020163.54]  01-26 20:36  CatalogMesh                  INFO     Painted 4194304 out of 11336595 objects to mesh.
[020163.54]  01-26 20:36  CatalogMesh                  INFO     Slab 4194304 ~ 8388608 / 11336595.
[020164.77]  01-26 20:36  CatalogMesh                  INFO     Painted 8388608 out of 11336595 objects to mesh.
[020164.77]  01-26 20:36  CatalogMesh                  INFO     Slab 8388608 ~ 12582912 / 11336595.
[020165.78]  01-26 20:36  CatalogMesh                  INFO     Painted 11336595 out of 11336595 objects to mesh.
[020171.28]  01-26 20:36  CatalogFFTPower              INFO     Done painting catalog 1 to mesh.
[020171.28]  01-26 20:36  CatalogFFTPower              INFO     Using 400 k-bins between 0.000 and 0.400.
[020171.28]  01-26 20:36  CatalogFFTPower              INFO     Meshes prepared in elapsed time 21.83 s.
[020171.28]  01-26 20:36  CatalogFFTPower              INFO     Running mesh calculation.
[020188.48]  01-26 20:36  CatalogFFTPower              INFO     Mesh calculations performed in elapsed time 17.20 s.
[020188.48]  01-26 20:36  CatalogFFTPower              INFO     Power spectrum computed in elapsed time 39.03 s.
[020188.48]  01-26 20:36  CatalogFFTPower              INFO     Saving /pscratch/sd/s/shengyu/galaxies/catalogs/Y3/AbacusHF-v2/Boxes/QSO/sn1p850/AbacusSummit_base_c000_ph000/mpspk/pkpoles_QSO_zp1.850_DR2_v1.0+dv_repeat.npy.
[020188.48]  01-26 20:36  compute_2pt                  INFO     Save to /pscratch/sd/s/shengyu/galaxies/catalogs/Y3/AbacusHF-v2/Boxes/QSO/sn1p850/AbacusSummit_base_c000_ph000/mpspk/pkpoles_QSO_zp1.850_DR2_v1.0+dv_repeat.npy
[020188.49]  01-26 20:36  TwoPointCorrelationFunction  INFO     Using estimator <class 'pycorr.twopoint_estimator.NaturalTwoPointEstimator'>.
[020188.49]  01-26 20:36  TwoPointCorrelationFunction  INFO     Running auto-correlation.
[020188.49]  01-26 20:36  TwoPointCorrelationFunction  INFO     Computing two-point counts D1D2.
[020192.17]  01-26 20:36  TwoPointCorrelationFunction  INFO     Analytically computing two-point counts R1R2.
[020192.18]  01-26 20:36  TwoPointCorrelationFunction  INFO     Correlation function computed in elapsed time 3.69 s.
[020192.18]  01-26 20:36  NaturalTwoPointEstimator     INFO     Saving /pscratch/sd/s/shengyu/galaxies/catalogs/Y3/AbacusHF-v2/Boxes/QSO/sn1p850/AbacusSummit_base_c000_ph000/mpspk/mpslog_QSO_zp1.850_DR2_v1.0+dv_repeat.npy.
[020192.18]  01-26 20:36  compute_2pt                  INFO     Save to /pscratch/sd/s/shengyu/galaxies/catalogs/Y3/AbacusHF-v2/Boxes/QSO/sn1p850/AbacusSummit_base_c000_ph000/mpspk/mpslog_QSO_zp1.850_DR2_v1.0+dv_repeat.npy
[020192.18]  01-26 20:36  TwoPointCorrelationFunction  INFO     Using estimator <class 'pycorr.twopoint_estimator.NaturalTwoPointEstimator'>.
[020192.18]  01-26 20:36  TwoPointCorrelationFunction  INFO     Running auto-correlation.
[020192.18]  01-26 20:36  TwoPointCorrelationFunction  INFO     Computing two-point counts D1D2.
[020203.59]  01-26 20:36  TwoPointCorrelationFunction  INFO     Analytically computing two-point counts R1R2.
[020203.59]  01-26 20:36  TwoPointCorrelationFunction  INFO     Correlation function computed in elapsed time 11.41 s.
[020203.59]  01-26 20:36  NaturalTwoPointEstimator     INFO     Saving /pscratch/sd/s/shengyu/galaxies/catalogs/Y3/AbacusHF-v2/Boxes/QSO/sn1p850/AbacusSummit_base_c000_ph000/mpspk/wplog_QSO_zp1.850_DR2_v1.0+dv_repeat.npy.
[020203.60]  01-26 20:36  compute_2pt                  INFO     Save to /pscratch/sd/s/shengyu/galaxies/catalogs/Y3/AbacusHF-v2/Boxes/QSO/sn1p850/AbacusSummit_base_c000_ph000/mpspk/wplog_QSO_zp1.850_DR2_v1.0+dv_repeat.npy
[020203.60]  01-26 20:36  compute_2pt                  INFO     Procceed {'version': 'AbacusHF-v2', 'domain': 'cubic', 'tracer': 'QSO', 'zsnap': 1.85, 'zrange': (1.7, 2.1), 'mock_id': 1, 'use_dv': 'repeat'}
[020203.60]  01-26 20:36  cat_tools                    INFO     Load /pscratch/sd/s/shengyu/galaxies/catalogs/Y3/AbacusHF-v2/Boxes/QSO/sn1p850/AbacusSummit_base_c000_ph001/abacus_HF_QSO_1p850_DR2_v2.0_AbacusSummit_base_c000_ph001_base_clustering.dat.h5
[020203.60]  01-26 20:36  FileStack                    INFO     Reading /pscratch/sd/s/shengyu/galaxies/catalogs/Y3/AbacusHF-v2/Boxes/QSO/sn1p850/AbacusSummit_base_c000_ph001/abacus_HF_QSO_1p850_DR2_v2.0_AbacusSummit_base_c000_ph001_base_clustering.dat.h5.
[020203.60]  01-26 20:36  cat_tools                    INFO     use Z positions shifted in repeat mode
[020204.06]  01-26 20:36  TwoPointCorrelationFunction  INFO     Using estimator <class 'pycorr.twopoint_estimator.NaturalTwoPointEstimator'>.
[020204.06]  01-26 20:36  TwoPointCorrelationFunction  INFO     Running auto-correlation.
[020204.06]  01-26 20:36  TwoPointCorrelationFunction  INFO     Computing two-point counts D1D2.
[020220.58]  01-26 20:37  TwoPointCorrelationFunction  INFO     Analytically computing two-point counts R1R2.
[020220.58]  01-26 20:37  TwoPointCorrelationFunction  INFO     Correlation function computed in elapsed time 16.53 s.
[020220.59]  01-26 20:37  NaturalTwoPointEstimator     INFO     Saving /pscratch/sd/s/shengyu/galaxies/catalogs/Y3/AbacusHF-v2/Boxes/QSO/sn1p850/AbacusSummit_base_c000_ph001/mpspk/xipoles_QSO_zp1.850_DR2_v1.0+dv_repeat.npy.
[020220.59]  01-26 20:37  compute_2pt                  INFO     Save to /pscratch/sd/s/shengyu/galaxies/catalogs/Y3/AbacusHF-v2/Boxes/QSO/sn1p850/AbacusSummit_base_c000_ph001/mpspk/xipoles_QSO_zp1.850_DR2_v1.0+dv_repeat.npy
[020222.15]  01-26 20:37  CatalogFFTPower              INFO     Painting catalog 1 to mesh CatalogMesh(nmesh=[512 512 512], boxsize=[2000. 2000. 2000.], boxcenter=[999.99989471 999.99961363 999.99971093], dtype=float64).
[020222.38]  01-26 20:37  CatalogMesh                  INFO     Slab 0 ~ 4194304 / 11330979.
[020223.62]  01-26 20:37  CatalogMesh                  INFO     Painted 4194304 out of 11330979 objects to mesh.
[020223.62]  01-26 20:37  CatalogMesh                  INFO     Slab 4194304 ~ 8388608 / 11330979.
[020224.85]  01-26 20:37  CatalogMesh                  INFO     Painted 8388608 out of 11330979 objects to mesh.
[020224.85]  01-26 20:37  CatalogMesh                  INFO     Slab 8388608 ~ 12582912 / 11330979.
[020225.85]  01-26 20:37  CatalogMesh                  INFO     Painted 11330979 out of 11330979 objects to mesh.
[020225.85]  01-26 20:37  CatalogMesh                  INFO     Running interlacing at order 3.
[020227.92]  01-26 20:37  CatalogMesh                  INFO     Slab 0 ~ 4194304 / 11330979.
[020229.13]  01-26 20:37  CatalogMesh                  INFO     Painted 4194304 out of 11330979 objects to mesh.
[020229.13]  01-26 20:37  CatalogMesh                  INFO     Slab 4194304 ~ 8388608 / 11330979.
[020230.36]  01-26 20:37  CatalogMesh                  INFO     Painted 8388608 out of 11330979 objects to mesh.
[020230.36]  01-26 20:37  CatalogMesh                  INFO     Slab 8388608 ~ 12582912 / 11330979.
[020231.36]  01-26 20:37  CatalogMesh                  INFO     Painted 11330979 out of 11330979 objects to mesh.
[020234.98]  01-26 20:37  CatalogMesh                  INFO     Slab 0 ~ 4194304 / 11330979.
[020236.21]  01-26 20:37  CatalogMesh                  INFO     Painted 4194304 out of 11330979 objects to mesh.
[020236.21]  01-26 20:37  CatalogMesh                  INFO     Slab 4194304 ~ 8388608 / 11330979.
[020237.43]  01-26 20:37  CatalogMesh                  INFO     Painted 8388608 out of 11330979 objects to mesh.
[020237.43]  01-26 20:37  CatalogMesh                  INFO     Slab 8388608 ~ 12582912 / 11330979.
[020238.44]  01-26 20:37  CatalogMesh                  INFO     Painted 11330979 out of 11330979 objects to mesh.
[020243.95]  01-26 20:37  CatalogFFTPower              INFO     Done painting catalog 1 to mesh.
[020243.96]  01-26 20:37  CatalogFFTPower              INFO     Using 400 k-bins between 0.000 and 0.400.
[020243.96]  01-26 20:37  CatalogFFTPower              INFO     Meshes prepared in elapsed time 21.81 s.
[020243.96]  01-26 20:37  CatalogFFTPower              INFO     Running mesh calculation.
[020261.19]  01-26 20:37  CatalogFFTPower              INFO     Mesh calculations performed in elapsed time 17.23 s.
[020261.19]  01-26 20:37  CatalogFFTPower              INFO     Power spectrum computed in elapsed time 39.04 s.
[020261.19]  01-26 20:37  CatalogFFTPower              INFO     Saving /pscratch/sd/s/shengyu/galaxies/catalogs/Y3/AbacusHF-v2/Boxes/QSO/sn1p850/AbacusSummit_base_c000_ph001/mpspk/pkpoles_QSO_zp1.850_DR2_v1.0+dv_repeat.npy.
[020261.19]  01-26 20:37  compute_2pt                  INFO     Save to /pscratch/sd/s/shengyu/galaxies/catalogs/Y3/AbacusHF-v2/Boxes/QSO/sn1p850/AbacusSummit_base_c000_ph001/mpspk/pkpoles_QSO_zp1.850_DR2_v1.0+dv_repeat.npy
[020261.19]  01-26 20:37  TwoPointCorrelationFunction  INFO     Using estimator <class 'pycorr.twopoint_estimator.NaturalTwoPointEstimator'>.
[020261.19]  01-26 20:37  TwoPointCorrelationFunction  INFO     Running auto-correlation.
[020261.19]  01-26 20:37  TwoPointCorrelationFunction  INFO     Computing two-point counts D1D2.
[020264.67]  01-26 20:37  TwoPointCorrelationFunction  INFO     Analytically computing two-point counts R1R2.
[020264.67]  01-26 20:37  TwoPointCorrelationFunction  INFO     Correlation function computed in elapsed time 3.48 s.
[020264.68]  01-26 20:37  NaturalTwoPointEstimator     INFO     Saving /pscratch/sd/s/shengyu/galaxies/catalogs/Y3/AbacusHF-v2/Boxes/QSO/sn1p850/AbacusSummit_base_c000_ph001/mpspk/mpslog_QSO_zp1.850_DR2_v1.0+dv_repeat.npy.
[020264.68]  01-26 20:37  compute_2pt                  INFO     Save to /pscratch/sd/s/shengyu/galaxies/catalogs/Y3/AbacusHF-v2/Boxes/QSO/sn1p850/AbacusSummit_base_c000_ph001/mpspk/mpslog_QSO_zp1.850_DR2_v1.0+dv_repeat.npy
[020264.68]  01-26 20:37  TwoPointCorrelationFunction  INFO     Using estimator <class 'pycorr.twopoint_estimator.NaturalTwoPointEstimator'>.
[020264.68]  01-26 20:37  TwoPointCorrelationFunction  INFO     Running auto-correlation.
[020264.68]  01-26 20:37  TwoPointCorrelationFunction  INFO     Computing two-point counts D1D2.
[020276.11]  01-26 20:38  TwoPointCorrelationFunction  INFO     Analytically computing two-point counts R1R2.
[020276.12]  01-26 20:38  TwoPointCorrelationFunction  INFO     Correlation function computed in elapsed time 11.44 s.
[020276.12]  01-26 20:38  NaturalTwoPointEstimator     INFO     Saving /pscratch/sd/s/shengyu/galaxies/catalogs/Y3/AbacusHF-v2/Boxes/QSO/sn1p850/AbacusSummit_base_c000_ph001/mpspk/wplog_QSO_zp1.850_DR2_v1.0+dv_repeat.npy.
[020276.12]  01-26 20:38  compute_2pt                  INFO     Save to /pscratch/sd/s/shengyu/galaxies/catalogs/Y3/AbacusHF-v2/Boxes/QSO/sn1p850/AbacusSummit_base_c000_ph001/mpspk/wplog_QSO_zp1.850_DR2_v1.0+dv_repeat.npy
[020276.12]  01-26 20:38  compute_2pt                  INFO     Procceed {'version': 'AbacusHF-v2', 'domain': 'cubic', 'tracer': 'QSO', 'zsnap': 1.85, 'zrange': (1.7, 2.1), 'mock_id': 2, 'use_dv': 'repeat'}
[020276.12]  01-26 20:38  cat_tools                    INFO     Load /pscratch/sd/s/shengyu/galaxies/catalogs/Y3/AbacusHF-v2/Boxes/QSO/sn1p850/AbacusSummit_base_c000_ph002/abacus_HF_QSO_1p850_DR2_v2.0_AbacusSummit_base_c000_ph002_base_clustering.dat.h5
[020276.12]  01-26 20:38  FileStack                    INFO     Reading /pscratch/sd/s/shengyu/galaxies/catalogs/Y3/AbacusHF-v2/Boxes/QSO/sn1p850/AbacusSummit_base_c000_ph002/abacus_HF_QSO_1p850_DR2_v2.0_AbacusSummit_base_c000_ph002_base_clustering.dat.h5.
[020276.13]  01-26 20:38  cat_tools                    INFO     use Z positions shifted in repeat mode
[020276.58]  01-26 20:38  TwoPointCorrelationFunction  INFO     Using estimator <class 'pycorr.twopoint_estimator.NaturalTwoPointEstimator'>.
[020276.59]  01-26 20:38  TwoPointCorrelationFunction  INFO     Running auto-correlation.
[020276.59]  01-26 20:38  TwoPointCorrelationFunction  INFO     Computing two-point counts D1D2.
[020293.63]  01-26 20:38  TwoPointCorrelationFunction  INFO     Analytically computing two-point counts R1R2.
[020293.63]  01-26 20:38  TwoPointCorrelationFunction  INFO     Correlation function computed in elapsed time 17.04 s.
[020293.63]  01-26 20:38  NaturalTwoPointEstimator     INFO     Saving /pscratch/sd/s/shengyu/galaxies/catalogs/Y3/AbacusHF-v2/Boxes/QSO/sn1p850/AbacusSummit_base_c000_ph002/mpspk/xipoles_QSO_zp1.850_DR2_v1.0+dv_repeat.npy.
[020293.63]  01-26 20:38  compute_2pt                  INFO     Save to /pscratch/sd/s/shengyu/galaxies/catalogs/Y3/AbacusHF-v2/Boxes/QSO/sn1p850/AbacusSummit_base_c000_ph002/mpspk/xipoles_QSO_zp1.850_DR2_v1.0+dv_repeat.npy
[020295.19]  01-26 20:38  CatalogFFTPower              INFO     Painting catalog 1 to mesh CatalogMesh(nmesh=[512 512 512], boxsize=[2000. 2000. 2000.], boxcenter=[1000.00008266  999.99986669 1000.00026871], dtype=float64).
[020295.43]  01-26 20:38  CatalogMesh                  INFO     Slab 0 ~ 4194304 / 11350985.
[020296.72]  01-26 20:38  CatalogMesh                  INFO     Painted 4194304 out of 11350985 objects to mesh.
[020296.72]  01-26 20:38  CatalogMesh                  INFO     Slab 4194304 ~ 8388608 / 11350985.
[020298.00]  01-26 20:38  CatalogMesh                  INFO     Painted 8388608 out of 11350985 objects to mesh.
[020298.00]  01-26 20:38  CatalogMesh                  INFO     Slab 8388608 ~ 12582912 / 11350985.
[020299.03]  01-26 20:38  CatalogMesh                  INFO     Painted 11350985 out of 11350985 objects to mesh.
[020299.03]  01-26 20:38  CatalogMesh                  INFO     Running interlacing at order 3.
[020301.15]  01-26 20:38  CatalogMesh                  INFO     Slab 0 ~ 4194304 / 11350985.
[020302.37]  01-26 20:38  CatalogMesh                  INFO     Painted 4194304 out of 11350985 objects to mesh.
[020302.37]  01-26 20:38  CatalogMesh                  INFO     Slab 4194304 ~ 8388608 / 11350985.
[020303.59]  01-26 20:38  CatalogMesh                  INFO     Painted 8388608 out of 11350985 objects to mesh.
[020303.59]  01-26 20:38  CatalogMesh                  INFO     Slab 8388608 ~ 12582912 / 11350985.
[020304.60]  01-26 20:38  CatalogMesh                  INFO     Painted 11350985 out of 11350985 objects to mesh.
[020308.21]  01-26 20:38  CatalogMesh                  INFO     Slab 0 ~ 4194304 / 11350985.
[020309.44]  01-26 20:38  CatalogMesh                  INFO     Painted 4194304 out of 11350985 objects to mesh.
[020309.44]  01-26 20:38  CatalogMesh                  INFO     Slab 4194304 ~ 8388608 / 11350985.
[020310.66]  01-26 20:38  CatalogMesh                  INFO     Painted 8388608 out of 11350985 objects to mesh.
[020310.66]  01-26 20:38  CatalogMesh                  INFO     Slab 8388608 ~ 12582912 / 11350985.
[020311.67]  01-26 20:38  CatalogMesh                  INFO     Painted 11350985 out of 11350985 objects to mesh.
[020317.20]  01-26 20:38  CatalogFFTPower              INFO     Done painting catalog 1 to mesh.
[020317.20]  01-26 20:38  CatalogFFTPower              INFO     Using 400 k-bins between 0.000 and 0.400.
[020317.20]  01-26 20:38  CatalogFFTPower              INFO     Meshes prepared in elapsed time 22.00 s.
[020317.20]  01-26 20:38  CatalogFFTPower              INFO     Running mesh calculation.
[020334.40]  01-26 20:39  CatalogFFTPower              INFO     Mesh calculations performed in elapsed time 17.20 s.
[020334.40]  01-26 20:39  CatalogFFTPower              INFO     Power spectrum computed in elapsed time 39.20 s.
[020334.40]  01-26 20:39  CatalogFFTPower              INFO     Saving /pscratch/sd/s/shengyu/galaxies/catalogs/Y3/AbacusHF-v2/Boxes/QSO/sn1p850/AbacusSummit_base_c000_ph002/mpspk/pkpoles_QSO_zp1.850_DR2_v1.0+dv_repeat.npy.
[020334.40]  01-26 20:39  compute_2pt                  INFO     Save to /pscratch/sd/s/shengyu/galaxies/catalogs/Y3/AbacusHF-v2/Boxes/QSO/sn1p850/AbacusSummit_base_c000_ph002/mpspk/pkpoles_QSO_zp1.850_DR2_v1.0+dv_repeat.npy
[020334.40]  01-26 20:39  TwoPointCorrelationFunction  INFO     Using estimator <class 'pycorr.twopoint_estimator.NaturalTwoPointEstimator'>.
[020334.40]  01-26 20:39  TwoPointCorrelationFunction  INFO     Running auto-correlation.
[020334.40]  01-26 20:39  TwoPointCorrelationFunction  INFO     Computing two-point counts D1D2.
[020338.22]  01-26 20:39  TwoPointCorrelationFunction  INFO     Analytically computing two-point counts R1R2.
[020338.22]  01-26 20:39  TwoPointCorrelationFunction  INFO     Correlation function computed in elapsed time 3.81 s.
[020338.22]  01-26 20:39  NaturalTwoPointEstimator     INFO     Saving /pscratch/sd/s/shengyu/galaxies/catalogs/Y3/AbacusHF-v2/Boxes/QSO/sn1p850/AbacusSummit_base_c000_ph002/mpspk/mpslog_QSO_zp1.850_DR2_v1.0+dv_repeat.npy.
[020338.22]  01-26 20:39  compute_2pt                  INFO     Save to /pscratch/sd/s/shengyu/galaxies/catalogs/Y3/AbacusHF-v2/Boxes/QSO/sn1p850/AbacusSummit_base_c000_ph002/mpspk/mpslog_QSO_zp1.850_DR2_v1.0+dv_repeat.npy
[020338.22]  01-26 20:39  TwoPointCorrelationFunction  INFO     Using estimator <class 'pycorr.twopoint_estimator.NaturalTwoPointEstimator'>.
[020338.22]  01-26 20:39  TwoPointCorrelationFunction  INFO     Running auto-correlation.
[020338.22]  01-26 20:39  TwoPointCorrelationFunction  INFO     Computing two-point counts D1D2.
[020349.61]  01-26 20:39  TwoPointCorrelationFunction  INFO     Analytically computing two-point counts R1R2.
[020349.61]  01-26 20:39  TwoPointCorrelationFunction  INFO     Correlation function computed in elapsed time 11.39 s.
[020349.61]  01-26 20:39  NaturalTwoPointEstimator     INFO     Saving /pscratch/sd/s/shengyu/galaxies/catalogs/Y3/AbacusHF-v2/Boxes/QSO/sn1p850/AbacusSummit_base_c000_ph002/mpspk/wplog_QSO_zp1.850_DR2_v1.0+dv_repeat.npy.
[020349.61]  01-26 20:39  compute_2pt                  INFO     Save to /pscratch/sd/s/shengyu/galaxies/catalogs/Y3/AbacusHF-v2/Boxes/QSO/sn1p850/AbacusSummit_base_c000_ph002/mpspk/wplog_QSO_zp1.850_DR2_v1.0+dv_repeat.npy
[020349.61]  01-26 20:39  compute_2pt                  INFO     Procceed {'version': 'AbacusHF-v2', 'domain': 'cubic', 'tracer': 'QSO', 'zsnap': 1.85, 'zrange': (1.7, 2.1), 'mock_id': 3, 'use_dv': 'repeat'}
[020349.61]  01-26 20:39  cat_tools                    INFO     Load /pscratch/sd/s/shengyu/galaxies/catalogs/Y3/AbacusHF-v2/Boxes/QSO/sn1p850/AbacusSummit_base_c000_ph003/abacus_HF_QSO_1p850_DR2_v2.0_AbacusSummit_base_c000_ph003_base_clustering.dat.h5
[020349.61]  01-26 20:39  FileStack                    INFO     Reading /pscratch/sd/s/shengyu/galaxies/catalogs/Y3/AbacusHF-v2/Boxes/QSO/sn1p850/AbacusSummit_base_c000_ph003/abacus_HF_QSO_1p850_DR2_v2.0_AbacusSummit_base_c000_ph003_base_clustering.dat.h5.
[020349.62]  01-26 20:39  cat_tools                    INFO     use Z positions shifted in repeat mode
[020350.08]  01-26 20:39  TwoPointCorrelationFunction  INFO     Using estimator <class 'pycorr.twopoint_estimator.NaturalTwoPointEstimator'>.
[020350.08]  01-26 20:39  TwoPointCorrelationFunction  INFO     Running auto-correlation.
[020350.08]  01-26 20:39  TwoPointCorrelationFunction  INFO     Computing two-point counts D1D2.
[020366.97]  01-26 20:39  TwoPointCorrelationFunction  INFO     Analytically computing two-point counts R1R2.
[020366.97]  01-26 20:39  TwoPointCorrelationFunction  INFO     Correlation function computed in elapsed time 16.89 s.
[020366.97]  01-26 20:39  NaturalTwoPointEstimator     INFO     Saving /pscratch/sd/s/shengyu/galaxies/catalogs/Y3/AbacusHF-v2/Boxes/QSO/sn1p850/AbacusSummit_base_c000_ph003/mpspk/xipoles_QSO_zp1.850_DR2_v1.0+dv_repeat.npy.
[020366.97]  01-26 20:39  compute_2pt                  INFO     Save to /pscratch/sd/s/shengyu/galaxies/catalogs/Y3/AbacusHF-v2/Boxes/QSO/sn1p850/AbacusSummit_base_c000_ph003/mpspk/xipoles_QSO_zp1.850_DR2_v1.0+dv_repeat.npy
[020368.54]  01-26 20:39  CatalogFFTPower              INFO     Painting catalog 1 to mesh CatalogMesh(nmesh=[512 512 512], boxsize=[2000. 2000. 2000.], boxcenter=[1000.00000338 1000.00020905 1000.00000235], dtype=float64).
[020368.77]  01-26 20:39  CatalogMesh                  INFO     Slab 0 ~ 4194304 / 11379098.
[020369.99]  01-26 20:39  CatalogMesh                  INFO     Painted 4194304 out of 11379098 objects to mesh.
[020369.99]  01-26 20:39  CatalogMesh                  INFO     Slab 4194304 ~ 8388608 / 11379098.
[020371.23]  01-26 20:39  CatalogMesh                  INFO     Painted 8388608 out of 11379098 objects to mesh.
[020371.23]  01-26 20:39  CatalogMesh                  INFO     Slab 8388608 ~ 12582912 / 11379098.
[020372.25]  01-26 20:39  CatalogMesh                  INFO     Painted 11379098 out of 11379098 objects to mesh.
[020372.25]  01-26 20:39  CatalogMesh                  INFO     Running interlacing at order 3.
[020374.33]  01-26 20:39  CatalogMesh                  INFO     Slab 0 ~ 4194304 / 11379098.
[020375.56]  01-26 20:39  CatalogMesh                  INFO     Painted 4194304 out of 11379098 objects to mesh.
[020375.56]  01-26 20:39  CatalogMesh                  INFO     Slab 4194304 ~ 8388608 / 11379098.
[020376.78]  01-26 20:39  CatalogMesh                  INFO     Painted 8388608 out of 11379098 objects to mesh.
[020376.78]  01-26 20:39  CatalogMesh                  INFO     Slab 8388608 ~ 12582912 / 11379098.
[020377.80]  01-26 20:39  CatalogMesh                  INFO     Painted 11379098 out of 11379098 objects to mesh.
[020381.41]  01-26 20:39  CatalogMesh                  INFO     Slab 0 ~ 4194304 / 11379098.
[020382.63]  01-26 20:39  CatalogMesh                  INFO     Painted 4194304 out of 11379098 objects to mesh.
[020382.63]  01-26 20:39  CatalogMesh                  INFO     Slab 4194304 ~ 8388608 / 11379098.
[020383.86]  01-26 20:39  CatalogMesh                  INFO     Painted 8388608 out of 11379098 objects to mesh.
[020383.86]  01-26 20:39  CatalogMesh                  INFO     Slab 8388608 ~ 12582912 / 11379098.
[020384.87]  01-26 20:39  CatalogMesh                  INFO     Painted 11379098 out of 11379098 objects to mesh.
[020390.42]  01-26 20:40  CatalogFFTPower              INFO     Done painting catalog 1 to mesh.
[020390.42]  01-26 20:40  CatalogFFTPower              INFO     Using 400 k-bins between 0.000 and 0.400.
[020390.42]  01-26 20:40  CatalogFFTPower              INFO     Meshes prepared in elapsed time 21.88 s.
[020390.42]  01-26 20:40  CatalogFFTPower              INFO     Running mesh calculation.
[020407.61]  01-26 20:40  CatalogFFTPower              INFO     Mesh calculations performed in elapsed time 17.19 s.
[020407.61]  01-26 20:40  CatalogFFTPower              INFO     Power spectrum computed in elapsed time 39.08 s.
[020407.61]  01-26 20:40  CatalogFFTPower              INFO     Saving /pscratch/sd/s/shengyu/galaxies/catalogs/Y3/AbacusHF-v2/Boxes/QSO/sn1p850/AbacusSummit_base_c000_ph003/mpspk/pkpoles_QSO_zp1.850_DR2_v1.0+dv_repeat.npy.
[020407.62]  01-26 20:40  compute_2pt                  INFO     Save to /pscratch/sd/s/shengyu/galaxies/catalogs/Y3/AbacusHF-v2/Boxes/QSO/sn1p850/AbacusSummit_base_c000_ph003/mpspk/pkpoles_QSO_zp1.850_DR2_v1.0+dv_repeat.npy
[020407.62]  01-26 20:40  TwoPointCorrelationFunction  INFO     Using estimator <class 'pycorr.twopoint_estimator.NaturalTwoPointEstimator'>.
[020407.62]  01-26 20:40  TwoPointCorrelationFunction  INFO     Running auto-correlation.
[020407.62]  01-26 20:40  TwoPointCorrelationFunction  INFO     Computing two-point counts D1D2.
[020411.11]  01-26 20:40  TwoPointCorrelationFunction  INFO     Analytically computing two-point counts R1R2.
[020411.11]  01-26 20:40  TwoPointCorrelationFunction  INFO     Correlation function computed in elapsed time 3.49 s.
[020411.11]  01-26 20:40  NaturalTwoPointEstimator     INFO     Saving /pscratch/sd/s/shengyu/galaxies/catalogs/Y3/AbacusHF-v2/Boxes/QSO/sn1p850/AbacusSummit_base_c000_ph003/mpspk/mpslog_QSO_zp1.850_DR2_v1.0+dv_repeat.npy.
[020411.11]  01-26 20:40  compute_2pt                  INFO     Save to /pscratch/sd/s/shengyu/galaxies/catalogs/Y3/AbacusHF-v2/Boxes/QSO/sn1p850/AbacusSummit_base_c000_ph003/mpspk/mpslog_QSO_zp1.850_DR2_v1.0+dv_repeat.npy
[020411.11]  01-26 20:40  TwoPointCorrelationFunction  INFO     Using estimator <class 'pycorr.twopoint_estimator.NaturalTwoPointEstimator'>.
[020411.11]  01-26 20:40  TwoPointCorrelationFunction  INFO     Running auto-correlation.
[020411.11]  01-26 20:40  TwoPointCorrelationFunction  INFO     Computing two-point counts D1D2.
[020422.52]  01-26 20:40  TwoPointCorrelationFunction  INFO     Analytically computing two-point counts R1R2.
[020422.52]  01-26 20:40  TwoPointCorrelationFunction  INFO     Correlation function computed in elapsed time 11.41 s.
[020422.52]  01-26 20:40  NaturalTwoPointEstimator     INFO     Saving /pscratch/sd/s/shengyu/galaxies/catalogs/Y3/AbacusHF-v2/Boxes/QSO/sn1p850/AbacusSummit_base_c000_ph003/mpspk/wplog_QSO_zp1.850_DR2_v1.0+dv_repeat.npy.
[020422.52]  01-26 20:40  compute_2pt                  INFO     Save to /pscratch/sd/s/shengyu/galaxies/catalogs/Y3/AbacusHF-v2/Boxes/QSO/sn1p850/AbacusSummit_base_c000_ph003/mpspk/wplog_QSO_zp1.850_DR2_v1.0+dv_repeat.npy
[020422.52]  01-26 20:40  compute_2pt                  INFO     Procceed {'version': 'AbacusHF-v2', 'domain': 'cubic', 'tracer': 'QSO', 'zsnap': 1.85, 'zrange': (1.7, 2.1), 'mock_id': 4, 'use_dv': 'repeat'}
[020422.52]  01-26 20:40  cat_tools                    INFO     Load /pscratch/sd/s/shengyu/galaxies/catalogs/Y3/AbacusHF-v2/Boxes/QSO/sn1p850/AbacusSummit_base_c000_ph004/abacus_HF_QSO_1p850_DR2_v2.0_AbacusSummit_base_c000_ph004_base_clustering.dat.h5
[020422.53]  01-26 20:40  FileStack                    INFO     Reading /pscratch/sd/s/shengyu/galaxies/catalogs/Y3/AbacusHF-v2/Boxes/QSO/sn1p850/AbacusSummit_base_c000_ph004/abacus_HF_QSO_1p850_DR2_v2.0_AbacusSummit_base_c000_ph004_base_clustering.dat.h5.
[020422.53]  01-26 20:40  cat_tools                    INFO     use Z positions shifted in repeat mode
[020422.99]  01-26 20:40  TwoPointCorrelationFunction  INFO     Using estimator <class 'pycorr.twopoint_estimator.NaturalTwoPointEstimator'>.
[020422.99]  01-26 20:40  TwoPointCorrelationFunction  INFO     Running auto-correlation.
[020422.99]  01-26 20:40  TwoPointCorrelationFunction  INFO     Computing two-point counts D1D2.
[020439.77]  01-26 20:40  TwoPointCorrelationFunction  INFO     Analytically computing two-point counts R1R2.
[020439.77]  01-26 20:40  TwoPointCorrelationFunction  INFO     Correlation function computed in elapsed time 16.78 s.
[020439.77]  01-26 20:40  NaturalTwoPointEstimator     INFO     Saving /pscratch/sd/s/shengyu/galaxies/catalogs/Y3/AbacusHF-v2/Boxes/QSO/sn1p850/AbacusSummit_base_c000_ph004/mpspk/xipoles_QSO_zp1.850_DR2_v1.0+dv_repeat.npy.
[020439.77]  01-26 20:40  compute_2pt                  INFO     Save to /pscratch/sd/s/shengyu/galaxies/catalogs/Y3/AbacusHF-v2/Boxes/QSO/sn1p850/AbacusSummit_base_c000_ph004/mpspk/xipoles_QSO_zp1.850_DR2_v1.0+dv_repeat.npy
[020441.33]  01-26 20:40  CatalogFFTPower              INFO     Painting catalog 1 to mesh CatalogMesh(nmesh=[512 512 512], boxsize=[2000. 2000. 2000.], boxcenter=[ 999.99993075  999.99997852 1000.00014298], dtype=float64).
[020441.56]  01-26 20:40  CatalogMesh                  INFO     Slab 0 ~ 4194304 / 11366153.
[020442.80]  01-26 20:40  CatalogMesh                  INFO     Painted 4194304 out of 11366153 objects to mesh.
[020442.80]  01-26 20:40  CatalogMesh                  INFO     Slab 4194304 ~ 8388608 / 11366153.
[020444.04]  01-26 20:40  CatalogMesh                  INFO     Painted 8388608 out of 11366153 objects to mesh.
[020444.04]  01-26 20:40  CatalogMesh                  INFO     Slab 8388608 ~ 12582912 / 11366153.
[020445.05]  01-26 20:40  CatalogMesh                  INFO     Painted 11366153 out of 11366153 objects to mesh.
[020445.06]  01-26 20:40  CatalogMesh                  INFO     Running interlacing at order 3.
[020447.15]  01-26 20:40  CatalogMesh                  INFO     Slab 0 ~ 4194304 / 11366153.
[020448.38]  01-26 20:40  CatalogMesh                  INFO     Painted 4194304 out of 11366153 objects to mesh.
[020448.38]  01-26 20:40  CatalogMesh                  INFO     Slab 4194304 ~ 8388608 / 11366153.
[020449.61]  01-26 20:41  CatalogMesh                  INFO     Painted 8388608 out of 11366153 objects to mesh.
[020449.61]  01-26 20:41  CatalogMesh                  INFO     Slab 8388608 ~ 12582912 / 11366153.
[020450.62]  01-26 20:41  CatalogMesh                  INFO     Painted 11366153 out of 11366153 objects to mesh.
[020454.26]  01-26 20:41  CatalogMesh                  INFO     Slab 0 ~ 4194304 / 11366153.
[020455.49]  01-26 20:41  CatalogMesh                  INFO     Painted 4194304 out of 11366153 objects to mesh.
[020455.49]  01-26 20:41  CatalogMesh                  INFO     Slab 4194304 ~ 8388608 / 11366153.
[020456.72]  01-26 20:41  CatalogMesh                  INFO     Painted 8388608 out of 11366153 objects to mesh.
[020456.72]  01-26 20:41  CatalogMesh                  INFO     Slab 8388608 ~ 12582912 / 11366153.
[020457.74]  01-26 20:41  CatalogMesh                  INFO     Painted 11366153 out of 11366153 objects to mesh.
[020463.28]  01-26 20:41  CatalogFFTPower              INFO     Done painting catalog 1 to mesh.
[020463.28]  01-26 20:41  CatalogFFTPower              INFO     Using 400 k-bins between 0.000 and 0.400.
[020463.28]  01-26 20:41  CatalogFFTPower              INFO     Meshes prepared in elapsed time 21.95 s.
[020463.29]  01-26 20:41  CatalogFFTPower              INFO     Running mesh calculation.
[020480.56]  01-26 20:41  CatalogFFTPower              INFO     Mesh calculations performed in elapsed time 17.28 s.
[020480.56]  01-26 20:41  CatalogFFTPower              INFO     Power spectrum computed in elapsed time 39.23 s.
[020480.56]  01-26 20:41  CatalogFFTPower              INFO     Saving /pscratch/sd/s/shengyu/galaxies/catalogs/Y3/AbacusHF-v2/Boxes/QSO/sn1p850/AbacusSummit_base_c000_ph004/mpspk/pkpoles_QSO_zp1.850_DR2_v1.0+dv_repeat.npy.
[020480.56]  01-26 20:41  compute_2pt                  INFO     Save to /pscratch/sd/s/shengyu/galaxies/catalogs/Y3/AbacusHF-v2/Boxes/QSO/sn1p850/AbacusSummit_base_c000_ph004/mpspk/pkpoles_QSO_zp1.850_DR2_v1.0+dv_repeat.npy
[020480.56]  01-26 20:41  TwoPointCorrelationFunction  INFO     Using estimator <class 'pycorr.twopoint_estimator.NaturalTwoPointEstimator'>.
[020480.57]  01-26 20:41  TwoPointCorrelationFunction  INFO     Running auto-correlation.
[020480.57]  01-26 20:41  TwoPointCorrelationFunction  INFO     Computing two-point counts D1D2.
[020484.23]  01-26 20:41  TwoPointCorrelationFunction  INFO     Analytically computing two-point counts R1R2.
[020484.23]  01-26 20:41  TwoPointCorrelationFunction  INFO     Correlation function computed in elapsed time 3.66 s.
[020484.23]  01-26 20:41  NaturalTwoPointEstimator     INFO     Saving /pscratch/sd/s/shengyu/galaxies/catalogs/Y3/AbacusHF-v2/Boxes/QSO/sn1p850/AbacusSummit_base_c000_ph004/mpspk/mpslog_QSO_zp1.850_DR2_v1.0+dv_repeat.npy.
[020484.23]  01-26 20:41  compute_2pt                  INFO     Save to /pscratch/sd/s/shengyu/galaxies/catalogs/Y3/AbacusHF-v2/Boxes/QSO/sn1p850/AbacusSummit_base_c000_ph004/mpspk/mpslog_QSO_zp1.850_DR2_v1.0+dv_repeat.npy
[020484.23]  01-26 20:41  TwoPointCorrelationFunction  INFO     Using estimator <class 'pycorr.twopoint_estimator.NaturalTwoPointEstimator'>.
[020484.23]  01-26 20:41  TwoPointCorrelationFunction  INFO     Running auto-correlation.
[020484.23]  01-26 20:41  TwoPointCorrelationFunction  INFO     Computing two-point counts D1D2.
[020495.64]  01-26 20:41  TwoPointCorrelationFunction  INFO     Analytically computing two-point counts R1R2.
[020495.64]  01-26 20:41  TwoPointCorrelationFunction  INFO     Correlation function computed in elapsed time 11.41 s.
[020495.64]  01-26 20:41  NaturalTwoPointEstimator     INFO     Saving /pscratch/sd/s/shengyu/galaxies/catalogs/Y3/AbacusHF-v2/Boxes/QSO/sn1p850/AbacusSummit_base_c000_ph004/mpspk/wplog_QSO_zp1.850_DR2_v1.0+dv_repeat.npy.
[020495.64]  01-26 20:41  compute_2pt                  INFO     Save to /pscratch/sd/s/shengyu/galaxies/catalogs/Y3/AbacusHF-v2/Boxes/QSO/sn1p850/AbacusSummit_base_c000_ph004/mpspk/wplog_QSO_zp1.850_DR2_v1.0+dv_repeat.npy
[020495.65]  01-26 20:41  compute_2pt                  INFO     Procceed {'version': 'AbacusHF-v2', 'domain': 'cubic', 'tracer': 'QSO', 'zsnap': 1.85, 'zrange': (1.7, 2.1), 'mock_id': 5, 'use_dv': 'repeat'}
[020495.65]  01-26 20:41  cat_tools                    INFO     Load /pscratch/sd/s/shengyu/galaxies/catalogs/Y3/AbacusHF-v2/Boxes/QSO/sn1p850/AbacusSummit_base_c000_ph005/abacus_HF_QSO_1p850_DR2_v2.0_AbacusSummit_base_c000_ph005_base_clustering.dat.h5
[020495.65]  01-26 20:41  FileStack                    INFO     Reading /pscratch/sd/s/shengyu/galaxies/catalogs/Y3/AbacusHF-v2/Boxes/QSO/sn1p850/AbacusSummit_base_c000_ph005/abacus_HF_QSO_1p850_DR2_v2.0_AbacusSummit_base_c000_ph005_base_clustering.dat.h5.
[020495.65]  01-26 20:41  cat_tools                    INFO     use Z positions shifted in repeat mode
[020496.11]  01-26 20:41  TwoPointCorrelationFunction  INFO     Using estimator <class 'pycorr.twopoint_estimator.NaturalTwoPointEstimator'>.
[020496.11]  01-26 20:41  TwoPointCorrelationFunction  INFO     Running auto-correlation.
[020496.11]  01-26 20:41  TwoPointCorrelationFunction  INFO     Computing two-point counts D1D2.
[020513.13]  01-26 20:42  TwoPointCorrelationFunction  INFO     Analytically computing two-point counts R1R2.
[020513.14]  01-26 20:42  TwoPointCorrelationFunction  INFO     Correlation function computed in elapsed time 17.03 s.
[020513.14]  01-26 20:42  NaturalTwoPointEstimator     INFO     Saving /pscratch/sd/s/shengyu/galaxies/catalogs/Y3/AbacusHF-v2/Boxes/QSO/sn1p850/AbacusSummit_base_c000_ph005/mpspk/xipoles_QSO_zp1.850_DR2_v1.0+dv_repeat.npy.
[020513.14]  01-26 20:42  compute_2pt                  INFO     Save to /pscratch/sd/s/shengyu/galaxies/catalogs/Y3/AbacusHF-v2/Boxes/QSO/sn1p850/AbacusSummit_base_c000_ph005/mpspk/xipoles_QSO_zp1.850_DR2_v1.0+dv_repeat.npy
[020514.69]  01-26 20:42  CatalogFFTPower              INFO     Painting catalog 1 to mesh CatalogMesh(nmesh=[512 512 512], boxsize=[2000. 2000. 2000.], boxcenter=[ 999.99999947 1000.00010914 1000.00000232], dtype=float64).
[020514.93]  01-26 20:42  CatalogMesh                  INFO     Slab 0 ~ 4194304 / 11349642.
[020516.16]  01-26 20:42  CatalogMesh                  INFO     Painted 4194304 out of 11349642 objects to mesh.
[020516.16]  01-26 20:42  CatalogMesh                  INFO     Slab 4194304 ~ 8388608 / 11349642.
[020517.39]  01-26 20:42  CatalogMesh                  INFO     Painted 8388608 out of 11349642 objects to mesh.
[020517.40]  01-26 20:42  CatalogMesh                  INFO     Slab 8388608 ~ 12582912 / 11349642.
[020518.41]  01-26 20:42  CatalogMesh                  INFO     Painted 11349642 out of 11349642 objects to mesh.
[020518.41]  01-26 20:42  CatalogMesh                  INFO     Running interlacing at order 3.
[020520.48]  01-26 20:42  CatalogMesh                  INFO     Slab 0 ~ 4194304 / 11349642.
[020521.70]  01-26 20:42  CatalogMesh                  INFO     Painted 4194304 out of 11349642 objects to mesh.
[020521.70]  01-26 20:42  CatalogMesh                  INFO     Slab 4194304 ~ 8388608 / 11349642.
[020522.93]  01-26 20:42  CatalogMesh                  INFO     Painted 8388608 out of 11349642 objects to mesh.
[020522.93]  01-26 20:42  CatalogMesh                  INFO     Slab 8388608 ~ 12582912 / 11349642.
[020523.93]  01-26 20:42  CatalogMesh                  INFO     Painted 11349642 out of 11349642 objects to mesh.
[020527.55]  01-26 20:42  CatalogMesh                  INFO     Slab 0 ~ 4194304 / 11349642.
[020528.77]  01-26 20:42  CatalogMesh                  INFO     Painted 4194304 out of 11349642 objects to mesh.
[020528.77]  01-26 20:42  CatalogMesh                  INFO     Slab 4194304 ~ 8388608 / 11349642.
[020529.99]  01-26 20:42  CatalogMesh                  INFO     Painted 8388608 out of 11349642 objects to mesh.
[020529.99]  01-26 20:42  CatalogMesh                  INFO     Slab 8388608 ~ 12582912 / 11349642.
[020531.00]  01-26 20:42  CatalogMesh                  INFO     Painted 11349642 out of 11349642 objects to mesh.
[020536.52]  01-26 20:42  CatalogFFTPower              INFO     Done painting catalog 1 to mesh.
[020536.52]  01-26 20:42  CatalogFFTPower              INFO     Using 400 k-bins between 0.000 and 0.400.
[020536.52]  01-26 20:42  CatalogFFTPower              INFO     Meshes prepared in elapsed time 21.83 s.
[020536.52]  01-26 20:42  CatalogFFTPower              INFO     Running mesh calculation.
[020553.80]  01-26 20:42  CatalogFFTPower              INFO     Mesh calculations performed in elapsed time 17.27 s.
[020553.80]  01-26 20:42  CatalogFFTPower              INFO     Power spectrum computed in elapsed time 39.10 s.
[020553.80]  01-26 20:42  CatalogFFTPower              INFO     Saving /pscratch/sd/s/shengyu/galaxies/catalogs/Y3/AbacusHF-v2/Boxes/QSO/sn1p850/AbacusSummit_base_c000_ph005/mpspk/pkpoles_QSO_zp1.850_DR2_v1.0+dv_repeat.npy.
[020553.80]  01-26 20:42  compute_2pt                  INFO     Save to /pscratch/sd/s/shengyu/galaxies/catalogs/Y3/AbacusHF-v2/Boxes/QSO/sn1p850/AbacusSummit_base_c000_ph005/mpspk/pkpoles_QSO_zp1.850_DR2_v1.0+dv_repeat.npy
[020553.80]  01-26 20:42  TwoPointCorrelationFunction  INFO     Using estimator <class 'pycorr.twopoint_estimator.NaturalTwoPointEstimator'>.
[020553.80]  01-26 20:42  TwoPointCorrelationFunction  INFO     Running auto-correlation.
[020553.80]  01-26 20:42  TwoPointCorrelationFunction  INFO     Computing two-point counts D1D2.
[020557.69]  01-26 20:42  TwoPointCorrelationFunction  INFO     Analytically computing two-point counts R1R2.
[020557.69]  01-26 20:42  TwoPointCorrelationFunction  INFO     Correlation function computed in elapsed time 3.89 s.
[020557.69]  01-26 20:42  NaturalTwoPointEstimator     INFO     Saving /pscratch/sd/s/shengyu/galaxies/catalogs/Y3/AbacusHF-v2/Boxes/QSO/sn1p850/AbacusSummit_base_c000_ph005/mpspk/mpslog_QSO_zp1.850_DR2_v1.0+dv_repeat.npy.
[020557.69]  01-26 20:42  compute_2pt                  INFO     Save to /pscratch/sd/s/shengyu/galaxies/catalogs/Y3/AbacusHF-v2/Boxes/QSO/sn1p850/AbacusSummit_base_c000_ph005/mpspk/mpslog_QSO_zp1.850_DR2_v1.0+dv_repeat.npy
[020557.70]  01-26 20:42  TwoPointCorrelationFunction  INFO     Using estimator <class 'pycorr.twopoint_estimator.NaturalTwoPointEstimator'>.
[020557.70]  01-26 20:42  TwoPointCorrelationFunction  INFO     Running auto-correlation.
[020557.70]  01-26 20:42  TwoPointCorrelationFunction  INFO     Computing two-point counts D1D2.
[020569.09]  01-26 20:43  TwoPointCorrelationFunction  INFO     Analytically computing two-point counts R1R2.
[020569.09]  01-26 20:43  TwoPointCorrelationFunction  INFO     Correlation function computed in elapsed time 11.39 s.
[020569.09]  01-26 20:43  NaturalTwoPointEstimator     INFO     Saving /pscratch/sd/s/shengyu/galaxies/catalogs/Y3/AbacusHF-v2/Boxes/QSO/sn1p850/AbacusSummit_base_c000_ph005/mpspk/wplog_QSO_zp1.850_DR2_v1.0+dv_repeat.npy.
[020569.09]  01-26 20:43  compute_2pt                  INFO     Save to /pscratch/sd/s/shengyu/galaxies/catalogs/Y3/AbacusHF-v2/Boxes/QSO/sn1p850/AbacusSummit_base_c000_ph005/mpspk/wplog_QSO_zp1.850_DR2_v1.0+dv_repeat.npy
[020569.09]  01-26 20:43  compute_2pt                  INFO     Procceed {'version': 'AbacusHF-v2', 'domain': 'cubic', 'tracer': 'QSO', 'zsnap': 1.85, 'zrange': (1.7, 2.1), 'mock_id': 6, 'use_dv': 'repeat'}
[020569.10]  01-26 20:43  cat_tools                    INFO     Load /pscratch/sd/s/shengyu/galaxies/catalogs/Y3/AbacusHF-v2/Boxes/QSO/sn1p850/AbacusSummit_base_c000_ph006/abacus_HF_QSO_1p850_DR2_v2.0_AbacusSummit_base_c000_ph006_base_clustering.dat.h5
[020569.10]  01-26 20:43  FileStack                    INFO     Reading /pscratch/sd/s/shengyu/galaxies/catalogs/Y3/AbacusHF-v2/Boxes/QSO/sn1p850/AbacusSummit_base_c000_ph006/abacus_HF_QSO_1p850_DR2_v2.0_AbacusSummit_base_c000_ph006_base_clustering.dat.h5.
[020569.10]  01-26 20:43  cat_tools                    INFO     use Z positions shifted in repeat mode
[020569.56]  01-26 20:43  TwoPointCorrelationFunction  INFO     Using estimator <class 'pycorr.twopoint_estimator.NaturalTwoPointEstimator'>.
[020569.56]  01-26 20:43  TwoPointCorrelationFunction  INFO     Running auto-correlation.
[020569.56]  01-26 20:43  TwoPointCorrelationFunction  INFO     Computing two-point counts D1D2.
[020586.33]  01-26 20:43  TwoPointCorrelationFunction  INFO     Analytically computing two-point counts R1R2.
[020586.33]  01-26 20:43  TwoPointCorrelationFunction  INFO     Correlation function computed in elapsed time 16.76 s.
[020586.33]  01-26 20:43  NaturalTwoPointEstimator     INFO     Saving /pscratch/sd/s/shengyu/galaxies/catalogs/Y3/AbacusHF-v2/Boxes/QSO/sn1p850/AbacusSummit_base_c000_ph006/mpspk/xipoles_QSO_zp1.850_DR2_v1.0+dv_repeat.npy.
[020586.33]  01-26 20:43  compute_2pt                  INFO     Save to /pscratch/sd/s/shengyu/galaxies/catalogs/Y3/AbacusHF-v2/Boxes/QSO/sn1p850/AbacusSummit_base_c000_ph006/mpspk/xipoles_QSO_zp1.850_DR2_v1.0+dv_repeat.npy
[020587.87]  01-26 20:43  CatalogFFTPower              INFO     Painting catalog 1 to mesh CatalogMesh(nmesh=[512 512 512], boxsize=[2000. 2000. 2000.], boxcenter=[1000.00001094  999.99996391 1000.00034558], dtype=float64).
[020588.10]  01-26 20:43  CatalogMesh                  INFO     Slab 0 ~ 4194304 / 11350156.
[020589.34]  01-26 20:43  CatalogMesh                  INFO     Painted 4194304 out of 11350156 objects to mesh.
[020589.34]  01-26 20:43  CatalogMesh                  INFO     Slab 4194304 ~ 8388608 / 11350156.
[020590.57]  01-26 20:43  CatalogMesh                  INFO     Painted 8388608 out of 11350156 objects to mesh.
[020590.57]  01-26 20:43  CatalogMesh                  INFO     Slab 8388608 ~ 12582912 / 11350156.
[020591.58]  01-26 20:43  CatalogMesh                  INFO     Painted 11350156 out of 11350156 objects to mesh.
[020591.58]  01-26 20:43  CatalogMesh                  INFO     Running interlacing at order 3.
[020593.66]  01-26 20:43  CatalogMesh                  INFO     Slab 0 ~ 4194304 / 11350156.
[020594.88]  01-26 20:43  CatalogMesh                  INFO     Painted 4194304 out of 11350156 objects to mesh.
[020594.88]  01-26 20:43  CatalogMesh                  INFO     Slab 4194304 ~ 8388608 / 11350156.
[020596.11]  01-26 20:43  CatalogMesh                  INFO     Painted 8388608 out of 11350156 objects to mesh.
[020596.11]  01-26 20:43  CatalogMesh                  INFO     Slab 8388608 ~ 12582912 / 11350156.
[020597.12]  01-26 20:43  CatalogMesh                  INFO     Painted 11350156 out of 11350156 objects to mesh.
[020600.74]  01-26 20:43  CatalogMesh                  INFO     Slab 0 ~ 4194304 / 11350156.
[020601.97]  01-26 20:43  CatalogMesh                  INFO     Painted 4194304 out of 11350156 objects to mesh.
[020601.97]  01-26 20:43  CatalogMesh                  INFO     Slab 4194304 ~ 8388608 / 11350156.
[020603.20]  01-26 20:43  CatalogMesh                  INFO     Painted 8388608 out of 11350156 objects to mesh.
[020603.20]  01-26 20:43  CatalogMesh                  INFO     Slab 8388608 ~ 12582912 / 11350156.
[020604.21]  01-26 20:43  CatalogMesh                  INFO     Painted 11350156 out of 11350156 objects to mesh.
[020609.73]  01-26 20:43  CatalogFFTPower              INFO     Done painting catalog 1 to mesh.
[020609.73]  01-26 20:43  CatalogFFTPower              INFO     Using 400 k-bins between 0.000 and 0.400.
[020609.73]  01-26 20:43  CatalogFFTPower              INFO     Meshes prepared in elapsed time 21.86 s.
[020609.73]  01-26 20:43  CatalogFFTPower              INFO     Running mesh calculation.
[020626.91]  01-26 20:43  CatalogFFTPower              INFO     Mesh calculations performed in elapsed time 17.18 s.
[020626.91]  01-26 20:43  CatalogFFTPower              INFO     Power spectrum computed in elapsed time 39.04 s.
[020626.91]  01-26 20:43  CatalogFFTPower              INFO     Saving /pscratch/sd/s/shengyu/galaxies/catalogs/Y3/AbacusHF-v2/Boxes/QSO/sn1p850/AbacusSummit_base_c000_ph006/mpspk/pkpoles_QSO_zp1.850_DR2_v1.0+dv_repeat.npy.
[020626.91]  01-26 20:43  compute_2pt                  INFO     Save to /pscratch/sd/s/shengyu/galaxies/catalogs/Y3/AbacusHF-v2/Boxes/QSO/sn1p850/AbacusSummit_base_c000_ph006/mpspk/pkpoles_QSO_zp1.850_DR2_v1.0+dv_repeat.npy
[020626.91]  01-26 20:43  TwoPointCorrelationFunction  INFO     Using estimator <class 'pycorr.twopoint_estimator.NaturalTwoPointEstimator'>.
[020626.91]  01-26 20:43  TwoPointCorrelationFunction  INFO     Running auto-correlation.
[020626.91]  01-26 20:43  TwoPointCorrelationFunction  INFO     Computing two-point counts D1D2.
[020630.72]  01-26 20:44  TwoPointCorrelationFunction  INFO     Analytically computing two-point counts R1R2.
[020630.72]  01-26 20:44  TwoPointCorrelationFunction  INFO     Correlation function computed in elapsed time 3.81 s.
[020630.72]  01-26 20:44  NaturalTwoPointEstimator     INFO     Saving /pscratch/sd/s/shengyu/galaxies/catalogs/Y3/AbacusHF-v2/Boxes/QSO/sn1p850/AbacusSummit_base_c000_ph006/mpspk/mpslog_QSO_zp1.850_DR2_v1.0+dv_repeat.npy.
[020630.72]  01-26 20:44  compute_2pt                  INFO     Save to /pscratch/sd/s/shengyu/galaxies/catalogs/Y3/AbacusHF-v2/Boxes/QSO/sn1p850/AbacusSummit_base_c000_ph006/mpspk/mpslog_QSO_zp1.850_DR2_v1.0+dv_repeat.npy
[020630.72]  01-26 20:44  TwoPointCorrelationFunction  INFO     Using estimator <class 'pycorr.twopoint_estimator.NaturalTwoPointEstimator'>.
[020630.72]  01-26 20:44  TwoPointCorrelationFunction  INFO     Running auto-correlation.
[020630.72]  01-26 20:44  TwoPointCorrelationFunction  INFO     Computing two-point counts D1D2.
[020642.11]  01-26 20:44  TwoPointCorrelationFunction  INFO     Analytically computing two-point counts R1R2.
[020642.11]  01-26 20:44  TwoPointCorrelationFunction  INFO     Correlation function computed in elapsed time 11.39 s.
[020642.11]  01-26 20:44  NaturalTwoPointEstimator     INFO     Saving /pscratch/sd/s/shengyu/galaxies/catalogs/Y3/AbacusHF-v2/Boxes/QSO/sn1p850/AbacusSummit_base_c000_ph006/mpspk/wplog_QSO_zp1.850_DR2_v1.0+dv_repeat.npy.
[020642.11]  01-26 20:44  compute_2pt                  INFO     Save to /pscratch/sd/s/shengyu/galaxies/catalogs/Y3/AbacusHF-v2/Boxes/QSO/sn1p850/AbacusSummit_base_c000_ph006/mpspk/wplog_QSO_zp1.850_DR2_v1.0+dv_repeat.npy
[020642.12]  01-26 20:44  compute_2pt                  INFO     Procceed {'version': 'AbacusHF-v2', 'domain': 'cubic', 'tracer': 'QSO', 'zsnap': 1.85, 'zrange': (1.7, 2.1), 'mock_id': 7, 'use_dv': 'repeat'}
[020642.12]  01-26 20:44  cat_tools                    INFO     Load /pscratch/sd/s/shengyu/galaxies/catalogs/Y3/AbacusHF-v2/Boxes/QSO/sn1p850/AbacusSummit_base_c000_ph007/abacus_HF_QSO_1p850_DR2_v2.0_AbacusSummit_base_c000_ph007_base_clustering.dat.h5
[020642.12]  01-26 20:44  FileStack                    INFO     Reading /pscratch/sd/s/shengyu/galaxies/catalogs/Y3/AbacusHF-v2/Boxes/QSO/sn1p850/AbacusSummit_base_c000_ph007/abacus_HF_QSO_1p850_DR2_v2.0_AbacusSummit_base_c000_ph007_base_clustering.dat.h5.
[020642.12]  01-26 20:44  cat_tools                    INFO     use Z positions shifted in repeat mode
[020642.58]  01-26 20:44  TwoPointCorrelationFunction  INFO     Using estimator <class 'pycorr.twopoint_estimator.NaturalTwoPointEstimator'>.
[020642.58]  01-26 20:44  TwoPointCorrelationFunction  INFO     Running auto-correlation.
[020642.58]  01-26 20:44  TwoPointCorrelationFunction  INFO     Computing two-point counts D1D2.
[020658.83]  01-26 20:44  TwoPointCorrelationFunction  INFO     Analytically computing two-point counts R1R2.
[020658.83]  01-26 20:44  TwoPointCorrelationFunction  INFO     Correlation function computed in elapsed time 16.25 s.
[020658.83]  01-26 20:44  NaturalTwoPointEstimator     INFO     Saving /pscratch/sd/s/shengyu/galaxies/catalogs/Y3/AbacusHF-v2/Boxes/QSO/sn1p850/AbacusSummit_base_c000_ph007/mpspk/xipoles_QSO_zp1.850_DR2_v1.0+dv_repeat.npy.
[020658.83]  01-26 20:44  compute_2pt                  INFO     Save to /pscratch/sd/s/shengyu/galaxies/catalogs/Y3/AbacusHF-v2/Boxes/QSO/sn1p850/AbacusSummit_base_c000_ph007/mpspk/xipoles_QSO_zp1.850_DR2_v1.0+dv_repeat.npy
[020660.37]  01-26 20:44  CatalogFFTPower              INFO     Painting catalog 1 to mesh CatalogMesh(nmesh=[512 512 512], boxsize=[2000. 2000. 2000.], boxcenter=[1000.00000569 1000.00000736 1000.00011476], dtype=float64).
[020660.60]  01-26 20:44  CatalogMesh                  INFO     Slab 0 ~ 4194304 / 11324489.
[020661.83]  01-26 20:44  CatalogMesh                  INFO     Painted 4194304 out of 11324489 objects to mesh.
[020661.83]  01-26 20:44  CatalogMesh                  INFO     Slab 4194304 ~ 8388608 / 11324489.
[020663.06]  01-26 20:44  CatalogMesh                  INFO     Painted 8388608 out of 11324489 objects to mesh.
[020663.06]  01-26 20:44  CatalogMesh                  INFO     Slab 8388608 ~ 12582912 / 11324489.
[020664.06]  01-26 20:44  CatalogMesh                  INFO     Painted 11324489 out of 11324489 objects to mesh.
[020664.06]  01-26 20:44  CatalogMesh                  INFO     Running interlacing at order 3.
[020666.14]  01-26 20:44  CatalogMesh                  INFO     Slab 0 ~ 4194304 / 11324489.
[020667.37]  01-26 20:44  CatalogMesh                  INFO     Painted 4194304 out of 11324489 objects to mesh.
[020667.37]  01-26 20:44  CatalogMesh                  INFO     Slab 4194304 ~ 8388608 / 11324489.
[020668.60]  01-26 20:44  CatalogMesh                  INFO     Painted 8388608 out of 11324489 objects to mesh.
[020668.60]  01-26 20:44  CatalogMesh                  INFO     Slab 8388608 ~ 12582912 / 11324489.
[020669.60]  01-26 20:44  CatalogMesh                  INFO     Painted 11324489 out of 11324489 objects to mesh.
[020673.20]  01-26 20:44  CatalogMesh                  INFO     Slab 0 ~ 4194304 / 11324489.
[020674.43]  01-26 20:44  CatalogMesh                  INFO     Painted 4194304 out of 11324489 objects to mesh.
[020674.43]  01-26 20:44  CatalogMesh                  INFO     Slab 4194304 ~ 8388608 / 11324489.
[020675.65]  01-26 20:44  CatalogMesh                  INFO     Painted 8388608 out of 11324489 objects to mesh.
[020675.65]  01-26 20:44  CatalogMesh                  INFO     Slab 8388608 ~ 12582912 / 11324489.
[020676.65]  01-26 20:44  CatalogMesh                  INFO     Painted 11324489 out of 11324489 objects to mesh.
[020682.17]  01-26 20:44  CatalogFFTPower              INFO     Done painting catalog 1 to mesh.
[020682.18]  01-26 20:44  CatalogFFTPower              INFO     Using 400 k-bins between 0.000 and 0.400.
[020682.18]  01-26 20:44  CatalogFFTPower              INFO     Meshes prepared in elapsed time 21.81 s.
[020682.18]  01-26 20:44  CatalogFFTPower              INFO     Running mesh calculation.
[020699.39]  01-26 20:45  CatalogFFTPower              INFO     Mesh calculations performed in elapsed time 17.21 s.
[020699.39]  01-26 20:45  CatalogFFTPower              INFO     Power spectrum computed in elapsed time 39.02 s.
[020699.39]  01-26 20:45  CatalogFFTPower              INFO     Saving /pscratch/sd/s/shengyu/galaxies/catalogs/Y3/AbacusHF-v2/Boxes/QSO/sn1p850/AbacusSummit_base_c000_ph007/mpspk/pkpoles_QSO_zp1.850_DR2_v1.0+dv_repeat.npy.
[020699.39]  01-26 20:45  compute_2pt                  INFO     Save to /pscratch/sd/s/shengyu/galaxies/catalogs/Y3/AbacusHF-v2/Boxes/QSO/sn1p850/AbacusSummit_base_c000_ph007/mpspk/pkpoles_QSO_zp1.850_DR2_v1.0+dv_repeat.npy
[020699.39]  01-26 20:45  TwoPointCorrelationFunction  INFO     Using estimator <class 'pycorr.twopoint_estimator.NaturalTwoPointEstimator'>.
[020699.39]  01-26 20:45  TwoPointCorrelationFunction  INFO     Running auto-correlation.
[020699.40]  01-26 20:45  TwoPointCorrelationFunction  INFO     Computing two-point counts D1D2.
[020702.82]  01-26 20:45  TwoPointCorrelationFunction  INFO     Analytically computing two-point counts R1R2.
[020702.82]  01-26 20:45  TwoPointCorrelationFunction  INFO     Correlation function computed in elapsed time 3.43 s.
[020702.82]  01-26 20:45  NaturalTwoPointEstimator     INFO     Saving /pscratch/sd/s/shengyu/galaxies/catalogs/Y3/AbacusHF-v2/Boxes/QSO/sn1p850/AbacusSummit_base_c000_ph007/mpspk/mpslog_QSO_zp1.850_DR2_v1.0+dv_repeat.npy.
[020702.83]  01-26 20:45  compute_2pt                  INFO     Save to /pscratch/sd/s/shengyu/galaxies/catalogs/Y3/AbacusHF-v2/Boxes/QSO/sn1p850/AbacusSummit_base_c000_ph007/mpspk/mpslog_QSO_zp1.850_DR2_v1.0+dv_repeat.npy
[020702.83]  01-26 20:45  TwoPointCorrelationFunction  INFO     Using estimator <class 'pycorr.twopoint_estimator.NaturalTwoPointEstimator'>.
[020702.83]  01-26 20:45  TwoPointCorrelationFunction  INFO     Running auto-correlation.
[020702.83]  01-26 20:45  TwoPointCorrelationFunction  INFO     Computing two-point counts D1D2.
[020714.23]  01-26 20:45  TwoPointCorrelationFunction  INFO     Analytically computing two-point counts R1R2.
[020714.24]  01-26 20:45  TwoPointCorrelationFunction  INFO     Correlation function computed in elapsed time 11.41 s.
[020714.24]  01-26 20:45  NaturalTwoPointEstimator     INFO     Saving /pscratch/sd/s/shengyu/galaxies/catalogs/Y3/AbacusHF-v2/Boxes/QSO/sn1p850/AbacusSummit_base_c000_ph007/mpspk/wplog_QSO_zp1.850_DR2_v1.0+dv_repeat.npy.
[020714.24]  01-26 20:45  compute_2pt                  INFO     Save to /pscratch/sd/s/shengyu/galaxies/catalogs/Y3/AbacusHF-v2/Boxes/QSO/sn1p850/AbacusSummit_base_c000_ph007/mpspk/wplog_QSO_zp1.850_DR2_v1.0+dv_repeat.npy
[020714.24]  01-26 20:45  compute_2pt                  INFO     Procceed {'version': 'AbacusHF-v2', 'domain': 'cubic', 'tracer': 'QSO', 'zsnap': 1.85, 'zrange': (1.7, 2.1), 'mock_id': 8, 'use_dv': 'repeat'}
[020714.24]  01-26 20:45  cat_tools                    INFO     Load /pscratch/sd/s/shengyu/galaxies/catalogs/Y3/AbacusHF-v2/Boxes/QSO/sn1p850/AbacusSummit_base_c000_ph008/abacus_HF_QSO_1p850_DR2_v2.0_AbacusSummit_base_c000_ph008_base_clustering.dat.h5
[020714.24]  01-26 20:45  FileStack                    INFO     Reading /pscratch/sd/s/shengyu/galaxies/catalogs/Y3/AbacusHF-v2/Boxes/QSO/sn1p850/AbacusSummit_base_c000_ph008/abacus_HF_QSO_1p850_DR2_v2.0_AbacusSummit_base_c000_ph008_base_clustering.dat.h5.
[020714.25]  01-26 20:45  cat_tools                    INFO     use Z positions shifted in repeat mode
[020714.70]  01-26 20:45  TwoPointCorrelationFunction  INFO     Using estimator <class 'pycorr.twopoint_estimator.NaturalTwoPointEstimator'>.
[020714.70]  01-26 20:45  TwoPointCorrelationFunction  INFO     Running auto-correlation.
[020714.70]  01-26 20:45  TwoPointCorrelationFunction  INFO     Computing two-point counts D1D2.
[020731.49]  01-26 20:45  TwoPointCorrelationFunction  INFO     Analytically computing two-point counts R1R2.
[020731.80]  01-26 20:45  TwoPointCorrelationFunction  INFO     Correlation function computed in elapsed time 17.10 s.
[020731.81]  01-26 20:45  NaturalTwoPointEstimator     INFO     Saving /pscratch/sd/s/shengyu/galaxies/catalogs/Y3/AbacusHF-v2/Boxes/QSO/sn1p850/AbacusSummit_base_c000_ph008/mpspk/xipoles_QSO_zp1.850_DR2_v1.0+dv_repeat.npy.
[020731.81]  01-26 20:45  compute_2pt                  INFO     Save to /pscratch/sd/s/shengyu/galaxies/catalogs/Y3/AbacusHF-v2/Boxes/QSO/sn1p850/AbacusSummit_base_c000_ph008/mpspk/xipoles_QSO_zp1.850_DR2_v1.0+dv_repeat.npy
[020733.35]  01-26 20:45  CatalogFFTPower              INFO     Painting catalog 1 to mesh CatalogMesh(nmesh=[512 512 512], boxsize=[2000. 2000. 2000.], boxcenter=[ 999.99998379 1000.00012458 1000.00000471], dtype=float64).
[020733.59]  01-26 20:45  CatalogMesh                  INFO     Slab 0 ~ 4194304 / 11320981.
[020734.83]  01-26 20:45  CatalogMesh                  INFO     Painted 4194304 out of 11320981 objects to mesh.
[020734.83]  01-26 20:45  CatalogMesh                  INFO     Slab 4194304 ~ 8388608 / 11320981.
[020736.05]  01-26 20:45  CatalogMesh                  INFO     Painted 8388608 out of 11320981 objects to mesh.
[020736.05]  01-26 20:45  CatalogMesh                  INFO     Slab 8388608 ~ 12582912 / 11320981.
[020737.06]  01-26 20:45  CatalogMesh                  INFO     Painted 11320981 out of 11320981 objects to mesh.
[020737.06]  01-26 20:45  CatalogMesh                  INFO     Running interlacing at order 3.
[020739.13]  01-26 20:45  CatalogMesh                  INFO     Slab 0 ~ 4194304 / 11320981.
[020740.36]  01-26 20:45  CatalogMesh                  INFO     Painted 4194304 out of 11320981 objects to mesh.
[020740.36]  01-26 20:45  CatalogMesh                  INFO     Slab 4194304 ~ 8388608 / 11320981.
[020741.59]  01-26 20:45  CatalogMesh                  INFO     Painted 8388608 out of 11320981 objects to mesh.
[020741.59]  01-26 20:45  CatalogMesh                  INFO     Slab 8388608 ~ 12582912 / 11320981.
[020742.59]  01-26 20:45  CatalogMesh                  INFO     Painted 11320981 out of 11320981 objects to mesh.
[020746.21]  01-26 20:45  CatalogMesh                  INFO     Slab 0 ~ 4194304 / 11320981.
[020747.45]  01-26 20:45  CatalogMesh                  INFO     Painted 4194304 out of 11320981 objects to mesh.
[020747.45]  01-26 20:45  CatalogMesh                  INFO     Slab 4194304 ~ 8388608 / 11320981.
[020748.68]  01-26 20:46  CatalogMesh                  INFO     Painted 8388608 out of 11320981 objects to mesh.
[020748.68]  01-26 20:46  CatalogMesh                  INFO     Slab 8388608 ~ 12582912 / 11320981.
[020749.69]  01-26 20:46  CatalogMesh                  INFO     Painted 11320981 out of 11320981 objects to mesh.
[020755.21]  01-26 20:46  CatalogFFTPower              INFO     Done painting catalog 1 to mesh.
[020755.21]  01-26 20:46  CatalogFFTPower              INFO     Using 400 k-bins between 0.000 and 0.400.
[020755.21]  01-26 20:46  CatalogFFTPower              INFO     Meshes prepared in elapsed time 21.86 s.
[020755.21]  01-26 20:46  CatalogFFTPower              INFO     Running mesh calculation.
[020772.38]  01-26 20:46  CatalogFFTPower              INFO     Mesh calculations performed in elapsed time 17.18 s.
[020772.38]  01-26 20:46  CatalogFFTPower              INFO     Power spectrum computed in elapsed time 39.03 s.
[020772.38]  01-26 20:46  CatalogFFTPower              INFO     Saving /pscratch/sd/s/shengyu/galaxies/catalogs/Y3/AbacusHF-v2/Boxes/QSO/sn1p850/AbacusSummit_base_c000_ph008/mpspk/pkpoles_QSO_zp1.850_DR2_v1.0+dv_repeat.npy.
[020772.39]  01-26 20:46  compute_2pt                  INFO     Save to /pscratch/sd/s/shengyu/galaxies/catalogs/Y3/AbacusHF-v2/Boxes/QSO/sn1p850/AbacusSummit_base_c000_ph008/mpspk/pkpoles_QSO_zp1.850_DR2_v1.0+dv_repeat.npy
[020772.39]  01-26 20:46  TwoPointCorrelationFunction  INFO     Using estimator <class 'pycorr.twopoint_estimator.NaturalTwoPointEstimator'>.
[020772.39]  01-26 20:46  TwoPointCorrelationFunction  INFO     Running auto-correlation.
[020772.39]  01-26 20:46  TwoPointCorrelationFunction  INFO     Computing two-point counts D1D2.
[020775.87]  01-26 20:46  TwoPointCorrelationFunction  INFO     Analytically computing two-point counts R1R2.
[020775.88]  01-26 20:46  TwoPointCorrelationFunction  INFO     Correlation function computed in elapsed time 3.49 s.
[020775.88]  01-26 20:46  NaturalTwoPointEstimator     INFO     Saving /pscratch/sd/s/shengyu/galaxies/catalogs/Y3/AbacusHF-v2/Boxes/QSO/sn1p850/AbacusSummit_base_c000_ph008/mpspk/mpslog_QSO_zp1.850_DR2_v1.0+dv_repeat.npy.
[020775.88]  01-26 20:46  compute_2pt                  INFO     Save to /pscratch/sd/s/shengyu/galaxies/catalogs/Y3/AbacusHF-v2/Boxes/QSO/sn1p850/AbacusSummit_base_c000_ph008/mpspk/mpslog_QSO_zp1.850_DR2_v1.0+dv_repeat.npy
[020775.88]  01-26 20:46  TwoPointCorrelationFunction  INFO     Using estimator <class 'pycorr.twopoint_estimator.NaturalTwoPointEstimator'>.
[020775.88]  01-26 20:46  TwoPointCorrelationFunction  INFO     Running auto-correlation.
[020775.88]  01-26 20:46  TwoPointCorrelationFunction  INFO     Computing two-point counts D1D2.
[020787.31]  01-26 20:46  TwoPointCorrelationFunction  INFO     Analytically computing two-point counts R1R2.
[020787.31]  01-26 20:46  TwoPointCorrelationFunction  INFO     Correlation function computed in elapsed time 11.43 s.
[020787.31]  01-26 20:46  NaturalTwoPointEstimator     INFO     Saving /pscratch/sd/s/shengyu/galaxies/catalogs/Y3/AbacusHF-v2/Boxes/QSO/sn1p850/AbacusSummit_base_c000_ph008/mpspk/wplog_QSO_zp1.850_DR2_v1.0+dv_repeat.npy.
[020787.32]  01-26 20:46  compute_2pt                  INFO     Save to /pscratch/sd/s/shengyu/galaxies/catalogs/Y3/AbacusHF-v2/Boxes/QSO/sn1p850/AbacusSummit_base_c000_ph008/mpspk/wplog_QSO_zp1.850_DR2_v1.0+dv_repeat.npy
[020787.32]  01-26 20:46  compute_2pt                  INFO     Procceed {'version': 'AbacusHF-v2', 'domain': 'cubic', 'tracer': 'QSO', 'zsnap': 1.85, 'zrange': (1.7, 2.1), 'mock_id': 9, 'use_dv': 'repeat'}
[020787.32]  01-26 20:46  cat_tools                    INFO     Load /pscratch/sd/s/shengyu/galaxies/catalogs/Y3/AbacusHF-v2/Boxes/QSO/sn1p850/AbacusSummit_base_c000_ph009/abacus_HF_QSO_1p850_DR2_v2.0_AbacusSummit_base_c000_ph009_base_clustering.dat.h5
[020787.32]  01-26 20:46  FileStack                    INFO     Reading /pscratch/sd/s/shengyu/galaxies/catalogs/Y3/AbacusHF-v2/Boxes/QSO/sn1p850/AbacusSummit_base_c000_ph009/abacus_HF_QSO_1p850_DR2_v2.0_AbacusSummit_base_c000_ph009_base_clustering.dat.h5.
[020787.32]  01-26 20:46  cat_tools                    INFO     use Z positions shifted in repeat mode
[020787.78]  01-26 20:46  TwoPointCorrelationFunction  INFO     Using estimator <class 'pycorr.twopoint_estimator.NaturalTwoPointEstimator'>.
[020787.78]  01-26 20:46  TwoPointCorrelationFunction  INFO     Running auto-correlation.
[020787.78]  01-26 20:46  TwoPointCorrelationFunction  INFO     Computing two-point counts D1D2.
[020804.98]  01-26 20:46  TwoPointCorrelationFunction  INFO     Analytically computing two-point counts R1R2.
[020804.98]  01-26 20:46  TwoPointCorrelationFunction  INFO     Correlation function computed in elapsed time 17.20 s.
[020804.98]  01-26 20:46  NaturalTwoPointEstimator     INFO     Saving /pscratch/sd/s/shengyu/galaxies/catalogs/Y3/AbacusHF-v2/Boxes/QSO/sn1p850/AbacusSummit_base_c000_ph009/mpspk/xipoles_QSO_zp1.850_DR2_v1.0+dv_repeat.npy.
[020804.99]  01-26 20:46  compute_2pt                  INFO     Save to /pscratch/sd/s/shengyu/galaxies/catalogs/Y3/AbacusHF-v2/Boxes/QSO/sn1p850/AbacusSummit_base_c000_ph009/mpspk/xipoles_QSO_zp1.850_DR2_v1.0+dv_repeat.npy
[020806.53]  01-26 20:46  CatalogFFTPower              INFO     Painting catalog 1 to mesh CatalogMesh(nmesh=[512 512 512], boxsize=[2000. 2000. 2000.], boxcenter=[ 999.99999743 1000.00028291 1000.00017135], dtype=float64).
[020806.76]  01-26 20:46  CatalogMesh                  INFO     Slab 0 ~ 4194304 / 11341516.
[020808.00]  01-26 20:46  CatalogMesh                  INFO     Painted 4194304 out of 11341516 objects to mesh.
[020808.00]  01-26 20:46  CatalogMesh                  INFO     Slab 4194304 ~ 8388608 / 11341516.
[020809.22]  01-26 20:47  CatalogMesh                  INFO     Painted 8388608 out of 11341516 objects to mesh.
[020809.22]  01-26 20:47  CatalogMesh                  INFO     Slab 8388608 ~ 12582912 / 11341516.
[020810.23]  01-26 20:47  CatalogMesh                  INFO     Painted 11341516 out of 11341516 objects to mesh.
[020810.23]  01-26 20:47  CatalogMesh                  INFO     Running interlacing at order 3.
[020812.31]  01-26 20:47  CatalogMesh                  INFO     Slab 0 ~ 4194304 / 11341516.
[020813.55]  01-26 20:47  CatalogMesh                  INFO     Painted 4194304 out of 11341516 objects to mesh.
[020813.55]  01-26 20:47  CatalogMesh                  INFO     Slab 4194304 ~ 8388608 / 11341516.
[020814.83]  01-26 20:47  CatalogMesh                  INFO     Painted 8388608 out of 11341516 objects to mesh.
[020814.84]  01-26 20:47  CatalogMesh                  INFO     Slab 8388608 ~ 12582912 / 11341516.
[020815.87]  01-26 20:47  CatalogMesh                  INFO     Painted 11341516 out of 11341516 objects to mesh.
[020819.53]  01-26 20:47  CatalogMesh                  INFO     Slab 0 ~ 4194304 / 11341516.
[020820.76]  01-26 20:47  CatalogMesh                  INFO     Painted 4194304 out of 11341516 objects to mesh.
[020820.76]  01-26 20:47  CatalogMesh                  INFO     Slab 4194304 ~ 8388608 / 11341516.
[020821.98]  01-26 20:47  CatalogMesh                  INFO     Painted 8388608 out of 11341516 objects to mesh.
[020821.98]  01-26 20:47  CatalogMesh                  INFO     Slab 8388608 ~ 12582912 / 11341516.
[020822.98]  01-26 20:47  CatalogMesh                  INFO     Painted 11341516 out of 11341516 objects to mesh.
[020828.48]  01-26 20:47  CatalogFFTPower              INFO     Done painting catalog 1 to mesh.
[020828.48]  01-26 20:47  CatalogFFTPower              INFO     Using 400 k-bins between 0.000 and 0.400.
[020828.48]  01-26 20:47  CatalogFFTPower              INFO     Meshes prepared in elapsed time 21.96 s.
[020828.48]  01-26 20:47  CatalogFFTPower              INFO     Running mesh calculation.
[020845.58]  01-26 20:47  CatalogFFTPower              INFO     Mesh calculations performed in elapsed time 17.09 s.
[020845.61]  01-26 20:47  CatalogFFTPower              INFO     Power spectrum computed in elapsed time 39.05 s.
[020845.64]  01-26 20:47  CatalogFFTPower              INFO     Saving /pscratch/sd/s/shengyu/galaxies/catalogs/Y3/AbacusHF-v2/Boxes/QSO/sn1p850/AbacusSummit_base_c000_ph009/mpspk/pkpoles_QSO_zp1.850_DR2_v1.0+dv_repeat.npy.
[020845.65]  01-26 20:47  compute_2pt                  INFO     Save to /pscratch/sd/s/shengyu/galaxies/catalogs/Y3/AbacusHF-v2/Boxes/QSO/sn1p850/AbacusSummit_base_c000_ph009/mpspk/pkpoles_QSO_zp1.850_DR2_v1.0+dv_repeat.npy
[020845.66]  01-26 20:47  TwoPointCorrelationFunction  INFO     Using estimator <class 'pycorr.twopoint_estimator.NaturalTwoPointEstimator'>.
[020845.69]  01-26 20:47  TwoPointCorrelationFunction  INFO     Running auto-correlation.
[020845.69]  01-26 20:47  TwoPointCorrelationFunction  INFO     Computing two-point counts D1D2.
[020849.63]  01-26 20:47  TwoPointCorrelationFunction  INFO     Analytically computing two-point counts R1R2.
[020849.63]  01-26 20:47  TwoPointCorrelationFunction  INFO     Correlation function computed in elapsed time 3.97 s.
[020849.63]  01-26 20:47  NaturalTwoPointEstimator     INFO     Saving /pscratch/sd/s/shengyu/galaxies/catalogs/Y3/AbacusHF-v2/Boxes/QSO/sn1p850/AbacusSummit_base_c000_ph009/mpspk/mpslog_QSO_zp1.850_DR2_v1.0+dv_repeat.npy.
[020849.63]  01-26 20:47  compute_2pt                  INFO     Save to /pscratch/sd/s/shengyu/galaxies/catalogs/Y3/AbacusHF-v2/Boxes/QSO/sn1p850/AbacusSummit_base_c000_ph009/mpspk/mpslog_QSO_zp1.850_DR2_v1.0+dv_repeat.npy
[020849.63]  01-26 20:47  TwoPointCorrelationFunction  INFO     Using estimator <class 'pycorr.twopoint_estimator.NaturalTwoPointEstimator'>.
[020849.63]  01-26 20:47  TwoPointCorrelationFunction  INFO     Running auto-correlation.
[020849.63]  01-26 20:47  TwoPointCorrelationFunction  INFO     Computing two-point counts D1D2.
[020861.01]  01-26 20:47  TwoPointCorrelationFunction  INFO     Analytically computing two-point counts R1R2.
[020861.01]  01-26 20:47  TwoPointCorrelationFunction  INFO     Correlation function computed in elapsed time 11.38 s.
[020861.01]  01-26 20:47  NaturalTwoPointEstimator     INFO     Saving /pscratch/sd/s/shengyu/galaxies/catalogs/Y3/AbacusHF-v2/Boxes/QSO/sn1p850/AbacusSummit_base_c000_ph009/mpspk/wplog_QSO_zp1.850_DR2_v1.0+dv_repeat.npy.
[020861.02]  01-26 20:47  compute_2pt                  INFO     Save to /pscratch/sd/s/shengyu/galaxies/catalogs/Y3/AbacusHF-v2/Boxes/QSO/sn1p850/AbacusSummit_base_c000_ph009/mpspk/wplog_QSO_zp1.850_DR2_v1.0+dv_repeat.npy
[020861.02]  01-26 20:47  compute_2pt                  INFO     Procceed {'version': 'AbacusHF-v2', 'domain': 'cubic', 'tracer': 'QSO', 'zsnap': 1.85, 'zrange': (1.7, 2.1), 'mock_id': 10, 'use_dv': 'repeat'}
[020861.02]  01-26 20:47  cat_tools                    INFO     Load /pscratch/sd/s/shengyu/galaxies/catalogs/Y3/AbacusHF-v2/Boxes/QSO/sn1p850/AbacusSummit_base_c000_ph010/abacus_HF_QSO_1p850_DR2_v2.0_AbacusSummit_base_c000_ph010_base_clustering.dat.h5
[020861.02]  01-26 20:47  FileStack                    INFO     Reading /pscratch/sd/s/shengyu/galaxies/catalogs/Y3/AbacusHF-v2/Boxes/QSO/sn1p850/AbacusSummit_base_c000_ph010/abacus_HF_QSO_1p850_DR2_v2.0_AbacusSummit_base_c000_ph010_base_clustering.dat.h5.
[020861.03]  01-26 20:47  cat_tools                    INFO     use Z positions shifted in repeat mode
[020861.48]  01-26 20:47  TwoPointCorrelationFunction  INFO     Using estimator <class 'pycorr.twopoint_estimator.NaturalTwoPointEstimator'>.
[020861.48]  01-26 20:47  TwoPointCorrelationFunction  INFO     Running auto-correlation.
[020861.49]  01-26 20:47  TwoPointCorrelationFunction  INFO     Computing two-point counts D1D2.
[020878.39]  01-26 20:48  TwoPointCorrelationFunction  INFO     Analytically computing two-point counts R1R2.
[020878.39]  01-26 20:48  TwoPointCorrelationFunction  INFO     Correlation function computed in elapsed time 16.91 s.
[020878.39]  01-26 20:48  NaturalTwoPointEstimator     INFO     Saving /pscratch/sd/s/shengyu/galaxies/catalogs/Y3/AbacusHF-v2/Boxes/QSO/sn1p850/AbacusSummit_base_c000_ph010/mpspk/xipoles_QSO_zp1.850_DR2_v1.0+dv_repeat.npy.
[020878.40]  01-26 20:48  compute_2pt                  INFO     Save to /pscratch/sd/s/shengyu/galaxies/catalogs/Y3/AbacusHF-v2/Boxes/QSO/sn1p850/AbacusSummit_base_c000_ph010/mpspk/xipoles_QSO_zp1.850_DR2_v1.0+dv_repeat.npy
[020879.93]  01-26 20:48  CatalogFFTPower              INFO     Painting catalog 1 to mesh CatalogMesh(nmesh=[512 512 512], boxsize=[2000. 2000. 2000.], boxcenter=[1000.00026874  999.99995866  999.9999909 ], dtype=float64).
[020880.21]  01-26 20:48  CatalogMesh                  INFO     Slab 0 ~ 4194304 / 11321039.
[020881.45]  01-26 20:48  CatalogMesh                  INFO     Painted 4194304 out of 11321039 objects to mesh.
[020881.45]  01-26 20:48  CatalogMesh                  INFO     Slab 4194304 ~ 8388608 / 11321039.
[020882.67]  01-26 20:48  CatalogMesh                  INFO     Painted 8388608 out of 11321039 objects to mesh.
[020882.67]  01-26 20:48  CatalogMesh                  INFO     Slab 8388608 ~ 12582912 / 11321039.
[020883.67]  01-26 20:48  CatalogMesh                  INFO     Painted 11321039 out of 11321039 objects to mesh.
[020883.67]  01-26 20:48  CatalogMesh                  INFO     Running interlacing at order 3.
[020885.80]  01-26 20:48  CatalogMesh                  INFO     Slab 0 ~ 4194304 / 11321039.
[020887.02]  01-26 20:48  CatalogMesh                  INFO     Painted 4194304 out of 11321039 objects to mesh.
[020887.02]  01-26 20:48  CatalogMesh                  INFO     Slab 4194304 ~ 8388608 / 11321039.
[020888.24]  01-26 20:48  CatalogMesh                  INFO     Painted 8388608 out of 11321039 objects to mesh.
[020888.24]  01-26 20:48  CatalogMesh                  INFO     Slab 8388608 ~ 12582912 / 11321039.
[020889.24]  01-26 20:48  CatalogMesh                  INFO     Painted 11321039 out of 11321039 objects to mesh.
[020892.89]  01-26 20:48  CatalogMesh                  INFO     Slab 0 ~ 4194304 / 11321039.
[020894.11]  01-26 20:48  CatalogMesh                  INFO     Painted 4194304 out of 11321039 objects to mesh.
[020894.11]  01-26 20:48  CatalogMesh                  INFO     Slab 4194304 ~ 8388608 / 11321039.
[020895.33]  01-26 20:48  CatalogMesh                  INFO     Painted 8388608 out of 11321039 objects to mesh.
[020895.33]  01-26 20:48  CatalogMesh                  INFO     Slab 8388608 ~ 12582912 / 11321039.
[020896.33]  01-26 20:48  CatalogMesh                  INFO     Painted 11321039 out of 11321039 objects to mesh.
[020901.82]  01-26 20:48  CatalogFFTPower              INFO     Done painting catalog 1 to mesh.
[020901.82]  01-26 20:48  CatalogFFTPower              INFO     Using 400 k-bins between 0.000 and 0.400.
[020901.82]  01-26 20:48  CatalogFFTPower              INFO     Meshes prepared in elapsed time 21.89 s.
[020901.82]  01-26 20:48  CatalogFFTPower              INFO     Running mesh calculation.
[020918.92]  01-26 20:48  CatalogFFTPower              INFO     Mesh calculations performed in elapsed time 17.10 s.
[020918.92]  01-26 20:48  CatalogFFTPower              INFO     Power spectrum computed in elapsed time 38.99 s.
[020918.92]  01-26 20:48  CatalogFFTPower              INFO     Saving /pscratch/sd/s/shengyu/galaxies/catalogs/Y3/AbacusHF-v2/Boxes/QSO/sn1p850/AbacusSummit_base_c000_ph010/mpspk/pkpoles_QSO_zp1.850_DR2_v1.0+dv_repeat.npy.
[020918.92]  01-26 20:48  compute_2pt                  INFO     Save to /pscratch/sd/s/shengyu/galaxies/catalogs/Y3/AbacusHF-v2/Boxes/QSO/sn1p850/AbacusSummit_base_c000_ph010/mpspk/pkpoles_QSO_zp1.850_DR2_v1.0+dv_repeat.npy
[020918.92]  01-26 20:48  TwoPointCorrelationFunction  INFO     Using estimator <class 'pycorr.twopoint_estimator.NaturalTwoPointEstimator'>.
[020918.92]  01-26 20:48  TwoPointCorrelationFunction  INFO     Running auto-correlation.
[020918.92]  01-26 20:48  TwoPointCorrelationFunction  INFO     Computing two-point counts D1D2.
[020922.75]  01-26 20:48  TwoPointCorrelationFunction  INFO     Analytically computing two-point counts R1R2.
[020922.76]  01-26 20:48  TwoPointCorrelationFunction  INFO     Correlation function computed in elapsed time 3.83 s.
[020922.76]  01-26 20:48  NaturalTwoPointEstimator     INFO     Saving /pscratch/sd/s/shengyu/galaxies/catalogs/Y3/AbacusHF-v2/Boxes/QSO/sn1p850/AbacusSummit_base_c000_ph010/mpspk/mpslog_QSO_zp1.850_DR2_v1.0+dv_repeat.npy.
[020922.76]  01-26 20:48  compute_2pt                  INFO     Save to /pscratch/sd/s/shengyu/galaxies/catalogs/Y3/AbacusHF-v2/Boxes/QSO/sn1p850/AbacusSummit_base_c000_ph010/mpspk/mpslog_QSO_zp1.850_DR2_v1.0+dv_repeat.npy
[020922.76]  01-26 20:48  TwoPointCorrelationFunction  INFO     Using estimator <class 'pycorr.twopoint_estimator.NaturalTwoPointEstimator'>.
[020922.76]  01-26 20:48  TwoPointCorrelationFunction  INFO     Running auto-correlation.
[020922.76]  01-26 20:48  TwoPointCorrelationFunction  INFO     Computing two-point counts D1D2.
[020934.15]  01-26 20:49  TwoPointCorrelationFunction  INFO     Analytically computing two-point counts R1R2.
[020934.15]  01-26 20:49  TwoPointCorrelationFunction  INFO     Correlation function computed in elapsed time 11.39 s.
[020934.15]  01-26 20:49  NaturalTwoPointEstimator     INFO     Saving /pscratch/sd/s/shengyu/galaxies/catalogs/Y3/AbacusHF-v2/Boxes/QSO/sn1p850/AbacusSummit_base_c000_ph010/mpspk/wplog_QSO_zp1.850_DR2_v1.0+dv_repeat.npy.
[020934.15]  01-26 20:49  compute_2pt                  INFO     Save to /pscratch/sd/s/shengyu/galaxies/catalogs/Y3/AbacusHF-v2/Boxes/QSO/sn1p850/AbacusSummit_base_c000_ph010/mpspk/wplog_QSO_zp1.850_DR2_v1.0+dv_repeat.npy
[020934.16]  01-26 20:49  compute_2pt                  INFO     Procceed {'version': 'AbacusHF-v2', 'domain': 'cubic', 'tracer': 'QSO', 'zsnap': 1.85, 'zrange': (1.7, 2.1), 'mock_id': 11, 'use_dv': 'repeat'}
[020934.16]  01-26 20:49  cat_tools                    INFO     Load /pscratch/sd/s/shengyu/galaxies/catalogs/Y3/AbacusHF-v2/Boxes/QSO/sn1p850/AbacusSummit_base_c000_ph011/abacus_HF_QSO_1p850_DR2_v2.0_AbacusSummit_base_c000_ph011_base_clustering.dat.h5
[020934.16]  01-26 20:49  FileStack                    INFO     Reading /pscratch/sd/s/shengyu/galaxies/catalogs/Y3/AbacusHF-v2/Boxes/QSO/sn1p850/AbacusSummit_base_c000_ph011/abacus_HF_QSO_1p850_DR2_v2.0_AbacusSummit_base_c000_ph011_base_clustering.dat.h5.
[020934.16]  01-26 20:49  cat_tools                    INFO     use Z positions shifted in repeat mode
[020934.61]  01-26 20:49  TwoPointCorrelationFunction  INFO     Using estimator <class 'pycorr.twopoint_estimator.NaturalTwoPointEstimator'>.
[020934.62]  01-26 20:49  TwoPointCorrelationFunction  INFO     Running auto-correlation.
[020934.62]  01-26 20:49  TwoPointCorrelationFunction  INFO     Computing two-point counts D1D2.
[020950.84]  01-26 20:49  TwoPointCorrelationFunction  INFO     Analytically computing two-point counts R1R2.
[020950.84]  01-26 20:49  TwoPointCorrelationFunction  INFO     Correlation function computed in elapsed time 16.23 s.
[020950.84]  01-26 20:49  NaturalTwoPointEstimator     INFO     Saving /pscratch/sd/s/shengyu/galaxies/catalogs/Y3/AbacusHF-v2/Boxes/QSO/sn1p850/AbacusSummit_base_c000_ph011/mpspk/xipoles_QSO_zp1.850_DR2_v1.0+dv_repeat.npy.
[020950.85]  01-26 20:49  compute_2pt                  INFO     Save to /pscratch/sd/s/shengyu/galaxies/catalogs/Y3/AbacusHF-v2/Boxes/QSO/sn1p850/AbacusSummit_base_c000_ph011/mpspk/xipoles_QSO_zp1.850_DR2_v1.0+dv_repeat.npy
[020952.39]  01-26 20:49  CatalogFFTPower              INFO     Painting catalog 1 to mesh CatalogMesh(nmesh=[512 512 512], boxsize=[2000. 2000. 2000.], boxcenter=[1000.00011746  999.99995266  999.9999982 ], dtype=float64).
[020952.62]  01-26 20:49  CatalogMesh                  INFO     Slab 0 ~ 4194304 / 11330087.
[020953.85]  01-26 20:49  CatalogMesh                  INFO     Painted 4194304 out of 11330087 objects to mesh.
[020953.85]  01-26 20:49  CatalogMesh                  INFO     Slab 4194304 ~ 8388608 / 11330087.
[020955.08]  01-26 20:49  CatalogMesh                  INFO     Painted 8388608 out of 11330087 objects to mesh.
[020955.08]  01-26 20:49  CatalogMesh                  INFO     Slab 8388608 ~ 12582912 / 11330087.
[020956.08]  01-26 20:49  CatalogMesh                  INFO     Painted 11330087 out of 11330087 objects to mesh.
[020956.08]  01-26 20:49  CatalogMesh                  INFO     Running interlacing at order 3.
[020958.15]  01-26 20:49  CatalogMesh                  INFO     Slab 0 ~ 4194304 / 11330087.
[020959.36]  01-26 20:49  CatalogMesh                  INFO     Painted 4194304 out of 11330087 objects to mesh.
[020959.36]  01-26 20:49  CatalogMesh                  INFO     Slab 4194304 ~ 8388608 / 11330087.
[020960.58]  01-26 20:49  CatalogMesh                  INFO     Painted 8388608 out of 11330087 objects to mesh.
[020960.58]  01-26 20:49  CatalogMesh                  INFO     Slab 8388608 ~ 12582912 / 11330087.
[020961.58]  01-26 20:49  CatalogMesh                  INFO     Painted 11330087 out of 11330087 objects to mesh.
[020965.20]  01-26 20:49  CatalogMesh                  INFO     Slab 0 ~ 4194304 / 11330087.
[020966.43]  01-26 20:49  CatalogMesh                  INFO     Painted 4194304 out of 11330087 objects to mesh.
[020966.43]  01-26 20:49  CatalogMesh                  INFO     Slab 4194304 ~ 8388608 / 11330087.
[020967.65]  01-26 20:49  CatalogMesh                  INFO     Painted 8388608 out of 11330087 objects to mesh.
[020967.65]  01-26 20:49  CatalogMesh                  INFO     Slab 8388608 ~ 12582912 / 11330087.
[020968.65]  01-26 20:49  CatalogMesh                  INFO     Painted 11330087 out of 11330087 objects to mesh.
[020974.14]  01-26 20:49  CatalogFFTPower              INFO     Done painting catalog 1 to mesh.
[020974.14]  01-26 20:49  CatalogFFTPower              INFO     Using 400 k-bins between 0.000 and 0.400.
[020974.14]  01-26 20:49  CatalogFFTPower              INFO     Meshes prepared in elapsed time 21.75 s.
[020974.14]  01-26 20:49  CatalogFFTPower              INFO     Running mesh calculation.
[020991.25]  01-26 20:50  CatalogFFTPower              INFO     Mesh calculations performed in elapsed time 17.11 s.
[020991.25]  01-26 20:50  CatalogFFTPower              INFO     Power spectrum computed in elapsed time 38.87 s.
[020991.26]  01-26 20:50  CatalogFFTPower              INFO     Saving /pscratch/sd/s/shengyu/galaxies/catalogs/Y3/AbacusHF-v2/Boxes/QSO/sn1p850/AbacusSummit_base_c000_ph011/mpspk/pkpoles_QSO_zp1.850_DR2_v1.0+dv_repeat.npy.
[020991.26]  01-26 20:50  compute_2pt                  INFO     Save to /pscratch/sd/s/shengyu/galaxies/catalogs/Y3/AbacusHF-v2/Boxes/QSO/sn1p850/AbacusSummit_base_c000_ph011/mpspk/pkpoles_QSO_zp1.850_DR2_v1.0+dv_repeat.npy
[020991.29]  01-26 20:50  TwoPointCorrelationFunction  INFO     Using estimator <class 'pycorr.twopoint_estimator.NaturalTwoPointEstimator'>.
[020991.29]  01-26 20:50  TwoPointCorrelationFunction  INFO     Running auto-correlation.
[020991.29]  01-26 20:50  TwoPointCorrelationFunction  INFO     Computing two-point counts D1D2.
[020994.78]  01-26 20:50  TwoPointCorrelationFunction  INFO     Analytically computing two-point counts R1R2.
[020994.78]  01-26 20:50  TwoPointCorrelationFunction  INFO     Correlation function computed in elapsed time 3.50 s.
[020994.78]  01-26 20:50  NaturalTwoPointEstimator     INFO     Saving /pscratch/sd/s/shengyu/galaxies/catalogs/Y3/AbacusHF-v2/Boxes/QSO/sn1p850/AbacusSummit_base_c000_ph011/mpspk/mpslog_QSO_zp1.850_DR2_v1.0+dv_repeat.npy.
[020994.79]  01-26 20:50  compute_2pt                  INFO     Save to /pscratch/sd/s/shengyu/galaxies/catalogs/Y3/AbacusHF-v2/Boxes/QSO/sn1p850/AbacusSummit_base_c000_ph011/mpspk/mpslog_QSO_zp1.850_DR2_v1.0+dv_repeat.npy
[020994.79]  01-26 20:50  TwoPointCorrelationFunction  INFO     Using estimator <class 'pycorr.twopoint_estimator.NaturalTwoPointEstimator'>.
[020994.79]  01-26 20:50  TwoPointCorrelationFunction  INFO     Running auto-correlation.
[020994.79]  01-26 20:50  TwoPointCorrelationFunction  INFO     Computing two-point counts D1D2.
[021006.18]  01-26 20:50  TwoPointCorrelationFunction  INFO     Analytically computing two-point counts R1R2.
[021006.18]  01-26 20:50  TwoPointCorrelationFunction  INFO     Correlation function computed in elapsed time 11.40 s.
[021006.18]  01-26 20:50  NaturalTwoPointEstimator     INFO     Saving /pscratch/sd/s/shengyu/galaxies/catalogs/Y3/AbacusHF-v2/Boxes/QSO/sn1p850/AbacusSummit_base_c000_ph011/mpspk/wplog_QSO_zp1.850_DR2_v1.0+dv_repeat.npy.
[021006.19]  01-26 20:50  compute_2pt                  INFO     Save to /pscratch/sd/s/shengyu/galaxies/catalogs/Y3/AbacusHF-v2/Boxes/QSO/sn1p850/AbacusSummit_base_c000_ph011/mpspk/wplog_QSO_zp1.850_DR2_v1.0+dv_repeat.npy
[021006.19]  01-26 20:50  compute_2pt                  INFO     Procceed {'version': 'AbacusHF-v2', 'domain': 'cubic', 'tracer': 'QSO', 'zsnap': 1.85, 'zrange': (1.7, 2.1), 'mock_id': 12, 'use_dv': 'repeat'}
[021006.19]  01-26 20:50  cat_tools                    INFO     Load /pscratch/sd/s/shengyu/galaxies/catalogs/Y3/AbacusHF-v2/Boxes/QSO/sn1p850/AbacusSummit_base_c000_ph012/abacus_HF_QSO_1p850_DR2_v2.0_AbacusSummit_base_c000_ph012_base_clustering.dat.h5
[021006.19]  01-26 20:50  FileStack                    INFO     Reading /pscratch/sd/s/shengyu/galaxies/catalogs/Y3/AbacusHF-v2/Boxes/QSO/sn1p850/AbacusSummit_base_c000_ph012/abacus_HF_QSO_1p850_DR2_v2.0_AbacusSummit_base_c000_ph012_base_clustering.dat.h5.
[021006.19]  01-26 20:50  cat_tools                    INFO     use Z positions shifted in repeat mode
[021006.65]  01-26 20:50  TwoPointCorrelationFunction  INFO     Using estimator <class 'pycorr.twopoint_estimator.NaturalTwoPointEstimator'>.
[021006.65]  01-26 20:50  TwoPointCorrelationFunction  INFO     Running auto-correlation.
[021006.65]  01-26 20:50  TwoPointCorrelationFunction  INFO     Computing two-point counts D1D2.
[021023.12]  01-26 20:50  TwoPointCorrelationFunction  INFO     Analytically computing two-point counts R1R2.
[021023.12]  01-26 20:50  TwoPointCorrelationFunction  INFO     Correlation function computed in elapsed time 16.47 s.
[021023.12]  01-26 20:50  NaturalTwoPointEstimator     INFO     Saving /pscratch/sd/s/shengyu/galaxies/catalogs/Y3/AbacusHF-v2/Boxes/QSO/sn1p850/AbacusSummit_base_c000_ph012/mpspk/xipoles_QSO_zp1.850_DR2_v1.0+dv_repeat.npy.
[021023.12]  01-26 20:50  compute_2pt                  INFO     Save to /pscratch/sd/s/shengyu/galaxies/catalogs/Y3/AbacusHF-v2/Boxes/QSO/sn1p850/AbacusSummit_base_c000_ph012/mpspk/xipoles_QSO_zp1.850_DR2_v1.0+dv_repeat.npy
[021024.66]  01-26 20:50  CatalogFFTPower              INFO     Painting catalog 1 to mesh CatalogMesh(nmesh=[512 512 512], boxsize=[2000. 2000. 2000.], boxcenter=[1000.00002486  999.99989854 1000.00008779], dtype=float64).
[021024.89]  01-26 20:50  CatalogMesh                  INFO     Slab 0 ~ 4194304 / 11360407.
[021026.12]  01-26 20:50  CatalogMesh                  INFO     Painted 4194304 out of 11360407 objects to mesh.
[021026.12]  01-26 20:50  CatalogMesh                  INFO     Slab 4194304 ~ 8388608 / 11360407.
[021027.35]  01-26 20:50  CatalogMesh                  INFO     Painted 8388608 out of 11360407 objects to mesh.
[021027.35]  01-26 20:50  CatalogMesh                  INFO     Slab 8388608 ~ 12582912 / 11360407.
[021028.36]  01-26 20:50  CatalogMesh                  INFO     Painted 11360407 out of 11360407 objects to mesh.
[021028.36]  01-26 20:50  CatalogMesh                  INFO     Running interlacing at order 3.
[021030.43]  01-26 20:50  CatalogMesh                  INFO     Slab 0 ~ 4194304 / 11360407.
[021031.66]  01-26 20:50  CatalogMesh                  INFO     Painted 4194304 out of 11360407 objects to mesh.
[021031.66]  01-26 20:50  CatalogMesh                  INFO     Slab 4194304 ~ 8388608 / 11360407.
[021032.88]  01-26 20:50  CatalogMesh                  INFO     Painted 8388608 out of 11360407 objects to mesh.
[021032.88]  01-26 20:50  CatalogMesh                  INFO     Slab 8388608 ~ 12582912 / 11360407.
[021033.90]  01-26 20:50  CatalogMesh                  INFO     Painted 11360407 out of 11360407 objects to mesh.
[021037.52]  01-26 20:50  CatalogMesh                  INFO     Slab 0 ~ 4194304 / 11360407.
[021038.75]  01-26 20:50  CatalogMesh                  INFO     Painted 4194304 out of 11360407 objects to mesh.
[021038.75]  01-26 20:50  CatalogMesh                  INFO     Slab 4194304 ~ 8388608 / 11360407.
[021039.98]  01-26 20:50  CatalogMesh                  INFO     Painted 8388608 out of 11360407 objects to mesh.
[021039.98]  01-26 20:50  CatalogMesh                  INFO     Slab 8388608 ~ 12582912 / 11360407.
[021040.99]  01-26 20:50  CatalogMesh                  INFO     Painted 11360407 out of 11360407 objects to mesh.
[021046.51]  01-26 20:50  CatalogFFTPower              INFO     Done painting catalog 1 to mesh.
[021046.51]  01-26 20:50  CatalogFFTPower              INFO     Using 400 k-bins between 0.000 and 0.400.
[021046.51]  01-26 20:50  CatalogFFTPower              INFO     Meshes prepared in elapsed time 21.85 s.
[021046.51]  01-26 20:50  CatalogFFTPower              INFO     Running mesh calculation.
[021063.73]  01-26 20:51  CatalogFFTPower              INFO     Mesh calculations performed in elapsed time 17.22 s.
[021063.73]  01-26 20:51  CatalogFFTPower              INFO     Power spectrum computed in elapsed time 39.07 s.
[021063.73]  01-26 20:51  CatalogFFTPower              INFO     Saving /pscratch/sd/s/shengyu/galaxies/catalogs/Y3/AbacusHF-v2/Boxes/QSO/sn1p850/AbacusSummit_base_c000_ph012/mpspk/pkpoles_QSO_zp1.850_DR2_v1.0+dv_repeat.npy.
[021063.73]  01-26 20:51  compute_2pt                  INFO     Save to /pscratch/sd/s/shengyu/galaxies/catalogs/Y3/AbacusHF-v2/Boxes/QSO/sn1p850/AbacusSummit_base_c000_ph012/mpspk/pkpoles_QSO_zp1.850_DR2_v1.0+dv_repeat.npy
[021063.73]  01-26 20:51  TwoPointCorrelationFunction  INFO     Using estimator <class 'pycorr.twopoint_estimator.NaturalTwoPointEstimator'>.
[021063.73]  01-26 20:51  TwoPointCorrelationFunction  INFO     Running auto-correlation.
[021063.73]  01-26 20:51  TwoPointCorrelationFunction  INFO     Computing two-point counts D1D2.
[021067.39]  01-26 20:51  TwoPointCorrelationFunction  INFO     Analytically computing two-point counts R1R2.
[021067.39]  01-26 20:51  TwoPointCorrelationFunction  INFO     Correlation function computed in elapsed time 3.66 s.
[021067.39]  01-26 20:51  NaturalTwoPointEstimator     INFO     Saving /pscratch/sd/s/shengyu/galaxies/catalogs/Y3/AbacusHF-v2/Boxes/QSO/sn1p850/AbacusSummit_base_c000_ph012/mpspk/mpslog_QSO_zp1.850_DR2_v1.0+dv_repeat.npy.
[021067.40]  01-26 20:51  compute_2pt                  INFO     Save to /pscratch/sd/s/shengyu/galaxies/catalogs/Y3/AbacusHF-v2/Boxes/QSO/sn1p850/AbacusSummit_base_c000_ph012/mpspk/mpslog_QSO_zp1.850_DR2_v1.0+dv_repeat.npy
[021067.40]  01-26 20:51  TwoPointCorrelationFunction  INFO     Using estimator <class 'pycorr.twopoint_estimator.NaturalTwoPointEstimator'>.
[021067.40]  01-26 20:51  TwoPointCorrelationFunction  INFO     Running auto-correlation.
[021067.40]  01-26 20:51  TwoPointCorrelationFunction  INFO     Computing two-point counts D1D2.
[021078.83]  01-26 20:51  TwoPointCorrelationFunction  INFO     Analytically computing two-point counts R1R2.
[021078.84]  01-26 20:51  TwoPointCorrelationFunction  INFO     Correlation function computed in elapsed time 11.44 s.
[021078.84]  01-26 20:51  NaturalTwoPointEstimator     INFO     Saving /pscratch/sd/s/shengyu/galaxies/catalogs/Y3/AbacusHF-v2/Boxes/QSO/sn1p850/AbacusSummit_base_c000_ph012/mpspk/wplog_QSO_zp1.850_DR2_v1.0+dv_repeat.npy.
[021078.84]  01-26 20:51  compute_2pt                  INFO     Save to /pscratch/sd/s/shengyu/galaxies/catalogs/Y3/AbacusHF-v2/Boxes/QSO/sn1p850/AbacusSummit_base_c000_ph012/mpspk/wplog_QSO_zp1.850_DR2_v1.0+dv_repeat.npy
[021078.84]  01-26 20:51  compute_2pt                  INFO     Procceed {'version': 'AbacusHF-v2', 'domain': 'cubic', 'tracer': 'QSO', 'zsnap': 1.85, 'zrange': (1.7, 2.1), 'mock_id': 13, 'use_dv': 'repeat'}
[021078.84]  01-26 20:51  cat_tools                    INFO     Load /pscratch/sd/s/shengyu/galaxies/catalogs/Y3/AbacusHF-v2/Boxes/QSO/sn1p850/AbacusSummit_base_c000_ph013/abacus_HF_QSO_1p850_DR2_v2.0_AbacusSummit_base_c000_ph013_base_clustering.dat.h5
[021078.84]  01-26 20:51  FileStack                    INFO     Reading /pscratch/sd/s/shengyu/galaxies/catalogs/Y3/AbacusHF-v2/Boxes/QSO/sn1p850/AbacusSummit_base_c000_ph013/abacus_HF_QSO_1p850_DR2_v2.0_AbacusSummit_base_c000_ph013_base_clustering.dat.h5.
[021078.85]  01-26 20:51  cat_tools                    INFO     use Z positions shifted in repeat mode
[021079.30]  01-26 20:51  TwoPointCorrelationFunction  INFO     Using estimator <class 'pycorr.twopoint_estimator.NaturalTwoPointEstimator'>.
[021079.30]  01-26 20:51  TwoPointCorrelationFunction  INFO     Running auto-correlation.
[021079.30]  01-26 20:51  TwoPointCorrelationFunction  INFO     Computing two-point counts D1D2.
[021095.63]  01-26 20:51  TwoPointCorrelationFunction  INFO     Analytically computing two-point counts R1R2.
[021095.63]  01-26 20:51  TwoPointCorrelationFunction  INFO     Correlation function computed in elapsed time 16.33 s.
[021095.63]  01-26 20:51  NaturalTwoPointEstimator     INFO     Saving /pscratch/sd/s/shengyu/galaxies/catalogs/Y3/AbacusHF-v2/Boxes/QSO/sn1p850/AbacusSummit_base_c000_ph013/mpspk/xipoles_QSO_zp1.850_DR2_v1.0+dv_repeat.npy.
[021095.64]  01-26 20:51  compute_2pt                  INFO     Save to /pscratch/sd/s/shengyu/galaxies/catalogs/Y3/AbacusHF-v2/Boxes/QSO/sn1p850/AbacusSummit_base_c000_ph013/mpspk/xipoles_QSO_zp1.850_DR2_v1.0+dv_repeat.npy
[021097.17]  01-26 20:51  CatalogFFTPower              INFO     Painting catalog 1 to mesh CatalogMesh(nmesh=[512 512 512], boxsize=[2000. 2000. 2000.], boxcenter=[1000.00014672 1000.0000554  1000.00000004], dtype=float64).
[021097.40]  01-26 20:51  CatalogMesh                  INFO     Slab 0 ~ 4194304 / 11336475.
[021098.64]  01-26 20:51  CatalogMesh                  INFO     Painted 4194304 out of 11336475 objects to mesh.
[021098.64]  01-26 20:51  CatalogMesh                  INFO     Slab 4194304 ~ 8388608 / 11336475.
[021099.87]  01-26 20:51  CatalogMesh                  INFO     Painted 8388608 out of 11336475 objects to mesh.
[021099.87]  01-26 20:51  CatalogMesh                  INFO     Slab 8388608 ~ 12582912 / 11336475.
[021100.87]  01-26 20:51  CatalogMesh                  INFO     Painted 11336475 out of 11336475 objects to mesh.
[021100.87]  01-26 20:51  CatalogMesh                  INFO     Running interlacing at order 3.
[021102.94]  01-26 20:51  CatalogMesh                  INFO     Slab 0 ~ 4194304 / 11336475.
[021104.16]  01-26 20:51  CatalogMesh                  INFO     Painted 4194304 out of 11336475 objects to mesh.
[021104.16]  01-26 20:51  CatalogMesh                  INFO     Slab 4194304 ~ 8388608 / 11336475.
[021105.39]  01-26 20:51  CatalogMesh                  INFO     Painted 8388608 out of 11336475 objects to mesh.
[021105.39]  01-26 20:51  CatalogMesh                  INFO     Slab 8388608 ~ 12582912 / 11336475.
[021106.40]  01-26 20:51  CatalogMesh                  INFO     Painted 11336475 out of 11336475 objects to mesh.
[021110.02]  01-26 20:52  CatalogMesh                  INFO     Slab 0 ~ 4194304 / 11336475.
[021111.26]  01-26 20:52  CatalogMesh                  INFO     Painted 4194304 out of 11336475 objects to mesh.
[021111.26]  01-26 20:52  CatalogMesh                  INFO     Slab 4194304 ~ 8388608 / 11336475.
[021112.48]  01-26 20:52  CatalogMesh                  INFO     Painted 8388608 out of 11336475 objects to mesh.
[021112.48]  01-26 20:52  CatalogMesh                  INFO     Slab 8388608 ~ 12582912 / 11336475.
[021113.49]  01-26 20:52  CatalogMesh                  INFO     Painted 11336475 out of 11336475 objects to mesh.
[021119.03]  01-26 20:52  CatalogFFTPower              INFO     Done painting catalog 1 to mesh.
[021119.03]  01-26 20:52  CatalogFFTPower              INFO     Using 400 k-bins between 0.000 and 0.400.
[021119.03]  01-26 20:52  CatalogFFTPower              INFO     Meshes prepared in elapsed time 21.86 s.
[021119.04]  01-26 20:52  CatalogFFTPower              INFO     Running mesh calculation.
[021136.19]  01-26 20:52  CatalogFFTPower              INFO     Mesh calculations performed in elapsed time 17.16 s.
[021136.19]  01-26 20:52  CatalogFFTPower              INFO     Power spectrum computed in elapsed time 39.02 s.
[021136.19]  01-26 20:52  CatalogFFTPower              INFO     Saving /pscratch/sd/s/shengyu/galaxies/catalogs/Y3/AbacusHF-v2/Boxes/QSO/sn1p850/AbacusSummit_base_c000_ph013/mpspk/pkpoles_QSO_zp1.850_DR2_v1.0+dv_repeat.npy.
[021136.20]  01-26 20:52  compute_2pt                  INFO     Save to /pscratch/sd/s/shengyu/galaxies/catalogs/Y3/AbacusHF-v2/Boxes/QSO/sn1p850/AbacusSummit_base_c000_ph013/mpspk/pkpoles_QSO_zp1.850_DR2_v1.0+dv_repeat.npy
[021136.20]  01-26 20:52  TwoPointCorrelationFunction  INFO     Using estimator <class 'pycorr.twopoint_estimator.NaturalTwoPointEstimator'>.
[021136.20]  01-26 20:52  TwoPointCorrelationFunction  INFO     Running auto-correlation.
[021136.20]  01-26 20:52  TwoPointCorrelationFunction  INFO     Computing two-point counts D1D2.
[021139.60]  01-26 20:52  TwoPointCorrelationFunction  INFO     Analytically computing two-point counts R1R2.
[021139.60]  01-26 20:52  TwoPointCorrelationFunction  INFO     Correlation function computed in elapsed time 3.41 s.
[021139.61]  01-26 20:52  NaturalTwoPointEstimator     INFO     Saving /pscratch/sd/s/shengyu/galaxies/catalogs/Y3/AbacusHF-v2/Boxes/QSO/sn1p850/AbacusSummit_base_c000_ph013/mpspk/mpslog_QSO_zp1.850_DR2_v1.0+dv_repeat.npy.
[021139.61]  01-26 20:52  compute_2pt                  INFO     Save to /pscratch/sd/s/shengyu/galaxies/catalogs/Y3/AbacusHF-v2/Boxes/QSO/sn1p850/AbacusSummit_base_c000_ph013/mpspk/mpslog_QSO_zp1.850_DR2_v1.0+dv_repeat.npy
[021139.61]  01-26 20:52  TwoPointCorrelationFunction  INFO     Using estimator <class 'pycorr.twopoint_estimator.NaturalTwoPointEstimator'>.
[021139.61]  01-26 20:52  TwoPointCorrelationFunction  INFO     Running auto-correlation.
[021139.61]  01-26 20:52  TwoPointCorrelationFunction  INFO     Computing two-point counts D1D2.
[021151.02]  01-26 20:52  TwoPointCorrelationFunction  INFO     Analytically computing two-point counts R1R2.
[021151.02]  01-26 20:52  TwoPointCorrelationFunction  INFO     Correlation function computed in elapsed time 11.41 s.
[021151.02]  01-26 20:52  NaturalTwoPointEstimator     INFO     Saving /pscratch/sd/s/shengyu/galaxies/catalogs/Y3/AbacusHF-v2/Boxes/QSO/sn1p850/AbacusSummit_base_c000_ph013/mpspk/wplog_QSO_zp1.850_DR2_v1.0+dv_repeat.npy.
[021151.02]  01-26 20:52  compute_2pt                  INFO     Save to /pscratch/sd/s/shengyu/galaxies/catalogs/Y3/AbacusHF-v2/Boxes/QSO/sn1p850/AbacusSummit_base_c000_ph013/mpspk/wplog_QSO_zp1.850_DR2_v1.0+dv_repeat.npy
[021151.02]  01-26 20:52  compute_2pt                  INFO     Procceed {'version': 'AbacusHF-v2', 'domain': 'cubic', 'tracer': 'QSO', 'zsnap': 1.85, 'zrange': (1.7, 2.1), 'mock_id': 14, 'use_dv': 'repeat'}
[021151.02]  01-26 20:52  cat_tools                    INFO     Load /pscratch/sd/s/shengyu/galaxies/catalogs/Y3/AbacusHF-v2/Boxes/QSO/sn1p850/AbacusSummit_base_c000_ph014/abacus_HF_QSO_1p850_DR2_v2.0_AbacusSummit_base_c000_ph014_base_clustering.dat.h5
[021151.03]  01-26 20:52  FileStack                    INFO     Reading /pscratch/sd/s/shengyu/galaxies/catalogs/Y3/AbacusHF-v2/Boxes/QSO/sn1p850/AbacusSummit_base_c000_ph014/abacus_HF_QSO_1p850_DR2_v2.0_AbacusSummit_base_c000_ph014_base_clustering.dat.h5.
[021151.03]  01-26 20:52  cat_tools                    INFO     use Z positions shifted in repeat mode
[021151.49]  01-26 20:52  TwoPointCorrelationFunction  INFO     Using estimator <class 'pycorr.twopoint_estimator.NaturalTwoPointEstimator'>.
[021151.49]  01-26 20:52  TwoPointCorrelationFunction  INFO     Running auto-correlation.
[021151.49]  01-26 20:52  TwoPointCorrelationFunction  INFO     Computing two-point counts D1D2.
[021168.38]  01-26 20:52  TwoPointCorrelationFunction  INFO     Analytically computing two-point counts R1R2.
[021168.38]  01-26 20:52  TwoPointCorrelationFunction  INFO     Correlation function computed in elapsed time 16.89 s.
[021168.38]  01-26 20:52  NaturalTwoPointEstimator     INFO     Saving /pscratch/sd/s/shengyu/galaxies/catalogs/Y3/AbacusHF-v2/Boxes/QSO/sn1p850/AbacusSummit_base_c000_ph014/mpspk/xipoles_QSO_zp1.850_DR2_v1.0+dv_repeat.npy.
[021168.38]  01-26 20:52  compute_2pt                  INFO     Save to /pscratch/sd/s/shengyu/galaxies/catalogs/Y3/AbacusHF-v2/Boxes/QSO/sn1p850/AbacusSummit_base_c000_ph014/mpspk/xipoles_QSO_zp1.850_DR2_v1.0+dv_repeat.npy
[021169.93]  01-26 20:53  CatalogFFTPower              INFO     Painting catalog 1 to mesh CatalogMesh(nmesh=[512 512 512], boxsize=[2000. 2000. 2000.], boxcenter=[ 999.99993793 1000.00011192  999.9999095 ], dtype=float64).
[021170.17]  01-26 20:53  CatalogMesh                  INFO     Slab 0 ~ 4194304 / 11351332.
[021171.40]  01-26 20:53  CatalogMesh                  INFO     Painted 4194304 out of 11351332 objects to mesh.
[021171.40]  01-26 20:53  CatalogMesh                  INFO     Slab 4194304 ~ 8388608 / 11351332.
[021172.63]  01-26 20:53  CatalogMesh                  INFO     Painted 8388608 out of 11351332 objects to mesh.
[021172.63]  01-26 20:53  CatalogMesh                  INFO     Slab 8388608 ~ 12582912 / 11351332.
[021173.64]  01-26 20:53  CatalogMesh                  INFO     Painted 11351332 out of 11351332 objects to mesh.
[021173.64]  01-26 20:53  CatalogMesh                  INFO     Running interlacing at order 3.
[021175.71]  01-26 20:53  CatalogMesh                  INFO     Slab 0 ~ 4194304 / 11351332.
[021176.94]  01-26 20:53  CatalogMesh                  INFO     Painted 4194304 out of 11351332 objects to mesh.
[021176.94]  01-26 20:53  CatalogMesh                  INFO     Slab 4194304 ~ 8388608 / 11351332.
[021178.17]  01-26 20:53  CatalogMesh                  INFO     Painted 8388608 out of 11351332 objects to mesh.
[021178.17]  01-26 20:53  CatalogMesh                  INFO     Slab 8388608 ~ 12582912 / 11351332.
[021179.19]  01-26 20:53  CatalogMesh                  INFO     Painted 11351332 out of 11351332 objects to mesh.
[021182.80]  01-26 20:53  CatalogMesh                  INFO     Slab 0 ~ 4194304 / 11351332.
[021184.03]  01-26 20:53  CatalogMesh                  INFO     Painted 4194304 out of 11351332 objects to mesh.
[021184.03]  01-26 20:53  CatalogMesh                  INFO     Slab 4194304 ~ 8388608 / 11351332.
[021185.25]  01-26 20:53  CatalogMesh                  INFO     Painted 8388608 out of 11351332 objects to mesh.
[021185.25]  01-26 20:53  CatalogMesh                  INFO     Slab 8388608 ~ 12582912 / 11351332.
[021186.27]  01-26 20:53  CatalogMesh                  INFO     Painted 11351332 out of 11351332 objects to mesh.
[021191.80]  01-26 20:53  CatalogFFTPower              INFO     Done painting catalog 1 to mesh.
[021191.80]  01-26 20:53  CatalogFFTPower              INFO     Using 400 k-bins between 0.000 and 0.400.
[021191.80]  01-26 20:53  CatalogFFTPower              INFO     Meshes prepared in elapsed time 21.86 s.
[021191.80]  01-26 20:53  CatalogFFTPower              INFO     Running mesh calculation.
[021209.00]  01-26 20:53  CatalogFFTPower              INFO     Mesh calculations performed in elapsed time 17.20 s.
[021209.00]  01-26 20:53  CatalogFFTPower              INFO     Power spectrum computed in elapsed time 39.06 s.
[021209.00]  01-26 20:53  CatalogFFTPower              INFO     Saving /pscratch/sd/s/shengyu/galaxies/catalogs/Y3/AbacusHF-v2/Boxes/QSO/sn1p850/AbacusSummit_base_c000_ph014/mpspk/pkpoles_QSO_zp1.850_DR2_v1.0+dv_repeat.npy.
[021209.00]  01-26 20:53  compute_2pt                  INFO     Save to /pscratch/sd/s/shengyu/galaxies/catalogs/Y3/AbacusHF-v2/Boxes/QSO/sn1p850/AbacusSummit_base_c000_ph014/mpspk/pkpoles_QSO_zp1.850_DR2_v1.0+dv_repeat.npy
[021209.00]  01-26 20:53  TwoPointCorrelationFunction  INFO     Using estimator <class 'pycorr.twopoint_estimator.NaturalTwoPointEstimator'>.
[021209.00]  01-26 20:53  TwoPointCorrelationFunction  INFO     Running auto-correlation.
[021209.00]  01-26 20:53  TwoPointCorrelationFunction  INFO     Computing two-point counts D1D2.
[021212.78]  01-26 20:53  TwoPointCorrelationFunction  INFO     Analytically computing two-point counts R1R2.
[021212.78]  01-26 20:53  TwoPointCorrelationFunction  INFO     Correlation function computed in elapsed time 3.78 s.
[021212.78]  01-26 20:53  NaturalTwoPointEstimator     INFO     Saving /pscratch/sd/s/shengyu/galaxies/catalogs/Y3/AbacusHF-v2/Boxes/QSO/sn1p850/AbacusSummit_base_c000_ph014/mpspk/mpslog_QSO_zp1.850_DR2_v1.0+dv_repeat.npy.
[021212.79]  01-26 20:53  compute_2pt                  INFO     Save to /pscratch/sd/s/shengyu/galaxies/catalogs/Y3/AbacusHF-v2/Boxes/QSO/sn1p850/AbacusSummit_base_c000_ph014/mpspk/mpslog_QSO_zp1.850_DR2_v1.0+dv_repeat.npy
[021212.79]  01-26 20:53  TwoPointCorrelationFunction  INFO     Using estimator <class 'pycorr.twopoint_estimator.NaturalTwoPointEstimator'>.
[021212.79]  01-26 20:53  TwoPointCorrelationFunction  INFO     Running auto-correlation.
[021212.79]  01-26 20:53  TwoPointCorrelationFunction  INFO     Computing two-point counts D1D2.
[021224.20]  01-26 20:53  TwoPointCorrelationFunction  INFO     Analytically computing two-point counts R1R2.
[021224.20]  01-26 20:53  TwoPointCorrelationFunction  INFO     Correlation function computed in elapsed time 11.42 s.
[021224.20]  01-26 20:53  NaturalTwoPointEstimator     INFO     Saving /pscratch/sd/s/shengyu/galaxies/catalogs/Y3/AbacusHF-v2/Boxes/QSO/sn1p850/AbacusSummit_base_c000_ph014/mpspk/wplog_QSO_zp1.850_DR2_v1.0+dv_repeat.npy.
[021224.21]  01-26 20:53  compute_2pt                  INFO     Save to /pscratch/sd/s/shengyu/galaxies/catalogs/Y3/AbacusHF-v2/Boxes/QSO/sn1p850/AbacusSummit_base_c000_ph014/mpspk/wplog_QSO_zp1.850_DR2_v1.0+dv_repeat.npy
[021224.21]  01-26 20:53  compute_2pt                  INFO     Procceed {'version': 'AbacusHF-v2', 'domain': 'cubic', 'tracer': 'QSO', 'zsnap': 1.85, 'zrange': (1.7, 2.1), 'mock_id': 15, 'use_dv': 'repeat'}
[021224.21]  01-26 20:53  cat_tools                    INFO     Load /pscratch/sd/s/shengyu/galaxies/catalogs/Y3/AbacusHF-v2/Boxes/QSO/sn1p850/AbacusSummit_base_c000_ph015/abacus_HF_QSO_1p850_DR2_v2.0_AbacusSummit_base_c000_ph015_base_clustering.dat.h5
[021224.21]  01-26 20:53  FileStack                    INFO     Reading /pscratch/sd/s/shengyu/galaxies/catalogs/Y3/AbacusHF-v2/Boxes/QSO/sn1p850/AbacusSummit_base_c000_ph015/abacus_HF_QSO_1p850_DR2_v2.0_AbacusSummit_base_c000_ph015_base_clustering.dat.h5.
[021224.22]  01-26 20:53  cat_tools                    INFO     use Z positions shifted in repeat mode
[021224.71]  01-26 20:53  TwoPointCorrelationFunction  INFO     Using estimator <class 'pycorr.twopoint_estimator.NaturalTwoPointEstimator'>.
[021224.71]  01-26 20:53  TwoPointCorrelationFunction  INFO     Running auto-correlation.
[021224.71]  01-26 20:53  TwoPointCorrelationFunction  INFO     Computing two-point counts D1D2.
[021241.14]  01-26 20:54  TwoPointCorrelationFunction  INFO     Analytically computing two-point counts R1R2.
[021241.14]  01-26 20:54  TwoPointCorrelationFunction  INFO     Correlation function computed in elapsed time 16.43 s.
[021241.14]  01-26 20:54  NaturalTwoPointEstimator     INFO     Saving /pscratch/sd/s/shengyu/galaxies/catalogs/Y3/AbacusHF-v2/Boxes/QSO/sn1p850/AbacusSummit_base_c000_ph015/mpspk/xipoles_QSO_zp1.850_DR2_v1.0+dv_repeat.npy.
[021241.14]  01-26 20:54  compute_2pt                  INFO     Save to /pscratch/sd/s/shengyu/galaxies/catalogs/Y3/AbacusHF-v2/Boxes/QSO/sn1p850/AbacusSummit_base_c000_ph015/mpspk/xipoles_QSO_zp1.850_DR2_v1.0+dv_repeat.npy
[021242.68]  01-26 20:54  CatalogFFTPower              INFO     Painting catalog 1 to mesh CatalogMesh(nmesh=[512 512 512], boxsize=[2000. 2000. 2000.], boxcenter=[999.99999679 999.99999475 999.99997814], dtype=float64).
[021242.91]  01-26 20:54  CatalogMesh                  INFO     Slab 0 ~ 4194304 / 11362422.
[021244.14]  01-26 20:54  CatalogMesh                  INFO     Painted 4194304 out of 11362422 objects to mesh.
[021244.15]  01-26 20:54  CatalogMesh                  INFO     Slab 4194304 ~ 8388608 / 11362422.
[021245.38]  01-26 20:54  CatalogMesh                  INFO     Painted 8388608 out of 11362422 objects to mesh.
[021245.38]  01-26 20:54  CatalogMesh                  INFO     Slab 8388608 ~ 12582912 / 11362422.
[021246.40]  01-26 20:54  CatalogMesh                  INFO     Painted 11362422 out of 11362422 objects to mesh.
[021246.40]  01-26 20:54  CatalogMesh                  INFO     Running interlacing at order 3.
[021248.49]  01-26 20:54  CatalogMesh                  INFO     Slab 0 ~ 4194304 / 11362422.
[021249.74]  01-26 20:54  CatalogMesh                  INFO     Painted 4194304 out of 11362422 objects to mesh.
[021249.74]  01-26 20:54  CatalogMesh                  INFO     Slab 4194304 ~ 8388608 / 11362422.
[021250.97]  01-26 20:54  CatalogMesh                  INFO     Painted 8388608 out of 11362422 objects to mesh.
[021250.97]  01-26 20:54  CatalogMesh                  INFO     Slab 8388608 ~ 12582912 / 11362422.
[021251.99]  01-26 20:54  CatalogMesh                  INFO     Painted 11362422 out of 11362422 objects to mesh.
[021255.63]  01-26 20:54  CatalogMesh                  INFO     Slab 0 ~ 4194304 / 11362422.
[021256.86]  01-26 20:54  CatalogMesh                  INFO     Painted 4194304 out of 11362422 objects to mesh.
[021256.86]  01-26 20:54  CatalogMesh                  INFO     Slab 4194304 ~ 8388608 / 11362422.
[021258.09]  01-26 20:54  CatalogMesh                  INFO     Painted 8388608 out of 11362422 objects to mesh.
[021258.09]  01-26 20:54  CatalogMesh                  INFO     Slab 8388608 ~ 12582912 / 11362422.
[021259.11]  01-26 20:54  CatalogMesh                  INFO     Painted 11362422 out of 11362422 objects to mesh.
[021264.67]  01-26 20:54  CatalogFFTPower              INFO     Done painting catalog 1 to mesh.
[021264.67]  01-26 20:54  CatalogFFTPower              INFO     Using 400 k-bins between 0.000 and 0.400.
[021264.67]  01-26 20:54  CatalogFFTPower              INFO     Meshes prepared in elapsed time 21.99 s.
[021264.67]  01-26 20:54  CatalogFFTPower              INFO     Running mesh calculation.
[021281.94]  01-26 20:54  CatalogFFTPower              INFO     Mesh calculations performed in elapsed time 17.27 s.
[021281.94]  01-26 20:54  CatalogFFTPower              INFO     Power spectrum computed in elapsed time 39.26 s.
[021281.94]  01-26 20:54  CatalogFFTPower              INFO     Saving /pscratch/sd/s/shengyu/galaxies/catalogs/Y3/AbacusHF-v2/Boxes/QSO/sn1p850/AbacusSummit_base_c000_ph015/mpspk/pkpoles_QSO_zp1.850_DR2_v1.0+dv_repeat.npy.
[021281.95]  01-26 20:54  compute_2pt                  INFO     Save to /pscratch/sd/s/shengyu/galaxies/catalogs/Y3/AbacusHF-v2/Boxes/QSO/sn1p850/AbacusSummit_base_c000_ph015/mpspk/pkpoles_QSO_zp1.850_DR2_v1.0+dv_repeat.npy
[021281.95]  01-26 20:54  TwoPointCorrelationFunction  INFO     Using estimator <class 'pycorr.twopoint_estimator.NaturalTwoPointEstimator'>.
[021281.95]  01-26 20:54  TwoPointCorrelationFunction  INFO     Running auto-correlation.
[021281.95]  01-26 20:54  TwoPointCorrelationFunction  INFO     Computing two-point counts D1D2.
[021285.39]  01-26 20:54  TwoPointCorrelationFunction  INFO     Analytically computing two-point counts R1R2.
[021285.39]  01-26 20:54  TwoPointCorrelationFunction  INFO     Correlation function computed in elapsed time 3.44 s.
[021285.39]  01-26 20:54  NaturalTwoPointEstimator     INFO     Saving /pscratch/sd/s/shengyu/galaxies/catalogs/Y3/AbacusHF-v2/Boxes/QSO/sn1p850/AbacusSummit_base_c000_ph015/mpspk/mpslog_QSO_zp1.850_DR2_v1.0+dv_repeat.npy.
[021285.40]  01-26 20:54  compute_2pt                  INFO     Save to /pscratch/sd/s/shengyu/galaxies/catalogs/Y3/AbacusHF-v2/Boxes/QSO/sn1p850/AbacusSummit_base_c000_ph015/mpspk/mpslog_QSO_zp1.850_DR2_v1.0+dv_repeat.npy
[021285.40]  01-26 20:54  TwoPointCorrelationFunction  INFO     Using estimator <class 'pycorr.twopoint_estimator.NaturalTwoPointEstimator'>.
[021285.40]  01-26 20:54  TwoPointCorrelationFunction  INFO     Running auto-correlation.
[021285.40]  01-26 20:54  TwoPointCorrelationFunction  INFO     Computing two-point counts D1D2.
[021296.85]  01-26 20:55  TwoPointCorrelationFunction  INFO     Analytically computing two-point counts R1R2.
[021296.85]  01-26 20:55  TwoPointCorrelationFunction  INFO     Correlation function computed in elapsed time 11.45 s.
[021296.85]  01-26 20:55  NaturalTwoPointEstimator     INFO     Saving /pscratch/sd/s/shengyu/galaxies/catalogs/Y3/AbacusHF-v2/Boxes/QSO/sn1p850/AbacusSummit_base_c000_ph015/mpspk/wplog_QSO_zp1.850_DR2_v1.0+dv_repeat.npy.
[021296.85]  01-26 20:55  compute_2pt                  INFO     Save to /pscratch/sd/s/shengyu/galaxies/catalogs/Y3/AbacusHF-v2/Boxes/QSO/sn1p850/AbacusSummit_base_c000_ph015/mpspk/wplog_QSO_zp1.850_DR2_v1.0+dv_repeat.npy
[021296.85]  01-26 20:55  compute_2pt                  INFO     Procceed {'version': 'AbacusHF-v2', 'domain': 'cubic', 'tracer': 'QSO', 'zsnap': 1.85, 'zrange': (1.7, 2.1), 'mock_id': 16, 'use_dv': 'repeat'}
[021296.85]  01-26 20:55  cat_tools                    INFO     Load /pscratch/sd/s/shengyu/galaxies/catalogs/Y3/AbacusHF-v2/Boxes/QSO/sn1p850/AbacusSummit_base_c000_ph016/abacus_HF_QSO_1p850_DR2_v2.0_AbacusSummit_base_c000_ph016_base_clustering.dat.h5
[021296.85]  01-26 20:55  FileStack                    INFO     Reading /pscratch/sd/s/shengyu/galaxies/catalogs/Y3/AbacusHF-v2/Boxes/QSO/sn1p850/AbacusSummit_base_c000_ph016/abacus_HF_QSO_1p850_DR2_v2.0_AbacusSummit_base_c000_ph016_base_clustering.dat.h5.
[021296.86]  01-26 20:55  cat_tools                    INFO     use Z positions shifted in repeat mode
[021297.32]  01-26 20:55  TwoPointCorrelationFunction  INFO     Using estimator <class 'pycorr.twopoint_estimator.NaturalTwoPointEstimator'>.
[021297.32]  01-26 20:55  TwoPointCorrelationFunction  INFO     Running auto-correlation.
[021297.32]  01-26 20:55  TwoPointCorrelationFunction  INFO     Computing two-point counts D1D2.
[021313.68]  01-26 20:55  TwoPointCorrelationFunction  INFO     Analytically computing two-point counts R1R2.
[021313.68]  01-26 20:55  TwoPointCorrelationFunction  INFO     Correlation function computed in elapsed time 16.36 s.
[021313.68]  01-26 20:55  NaturalTwoPointEstimator     INFO     Saving /pscratch/sd/s/shengyu/galaxies/catalogs/Y3/AbacusHF-v2/Boxes/QSO/sn1p850/AbacusSummit_base_c000_ph016/mpspk/xipoles_QSO_zp1.850_DR2_v1.0+dv_repeat.npy.
[021313.69]  01-26 20:55  compute_2pt                  INFO     Save to /pscratch/sd/s/shengyu/galaxies/catalogs/Y3/AbacusHF-v2/Boxes/QSO/sn1p850/AbacusSummit_base_c000_ph016/mpspk/xipoles_QSO_zp1.850_DR2_v1.0+dv_repeat.npy
[021315.24]  01-26 20:55  CatalogFFTPower              INFO     Painting catalog 1 to mesh CatalogMesh(nmesh=[512 512 512], boxsize=[2000. 2000. 2000.], boxcenter=[ 999.99986189  999.99999967 1000.00011459], dtype=float64).
[021315.48]  01-26 20:55  CatalogMesh                  INFO     Slab 0 ~ 4194304 / 11383744.
[021316.71]  01-26 20:55  CatalogMesh                  INFO     Painted 4194304 out of 11383744 objects to mesh.
[021316.71]  01-26 20:55  CatalogMesh                  INFO     Slab 4194304 ~ 8388608 / 11383744.
[021317.94]  01-26 20:55  CatalogMesh                  INFO     Painted 8388608 out of 11383744 objects to mesh.
[021317.94]  01-26 20:55  CatalogMesh                  INFO     Slab 8388608 ~ 12582912 / 11383744.
[021318.97]  01-26 20:55  CatalogMesh                  INFO     Painted 11383744 out of 11383744 objects to mesh.
[021318.97]  01-26 20:55  CatalogMesh                  INFO     Running interlacing at order 3.
[021321.05]  01-26 20:55  CatalogMesh                  INFO     Slab 0 ~ 4194304 / 11383744.
[021322.29]  01-26 20:55  CatalogMesh                  INFO     Painted 4194304 out of 11383744 objects to mesh.
[021322.30]  01-26 20:55  CatalogMesh                  INFO     Slab 4194304 ~ 8388608 / 11383744.
[021323.53]  01-26 20:55  CatalogMesh                  INFO     Painted 8388608 out of 11383744 objects to mesh.
[021323.53]  01-26 20:55  CatalogMesh                  INFO     Slab 8388608 ~ 12582912 / 11383744.
[021324.55]  01-26 20:55  CatalogMesh                  INFO     Painted 11383744 out of 11383744 objects to mesh.
[021328.19]  01-26 20:55  CatalogMesh                  INFO     Slab 0 ~ 4194304 / 11383744.
[021329.42]  01-26 20:55  CatalogMesh                  INFO     Painted 4194304 out of 11383744 objects to mesh.
[021329.42]  01-26 20:55  CatalogMesh                  INFO     Slab 4194304 ~ 8388608 / 11383744.
[021330.66]  01-26 20:55  CatalogMesh                  INFO     Painted 8388608 out of 11383744 objects to mesh.
[021330.66]  01-26 20:55  CatalogMesh                  INFO     Slab 8388608 ~ 12582912 / 11383744.
[021331.70]  01-26 20:55  CatalogMesh                  INFO     Painted 11383744 out of 11383744 objects to mesh.
[021337.40]  01-26 20:55  CatalogFFTPower              INFO     Done painting catalog 1 to mesh.
[021337.40]  01-26 20:55  CatalogFFTPower              INFO     Using 400 k-bins between 0.000 and 0.400.
[021337.40]  01-26 20:55  CatalogFFTPower              INFO     Meshes prepared in elapsed time 22.16 s.
[021337.40]  01-26 20:55  CatalogFFTPower              INFO     Running mesh calculation.
[021354.67]  01-26 20:56  CatalogFFTPower              INFO     Mesh calculations performed in elapsed time 17.27 s.
[021354.67]  01-26 20:56  CatalogFFTPower              INFO     Power spectrum computed in elapsed time 39.43 s.
[021354.67]  01-26 20:56  CatalogFFTPower              INFO     Saving /pscratch/sd/s/shengyu/galaxies/catalogs/Y3/AbacusHF-v2/Boxes/QSO/sn1p850/AbacusSummit_base_c000_ph016/mpspk/pkpoles_QSO_zp1.850_DR2_v1.0+dv_repeat.npy.
[021354.67]  01-26 20:56  compute_2pt                  INFO     Save to /pscratch/sd/s/shengyu/galaxies/catalogs/Y3/AbacusHF-v2/Boxes/QSO/sn1p850/AbacusSummit_base_c000_ph016/mpspk/pkpoles_QSO_zp1.850_DR2_v1.0+dv_repeat.npy
[021354.68]  01-26 20:56  TwoPointCorrelationFunction  INFO     Using estimator <class 'pycorr.twopoint_estimator.NaturalTwoPointEstimator'>.
[021354.68]  01-26 20:56  TwoPointCorrelationFunction  INFO     Running auto-correlation.
[021354.68]  01-26 20:56  TwoPointCorrelationFunction  INFO     Computing two-point counts D1D2.
[021358.34]  01-26 20:56  TwoPointCorrelationFunction  INFO     Analytically computing two-point counts R1R2.
[021358.34]  01-26 20:56  TwoPointCorrelationFunction  INFO     Correlation function computed in elapsed time 3.67 s.
[021358.34]  01-26 20:56  NaturalTwoPointEstimator     INFO     Saving /pscratch/sd/s/shengyu/galaxies/catalogs/Y3/AbacusHF-v2/Boxes/QSO/sn1p850/AbacusSummit_base_c000_ph016/mpspk/mpslog_QSO_zp1.850_DR2_v1.0+dv_repeat.npy.
[021358.35]  01-26 20:56  compute_2pt                  INFO     Save to /pscratch/sd/s/shengyu/galaxies/catalogs/Y3/AbacusHF-v2/Boxes/QSO/sn1p850/AbacusSummit_base_c000_ph016/mpspk/mpslog_QSO_zp1.850_DR2_v1.0+dv_repeat.npy
[021358.35]  01-26 20:56  TwoPointCorrelationFunction  INFO     Using estimator <class 'pycorr.twopoint_estimator.NaturalTwoPointEstimator'>.
[021358.35]  01-26 20:56  TwoPointCorrelationFunction  INFO     Running auto-correlation.
[021358.35]  01-26 20:56  TwoPointCorrelationFunction  INFO     Computing two-point counts D1D2.
[021369.82]  01-26 20:56  TwoPointCorrelationFunction  INFO     Analytically computing two-point counts R1R2.
[021369.82]  01-26 20:56  TwoPointCorrelationFunction  INFO     Correlation function computed in elapsed time 11.47 s.
[021369.82]  01-26 20:56  NaturalTwoPointEstimator     INFO     Saving /pscratch/sd/s/shengyu/galaxies/catalogs/Y3/AbacusHF-v2/Boxes/QSO/sn1p850/AbacusSummit_base_c000_ph016/mpspk/wplog_QSO_zp1.850_DR2_v1.0+dv_repeat.npy.
[021369.82]  01-26 20:56  compute_2pt                  INFO     Save to /pscratch/sd/s/shengyu/galaxies/catalogs/Y3/AbacusHF-v2/Boxes/QSO/sn1p850/AbacusSummit_base_c000_ph016/mpspk/wplog_QSO_zp1.850_DR2_v1.0+dv_repeat.npy
[021369.82]  01-26 20:56  compute_2pt                  INFO     Procceed {'version': 'AbacusHF-v2', 'domain': 'cubic', 'tracer': 'QSO', 'zsnap': 1.85, 'zrange': (1.7, 2.1), 'mock_id': 17, 'use_dv': 'repeat'}
[021369.82]  01-26 20:56  cat_tools                    INFO     Load /pscratch/sd/s/shengyu/galaxies/catalogs/Y3/AbacusHF-v2/Boxes/QSO/sn1p850/AbacusSummit_base_c000_ph017/abacus_HF_QSO_1p850_DR2_v2.0_AbacusSummit_base_c000_ph017_base_clustering.dat.h5
[021369.82]  01-26 20:56  FileStack                    INFO     Reading /pscratch/sd/s/shengyu/galaxies/catalogs/Y3/AbacusHF-v2/Boxes/QSO/sn1p850/AbacusSummit_base_c000_ph017/abacus_HF_QSO_1p850_DR2_v2.0_AbacusSummit_base_c000_ph017_base_clustering.dat.h5.
[021369.83]  01-26 20:56  cat_tools                    INFO     use Z positions shifted in repeat mode
[021370.28]  01-26 20:56  TwoPointCorrelationFunction  INFO     Using estimator <class 'pycorr.twopoint_estimator.NaturalTwoPointEstimator'>.
[021370.28]  01-26 20:56  TwoPointCorrelationFunction  INFO     Running auto-correlation.
[021370.28]  01-26 20:56  TwoPointCorrelationFunction  INFO     Computing two-point counts D1D2.
[021386.59]  01-26 20:56  TwoPointCorrelationFunction  INFO     Analytically computing two-point counts R1R2.
[021386.59]  01-26 20:56  TwoPointCorrelationFunction  INFO     Correlation function computed in elapsed time 16.31 s.
[021386.59]  01-26 20:56  NaturalTwoPointEstimator     INFO     Saving /pscratch/sd/s/shengyu/galaxies/catalogs/Y3/AbacusHF-v2/Boxes/QSO/sn1p850/AbacusSummit_base_c000_ph017/mpspk/xipoles_QSO_zp1.850_DR2_v1.0+dv_repeat.npy.
[021386.60]  01-26 20:56  compute_2pt                  INFO     Save to /pscratch/sd/s/shengyu/galaxies/catalogs/Y3/AbacusHF-v2/Boxes/QSO/sn1p850/AbacusSummit_base_c000_ph017/mpspk/xipoles_QSO_zp1.850_DR2_v1.0+dv_repeat.npy
[021388.14]  01-26 20:56  CatalogFFTPower              INFO     Painting catalog 1 to mesh CatalogMesh(nmesh=[512 512 512], boxsize=[2000. 2000. 2000.], boxcenter=[1000.00002411  999.99998695 1000.00013234], dtype=float64).
[021388.38]  01-26 20:56  CatalogMesh                  INFO     Slab 0 ~ 4194304 / 11335886.
[021389.62]  01-26 20:56  CatalogMesh                  INFO     Painted 4194304 out of 11335886 objects to mesh.
[021389.62]  01-26 20:56  CatalogMesh                  INFO     Slab 4194304 ~ 8388608 / 11335886.
[021390.85]  01-26 20:56  CatalogMesh                  INFO     Painted 8388608 out of 11335886 objects to mesh.
[021390.85]  01-26 20:56  CatalogMesh                  INFO     Slab 8388608 ~ 12582912 / 11335886.
[021391.86]  01-26 20:56  CatalogMesh                  INFO     Painted 11335886 out of 11335886 objects to mesh.
[021391.86]  01-26 20:56  CatalogMesh                  INFO     Running interlacing at order 3.
[021393.94]  01-26 20:56  CatalogMesh                  INFO     Slab 0 ~ 4194304 / 11335886.
[021395.17]  01-26 20:56  CatalogMesh                  INFO     Painted 4194304 out of 11335886 objects to mesh.
[021395.17]  01-26 20:56  CatalogMesh                  INFO     Slab 4194304 ~ 8388608 / 11335886.
[021396.41]  01-26 20:56  CatalogMesh                  INFO     Painted 8388608 out of 11335886 objects to mesh.
[021396.41]  01-26 20:56  CatalogMesh                  INFO     Slab 8388608 ~ 12582912 / 11335886.
[021397.42]  01-26 20:56  CatalogMesh                  INFO     Painted 11335886 out of 11335886 objects to mesh.
[021401.05]  01-26 20:56  CatalogMesh                  INFO     Slab 0 ~ 4194304 / 11335886.
[021402.28]  01-26 20:56  CatalogMesh                  INFO     Painted 4194304 out of 11335886 objects to mesh.
[021402.28]  01-26 20:56  CatalogMesh                  INFO     Slab 4194304 ~ 8388608 / 11335886.
[021403.51]  01-26 20:56  CatalogMesh                  INFO     Painted 8388608 out of 11335886 objects to mesh.
[021403.51]  01-26 20:56  CatalogMesh                  INFO     Slab 8388608 ~ 12582912 / 11335886.
[021404.53]  01-26 20:56  CatalogMesh                  INFO     Painted 11335886 out of 11335886 objects to mesh.
[021410.10]  01-26 20:57  CatalogFFTPower              INFO     Done painting catalog 1 to mesh.
[021410.10]  01-26 20:57  CatalogFFTPower              INFO     Using 400 k-bins between 0.000 and 0.400.
[021410.10]  01-26 20:57  CatalogFFTPower              INFO     Meshes prepared in elapsed time 21.96 s.
[021410.10]  01-26 20:57  CatalogFFTPower              INFO     Running mesh calculation.
[021427.35]  01-26 20:57  CatalogFFTPower              INFO     Mesh calculations performed in elapsed time 17.25 s.
[021427.35]  01-26 20:57  CatalogFFTPower              INFO     Power spectrum computed in elapsed time 39.21 s.
[021427.35]  01-26 20:57  CatalogFFTPower              INFO     Saving /pscratch/sd/s/shengyu/galaxies/catalogs/Y3/AbacusHF-v2/Boxes/QSO/sn1p850/AbacusSummit_base_c000_ph017/mpspk/pkpoles_QSO_zp1.850_DR2_v1.0+dv_repeat.npy.
[021427.35]  01-26 20:57  compute_2pt                  INFO     Save to /pscratch/sd/s/shengyu/galaxies/catalogs/Y3/AbacusHF-v2/Boxes/QSO/sn1p850/AbacusSummit_base_c000_ph017/mpspk/pkpoles_QSO_zp1.850_DR2_v1.0+dv_repeat.npy
[021427.35]  01-26 20:57  TwoPointCorrelationFunction  INFO     Using estimator <class 'pycorr.twopoint_estimator.NaturalTwoPointEstimator'>.
[021427.35]  01-26 20:57  TwoPointCorrelationFunction  INFO     Running auto-correlation.
[021427.35]  01-26 20:57  TwoPointCorrelationFunction  INFO     Computing two-point counts D1D2.
[021430.82]  01-26 20:57  TwoPointCorrelationFunction  INFO     Analytically computing two-point counts R1R2.
[021430.82]  01-26 20:57  TwoPointCorrelationFunction  INFO     Correlation function computed in elapsed time 3.47 s.
[021430.82]  01-26 20:57  NaturalTwoPointEstimator     INFO     Saving /pscratch/sd/s/shengyu/galaxies/catalogs/Y3/AbacusHF-v2/Boxes/QSO/sn1p850/AbacusSummit_base_c000_ph017/mpspk/mpslog_QSO_zp1.850_DR2_v1.0+dv_repeat.npy.
[021430.82]  01-26 20:57  compute_2pt                  INFO     Save to /pscratch/sd/s/shengyu/galaxies/catalogs/Y3/AbacusHF-v2/Boxes/QSO/sn1p850/AbacusSummit_base_c000_ph017/mpspk/mpslog_QSO_zp1.850_DR2_v1.0+dv_repeat.npy
[021430.82]  01-26 20:57  TwoPointCorrelationFunction  INFO     Using estimator <class 'pycorr.twopoint_estimator.NaturalTwoPointEstimator'>.
[021430.82]  01-26 20:57  TwoPointCorrelationFunction  INFO     Running auto-correlation.
[021430.82]  01-26 20:57  TwoPointCorrelationFunction  INFO     Computing two-point counts D1D2.
[021442.24]  01-26 20:57  TwoPointCorrelationFunction  INFO     Analytically computing two-point counts R1R2.
[021442.24]  01-26 20:57  TwoPointCorrelationFunction  INFO     Correlation function computed in elapsed time 11.42 s.
[021442.24]  01-26 20:57  NaturalTwoPointEstimator     INFO     Saving /pscratch/sd/s/shengyu/galaxies/catalogs/Y3/AbacusHF-v2/Boxes/QSO/sn1p850/AbacusSummit_base_c000_ph017/mpspk/wplog_QSO_zp1.850_DR2_v1.0+dv_repeat.npy.
[021442.25]  01-26 20:57  compute_2pt                  INFO     Save to /pscratch/sd/s/shengyu/galaxies/catalogs/Y3/AbacusHF-v2/Boxes/QSO/sn1p850/AbacusSummit_base_c000_ph017/mpspk/wplog_QSO_zp1.850_DR2_v1.0+dv_repeat.npy
[021442.25]  01-26 20:57  compute_2pt                  INFO     Procceed {'version': 'AbacusHF-v2', 'domain': 'cubic', 'tracer': 'QSO', 'zsnap': 1.85, 'zrange': (1.7, 2.1), 'mock_id': 18, 'use_dv': 'repeat'}
[021442.25]  01-26 20:57  cat_tools                    INFO     Load /pscratch/sd/s/shengyu/galaxies/catalogs/Y3/AbacusHF-v2/Boxes/QSO/sn1p850/AbacusSummit_base_c000_ph018/abacus_HF_QSO_1p850_DR2_v2.0_AbacusSummit_base_c000_ph018_base_clustering.dat.h5
[021442.25]  01-26 20:57  FileStack                    INFO     Reading /pscratch/sd/s/shengyu/galaxies/catalogs/Y3/AbacusHF-v2/Boxes/QSO/sn1p850/AbacusSummit_base_c000_ph018/abacus_HF_QSO_1p850_DR2_v2.0_AbacusSummit_base_c000_ph018_base_clustering.dat.h5.
[021442.25]  01-26 20:57  cat_tools                    INFO     use Z positions shifted in repeat mode
[021442.71]  01-26 20:57  TwoPointCorrelationFunction  INFO     Using estimator <class 'pycorr.twopoint_estimator.NaturalTwoPointEstimator'>.
[021442.72]  01-26 20:57  TwoPointCorrelationFunction  INFO     Running auto-correlation.
[021442.72]  01-26 20:57  TwoPointCorrelationFunction  INFO     Computing two-point counts D1D2.
[021459.38]  01-26 20:57  TwoPointCorrelationFunction  INFO     Analytically computing two-point counts R1R2.
[021459.39]  01-26 20:57  TwoPointCorrelationFunction  INFO     Correlation function computed in elapsed time 16.67 s.
[021459.39]  01-26 20:57  NaturalTwoPointEstimator     INFO     Saving /pscratch/sd/s/shengyu/galaxies/catalogs/Y3/AbacusHF-v2/Boxes/QSO/sn1p850/AbacusSummit_base_c000_ph018/mpspk/xipoles_QSO_zp1.850_DR2_v1.0+dv_repeat.npy.
[021459.39]  01-26 20:57  compute_2pt                  INFO     Save to /pscratch/sd/s/shengyu/galaxies/catalogs/Y3/AbacusHF-v2/Boxes/QSO/sn1p850/AbacusSummit_base_c000_ph018/mpspk/xipoles_QSO_zp1.850_DR2_v1.0+dv_repeat.npy
[021460.94]  01-26 20:57  CatalogFFTPower              INFO     Painting catalog 1 to mesh CatalogMesh(nmesh=[512 512 512], boxsize=[2000. 2000. 2000.], boxcenter=[1000.00000283 1000.00014923 1000.00000235], dtype=float64).
[021461.18]  01-26 20:57  CatalogMesh                  INFO     Slab 0 ~ 4194304 / 11354665.
[021462.42]  01-26 20:57  CatalogMesh                  INFO     Painted 4194304 out of 11354665 objects to mesh.
[021462.42]  01-26 20:57  CatalogMesh                  INFO     Slab 4194304 ~ 8388608 / 11354665.
[021463.66]  01-26 20:57  CatalogMesh                  INFO     Painted 8388608 out of 11354665 objects to mesh.
[021463.66]  01-26 20:57  CatalogMesh                  INFO     Slab 8388608 ~ 12582912 / 11354665.
[021464.68]  01-26 20:57  CatalogMesh                  INFO     Painted 11354665 out of 11354665 objects to mesh.
[021464.68]  01-26 20:57  CatalogMesh                  INFO     Running interlacing at order 3.
[021466.76]  01-26 20:57  CatalogMesh                  INFO     Slab 0 ~ 4194304 / 11354665.
[021468.00]  01-26 20:57  CatalogMesh                  INFO     Painted 4194304 out of 11354665 objects to mesh.
[021468.00]  01-26 20:57  CatalogMesh                  INFO     Slab 4194304 ~ 8388608 / 11354665.
[021469.23]  01-26 20:58  CatalogMesh                  INFO     Painted 8388608 out of 11354665 objects to mesh.
[021469.23]  01-26 20:58  CatalogMesh                  INFO     Slab 8388608 ~ 12582912 / 11354665.
[021470.25]  01-26 20:58  CatalogMesh                  INFO     Painted 11354665 out of 11354665 objects to mesh.
[021473.89]  01-26 20:58  CatalogMesh                  INFO     Slab 0 ~ 4194304 / 11354665.
[021475.12]  01-26 20:58  CatalogMesh                  INFO     Painted 4194304 out of 11354665 objects to mesh.
[021475.12]  01-26 20:58  CatalogMesh                  INFO     Slab 4194304 ~ 8388608 / 11354665.
[021476.36]  01-26 20:58  CatalogMesh                  INFO     Painted 8388608 out of 11354665 objects to mesh.
[021476.36]  01-26 20:58  CatalogMesh                  INFO     Slab 8388608 ~ 12582912 / 11354665.
[021477.38]  01-26 20:58  CatalogMesh                  INFO     Painted 11354665 out of 11354665 objects to mesh.
[021482.95]  01-26 20:58  CatalogFFTPower              INFO     Done painting catalog 1 to mesh.
[021482.95]  01-26 20:58  CatalogFFTPower              INFO     Using 400 k-bins between 0.000 and 0.400.
[021482.95]  01-26 20:58  CatalogFFTPower              INFO     Meshes prepared in elapsed time 22.01 s.
[021482.95]  01-26 20:58  CatalogFFTPower              INFO     Running mesh calculation.
[021500.24]  01-26 20:58  CatalogFFTPower              INFO     Mesh calculations performed in elapsed time 17.29 s.
[021500.24]  01-26 20:58  CatalogFFTPower              INFO     Power spectrum computed in elapsed time 39.30 s.
[021500.24]  01-26 20:58  CatalogFFTPower              INFO     Saving /pscratch/sd/s/shengyu/galaxies/catalogs/Y3/AbacusHF-v2/Boxes/QSO/sn1p850/AbacusSummit_base_c000_ph018/mpspk/pkpoles_QSO_zp1.850_DR2_v1.0+dv_repeat.npy.
[021500.25]  01-26 20:58  compute_2pt                  INFO     Save to /pscratch/sd/s/shengyu/galaxies/catalogs/Y3/AbacusHF-v2/Boxes/QSO/sn1p850/AbacusSummit_base_c000_ph018/mpspk/pkpoles_QSO_zp1.850_DR2_v1.0+dv_repeat.npy
[021500.25]  01-26 20:58  TwoPointCorrelationFunction  INFO     Using estimator <class 'pycorr.twopoint_estimator.NaturalTwoPointEstimator'>.
[021500.25]  01-26 20:58  TwoPointCorrelationFunction  INFO     Running auto-correlation.
[021500.25]  01-26 20:58  TwoPointCorrelationFunction  INFO     Computing two-point counts D1D2.
[021504.24]  01-26 20:58  TwoPointCorrelationFunction  INFO     Analytically computing two-point counts R1R2.
[021504.24]  01-26 20:58  TwoPointCorrelationFunction  INFO     Correlation function computed in elapsed time 3.99 s.
[021504.24]  01-26 20:58  NaturalTwoPointEstimator     INFO     Saving /pscratch/sd/s/shengyu/galaxies/catalogs/Y3/AbacusHF-v2/Boxes/QSO/sn1p850/AbacusSummit_base_c000_ph018/mpspk/mpslog_QSO_zp1.850_DR2_v1.0+dv_repeat.npy.
[021504.24]  01-26 20:58  compute_2pt                  INFO     Save to /pscratch/sd/s/shengyu/galaxies/catalogs/Y3/AbacusHF-v2/Boxes/QSO/sn1p850/AbacusSummit_base_c000_ph018/mpspk/mpslog_QSO_zp1.850_DR2_v1.0+dv_repeat.npy
[021504.24]  01-26 20:58  TwoPointCorrelationFunction  INFO     Using estimator <class 'pycorr.twopoint_estimator.NaturalTwoPointEstimator'>.
[021504.25]  01-26 20:58  TwoPointCorrelationFunction  INFO     Running auto-correlation.
[021504.25]  01-26 20:58  TwoPointCorrelationFunction  INFO     Computing two-point counts D1D2.
[021515.64]  01-26 20:58  TwoPointCorrelationFunction  INFO     Analytically computing two-point counts R1R2.
[021515.64]  01-26 20:58  TwoPointCorrelationFunction  INFO     Correlation function computed in elapsed time 11.39 s.
[021515.64]  01-26 20:58  NaturalTwoPointEstimator     INFO     Saving /pscratch/sd/s/shengyu/galaxies/catalogs/Y3/AbacusHF-v2/Boxes/QSO/sn1p850/AbacusSummit_base_c000_ph018/mpspk/wplog_QSO_zp1.850_DR2_v1.0+dv_repeat.npy.
[021515.64]  01-26 20:58  compute_2pt                  INFO     Save to /pscratch/sd/s/shengyu/galaxies/catalogs/Y3/AbacusHF-v2/Boxes/QSO/sn1p850/AbacusSummit_base_c000_ph018/mpspk/wplog_QSO_zp1.850_DR2_v1.0+dv_repeat.npy
[021515.64]  01-26 20:58  compute_2pt                  INFO     Procceed {'version': 'AbacusHF-v2', 'domain': 'cubic', 'tracer': 'QSO', 'zsnap': 1.85, 'zrange': (1.7, 2.1), 'mock_id': 19, 'use_dv': 'repeat'}
[021515.64]  01-26 20:58  cat_tools                    INFO     Load /pscratch/sd/s/shengyu/galaxies/catalogs/Y3/AbacusHF-v2/Boxes/QSO/sn1p850/AbacusSummit_base_c000_ph019/abacus_HF_QSO_1p850_DR2_v2.0_AbacusSummit_base_c000_ph019_base_clustering.dat.h5
[021515.64]  01-26 20:58  FileStack                    INFO     Reading /pscratch/sd/s/shengyu/galaxies/catalogs/Y3/AbacusHF-v2/Boxes/QSO/sn1p850/AbacusSummit_base_c000_ph019/abacus_HF_QSO_1p850_DR2_v2.0_AbacusSummit_base_c000_ph019_base_clustering.dat.h5.
[021515.65]  01-26 20:58  cat_tools                    INFO     use Z positions shifted in repeat mode
[021516.11]  01-26 20:58  TwoPointCorrelationFunction  INFO     Using estimator <class 'pycorr.twopoint_estimator.NaturalTwoPointEstimator'>.
[021516.11]  01-26 20:58  TwoPointCorrelationFunction  INFO     Running auto-correlation.
[021516.11]  01-26 20:58  TwoPointCorrelationFunction  INFO     Computing two-point counts D1D2.
[021532.45]  01-26 20:59  TwoPointCorrelationFunction  INFO     Analytically computing two-point counts R1R2.
[021532.45]  01-26 20:59  TwoPointCorrelationFunction  INFO     Correlation function computed in elapsed time 16.34 s.
[021532.45]  01-26 20:59  NaturalTwoPointEstimator     INFO     Saving /pscratch/sd/s/shengyu/galaxies/catalogs/Y3/AbacusHF-v2/Boxes/QSO/sn1p850/AbacusSummit_base_c000_ph019/mpspk/xipoles_QSO_zp1.850_DR2_v1.0+dv_repeat.npy.
[021532.46]  01-26 20:59  compute_2pt                  INFO     Save to /pscratch/sd/s/shengyu/galaxies/catalogs/Y3/AbacusHF-v2/Boxes/QSO/sn1p850/AbacusSummit_base_c000_ph019/mpspk/xipoles_QSO_zp1.850_DR2_v1.0+dv_repeat.npy
[021534.00]  01-26 20:59  CatalogFFTPower              INFO     Painting catalog 1 to mesh CatalogMesh(nmesh=[512 512 512], boxsize=[2000. 2000. 2000.], boxcenter=[1000.00004699  999.99994797 1000.00006085], dtype=float64).
[021534.23]  01-26 20:59  CatalogMesh                  INFO     Slab 0 ~ 4194304 / 11337919.
[021535.47]  01-26 20:59  CatalogMesh                  INFO     Painted 4194304 out of 11337919 objects to mesh.
[021535.47]  01-26 20:59  CatalogMesh                  INFO     Slab 4194304 ~ 8388608 / 11337919.
[021536.70]  01-26 20:59  CatalogMesh                  INFO     Painted 8388608 out of 11337919 objects to mesh.
[021536.70]  01-26 20:59  CatalogMesh                  INFO     Slab 8388608 ~ 12582912 / 11337919.
[021537.71]  01-26 20:59  CatalogMesh                  INFO     Painted 11337919 out of 11337919 objects to mesh.
[021537.71]  01-26 20:59  CatalogMesh                  INFO     Running interlacing at order 3.
[021539.80]  01-26 20:59  CatalogMesh                  INFO     Slab 0 ~ 4194304 / 11337919.
[021541.02]  01-26 20:59  CatalogMesh                  INFO     Painted 4194304 out of 11337919 objects to mesh.
[021541.02]  01-26 20:59  CatalogMesh                  INFO     Slab 4194304 ~ 8388608 / 11337919.
[021542.25]  01-26 20:59  CatalogMesh                  INFO     Painted 8388608 out of 11337919 objects to mesh.
[021542.25]  01-26 20:59  CatalogMesh                  INFO     Slab 8388608 ~ 12582912 / 11337919.
[021543.25]  01-26 20:59  CatalogMesh                  INFO     Painted 11337919 out of 11337919 objects to mesh.
[021546.85]  01-26 20:59  CatalogMesh                  INFO     Slab 0 ~ 4194304 / 11337919.
[021548.08]  01-26 20:59  CatalogMesh                  INFO     Painted 4194304 out of 11337919 objects to mesh.
[021548.08]  01-26 20:59  CatalogMesh                  INFO     Slab 4194304 ~ 8388608 / 11337919.
[021549.30]  01-26 20:59  CatalogMesh                  INFO     Painted 8388608 out of 11337919 objects to mesh.
[021549.30]  01-26 20:59  CatalogMesh                  INFO     Slab 8388608 ~ 12582912 / 11337919.
[021550.31]  01-26 20:59  CatalogMesh                  INFO     Painted 11337919 out of 11337919 objects to mesh.
[021555.83]  01-26 20:59  CatalogFFTPower              INFO     Done painting catalog 1 to mesh.
[021555.83]  01-26 20:59  CatalogFFTPower              INFO     Using 400 k-bins between 0.000 and 0.400.
[021555.83]  01-26 20:59  CatalogFFTPower              INFO     Meshes prepared in elapsed time 21.83 s.
[021555.83]  01-26 20:59  CatalogFFTPower              INFO     Running mesh calculation.
[021572.97]  01-26 20:59  CatalogFFTPower              INFO     Mesh calculations performed in elapsed time 17.14 s.
[021572.97]  01-26 20:59  CatalogFFTPower              INFO     Power spectrum computed in elapsed time 38.98 s.
[021572.97]  01-26 20:59  CatalogFFTPower              INFO     Saving /pscratch/sd/s/shengyu/galaxies/catalogs/Y3/AbacusHF-v2/Boxes/QSO/sn1p850/AbacusSummit_base_c000_ph019/mpspk/pkpoles_QSO_zp1.850_DR2_v1.0+dv_repeat.npy.
[021572.98]  01-26 20:59  compute_2pt                  INFO     Save to /pscratch/sd/s/shengyu/galaxies/catalogs/Y3/AbacusHF-v2/Boxes/QSO/sn1p850/AbacusSummit_base_c000_ph019/mpspk/pkpoles_QSO_zp1.850_DR2_v1.0+dv_repeat.npy
[021572.98]  01-26 20:59  TwoPointCorrelationFunction  INFO     Using estimator <class 'pycorr.twopoint_estimator.NaturalTwoPointEstimator'>.
[021572.98]  01-26 20:59  TwoPointCorrelationFunction  INFO     Running auto-correlation.
[021572.98]  01-26 20:59  TwoPointCorrelationFunction  INFO     Computing two-point counts D1D2.
[021576.93]  01-26 20:59  TwoPointCorrelationFunction  INFO     Analytically computing two-point counts R1R2.
[021576.94]  01-26 20:59  TwoPointCorrelationFunction  INFO     Correlation function computed in elapsed time 3.96 s.
[021576.94]  01-26 20:59  NaturalTwoPointEstimator     INFO     Saving /pscratch/sd/s/shengyu/galaxies/catalogs/Y3/AbacusHF-v2/Boxes/QSO/sn1p850/AbacusSummit_base_c000_ph019/mpspk/mpslog_QSO_zp1.850_DR2_v1.0+dv_repeat.npy.
[021576.94]  01-26 20:59  compute_2pt                  INFO     Save to /pscratch/sd/s/shengyu/galaxies/catalogs/Y3/AbacusHF-v2/Boxes/QSO/sn1p850/AbacusSummit_base_c000_ph019/mpspk/mpslog_QSO_zp1.850_DR2_v1.0+dv_repeat.npy
[021576.94]  01-26 20:59  TwoPointCorrelationFunction  INFO     Using estimator <class 'pycorr.twopoint_estimator.NaturalTwoPointEstimator'>.
[021576.94]  01-26 20:59  TwoPointCorrelationFunction  INFO     Running auto-correlation.
[021576.94]  01-26 20:59  TwoPointCorrelationFunction  INFO     Computing two-point counts D1D2.
[021588.35]  01-26 20:59  TwoPointCorrelationFunction  INFO     Analytically computing two-point counts R1R2.
[021588.35]  01-26 20:59  TwoPointCorrelationFunction  INFO     Correlation function computed in elapsed time 11.41 s.
[021588.35]  01-26 20:59  NaturalTwoPointEstimator     INFO     Saving /pscratch/sd/s/shengyu/galaxies/catalogs/Y3/AbacusHF-v2/Boxes/QSO/sn1p850/AbacusSummit_base_c000_ph019/mpspk/wplog_QSO_zp1.850_DR2_v1.0+dv_repeat.npy.
[021588.35]  01-26 20:59  compute_2pt                  INFO     Save to /pscratch/sd/s/shengyu/galaxies/catalogs/Y3/AbacusHF-v2/Boxes/QSO/sn1p850/AbacusSummit_base_c000_ph019/mpspk/wplog_QSO_zp1.850_DR2_v1.0+dv_repeat.npy
[021588.36]  01-26 20:59  compute_2pt                  INFO     Procceed {'version': 'AbacusHF-v2', 'domain': 'cubic', 'tracer': 'QSO', 'zsnap': 1.85, 'zrange': (1.7, 2.1), 'mock_id': 20, 'use_dv': 'repeat'}
[021588.36]  01-26 20:59  cat_tools                    INFO     Load /pscratch/sd/s/shengyu/galaxies/catalogs/Y3/AbacusHF-v2/Boxes/QSO/sn1p850/AbacusSummit_base_c000_ph020/abacus_HF_QSO_1p850_DR2_v2.0_AbacusSummit_base_c000_ph020_base_clustering.dat.h5
[021588.36]  01-26 20:59  FileStack                    INFO     Reading /pscratch/sd/s/shengyu/galaxies/catalogs/Y3/AbacusHF-v2/Boxes/QSO/sn1p850/AbacusSummit_base_c000_ph020/abacus_HF_QSO_1p850_DR2_v2.0_AbacusSummit_base_c000_ph020_base_clustering.dat.h5.
[021588.36]  01-26 20:59  cat_tools                    INFO     use Z positions shifted in repeat mode
[021588.83]  01-26 21:00  TwoPointCorrelationFunction  INFO     Using estimator <class 'pycorr.twopoint_estimator.NaturalTwoPointEstimator'>.
[021588.83]  01-26 21:00  TwoPointCorrelationFunction  INFO     Running auto-correlation.
[021588.83]  01-26 21:00  TwoPointCorrelationFunction  INFO     Computing two-point counts D1D2.
[021605.26]  01-26 21:00  TwoPointCorrelationFunction  INFO     Analytically computing two-point counts R1R2.
[021605.27]  01-26 21:00  TwoPointCorrelationFunction  INFO     Correlation function computed in elapsed time 16.44 s.
[021605.27]  01-26 21:00  NaturalTwoPointEstimator     INFO     Saving /pscratch/sd/s/shengyu/galaxies/catalogs/Y3/AbacusHF-v2/Boxes/QSO/sn1p850/AbacusSummit_base_c000_ph020/mpspk/xipoles_QSO_zp1.850_DR2_v1.0+dv_repeat.npy.
[021605.28]  01-26 21:00  compute_2pt                  INFO     Save to /pscratch/sd/s/shengyu/galaxies/catalogs/Y3/AbacusHF-v2/Boxes/QSO/sn1p850/AbacusSummit_base_c000_ph020/mpspk/xipoles_QSO_zp1.850_DR2_v1.0+dv_repeat.npy
[021606.82]  01-26 21:00  CatalogFFTPower              INFO     Painting catalog 1 to mesh CatalogMesh(nmesh=[512 512 512], boxsize=[2000. 2000. 2000.], boxcenter=[ 999.99995997 1000.00003208 1000.00009189], dtype=float64).
[021607.06]  01-26 21:00  CatalogMesh                  INFO     Slab 0 ~ 4194304 / 11350441.
[021608.30]  01-26 21:00  CatalogMesh                  INFO     Painted 4194304 out of 11350441 objects to mesh.
[021608.30]  01-26 21:00  CatalogMesh                  INFO     Slab 4194304 ~ 8388608 / 11350441.
[021609.53]  01-26 21:00  CatalogMesh                  INFO     Painted 8388608 out of 11350441 objects to mesh.
[021609.53]  01-26 21:00  CatalogMesh                  INFO     Slab 8388608 ~ 12582912 / 11350441.
[021610.54]  01-26 21:00  CatalogMesh                  INFO     Painted 11350441 out of 11350441 objects to mesh.
[021610.55]  01-26 21:00  CatalogMesh                  INFO     Running interlacing at order 3.
[021612.63]  01-26 21:00  CatalogMesh                  INFO     Slab 0 ~ 4194304 / 11350441.
[021613.85]  01-26 21:00  CatalogMesh                  INFO     Painted 4194304 out of 11350441 objects to mesh.
[021613.85]  01-26 21:00  CatalogMesh                  INFO     Slab 4194304 ~ 8388608 / 11350441.
[021615.07]  01-26 21:00  CatalogMesh                  INFO     Painted 8388608 out of 11350441 objects to mesh.
[021615.07]  01-26 21:00  CatalogMesh                  INFO     Slab 8388608 ~ 12582912 / 11350441.
[021616.08]  01-26 21:00  CatalogMesh                  INFO     Painted 11350441 out of 11350441 objects to mesh.
[021619.69]  01-26 21:00  CatalogMesh                  INFO     Slab 0 ~ 4194304 / 11350441.
[021620.91]  01-26 21:00  CatalogMesh                  INFO     Painted 4194304 out of 11350441 objects to mesh.
[021620.91]  01-26 21:00  CatalogMesh                  INFO     Slab 4194304 ~ 8388608 / 11350441.
[021622.18]  01-26 21:00  CatalogMesh                  INFO     Painted 8388608 out of 11350441 objects to mesh.
[021622.18]  01-26 21:00  CatalogMesh                  INFO     Slab 8388608 ~ 12582912 / 11350441.
[021623.19]  01-26 21:00  CatalogMesh                  INFO     Painted 11350441 out of 11350441 objects to mesh.
[021628.69]  01-26 21:00  CatalogFFTPower              INFO     Done painting catalog 1 to mesh.
[021628.69]  01-26 21:00  CatalogFFTPower              INFO     Using 400 k-bins between 0.000 and 0.400.
[021628.69]  01-26 21:00  CatalogFFTPower              INFO     Meshes prepared in elapsed time 21.87 s.
[021628.69]  01-26 21:00  CatalogFFTPower              INFO     Running mesh calculation.
[021645.82]  01-26 21:00  CatalogFFTPower              INFO     Mesh calculations performed in elapsed time 17.13 s.
[021645.82]  01-26 21:00  CatalogFFTPower              INFO     Power spectrum computed in elapsed time 39.00 s.
[021645.82]  01-26 21:00  CatalogFFTPower              INFO     Saving /pscratch/sd/s/shengyu/galaxies/catalogs/Y3/AbacusHF-v2/Boxes/QSO/sn1p850/AbacusSummit_base_c000_ph020/mpspk/pkpoles_QSO_zp1.850_DR2_v1.0+dv_repeat.npy.
[021645.82]  01-26 21:00  compute_2pt                  INFO     Save to /pscratch/sd/s/shengyu/galaxies/catalogs/Y3/AbacusHF-v2/Boxes/QSO/sn1p850/AbacusSummit_base_c000_ph020/mpspk/pkpoles_QSO_zp1.850_DR2_v1.0+dv_repeat.npy
[021645.82]  01-26 21:00  TwoPointCorrelationFunction  INFO     Using estimator <class 'pycorr.twopoint_estimator.NaturalTwoPointEstimator'>.
[021645.82]  01-26 21:00  TwoPointCorrelationFunction  INFO     Running auto-correlation.
[021645.82]  01-26 21:00  TwoPointCorrelationFunction  INFO     Computing two-point counts D1D2.
[021649.53]  01-26 21:01  TwoPointCorrelationFunction  INFO     Analytically computing two-point counts R1R2.
[021649.53]  01-26 21:01  TwoPointCorrelationFunction  INFO     Correlation function computed in elapsed time 3.71 s.
[021649.53]  01-26 21:01  NaturalTwoPointEstimator     INFO     Saving /pscratch/sd/s/shengyu/galaxies/catalogs/Y3/AbacusHF-v2/Boxes/QSO/sn1p850/AbacusSummit_base_c000_ph020/mpspk/mpslog_QSO_zp1.850_DR2_v1.0+dv_repeat.npy.
[021649.54]  01-26 21:01  compute_2pt                  INFO     Save to /pscratch/sd/s/shengyu/galaxies/catalogs/Y3/AbacusHF-v2/Boxes/QSO/sn1p850/AbacusSummit_base_c000_ph020/mpspk/mpslog_QSO_zp1.850_DR2_v1.0+dv_repeat.npy
[021649.54]  01-26 21:01  TwoPointCorrelationFunction  INFO     Using estimator <class 'pycorr.twopoint_estimator.NaturalTwoPointEstimator'>.
[021649.54]  01-26 21:01  TwoPointCorrelationFunction  INFO     Running auto-correlation.
[021649.54]  01-26 21:01  TwoPointCorrelationFunction  INFO     Computing two-point counts D1D2.
[021660.92]  01-26 21:01  TwoPointCorrelationFunction  INFO     Analytically computing two-point counts R1R2.
[021660.92]  01-26 21:01  TwoPointCorrelationFunction  INFO     Correlation function computed in elapsed time 11.38 s.
[021660.92]  01-26 21:01  NaturalTwoPointEstimator     INFO     Saving /pscratch/sd/s/shengyu/galaxies/catalogs/Y3/AbacusHF-v2/Boxes/QSO/sn1p850/AbacusSummit_base_c000_ph020/mpspk/wplog_QSO_zp1.850_DR2_v1.0+dv_repeat.npy.
[021660.92]  01-26 21:01  compute_2pt                  INFO     Save to /pscratch/sd/s/shengyu/galaxies/catalogs/Y3/AbacusHF-v2/Boxes/QSO/sn1p850/AbacusSummit_base_c000_ph020/mpspk/wplog_QSO_zp1.850_DR2_v1.0+dv_repeat.npy
[021660.92]  01-26 21:01  compute_2pt                  INFO     Procceed {'version': 'AbacusHF-v2', 'domain': 'cubic', 'tracer': 'QSO', 'zsnap': 1.85, 'zrange': (1.7, 2.1), 'mock_id': 21, 'use_dv': 'repeat'}
[021660.92]  01-26 21:01  cat_tools                    INFO     Load /pscratch/sd/s/shengyu/galaxies/catalogs/Y3/AbacusHF-v2/Boxes/QSO/sn1p850/AbacusSummit_base_c000_ph021/abacus_HF_QSO_1p850_DR2_v2.0_AbacusSummit_base_c000_ph021_base_clustering.dat.h5
[021660.92]  01-26 21:01  FileStack                    INFO     Reading /pscratch/sd/s/shengyu/galaxies/catalogs/Y3/AbacusHF-v2/Boxes/QSO/sn1p850/AbacusSummit_base_c000_ph021/abacus_HF_QSO_1p850_DR2_v2.0_AbacusSummit_base_c000_ph021_base_clustering.dat.h5.
[021660.93]  01-26 21:01  cat_tools                    INFO     use Z positions shifted in repeat mode
[021661.39]  01-26 21:01  TwoPointCorrelationFunction  INFO     Using estimator <class 'pycorr.twopoint_estimator.NaturalTwoPointEstimator'>.
[021661.39]  01-26 21:01  TwoPointCorrelationFunction  INFO     Running auto-correlation.
[021661.39]  01-26 21:01  TwoPointCorrelationFunction  INFO     Computing two-point counts D1D2.
[021677.74]  01-26 21:01  TwoPointCorrelationFunction  INFO     Analytically computing two-point counts R1R2.
[021677.74]  01-26 21:01  TwoPointCorrelationFunction  INFO     Correlation function computed in elapsed time 16.35 s.
[021677.74]  01-26 21:01  NaturalTwoPointEstimator     INFO     Saving /pscratch/sd/s/shengyu/galaxies/catalogs/Y3/AbacusHF-v2/Boxes/QSO/sn1p850/AbacusSummit_base_c000_ph021/mpspk/xipoles_QSO_zp1.850_DR2_v1.0+dv_repeat.npy.
[021677.74]  01-26 21:01  compute_2pt                  INFO     Save to /pscratch/sd/s/shengyu/galaxies/catalogs/Y3/AbacusHF-v2/Boxes/QSO/sn1p850/AbacusSummit_base_c000_ph021/mpspk/xipoles_QSO_zp1.850_DR2_v1.0+dv_repeat.npy
[021679.28]  01-26 21:01  CatalogFFTPower              INFO     Painting catalog 1 to mesh CatalogMesh(nmesh=[512 512 512], boxsize=[2000. 2000. 2000.], boxcenter=[1000.00015684  999.99989404  999.99997648], dtype=float64).
[021679.52]  01-26 21:01  CatalogMesh                  INFO     Slab 0 ~ 4194304 / 11326477.
[021680.76]  01-26 21:01  CatalogMesh                  INFO     Painted 4194304 out of 11326477 objects to mesh.
[021680.76]  01-26 21:01  CatalogMesh                  INFO     Slab 4194304 ~ 8388608 / 11326477.
[021681.99]  01-26 21:01  CatalogMesh                  INFO     Painted 8388608 out of 11326477 objects to mesh.
[021681.99]  01-26 21:01  CatalogMesh                  INFO     Slab 8388608 ~ 12582912 / 11326477.
[021683.00]  01-26 21:01  CatalogMesh                  INFO     Painted 11326477 out of 11326477 objects to mesh.
[021683.00]  01-26 21:01  CatalogMesh                  INFO     Running interlacing at order 3.
[021685.08]  01-26 21:01  CatalogMesh                  INFO     Slab 0 ~ 4194304 / 11326477.
[021686.31]  01-26 21:01  CatalogMesh                  INFO     Painted 4194304 out of 11326477 objects to mesh.
[021686.31]  01-26 21:01  CatalogMesh                  INFO     Slab 4194304 ~ 8388608 / 11326477.
[021687.53]  01-26 21:01  CatalogMesh                  INFO     Painted 8388608 out of 11326477 objects to mesh.
[021687.53]  01-26 21:01  CatalogMesh                  INFO     Slab 8388608 ~ 12582912 / 11326477.
[021688.53]  01-26 21:01  CatalogMesh                  INFO     Painted 11326477 out of 11326477 objects to mesh.
[021692.13]  01-26 21:01  CatalogMesh                  INFO     Slab 0 ~ 4194304 / 11326477.
[021693.35]  01-26 21:01  CatalogMesh                  INFO     Painted 4194304 out of 11326477 objects to mesh.
[021693.35]  01-26 21:01  CatalogMesh                  INFO     Slab 4194304 ~ 8388608 / 11326477.
[021694.57]  01-26 21:01  CatalogMesh                  INFO     Painted 8388608 out of 11326477 objects to mesh.
[021694.57]  01-26 21:01  CatalogMesh                  INFO     Slab 8388608 ~ 12582912 / 11326477.
[021695.57]  01-26 21:01  CatalogMesh                  INFO     Painted 11326477 out of 11326477 objects to mesh.
[021701.08]  01-26 21:01  CatalogFFTPower              INFO     Done painting catalog 1 to mesh.
[021701.08]  01-26 21:01  CatalogFFTPower              INFO     Using 400 k-bins between 0.000 and 0.400.
[021701.08]  01-26 21:01  CatalogFFTPower              INFO     Meshes prepared in elapsed time 21.79 s.
[021701.08]  01-26 21:01  CatalogFFTPower              INFO     Running mesh calculation.
[021718.24]  01-26 21:02  CatalogFFTPower              INFO     Mesh calculations performed in elapsed time 17.16 s.
[021718.24]  01-26 21:02  CatalogFFTPower              INFO     Power spectrum computed in elapsed time 38.95 s.
[021718.24]  01-26 21:02  CatalogFFTPower              INFO     Saving /pscratch/sd/s/shengyu/galaxies/catalogs/Y3/AbacusHF-v2/Boxes/QSO/sn1p850/AbacusSummit_base_c000_ph021/mpspk/pkpoles_QSO_zp1.850_DR2_v1.0+dv_repeat.npy.
[021718.24]  01-26 21:02  compute_2pt                  INFO     Save to /pscratch/sd/s/shengyu/galaxies/catalogs/Y3/AbacusHF-v2/Boxes/QSO/sn1p850/AbacusSummit_base_c000_ph021/mpspk/pkpoles_QSO_zp1.850_DR2_v1.0+dv_repeat.npy
[021718.24]  01-26 21:02  TwoPointCorrelationFunction  INFO     Using estimator <class 'pycorr.twopoint_estimator.NaturalTwoPointEstimator'>.
[021718.24]  01-26 21:02  TwoPointCorrelationFunction  INFO     Running auto-correlation.
[021718.24]  01-26 21:02  TwoPointCorrelationFunction  INFO     Computing two-point counts D1D2.
[021722.19]  01-26 21:02  TwoPointCorrelationFunction  INFO     Analytically computing two-point counts R1R2.
[021722.20]  01-26 21:02  TwoPointCorrelationFunction  INFO     Correlation function computed in elapsed time 3.95 s.
[021722.20]  01-26 21:02  NaturalTwoPointEstimator     INFO     Saving /pscratch/sd/s/shengyu/galaxies/catalogs/Y3/AbacusHF-v2/Boxes/QSO/sn1p850/AbacusSummit_base_c000_ph021/mpspk/mpslog_QSO_zp1.850_DR2_v1.0+dv_repeat.npy.
[021722.20]  01-26 21:02  compute_2pt                  INFO     Save to /pscratch/sd/s/shengyu/galaxies/catalogs/Y3/AbacusHF-v2/Boxes/QSO/sn1p850/AbacusSummit_base_c000_ph021/mpspk/mpslog_QSO_zp1.850_DR2_v1.0+dv_repeat.npy
[021722.20]  01-26 21:02  TwoPointCorrelationFunction  INFO     Using estimator <class 'pycorr.twopoint_estimator.NaturalTwoPointEstimator'>.
[021722.20]  01-26 21:02  TwoPointCorrelationFunction  INFO     Running auto-correlation.
[021722.20]  01-26 21:02  TwoPointCorrelationFunction  INFO     Computing two-point counts D1D2.
[021733.54]  01-26 21:02  TwoPointCorrelationFunction  INFO     Analytically computing two-point counts R1R2.
[021733.54]  01-26 21:02  TwoPointCorrelationFunction  INFO     Correlation function computed in elapsed time 11.34 s.
[021733.54]  01-26 21:02  NaturalTwoPointEstimator     INFO     Saving /pscratch/sd/s/shengyu/galaxies/catalogs/Y3/AbacusHF-v2/Boxes/QSO/sn1p850/AbacusSummit_base_c000_ph021/mpspk/wplog_QSO_zp1.850_DR2_v1.0+dv_repeat.npy.
[021733.55]  01-26 21:02  compute_2pt                  INFO     Save to /pscratch/sd/s/shengyu/galaxies/catalogs/Y3/AbacusHF-v2/Boxes/QSO/sn1p850/AbacusSummit_base_c000_ph021/mpspk/wplog_QSO_zp1.850_DR2_v1.0+dv_repeat.npy
[021733.55]  01-26 21:02  compute_2pt                  INFO     Procceed {'version': 'AbacusHF-v2', 'domain': 'cubic', 'tracer': 'QSO', 'zsnap': 1.85, 'zrange': (1.7, 2.1), 'mock_id': 22, 'use_dv': 'repeat'}
[021733.55]  01-26 21:02  cat_tools                    INFO     Load /pscratch/sd/s/shengyu/galaxies/catalogs/Y3/AbacusHF-v2/Boxes/QSO/sn1p850/AbacusSummit_base_c000_ph022/abacus_HF_QSO_1p850_DR2_v2.0_AbacusSummit_base_c000_ph022_base_clustering.dat.h5
[021733.55]  01-26 21:02  FileStack                    INFO     Reading /pscratch/sd/s/shengyu/galaxies/catalogs/Y3/AbacusHF-v2/Boxes/QSO/sn1p850/AbacusSummit_base_c000_ph022/abacus_HF_QSO_1p850_DR2_v2.0_AbacusSummit_base_c000_ph022_base_clustering.dat.h5.
[021733.55]  01-26 21:02  cat_tools                    INFO     use Z positions shifted in repeat mode
[021734.02]  01-26 21:02  TwoPointCorrelationFunction  INFO     Using estimator <class 'pycorr.twopoint_estimator.NaturalTwoPointEstimator'>.
[021734.02]  01-26 21:02  TwoPointCorrelationFunction  INFO     Running auto-correlation.
[021734.02]  01-26 21:02  TwoPointCorrelationFunction  INFO     Computing two-point counts D1D2.
[021750.91]  01-26 21:02  TwoPointCorrelationFunction  INFO     Analytically computing two-point counts R1R2.
[021750.91]  01-26 21:02  TwoPointCorrelationFunction  INFO     Correlation function computed in elapsed time 16.90 s.
[021750.91]  01-26 21:02  NaturalTwoPointEstimator     INFO     Saving /pscratch/sd/s/shengyu/galaxies/catalogs/Y3/AbacusHF-v2/Boxes/QSO/sn1p850/AbacusSummit_base_c000_ph022/mpspk/xipoles_QSO_zp1.850_DR2_v1.0+dv_repeat.npy.
[021750.92]  01-26 21:02  compute_2pt                  INFO     Save to /pscratch/sd/s/shengyu/galaxies/catalogs/Y3/AbacusHF-v2/Boxes/QSO/sn1p850/AbacusSummit_base_c000_ph022/mpspk/xipoles_QSO_zp1.850_DR2_v1.0+dv_repeat.npy
[021752.45]  01-26 21:02  CatalogFFTPower              INFO     Painting catalog 1 to mesh CatalogMesh(nmesh=[512 512 512], boxsize=[2000. 2000. 2000.], boxcenter=[1000.00007277 1000.00011166  999.99984607], dtype=float64).
[021752.69]  01-26 21:02  CatalogMesh                  INFO     Slab 0 ~ 4194304 / 11330713.
[021753.93]  01-26 21:02  CatalogMesh                  INFO     Painted 4194304 out of 11330713 objects to mesh.
[021753.93]  01-26 21:02  CatalogMesh                  INFO     Slab 4194304 ~ 8388608 / 11330713.
[021755.16]  01-26 21:02  CatalogMesh                  INFO     Painted 8388608 out of 11330713 objects to mesh.
[021755.16]  01-26 21:02  CatalogMesh                  INFO     Slab 8388608 ~ 12582912 / 11330713.
[021756.17]  01-26 21:02  CatalogMesh                  INFO     Painted 11330713 out of 11330713 objects to mesh.
[021756.17]  01-26 21:02  CatalogMesh                  INFO     Running interlacing at order 3.
[021758.27]  01-26 21:02  CatalogMesh                  INFO     Slab 0 ~ 4194304 / 11330713.
[021759.50]  01-26 21:02  CatalogMesh                  INFO     Painted 4194304 out of 11330713 objects to mesh.
[021759.50]  01-26 21:02  CatalogMesh                  INFO     Slab 4194304 ~ 8388608 / 11330713.
[021760.73]  01-26 21:02  CatalogMesh                  INFO     Painted 8388608 out of 11330713 objects to mesh.
[021760.73]  01-26 21:02  CatalogMesh                  INFO     Slab 8388608 ~ 12582912 / 11330713.
[021761.74]  01-26 21:02  CatalogMesh                  INFO     Painted 11330713 out of 11330713 objects to mesh.
[021765.38]  01-26 21:02  CatalogMesh                  INFO     Slab 0 ~ 4194304 / 11330713.
[021766.60]  01-26 21:02  CatalogMesh                  INFO     Painted 4194304 out of 11330713 objects to mesh.
[021766.60]  01-26 21:02  CatalogMesh                  INFO     Slab 4194304 ~ 8388608 / 11330713.
[021767.84]  01-26 21:02  CatalogMesh                  INFO     Painted 8388608 out of 11330713 objects to mesh.
[021767.84]  01-26 21:02  CatalogMesh                  INFO     Slab 8388608 ~ 12582912 / 11330713.
[021768.85]  01-26 21:03  CatalogMesh                  INFO     Painted 11330713 out of 11330713 objects to mesh.
[021774.41]  01-26 21:03  CatalogFFTPower              INFO     Done painting catalog 1 to mesh.
[021774.41]  01-26 21:03  CatalogFFTPower              INFO     Using 400 k-bins between 0.000 and 0.400.
[021774.41]  01-26 21:03  CatalogFFTPower              INFO     Meshes prepared in elapsed time 21.96 s.
[021774.41]  01-26 21:03  CatalogFFTPower              INFO     Running mesh calculation.
[021791.71]  01-26 21:03  CatalogFFTPower              INFO     Mesh calculations performed in elapsed time 17.30 s.
[021791.71]  01-26 21:03  CatalogFFTPower              INFO     Power spectrum computed in elapsed time 39.25 s.
[021791.71]  01-26 21:03  CatalogFFTPower              INFO     Saving /pscratch/sd/s/shengyu/galaxies/catalogs/Y3/AbacusHF-v2/Boxes/QSO/sn1p850/AbacusSummit_base_c000_ph022/mpspk/pkpoles_QSO_zp1.850_DR2_v1.0+dv_repeat.npy.
[021791.71]  01-26 21:03  compute_2pt                  INFO     Save to /pscratch/sd/s/shengyu/galaxies/catalogs/Y3/AbacusHF-v2/Boxes/QSO/sn1p850/AbacusSummit_base_c000_ph022/mpspk/pkpoles_QSO_zp1.850_DR2_v1.0+dv_repeat.npy
[021791.71]  01-26 21:03  TwoPointCorrelationFunction  INFO     Using estimator <class 'pycorr.twopoint_estimator.NaturalTwoPointEstimator'>.
[021791.71]  01-26 21:03  TwoPointCorrelationFunction  INFO     Running auto-correlation.
[021791.71]  01-26 21:03  TwoPointCorrelationFunction  INFO     Computing two-point counts D1D2.
[021795.56]  01-26 21:03  TwoPointCorrelationFunction  INFO     Analytically computing two-point counts R1R2.
[021795.57]  01-26 21:03  TwoPointCorrelationFunction  INFO     Correlation function computed in elapsed time 3.86 s.
[021795.57]  01-26 21:03  NaturalTwoPointEstimator     INFO     Saving /pscratch/sd/s/shengyu/galaxies/catalogs/Y3/AbacusHF-v2/Boxes/QSO/sn1p850/AbacusSummit_base_c000_ph022/mpspk/mpslog_QSO_zp1.850_DR2_v1.0+dv_repeat.npy.
[021795.57]  01-26 21:03  compute_2pt                  INFO     Save to /pscratch/sd/s/shengyu/galaxies/catalogs/Y3/AbacusHF-v2/Boxes/QSO/sn1p850/AbacusSummit_base_c000_ph022/mpspk/mpslog_QSO_zp1.850_DR2_v1.0+dv_repeat.npy
[021795.57]  01-26 21:03  TwoPointCorrelationFunction  INFO     Using estimator <class 'pycorr.twopoint_estimator.NaturalTwoPointEstimator'>.
[021795.57]  01-26 21:03  TwoPointCorrelationFunction  INFO     Running auto-correlation.
[021795.58]  01-26 21:03  TwoPointCorrelationFunction  INFO     Computing two-point counts D1D2.
[021806.98]  01-26 21:03  TwoPointCorrelationFunction  INFO     Analytically computing two-point counts R1R2.
[021806.98]  01-26 21:03  TwoPointCorrelationFunction  INFO     Correlation function computed in elapsed time 11.41 s.
[021806.98]  01-26 21:03  NaturalTwoPointEstimator     INFO     Saving /pscratch/sd/s/shengyu/galaxies/catalogs/Y3/AbacusHF-v2/Boxes/QSO/sn1p850/AbacusSummit_base_c000_ph022/mpspk/wplog_QSO_zp1.850_DR2_v1.0+dv_repeat.npy.
[021806.98]  01-26 21:03  compute_2pt                  INFO     Save to /pscratch/sd/s/shengyu/galaxies/catalogs/Y3/AbacusHF-v2/Boxes/QSO/sn1p850/AbacusSummit_base_c000_ph022/mpspk/wplog_QSO_zp1.850_DR2_v1.0+dv_repeat.npy
[021806.99]  01-26 21:03  compute_2pt                  INFO     Procceed {'version': 'AbacusHF-v2', 'domain': 'cubic', 'tracer': 'QSO', 'zsnap': 1.85, 'zrange': (1.7, 2.1), 'mock_id': 23, 'use_dv': 'repeat'}
[021806.99]  01-26 21:03  cat_tools                    INFO     Load /pscratch/sd/s/shengyu/galaxies/catalogs/Y3/AbacusHF-v2/Boxes/QSO/sn1p850/AbacusSummit_base_c000_ph023/abacus_HF_QSO_1p850_DR2_v2.0_AbacusSummit_base_c000_ph023_base_clustering.dat.h5
[021806.99]  01-26 21:03  FileStack                    INFO     Reading /pscratch/sd/s/shengyu/galaxies/catalogs/Y3/AbacusHF-v2/Boxes/QSO/sn1p850/AbacusSummit_base_c000_ph023/abacus_HF_QSO_1p850_DR2_v2.0_AbacusSummit_base_c000_ph023_base_clustering.dat.h5.
[021806.99]  01-26 21:03  cat_tools                    INFO     use Z positions shifted in repeat mode
[021807.45]  01-26 21:03  TwoPointCorrelationFunction  INFO     Using estimator <class 'pycorr.twopoint_estimator.NaturalTwoPointEstimator'>.
[021807.45]  01-26 21:03  TwoPointCorrelationFunction  INFO     Running auto-correlation.
[021807.45]  01-26 21:03  TwoPointCorrelationFunction  INFO     Computing two-point counts D1D2.
[021824.13]  01-26 21:03  TwoPointCorrelationFunction  INFO     Analytically computing two-point counts R1R2.
[021824.13]  01-26 21:03  TwoPointCorrelationFunction  INFO     Correlation function computed in elapsed time 16.68 s.
[021824.13]  01-26 21:03  NaturalTwoPointEstimator     INFO     Saving /pscratch/sd/s/shengyu/galaxies/catalogs/Y3/AbacusHF-v2/Boxes/QSO/sn1p850/AbacusSummit_base_c000_ph023/mpspk/xipoles_QSO_zp1.850_DR2_v1.0+dv_repeat.npy.
[021824.13]  01-26 21:03  compute_2pt                  INFO     Save to /pscratch/sd/s/shengyu/galaxies/catalogs/Y3/AbacusHF-v2/Boxes/QSO/sn1p850/AbacusSummit_base_c000_ph023/mpspk/xipoles_QSO_zp1.850_DR2_v1.0+dv_repeat.npy
[021825.72]  01-26 21:03  CatalogFFTPower              INFO     Painting catalog 1 to mesh CatalogMesh(nmesh=[512 512 512], boxsize=[2000. 2000. 2000.], boxcenter=[ 999.9999062  1000.00023975  999.99997037], dtype=float64).
[021825.95]  01-26 21:03  CatalogMesh                  INFO     Slab 0 ~ 4194304 / 11354937.
[021827.21]  01-26 21:03  CatalogMesh                  INFO     Painted 4194304 out of 11354937 objects to mesh.
[021827.21]  01-26 21:03  CatalogMesh                  INFO     Slab 4194304 ~ 8388608 / 11354937.
[021828.46]  01-26 21:03  CatalogMesh                  INFO     Painted 8388608 out of 11354937 objects to mesh.
[021828.46]  01-26 21:03  CatalogMesh                  INFO     Slab 8388608 ~ 12582912 / 11354937.
[021829.48]  01-26 21:04  CatalogMesh                  INFO     Painted 11354937 out of 11354937 objects to mesh.
[021829.48]  01-26 21:04  CatalogMesh                  INFO     Running interlacing at order 3.
[021831.59]  01-26 21:04  CatalogMesh                  INFO     Slab 0 ~ 4194304 / 11354937.
[021832.83]  01-26 21:04  CatalogMesh                  INFO     Painted 4194304 out of 11354937 objects to mesh.
[021832.83]  01-26 21:04  CatalogMesh                  INFO     Slab 4194304 ~ 8388608 / 11354937.
[021834.07]  01-26 21:04  CatalogMesh                  INFO     Painted 8388608 out of 11354937 objects to mesh.
[021834.07]  01-26 21:04  CatalogMesh                  INFO     Slab 8388608 ~ 12582912 / 11354937.
[021835.10]  01-26 21:04  CatalogMesh                  INFO     Painted 11354937 out of 11354937 objects to mesh.
[021838.77]  01-26 21:04  CatalogMesh                  INFO     Slab 0 ~ 4194304 / 11354937.
[021840.00]  01-26 21:04  CatalogMesh                  INFO     Painted 4194304 out of 11354937 objects to mesh.
[021840.00]  01-26 21:04  CatalogMesh                  INFO     Slab 4194304 ~ 8388608 / 11354937.
[021841.24]  01-26 21:04  CatalogMesh                  INFO     Painted 8388608 out of 11354937 objects to mesh.
[021841.24]  01-26 21:04  CatalogMesh                  INFO     Slab 8388608 ~ 12582912 / 11354937.
[021842.27]  01-26 21:04  CatalogMesh                  INFO     Painted 11354937 out of 11354937 objects to mesh.
[021847.85]  01-26 21:04  CatalogFFTPower              INFO     Done painting catalog 1 to mesh.
[021847.85]  01-26 21:04  CatalogFFTPower              INFO     Using 400 k-bins between 0.000 and 0.400.
[021847.86]  01-26 21:04  CatalogFFTPower              INFO     Meshes prepared in elapsed time 22.14 s.
[021847.86]  01-26 21:04  CatalogFFTPower              INFO     Running mesh calculation.
[021865.30]  01-26 21:04  CatalogFFTPower              INFO     Mesh calculations performed in elapsed time 17.44 s.
[021865.30]  01-26 21:04  CatalogFFTPower              INFO     Power spectrum computed in elapsed time 39.58 s.
[021865.30]  01-26 21:04  CatalogFFTPower              INFO     Saving /pscratch/sd/s/shengyu/galaxies/catalogs/Y3/AbacusHF-v2/Boxes/QSO/sn1p850/AbacusSummit_base_c000_ph023/mpspk/pkpoles_QSO_zp1.850_DR2_v1.0+dv_repeat.npy.
[021865.30]  01-26 21:04  compute_2pt                  INFO     Save to /pscratch/sd/s/shengyu/galaxies/catalogs/Y3/AbacusHF-v2/Boxes/QSO/sn1p850/AbacusSummit_base_c000_ph023/mpspk/pkpoles_QSO_zp1.850_DR2_v1.0+dv_repeat.npy
[021865.30]  01-26 21:04  TwoPointCorrelationFunction  INFO     Using estimator <class 'pycorr.twopoint_estimator.NaturalTwoPointEstimator'>.
[021865.30]  01-26 21:04  TwoPointCorrelationFunction  INFO     Running auto-correlation.
[021865.30]  01-26 21:04  TwoPointCorrelationFunction  INFO     Computing two-point counts D1D2.
[021869.27]  01-26 21:04  TwoPointCorrelationFunction  INFO     Analytically computing two-point counts R1R2.
[021869.27]  01-26 21:04  TwoPointCorrelationFunction  INFO     Correlation function computed in elapsed time 3.97 s.
[021869.27]  01-26 21:04  NaturalTwoPointEstimator     INFO     Saving /pscratch/sd/s/shengyu/galaxies/catalogs/Y3/AbacusHF-v2/Boxes/QSO/sn1p850/AbacusSummit_base_c000_ph023/mpspk/mpslog_QSO_zp1.850_DR2_v1.0+dv_repeat.npy.
[021869.28]  01-26 21:04  compute_2pt                  INFO     Save to /pscratch/sd/s/shengyu/galaxies/catalogs/Y3/AbacusHF-v2/Boxes/QSO/sn1p850/AbacusSummit_base_c000_ph023/mpspk/mpslog_QSO_zp1.850_DR2_v1.0+dv_repeat.npy
[021869.28]  01-26 21:04  TwoPointCorrelationFunction  INFO     Using estimator <class 'pycorr.twopoint_estimator.NaturalTwoPointEstimator'>.
[021869.28]  01-26 21:04  TwoPointCorrelationFunction  INFO     Running auto-correlation.
[021869.28]  01-26 21:04  TwoPointCorrelationFunction  INFO     Computing two-point counts D1D2.
[021880.78]  01-26 21:04  TwoPointCorrelationFunction  INFO     Analytically computing two-point counts R1R2.
[021880.78]  01-26 21:04  TwoPointCorrelationFunction  INFO     Correlation function computed in elapsed time 11.50 s.
[021880.78]  01-26 21:04  NaturalTwoPointEstimator     INFO     Saving /pscratch/sd/s/shengyu/galaxies/catalogs/Y3/AbacusHF-v2/Boxes/QSO/sn1p850/AbacusSummit_base_c000_ph023/mpspk/wplog_QSO_zp1.850_DR2_v1.0+dv_repeat.npy.
[021880.78]  01-26 21:04  compute_2pt                  INFO     Save to /pscratch/sd/s/shengyu/galaxies/catalogs/Y3/AbacusHF-v2/Boxes/QSO/sn1p850/AbacusSummit_base_c000_ph023/mpspk/wplog_QSO_zp1.850_DR2_v1.0+dv_repeat.npy
[021880.78]  01-26 21:04  compute_2pt                  INFO     Procceed {'version': 'AbacusHF-v2', 'domain': 'cubic', 'tracer': 'QSO', 'zsnap': 1.85, 'zrange': (1.7, 2.1), 'mock_id': 24, 'use_dv': 'repeat'}
[021880.78]  01-26 21:04  cat_tools                    INFO     Load /pscratch/sd/s/shengyu/galaxies/catalogs/Y3/AbacusHF-v2/Boxes/QSO/sn1p850/AbacusSummit_base_c000_ph024/abacus_HF_QSO_1p850_DR2_v2.0_AbacusSummit_base_c000_ph024_base_clustering.dat.h5
[021880.79]  01-26 21:04  FileStack                    INFO     Reading /pscratch/sd/s/shengyu/galaxies/catalogs/Y3/AbacusHF-v2/Boxes/QSO/sn1p850/AbacusSummit_base_c000_ph024/abacus_HF_QSO_1p850_DR2_v2.0_AbacusSummit_base_c000_ph024_base_clustering.dat.h5.
[021880.79]  01-26 21:04  cat_tools                    INFO     use Z positions shifted in repeat mode
[021881.25]  01-26 21:04  TwoPointCorrelationFunction  INFO     Using estimator <class 'pycorr.twopoint_estimator.NaturalTwoPointEstimator'>.
[021881.26]  01-26 21:04  TwoPointCorrelationFunction  INFO     Running auto-correlation.
[021881.26]  01-26 21:04  TwoPointCorrelationFunction  INFO     Computing two-point counts D1D2.
[021898.00]  01-26 21:05  TwoPointCorrelationFunction  INFO     Analytically computing two-point counts R1R2.
[021898.00]  01-26 21:05  TwoPointCorrelationFunction  INFO     Correlation function computed in elapsed time 16.74 s.
[021898.00]  01-26 21:05  NaturalTwoPointEstimator     INFO     Saving /pscratch/sd/s/shengyu/galaxies/catalogs/Y3/AbacusHF-v2/Boxes/QSO/sn1p850/AbacusSummit_base_c000_ph024/mpspk/xipoles_QSO_zp1.850_DR2_v1.0+dv_repeat.npy.
[021898.00]  01-26 21:05  compute_2pt                  INFO     Save to /pscratch/sd/s/shengyu/galaxies/catalogs/Y3/AbacusHF-v2/Boxes/QSO/sn1p850/AbacusSummit_base_c000_ph024/mpspk/xipoles_QSO_zp1.850_DR2_v1.0+dv_repeat.npy
[021899.55]  01-26 21:05  CatalogFFTPower              INFO     Painting catalog 1 to mesh CatalogMesh(nmesh=[512 512 512], boxsize=[2000. 2000. 2000.], boxcenter=[999.99994217 999.99978708 999.9999203 ], dtype=float64).
[021899.78]  01-26 21:05  CatalogMesh                  INFO     Slab 0 ~ 4194304 / 11356678.
[021901.03]  01-26 21:05  CatalogMesh                  INFO     Painted 4194304 out of 11356678 objects to mesh.
[021901.03]  01-26 21:05  CatalogMesh                  INFO     Slab 4194304 ~ 8388608 / 11356678.
[021902.26]  01-26 21:05  CatalogMesh                  INFO     Painted 8388608 out of 11356678 objects to mesh.
[021902.26]  01-26 21:05  CatalogMesh                  INFO     Slab 8388608 ~ 12582912 / 11356678.
[021903.28]  01-26 21:05  CatalogMesh                  INFO     Painted 11356678 out of 11356678 objects to mesh.
[021903.28]  01-26 21:05  CatalogMesh                  INFO     Running interlacing at order 3.
[021905.38]  01-26 21:05  CatalogMesh                  INFO     Slab 0 ~ 4194304 / 11356678.
[021906.61]  01-26 21:05  CatalogMesh                  INFO     Painted 4194304 out of 11356678 objects to mesh.
[021906.61]  01-26 21:05  CatalogMesh                  INFO     Slab 4194304 ~ 8388608 / 11356678.
[021907.84]  01-26 21:05  CatalogMesh                  INFO     Painted 8388608 out of 11356678 objects to mesh.
[021907.84]  01-26 21:05  CatalogMesh                  INFO     Slab 8388608 ~ 12582912 / 11356678.
[021908.85]  01-26 21:05  CatalogMesh                  INFO     Painted 11356678 out of 11356678 objects to mesh.
[021912.50]  01-26 21:05  CatalogMesh                  INFO     Slab 0 ~ 4194304 / 11356678.
[021913.74]  01-26 21:05  CatalogMesh                  INFO     Painted 4194304 out of 11356678 objects to mesh.
[021913.74]  01-26 21:05  CatalogMesh                  INFO     Slab 4194304 ~ 8388608 / 11356678.
[021914.98]  01-26 21:05  CatalogMesh                  INFO     Painted 8388608 out of 11356678 objects to mesh.
[021914.98]  01-26 21:05  CatalogMesh                  INFO     Slab 8388608 ~ 12582912 / 11356678.
[021916.00]  01-26 21:05  CatalogMesh                  INFO     Painted 11356678 out of 11356678 objects to mesh.
[021921.57]  01-26 21:05  CatalogFFTPower              INFO     Done painting catalog 1 to mesh.
[021921.59]  01-26 21:05  CatalogFFTPower              INFO     Using 400 k-bins between 0.000 and 0.400.
[021921.59]  01-26 21:05  CatalogFFTPower              INFO     Meshes prepared in elapsed time 22.04 s.
[021921.60]  01-26 21:05  CatalogFFTPower              INFO     Running mesh calculation.
[021938.97]  01-26 21:05  CatalogFFTPower              INFO     Mesh calculations performed in elapsed time 17.38 s.
[021938.97]  01-26 21:05  CatalogFFTPower              INFO     Power spectrum computed in elapsed time 39.42 s.
[021938.98]  01-26 21:05  CatalogFFTPower              INFO     Saving /pscratch/sd/s/shengyu/galaxies/catalogs/Y3/AbacusHF-v2/Boxes/QSO/sn1p850/AbacusSummit_base_c000_ph024/mpspk/pkpoles_QSO_zp1.850_DR2_v1.0+dv_repeat.npy.
[021938.98]  01-26 21:05  compute_2pt                  INFO     Save to /pscratch/sd/s/shengyu/galaxies/catalogs/Y3/AbacusHF-v2/Boxes/QSO/sn1p850/AbacusSummit_base_c000_ph024/mpspk/pkpoles_QSO_zp1.850_DR2_v1.0+dv_repeat.npy
[021938.98]  01-26 21:05  TwoPointCorrelationFunction  INFO     Using estimator <class 'pycorr.twopoint_estimator.NaturalTwoPointEstimator'>.
[021938.98]  01-26 21:05  TwoPointCorrelationFunction  INFO     Running auto-correlation.
[021938.98]  01-26 21:05  TwoPointCorrelationFunction  INFO     Computing two-point counts D1D2.
[021942.69]  01-26 21:05  TwoPointCorrelationFunction  INFO     Analytically computing two-point counts R1R2.
[021942.70]  01-26 21:05  TwoPointCorrelationFunction  INFO     Correlation function computed in elapsed time 3.72 s.
[021942.70]  01-26 21:05  NaturalTwoPointEstimator     INFO     Saving /pscratch/sd/s/shengyu/galaxies/catalogs/Y3/AbacusHF-v2/Boxes/QSO/sn1p850/AbacusSummit_base_c000_ph024/mpspk/mpslog_QSO_zp1.850_DR2_v1.0+dv_repeat.npy.
[021942.70]  01-26 21:05  compute_2pt                  INFO     Save to /pscratch/sd/s/shengyu/galaxies/catalogs/Y3/AbacusHF-v2/Boxes/QSO/sn1p850/AbacusSummit_base_c000_ph024/mpspk/mpslog_QSO_zp1.850_DR2_v1.0+dv_repeat.npy
[021942.70]  01-26 21:05  TwoPointCorrelationFunction  INFO     Using estimator <class 'pycorr.twopoint_estimator.NaturalTwoPointEstimator'>.
[021942.71]  01-26 21:05  TwoPointCorrelationFunction  INFO     Running auto-correlation.
[021942.71]  01-26 21:05  TwoPointCorrelationFunction  INFO     Computing two-point counts D1D2.
[021954.21]  01-26 21:06  TwoPointCorrelationFunction  INFO     Analytically computing two-point counts R1R2.
[021954.21]  01-26 21:06  TwoPointCorrelationFunction  INFO     Correlation function computed in elapsed time 11.51 s.
[021954.21]  01-26 21:06  NaturalTwoPointEstimator     INFO     Saving /pscratch/sd/s/shengyu/galaxies/catalogs/Y3/AbacusHF-v2/Boxes/QSO/sn1p850/AbacusSummit_base_c000_ph024/mpspk/wplog_QSO_zp1.850_DR2_v1.0+dv_repeat.npy.
[021954.22]  01-26 21:06  compute_2pt                  INFO     Save to /pscratch/sd/s/shengyu/galaxies/catalogs/Y3/AbacusHF-v2/Boxes/QSO/sn1p850/AbacusSummit_base_c000_ph024/mpspk/wplog_QSO_zp1.850_DR2_v1.0+dv_repeat.npy
/var/spool/slurmd/job48087567/slurm_script: line 26: unexpected EOF while looking for matching `''
/var/spool/slurmd/job48087567/slurm_script: line 27: syntax error: unexpected end of file
